g Kayoko_Original_Weapon
v -0.05905326 0.01014847 0.009970024
v -0.06123634 0.01029381 0.002588212
v -0.05991684 0.01028851 0.002610981
v -0.06221561 0.009707659 0.002550095
v -0.06280281 0.005171835 0.002364248
v -0.06191196 0.00924702 0.001345783
v -0.06249385 0.004872948 0.001209438
v -0.05905326 -0.01014827 0.009970024
v -0.06280281 -0.00517191 0.002364248
v -0.06249385 -0.004872754 0.001209438
v -0.06221561 -0.009707749 0.002550095
v -0.06193207 -0.009258747 0.001353458
v -0.05991684 -0.0102886 0.002610981
v -0.06123634 -0.01029362 0.002588212
v -0.05991684 -0.0102886 0.002610981
v -0.06134938 -0.009571403 0.001538247
v -0.0584756 -0.009681001 0.001346573
v -0.06221561 0.009707659 0.002550095
v -0.06123634 0.01029381 0.002588212
v -0.05905326 0.01014847 0.009970024
v -0.06134619 0.00956127 0.001536921
v -0.06123634 0.01029381 0.002588212
v -0.06191196 0.00924702 0.001345783
v 0.0690929 -0.007829934 0.02848797
v 0.06825659 -0.007953033 0.02503705
v 0.06877071 -0.01057795 0.02701758
v 0.0690929 0.007830113 0.02848797
v 0.06877071 0.01057787 0.02701758
v 0.06825659 0.007952958 0.02503705
v 0.01789331 -0.01202027 0.04912145
v 0.01732095 -0.01445669 0.04713085
v 0.01932478 -0.01328442 0.05365093
v 0.04054785 -0.01289153 0.05365649
v 0.03977269 -0.01199326 0.04949263
v 0.04176222 -0.01117389 0.06079791
v 0.06193982 -0.01289128 0.05365887
v 0.06317936 -0.01117839 0.0608138
v 0.06123959 -0.01199353 0.04949263
v 0.05391866 -0.01289128 0.05365728
v 0.0551243 -0.01117654 0.06080903
v 0.05320968 -0.01199353 0.04949263
v 0.04994753 -0.01117548 0.06080426
v 0.04875989 -0.01289128 0.05365622
v 0.04805806 -0.01199326 0.04949288
v 0.03869042 -0.0111731 0.06079526
v 0.03670087 -0.01199326 0.04949288
v 0.03747605 -0.01289153 0.05365597
v 0.04687572 -0.01117495 0.06080161
v 0.04498626 -0.01199326 0.04949315
v 0.04568782 -0.01289128 0.0536557
v 0.05628176 -0.01199353 0.04949263
v 0.05819611 -0.01117706 0.06081168
v 0.05699047 -0.01289128 0.05365781
v 0.06426373 -0.01199326 0.04949421
v 0.06620377 -0.01117866 0.0608183
v 0.06501164 -0.01289128 0.05365941
v -0.004565835 -0.005773678 0.06717636
v -0.004944429 -0.00591372 0.06736459
v -0.004944429 -0.005905509 0.06736459
v -0.06257196 -0.005905509 0.06736459
v -0.004944429 -0.005465508 0.06844155
v -0.06211473 -0.005452007 0.06844579
v -0.06256773 8.940697E-08 0.06736301
v -0.06212746 -1.236796E-06 0.06844182
v -0.06211473 0.005451933 0.06844579
v -0.06212746 1.41561E-06 0.06844182
v -0.06257196 0.005905703 0.06736459
v -0.004944429 0.005465433 0.06844155
v -0.004944429 0.005905703 0.06736459
v -0.004565835 0.005773589 0.06717636
v -0.004944429 0.005913645 0.06736459
v 0.01789331 0.01202045 0.04912145
v 0.01932478 0.01328434 0.05365093
v 0.01732095 0.01445661 0.04713085
v 0.04054785 0.01289172 0.05365649
v 0.04176222 0.01117381 0.06079791
v 0.03977269 0.01199345 0.04949263
v 0.06193982 0.01289146 0.05365887
v 0.06123959 0.01199345 0.04949263
v 0.06317936 0.01117831 0.0608138
v 0.05391866 0.01289146 0.05365728
v 0.05320968 0.01199345 0.04949263
v 0.0551243 0.01117645 0.06080903
v 0.04994753 0.01117539 0.06080426
v 0.04805806 0.01199345 0.04949288
v 0.04875989 0.01289146 0.05365622
v 0.03869042 0.01117328 0.06079526
v 0.03747605 0.01289146 0.05365597
v 0.03670087 0.01199345 0.04949288
v 0.04687572 0.01117487 0.06080161
v 0.04568782 0.01289146 0.0536557
v 0.04498626 0.01199345 0.04949315
v 0.05628176 0.01199345 0.04949263
v 0.05699047 0.01289146 0.05365781
v 0.05819611 0.01117726 0.06081168
v 0.06426373 0.01199345 0.04949421
v 0.06501164 0.01289146 0.05365941
v 0.06620377 0.01117884 0.0608183
v -0.05283314 -0.008901864 0.01710774
v -0.05283314 0.009683833 0.01710774
v -0.04440559 0.0003911108 0.02431563
v -0.02470717 0.009660542 0.01719432
v -0.02470717 -0.008878574 0.01719432
v -0.02946618 0.0003911108 0.02432992
v -0.07083748 -0.01030579 -0.02759056
v -0.06872244 -0.004616752 -0.01344511
v -0.0677797 -0.01002862 -0.01343955
v -0.07187922 -0.004609868 -0.02762339
v -0.07187922 0.004609793 -0.02762339
v -0.06872244 0.004616678 -0.01344511
v -0.07083748 0.01030572 -0.02759056
v -0.0677797 0.01002854 -0.01343955
v -0.06663601 -0.0106039 -0.01343003
v -0.06523578 -0.01140527 -0.02825877
v -0.06968559 -0.01086679 -0.02754688
v -0.06285284 -0.01059993 -0.01340514
v -0.06249227 -0.01056233 -0.01139627
v -0.06186165 -0.01033175 0.0006458014
v -0.06022526 -0.0103275 0.0005947053
v -0.06608455 -0.01056683 -0.01146908
v -0.06618305 -0.00983879 -0.01251349
v -0.06128319 -0.009844616 -0.01266386
v -0.06652112 -0.01000373 -0.04046948
v -0.06684358 -0.01114371 -0.04324663
v -0.06638874 -0.01107354 -0.03903352
v -0.06696324 -0.01022558 -0.04428522
v -0.06696166 -0.00468637 -0.04427198
v -0.06650893 8.940697E-08 -0.04039483
v -0.06696166 0.004686296 -0.04427198
v -0.06652112 0.01000364 -0.04046948
v -0.06696324 0.01022577 -0.04428522
v -0.06684358 0.01114362 -0.04324663
v -0.06638874 0.01107347 -0.03903352
v -0.06696166 -0.00468637 -0.04427198
v -0.0721731 -0.0101856 -0.04418938
v -0.06696324 -0.01022558 -0.04428522
v -0.07322837 -0.004604578 -0.04417588
v -0.06696166 0.004686296 -0.04427198
v -0.07322837 0.004604757 -0.04417588
v -0.0721731 0.01018579 -0.04418938
v -0.06696324 0.01022577 -0.04428522
v -0.06696324 -0.01022558 -0.04428522
v -0.07211672 -0.01112041 -0.04318257
v -0.06684358 -0.01114371 -0.04324663
v -0.0721731 -0.0101856 -0.04418938
v -0.0731328 -0.01007971 -0.04314101
v -0.07322837 -0.004604578 -0.04417588
v -0.07005383 -0.01090147 -0.02955337
v -0.07410438 -0.0046141 -0.04312803
v -0.07322837 0.004604757 -0.04417588
v -0.07410438 0.004614025 -0.04312803
v -0.0731328 0.01007962 -0.04314101
v -0.07119752 -0.01030818 -0.02959837
v -0.0721731 0.01018579 -0.04418938
v -0.0696906 -0.01014537 -0.02859606
v -0.06957702 -0.01090252 -0.02951206
v -0.06523578 -0.01140527 -0.02825877
v -0.07036306 -0.009817615 -0.02871227
v -0.07224061 -0.0046096 -0.02963093
v -0.07133175 -0.004544213 -0.02875835
v -0.07224061 0.004609793 -0.02963093
v -0.07133149 0.004544124 -0.02875835
v -0.07119752 0.01030837 -0.02959837
v -0.07034983 0.009806946 -0.02871466
v -0.07005383 0.01090139 -0.02955337
v -0.0695564 0.01013814 -0.02855687
v -0.06957702 0.01090272 -0.02951206
v -0.06546478 0.0110642 -0.02828154
v -0.07211672 0.01112033 -0.04318257
v -0.06696324 0.01022577 -0.04428522
v -0.06684358 0.01114362 -0.04324663
v -0.06968559 0.0108667 -0.02754688
v -0.0695564 0.01013814 -0.02855687
v -0.07083748 0.01030572 -0.02759056
v -0.07034983 0.009806946 -0.02871466
v -0.06663601 0.01060408 -0.01343003
v -0.07187922 0.004609793 -0.02762339
v -0.07133149 0.004544124 -0.02875835
v -0.07187922 -0.004609868 -0.02762339
v -0.07133175 -0.004544213 -0.02875835
v -0.07083748 -0.01030579 -0.02759056
v -0.07036306 -0.009817615 -0.02871227
v -0.0677797 0.01002854 -0.01343955
v -0.06968559 -0.01086679 -0.02754688
v -0.0696906 -0.01014537 -0.02859606
v -0.06523578 -0.01140527 -0.02825877
v -0.06663601 -0.0106039 -0.01343003
v -0.0677797 -0.01002862 -0.01343955
v -0.0668457 0.00951837 -0.01265618
v -0.06618305 0.009838715 -0.01251349
v -0.06285284 0.01059985 -0.01340514
v -0.06113757 0.00975135 -0.01269166
v -0.06772198 0.004557893 -0.01268134
v -0.06872244 0.004616678 -0.01344511
v -0.06772198 -0.004557714 -0.01268134
v -0.06872244 -0.004616752 -0.01344511
v -0.06685708 -0.00952746 -0.01265274
v -0.06618305 -0.00983879 -0.01251349
v -0.06128319 -0.009844616 -0.01266386
v -0.06285284 -0.01059993 -0.01340514
v -0.06221561 -0.009707749 0.002550095
v -0.05905326 -0.01014827 0.009970024
v -0.06123634 -0.01029362 0.002588212
v -0.06193207 -0.009258747 0.001353458
v -0.06134938 -0.009571403 0.001538247
v -0.06638874 -0.01107354 -0.03903352
v -0.06684358 -0.01114371 -0.04324663
v -0.07211672 -0.01112041 -0.04318257
v -0.07005383 -0.01090147 -0.02955337
v -0.06957702 -0.01090252 -0.02951206
v -0.06523578 -0.01140527 -0.02825877
v -0.0731328 -0.01007971 -0.04314101
v -0.07224061 -0.0046096 -0.02963093
v -0.07119752 -0.01030818 -0.02959837
v -0.07410438 -0.0046141 -0.04312803
v -0.07410438 0.004614025 -0.04312803
v -0.07224061 0.004609793 -0.02963093
v -0.0731328 0.01007962 -0.04314101
v -0.07119752 0.01030837 -0.02959837
v -0.06663601 0.01060408 -0.01343003
v -0.06546478 0.0110642 -0.02828154
v -0.06285284 0.01059985 -0.01340514
v -0.06968559 0.0108667 -0.02754688
v -0.06638874 0.01107347 -0.03903352
v -0.06957702 0.01090272 -0.02951206
v -0.07211672 0.01112033 -0.04318257
v -0.07005383 0.01090139 -0.02955337
v -0.06684358 0.01114362 -0.04324663
v -0.06186165 0.01033166 0.0006458014
v -0.06249227 0.01056226 -0.01139627
v -0.06022526 0.01032743 0.0005947053
v -0.06608455 0.01056676 -0.01146908
v -0.06113757 0.00975135 -0.01269166
v -0.06618305 0.009838715 -0.01251349
v -0.06772198 -0.004557714 -0.01268134
v -0.06722532 -0.009984672 -0.01147941
v -0.06685708 -0.00952746 -0.01265274
v -0.06813948 -0.004619658 -0.01149422
v -0.06295396 -0.009676501 0.0006500334
v -0.06772198 0.004557893 -0.01268134
v -0.06355362 -0.004652753 0.0006201267
v -0.06813948 0.004619852 -0.01149422
v -0.0668457 0.00951837 -0.01265618
v -0.06355362 0.004652679 0.0006201267
v -0.06722532 0.009984583 -0.01147941
v -0.06295396 0.009676427 0.0006500334
v -0.06618305 0.009838715 -0.01251349
v -0.06722532 0.009984583 -0.01147941
v -0.0668457 0.00951837 -0.01265618
v -0.06608455 0.01056676 -0.01146908
v -0.06186165 0.01033166 0.0006458014
v -0.06295396 0.009676427 0.0006500334
v -0.06191196 0.00924702 0.001345783
v -0.06134619 0.00956127 0.001536921
v -0.06022526 0.01032743 0.0005947053
v -0.05799244 0.009504348 0.001269266
v -0.06249385 0.004872948 0.001209438
v -0.06355362 0.004652679 0.0006201267
v -0.06249385 -0.004872754 0.001209438
v -0.06355362 -0.004652753 0.0006201267
v -0.06193207 -0.009258747 0.001353458
v -0.06295396 -0.009676501 0.0006500334
v -0.06134938 -0.009571403 0.001538247
v -0.06186165 -0.01033175 0.0006458014
v -0.0584756 -0.009681001 0.001346573
v -0.06022526 -0.0103275 0.0005947053
v -0.06722532 -0.009984672 -0.01147941
v -0.06608455 -0.01056683 -0.01146908
v -0.06685708 -0.00952746 -0.01265274
v -0.06618305 -0.00983879 -0.01251349
v -0.06243534 0.0115651 -0.01250078
v -0.06249227 0.01056226 -0.01139627
v -0.06113757 0.00975135 -0.01269166
v -0.06312869 0.01153836 -0.01135364
v -0.06022526 0.01032743 0.0005947053
v -0.0610121 0.01110524 0.0006426275
v -0.05799244 0.009504348 0.001269266
v -0.05989672 0.01116189 0.001487419
v -0.05991684 0.01028851 0.002610981
v -0.0606613 0.01101735 0.002651751
v -0.05905326 0.01014847 0.009970024
v -0.05937122 0.01063347 0.01012014
v -0.05937122 -0.01063354 0.01012014
v -0.05905326 -0.01014827 0.009970024
v -0.0606613 -0.01101743 0.002651751
v -0.05991684 -0.0102886 0.002610981
v -0.0584756 -0.009681001 0.001346573
v -0.05988668 -0.01116277 0.001485825
v -0.06113757 0.00975135 -0.01269166
v -0.06345831 0.01156722 -0.01336755
v -0.06243534 0.0115651 -0.01250078
v -0.06285284 0.01059985 -0.01340514
v -0.06546478 0.0110642 -0.02828154
v -0.06090353 0.01377994 -0.01244968
v -0.06243534 0.0115651 -0.01250078
v -0.06165965 0.01455086 -0.01332597
v -0.03596297 0.01358826 -0.00679478
v -0.03617422 0.01438037 -0.007773265
v -0.03323346 0.01264392 -0.007300973
v -0.03768378 0.01296665 -0.01395157
v -0.04018375 0.01468271 -0.01363494
v -0.03682549 0.01334813 -0.02195606
v -0.03927489 0.01502185 -0.02131352
v -0.03951289 0.01432186 -0.02235369
v -0.06546478 0.0110642 -0.02828154
v -0.06567632 0.01145603 -0.02808087
v -0.062905 0.0150785 -0.02808642
v -0.06355362 0.01285598 -0.02842185
v -0.06291719 0.01507108 -0.02792731
v -0.06333785 0.0143126 -0.02752915
v -0.03951289 0.01432186 -0.02235369
v -0.04137059 0.01529346 -0.02810787
v -0.04129672 0.01356523 -0.028402
v -0.03929183 0.01510496 -0.02333695
v -0.03682549 0.01334813 -0.02195606
v -0.037104 0.01341856 -0.02374518
v -0.03941414 0.01513939 -0.02424395
v -0.06128319 -0.009844616 -0.01266386
v -0.06312869 -0.01153845 -0.01135364
v -0.06243615 -0.01156491 -0.01250051
v -0.06249227 -0.01056233 -0.01139627
v -0.06022526 -0.0103275 0.0005947053
v -0.0610121 -0.01110531 0.0006426275
v -0.05988668 -0.01116277 0.001485825
v -0.0584756 -0.009681001 0.001346573
v -0.05858918 -0.01308082 0.001564726
v -0.05915014 -0.01386447 0.000663802
v -0.03397501 -0.0130517 0.003581271
v -0.03384237 -0.01384938 0.002543211
v -0.03093842 -0.01200545 0.002884462
v -0.03252184 -0.01254578 -0.005513161
v -0.0350361 -0.01424357 -0.005076349
v -0.03323346 -0.01264401 -0.007300973
v -0.0353027 -0.01428778 -0.005955815
v -0.03596297 -0.01358834 -0.00679478
v -0.06123634 0.01029381 0.002588212
v -0.05799244 0.009504348 0.001269266
v -0.05991684 0.01028851 0.002610981
v -0.06134619 0.00956127 0.001536921
v -0.0350361 -0.01424357 -0.005076349
v -0.05915014 -0.01386447 0.000663802
v -0.03384237 -0.01384938 0.002543211
v -0.06132291 -0.01446517 -0.01131447
v -0.0353027 -0.01428778 -0.005955815
v -0.03596297 -0.01358834 -0.00679478
v -0.06090353 -0.01377974 -0.01244968
v -0.06243615 -0.01156491 -0.01250051
v -0.06312869 -0.01153845 -0.01135364
v -0.0610121 -0.01110531 0.0006426275
v -0.03093842 -0.01200545 0.002884462
v -0.03397501 -0.0130517 0.003581271
v -0.03292929 -0.0137583 0.0042357
v -0.026437 -0.01342499 0.01012622
v -0.02481757 -0.01166895 0.00958854
v -0.02362147 -0.01154956 0.01095143
v -0.0254924 -0.01322114 0.01246311
v -0.02410541 -0.01143493 0.01290707
v -0.06026869 -0.01164275 0.02092744
v -0.05725063 -0.01306495 0.01971386
v -0.06180342 -0.0127086 0.02067621
v -0.06180342 0.01270851 0.02067621
v -0.06026869 0.01164293 0.02092744
v -0.05725063 0.01306486 0.01971386
v -0.0254924 0.01322132 0.01246311
v -0.02410541 0.01143511 0.01290707
v -0.02362147 0.01154974 0.01095143
v -0.026437 0.01342492 0.01012622
v -0.02481757 0.01166888 0.00958854
v -0.03093842 0.01200536 0.002884462
v -0.03292929 0.0137585 0.0042357
v -0.03397501 0.01305163 0.003581271
v -0.03941414 0.01513939 -0.02424395
v -0.062905 0.0150785 -0.02808642
v -0.04137059 0.01529346 -0.02810787
v -0.06291719 0.01507108 -0.02792731
v -0.03929183 0.01510496 -0.02333695
v -0.05915014 0.01386438 0.000663802
v -0.0350361 0.0142435 -0.005076349
v -0.03384237 0.0138493 0.002543211
v -0.06132291 0.01446535 -0.01131447
v -0.0353027 0.01428771 -0.005955815
v -0.03596297 0.01358826 -0.00679478
v -0.06090353 0.01377994 -0.01244968
v -0.06243534 0.0115651 -0.01250078
v -0.06312869 0.01153836 -0.01135364
v -0.0610121 0.01110524 0.0006426275
v -0.03617422 0.01438037 -0.007773265
v -0.06165965 0.01455086 -0.01332597
v -0.04018375 0.01468271 -0.01363494
v -0.0637707 0.01503296 -0.02707696
v -0.03927489 0.01502185 -0.02131352
v -0.06567632 0.01145603 -0.02808087
v -0.06345831 0.01156722 -0.01336755
v -0.06333785 0.0143126 -0.02752915
v -0.03951289 0.01432186 -0.02235369
v -0.03323346 0.01264392 -0.007300973
v -0.0353027 0.01428771 -0.005955815
v -0.03596297 0.01358826 -0.00679478
v -0.0350361 0.0142435 -0.005076349
v -0.03252184 0.0125457 -0.005513161
v -0.03384237 0.0138493 0.002543211
v -0.03093842 0.01200536 0.002884462
v -0.03397501 0.01305163 0.003581271
v -0.05915014 0.01386438 0.000663802
v -0.05858918 0.01308075 0.001564726
v -0.0610121 0.01110524 0.0006426275
v -0.05989672 0.01116189 0.001487419
v -0.06285284 -0.01059993 -0.01340514
v -0.06345831 -0.01156703 -0.01336755
v -0.06523578 -0.01140527 -0.02825877
v -0.06243615 -0.01156491 -0.01250051
v -0.06128319 -0.009844616 -0.01266386
v -0.06090353 -0.01377974 -0.01244968
v -0.06165965 -0.01455094 -0.01332597
v -0.03596297 -0.01358834 -0.00679478
v -0.03617422 -0.01438019 -0.007773265
v -0.03323346 -0.01264401 -0.007300973
v -0.03768378 -0.01296645 -0.01395157
v -0.04018375 -0.01468278 -0.01363494
v -0.03682549 -0.01334822 -0.02195606
v -0.03927489 -0.01502192 -0.02131352
v -0.03951289 -0.01432194 -0.02235369
v -0.03935298 -0.01512225 -0.02379045
v -0.037104 -0.01341864 -0.02374518
v -0.06291719 -0.01507115 -0.02792731
v -0.06333785 -0.01431267 -0.02752915
v -0.04137059 -0.01529354 -0.02810787
v -0.04129672 -0.0135653 -0.028402
v -0.06516723 -0.01173143 -0.02813937
v -0.06355362 -0.01285607 -0.02842185
v -0.062905 -0.01507831 -0.02808642
v -0.06523578 -0.01140527 -0.02825877
v -0.03935298 -0.01512225 -0.02379045
v -0.062905 -0.01507831 -0.02808642
v -0.06291719 -0.01507115 -0.02792731
v -0.04137059 -0.01529354 -0.02810787
v -0.03617422 -0.01438019 -0.007773265
v -0.04018375 -0.01468278 -0.01363494
v -0.06165965 -0.01455094 -0.01332597
v -0.0637707 -0.01503277 -0.02707696
v -0.03927489 -0.01502192 -0.02131352
v -0.06345831 -0.01156703 -0.01336755
v -0.06333785 -0.01431267 -0.02752915
v -0.03951289 -0.01432194 -0.02235369
v -0.06516723 -0.01173143 -0.02813937
v -0.06523578 -0.01140527 -0.02825877
v 0.06813851 -0.0115011 0.03421991
v 0.01665564 -0.01339349 0.0355992
v 0.06760028 -0.01331221 0.03553726
v 0.01831187 -0.01150535 0.03421883
v 0.01831187 -0.01149343 0.0276527
v 0.03558843 -0.01150535 0.03336293
v 0.03422581 -0.0114937 0.02763762
v 0.01831187 -0.01150535 0.03421883
v 0.06807232 -0.0115011 0.03335471
v 0.06813851 -0.0115011 0.03421991
v 0.03653885 -0.01099439 0.03314902
v 0.03776276 -0.007643282 0.0289637
v 0.03505683 -0.0110762 0.02728815
v 0.03861655 -0.007643282 0.03182027
v 0.06908682 -0.007682726 0.0289277
v 0.03861655 -0.007643282 0.03182027
v 0.0697672 -0.007643282 0.03182001
v 0.03776276 -0.007643282 0.0289637
v 0.03861655 -0.007643282 0.03182027
v 0.06817213 -0.01096262 0.03313631
v 0.0697672 -0.007643282 0.03182001
v 0.03653885 -0.01099439 0.03314902
v 0.06431219 -0.007126778 0.025988
v 0.06061426 -0.01102643 0.02676423
v 0.06431219 -0.01102696 0.02676342
v 0.06061426 -0.007126778 0.025988
v 0.06061426 8.940697E-08 0.02513394
v 0.06431219 8.940697E-08 0.02513394
v 0.06431219 0.007126689 0.025988
v 0.06061426 0.007126689 0.025988
v 0.06061426 0.01102635 0.02676423
v 0.06431219 0.01102687 0.02676342
v 0.05691634 -0.007126778 0.025988
v 0.05321842 -0.01102643 0.02676423
v 0.05691634 -0.01102643 0.02676423
v 0.05321842 -0.007126778 0.025988
v 0.05321842 8.940697E-08 0.02513394
v 0.05691634 8.940697E-08 0.02513394
v 0.05691634 0.007126689 0.025988
v 0.05321842 0.007126689 0.025988
v 0.05321842 0.01102635 0.02676423
v 0.05691634 0.01102635 0.02676423
v 0.04212439 -0.007126778 0.025988
v 0.03842647 -0.01102643 0.02676423
v 0.04212439 -0.01102643 0.02676423
v 0.03842647 -0.007126778 0.025988
v 0.04212439 8.940697E-08 0.02513394
v 0.03842647 8.940697E-08 0.02513394
v 0.03842647 0.007126689 0.025988
v 0.04212439 0.007126689 0.025988
v 0.03842647 0.01102635 0.02676423
v 0.04212439 0.01102635 0.02676423
v 0.04952049 -0.007126778 0.025988
v 0.04582258 -0.01102643 0.02676423
v 0.04952049 -0.01102643 0.02676423
v 0.04582258 -0.007126778 0.025988
v 0.04952049 8.940697E-08 0.02513394
v 0.04582258 8.940697E-08 0.02513394
v 0.04582258 0.007126689 0.025988
v 0.04952049 0.007126689 0.025988
v 0.04582258 0.01102635 0.02676423
v 0.04952049 0.01102635 0.02676423
v 0.06824149 -0.0136172 0.03859636
v 0.0180707 -0.01178014 0.04023723
v 0.06955726 -0.0117918 0.04035081
v 0.01645471 -0.01362222 0.03858365
v -0.007810786 -0.01180212 0.0402171
v -0.00895077 -0.01360688 0.03859742
v -0.05868714 -0.01183151 0.04019064
v -0.05894764 -0.01358674 0.03861542
v -0.07362072 -0.01176982 0.0402457
v -0.07176407 -0.01362911 0.03857756
v 0.01628898 -0.01381125 0.03653878
v 0.06802572 -0.01381099 0.03811665
v 0.06761087 -0.01381099 0.03651389
v 0.01628898 -0.01381099 0.03811108
v -0.009079695 -0.01381099 0.03811108
v -0.009079695 -0.01381125 0.03590445
v 0.01565465 -0.01381125 0.03590445
v 0.01565465 -0.01380649 0.03000917
v -0.05898099 -0.01381099 0.03811108
v -0.009218425 -0.01369847 0.02994987
v -0.05898099 -0.01381125 0.03590445
v -0.05898099 -0.01380888 0.02944289
v -0.07158326 -0.01381099 0.03811108
v -0.07159756 -0.01381125 0.0359222
v -0.00981091 -0.01368894 0.02937193
v -0.07158034 -0.01289763 0.03121534
v -0.01476558 -0.01151302 0.0203196
v -0.06558101 -0.01227124 0.0273276
v -0.06026869 -0.01164275 0.02097192
v -0.06553389 -0.00990127 0.02517498
v -0.07148318 -0.008227304 0.02692731
v -0.02410541 -0.01143493 0.01295182
v -0.01589999 -0.01182806 0.0152196
v -0.06026869 8.940697E-08 0.02097192
v -0.02362147 -0.01154956 0.01099591
v -0.01547667 -0.0122498 0.005988836
v -0.01624072 -0.0123046 0.004373372
v -0.02481757 -0.01166895 0.009633005
v -0.02059864 -0.0108096 -0.0009005666
v -0.03093842 -0.01200545 0.002928942
v -0.02164279 -0.01268955 -0.007289588
v -0.03252184 -0.01254578 -0.005468428
v -0.02209814 -0.01274672 -0.009199962
v -0.03323346 -0.01264401 -0.007256225
v -0.03768378 -0.01296645 -0.01390709
v -0.02518424 -0.0112287 -0.01434392
v -0.03682549 -0.01334822 -0.02191131
v -0.02504738 -0.01305859 -0.02141942
v -0.02567454 -0.01310122 -0.02322337
v -0.037104 -0.01341864 -0.0237007
v -0.04129672 -0.0135653 -0.02835725
v -0.0292626 -0.01154056 -0.0274709
v -0.02800693 -0.01306838 -0.0325063
v -0.02683333 -0.01403046 -0.0369463
v -0.0349355 -0.01401378 -0.03930938
v -0.02694081 -0.01394388 -0.03868459
v -0.03130403 -0.01291272 -0.04039933
v -0.06355362 -0.01285607 -0.02837738
v -0.03436895 -0.01295587 -0.04043163
v -0.06444474 -0.01349303 -0.03900784
v -0.06535916 -0.01086837 -0.0283374
v -0.06470366 -0.01161601 -0.02834931
v -0.06638874 -0.01107354 -0.03898905
v -0.06652112 -0.01000373 -0.040425
v -0.06401135 -0.01212405 -0.04044619
v -0.03445685 8.940697E-08 -0.04043613
v -0.06650893 8.940697E-08 -0.04035035
v -0.06401135 0.01212397 -0.04044619
v -0.06652112 0.01000364 -0.040425
v -0.03436895 0.01295578 -0.04043163
v -0.06444474 0.01349296 -0.03900784
v -0.06638874 0.01107347 -0.03898905
v -0.06535916 0.0108683 -0.0283374
v -0.0349355 0.01401371 -0.03930938
v -0.03130403 0.01291263 -0.04039933
v -0.02694081 0.01394407 -0.03868459
v -0.02683333 0.01403038 -0.0369463
v -0.06355362 0.01285598 -0.02837738
v -0.06470366 0.01161593 -0.02834931
v -0.04129672 0.01356523 -0.02835725
v -0.02800693 0.01306857 -0.0325063
v -0.0292626 0.01154047 -0.0274709
v -0.02567454 0.0131014 -0.02322337
v -0.037104 0.01341856 -0.0237007
v -0.03682549 0.01334813 -0.02191131
v -0.02504738 0.01305851 -0.02141942
v -0.02518424 0.01122887 -0.01434392
v -0.03768378 0.01296665 -0.01390709
v -0.02209814 0.01274665 -0.009199962
v -0.03323346 0.01264392 -0.007256225
v -0.03252184 0.0125457 -0.005468428
v -0.02164279 0.01268946 -0.007289588
v -0.03093842 0.01200536 0.002928942
v -0.02059864 0.01080979 -0.0009005666
v -0.02481757 0.01166888 0.009633005
v -0.01624072 0.01230453 0.004373372
v -0.02362147 0.01154974 0.01099591
v -0.01547667 0.01224972 0.005988836
v -0.01589999 0.01182826 0.0152196
v -0.02410541 0.01143511 0.01295182
v -0.01476558 0.0115132 0.0203196
v -0.06026869 0.01164293 0.02097192
v -0.05898099 0.01380906 0.02944289
v -0.00981091 0.01368886 0.02937193
v -0.009218425 0.0136984 0.02994987
v -0.06558101 0.01227117 0.0273276
v -0.06553389 0.009901196 0.02517498
v -0.07158034 0.01289782 0.03121534
v -0.07159756 0.01381144 0.0359222
v -0.07148318 0.008227229 0.02692731
v -0.06553389 8.940697E-08 0.02517498
v -0.07147445 8.940697E-08 0.02692492
v -0.05898099 0.01381144 0.03590445
v -0.07158326 0.0138109 0.03811108
v -0.05898099 0.0138109 0.03811108
v -0.009079695 0.01381144 0.03590445
v 0.01565465 0.0138064 0.03000917
v 0.01565465 0.01381144 0.03590445
v -0.009079695 0.0138109 0.03811108
v 0.01628898 0.01381117 0.03653878
v 0.01628898 0.0138109 0.03811108
v 0.06802572 0.0138109 0.03811665
v 0.06761087 0.0138109 0.03651389
v 0.01831187 -0.01149343 0.0276527
v 0.01665564 -0.01339349 0.0355992
v 0.01831187 -0.01150535 0.03421883
v 0.01662017 -0.01343003 0.02962451
v -0.07388334 -0.01150535 0.04370138
v -0.05866937 -0.01150535 0.04092318
v -0.07388334 -0.01150535 0.04092424
v -0.05886449 -0.01150535 0.04370217
v -0.007521152 -0.01150535 0.04091285
v -0.07388334 -0.01121731 0.04409876
v -0.006857187 -0.01150535 0.04370959
v 0.01839553 -0.01150535 0.04091682
v -0.0588571 -0.01121864 0.0440985
v -0.07388334 -0.00803192 0.0451429
v -0.05853887 -0.008030862 0.04514344
v -0.006695434 -0.01123108 0.04409452
v -0.07388334 -0.007614434 0.04483925
v 0.01893376 -0.01150535 0.04370694
v 0.06987363 -0.01150905 0.04104814
v 0.07057943 -0.01150587 0.04371144
v 0.01911061 -0.01124087 0.04409134
v -0.005617931 -0.008014455 0.04514925
v -0.05853172 -0.007615492 0.04484057
v 0.02057303 -0.008000955 0.04515402
v 0.07082273 -0.01126416 0.04408367
v 0.07308628 -0.007968128 0.04516514
v -0.005551472 -0.007616803 0.04484427
v 0.02066384 -0.007617339 0.04484719
v 0.07321361 -0.007618397 0.04485407
v 0.01925224 -0.007642761 0.0374659
v -0.05910991 -0.007642761 0.0374659
v -0.07388361 -0.007642761 0.0374659
v -0.07388334 -0.006324872 0.03504987
v -0.006686956 -0.007642761 0.0374659
v -0.05910991 -0.006324604 0.03504987
v -0.07388334 -0.002747402 0.03262933
v -0.05908848 -0.002747402 0.03262933
v -0.07388334 8.940697E-08 0.03262933
v -0.006933436 -0.006322756 0.03504987
v 0.01888372 -0.006321684 0.03504987
v 0.07062761 -0.006319836 0.03504987
v 0.07124261 -0.007642761 0.0374659
v 0.06999832 -0.002748728 0.03262933
v 0.0185152 -0.002748191 0.03262933
v 0.06999832 8.940697E-08 0.03262933
v -0.007172763 -0.002747938 0.03262933
v -0.05908848 8.940697E-08 0.03262933
v -0.007172763 8.940697E-08 0.03262933
v 0.0185152 8.940697E-08 0.03262933
v 0.0185152 0.002748117 0.03262933
v 0.06999832 0.002748653 0.03262933
v -0.05908848 0.002747595 0.03262933
v -0.07388334 0.002747327 0.03262933
v -0.007172763 0.002747849 0.03262933
v 0.01888372 0.006321877 0.03504987
v 0.07062761 0.006319761 0.03504987
v -0.006933436 0.006322667 0.03504987
v -0.05910991 0.006324783 0.03504987
v -0.07388334 0.006324783 0.03504987
v -0.05910991 0.00764294 0.0374659
v -0.07388361 0.00764294 0.0374659
v -0.006686956 0.00764294 0.0374659
v -0.07388334 0.007614613 0.04483925
v 0.01925224 0.00764294 0.0374659
v 0.07124261 0.00764294 0.0374659
v -0.05853172 0.007615402 0.04484057
v -0.005551472 0.007616729 0.04484427
v 0.02066384 0.007617265 0.04484719
v 0.07321361 0.007618591 0.04485407
v 0.07308628 0.007968038 0.04516514
v 0.02057303 0.008000866 0.04515402
v 0.07082273 0.01126435 0.04408367
v 0.01911061 0.0112408 0.04409134
v -0.005617931 0.008014381 0.04514925
v -0.05853887 0.008031055 0.04514344
v -0.07388334 0.008031845 0.0451429
v -0.006695434 0.01123099 0.04409452
v 0.01893376 0.01150526 0.04370694
v -0.0588571 0.01121855 0.0440985
v -0.07388334 0.01121749 0.04409876
v -0.006857187 0.01150526 0.04370959
v -0.05886449 0.01150526 0.04370217
v 0.01839553 0.01150526 0.04091682
v 0.06987363 0.01150897 0.04104814
v 0.07057943 0.0115058 0.04371144
v -0.007521152 0.01150526 0.04091285
v -0.05866937 0.01150526 0.04092318
v -0.07388334 0.01150526 0.04370138
v -0.07388334 0.01150526 0.04092424
v -0.01284486 -0.009089038 0.01482806
v -0.01547667 -0.0122498 0.005988836
v -0.01589999 -0.01182806 0.0152196
v -0.01269582 -0.009473711 0.004735544
v -0.01347521 -0.009540424 0.003112406
v -0.01624072 -0.0123046 0.004373372
v -0.01834065 -0.009509981 -0.002104074
v -0.02059864 -0.0108096 -0.0009005666
v -0.02164279 -0.01268955 -0.007289588
v -0.0189583 -0.01003152 -0.007937148
v -0.0194539 -0.01010142 -0.009808347
v -0.02209814 -0.01274672 -0.009199962
v -0.02518424 -0.0112287 -0.01434392
v -0.02274147 -0.009946272 -0.01432592
v -0.02504738 -0.01305859 -0.02141942
v -0.0223192 -0.01044241 -0.02145886
v -0.02294452 -0.010498 -0.023257
v -0.02567454 -0.01310122 -0.02322337
v -0.0292626 -0.01154056 -0.0274709
v -0.026639 -0.01031533 -0.02734885
v -0.02800693 -0.01306838 -0.0325063
v -0.02549584 -0.01073124 -0.03257936
v -0.02683333 -0.01403046 -0.0369463
v -0.02280739 -0.01080431 -0.03769949
v -0.02694081 -0.01394388 -0.03868459
v -0.02310151 -0.01074235 -0.04033129
v -0.02856103 -0.01065156 -0.04368134
v -0.03130403 -0.01291272 -0.04039933
v -0.03436895 -0.01295587 -0.04043163
v -0.03387918 -0.01064096 -0.04454361
v -0.03445685 8.940697E-08 -0.04043613
v -0.03378598 8.940697E-08 -0.04539607
v -0.03377514 -0.009122133 -0.04542494
v -0.02864654 -0.009167939 -0.0445023
v -0.03387918 0.01064089 -0.04454361
v -0.03436895 0.01295578 -0.04043163
v -0.03377514 0.009122059 -0.04542494
v -0.02856103 0.01065147 -0.04368134
v -0.03130403 0.01291263 -0.04039933
v -0.02694081 0.01394407 -0.03868459
v -0.02310151 0.01074228 -0.04033129
v -0.02280739 0.01080424 -0.03769949
v -0.02683333 0.01403038 -0.0369463
v -0.02549584 0.01073143 -0.03257936
v -0.02800693 0.01306857 -0.0325063
v -0.026639 0.01031551 -0.02734885
v -0.0292626 0.01154047 -0.0274709
v -0.02294452 0.01049793 -0.023257
v -0.02567454 0.0131014 -0.02322337
v -0.02504738 0.01305851 -0.02141942
v -0.0223192 0.01044233 -0.02145886
v -0.02274147 0.009946197 -0.01432592
v -0.02518424 0.01122887 -0.01434392
v -0.0194539 0.01010133 -0.009808347
v -0.02209814 0.01274665 -0.009199962
v -0.02164279 0.01268946 -0.007289588
v -0.0189583 0.01003145 -0.007937148
v -0.01834065 0.009509906 -0.002104074
v -0.02059864 0.01080979 -0.0009005666
v -0.01624072 0.01230453 0.004373372
v -0.01347521 0.009540349 0.003112406
v -0.01547667 0.01224972 0.005988836
v -0.01269582 0.009473637 0.004735544
v -0.01284486 0.009088963 0.01482806
v -0.01589999 0.01182826 0.0152196
v -0.0741428 -0.007975802 0.04478127
v -0.0741428 -0.01117018 0.04374401
v -0.0741428 -0.007839724 0.03761284
v -0.07410865 -0.01142566 0.04049139
v -0.0741428 -0.01150481 0.03573608
v -0.0741428 -0.006581932 0.03508402
v -0.07414173 -0.006558105 0.03493656
v -0.0741428 -0.01150481 0.03810871
v -0.07410865 -0.01142566 0.04049139
v -0.07209738 -0.01355551 0.0382424
v -0.07202537 -0.01362832 0.03596216
v -0.07195653 -0.01278299 0.03147319
v -0.07412426 -0.01057398 0.03298461
v -0.07413803 -0.002946496 0.03246307
v -0.07405145 -0.006526604 0.0294728
v -0.07188348 -0.008047283 0.02716821
v -0.07190095 8.940697E-08 0.02718702
v -0.07405145 8.940697E-08 0.0294728
v -0.07413538 8.940697E-08 0.03236988
v -0.07413803 0.002946407 0.03246307
v -0.07405145 0.006526783 0.0294728
v -0.07188348 0.008047462 0.02716821
v -0.07195653 0.01278292 0.03147319
v -0.07412426 0.01057391 0.03298461
v -0.0741428 0.01150474 0.03573608
v -0.07414173 0.006558031 0.03493656
v -0.07202537 0.01362823 0.03596216
v -0.0741428 0.006581858 0.03508402
v -0.07209738 0.01355544 0.0382424
v -0.0741428 0.007839903 0.03761284
v -0.0741428 0.01150474 0.03810871
v -0.07410865 0.01142584 0.04049139
v -0.0741428 0.007975727 0.04478127
v -0.0741428 0.0111701 0.04374401
v -0.07410865 0.01142584 0.04049139
v 0.06873761 -0.01136027 0.03454818
v 0.06998508 -0.007817745 0.03226504
v 0.06863888 -0.01129408 0.03363006
v 0.07121164 -0.008048862 0.03748761
v 0.07016326 -0.01147278 0.04035398
v 0.06812315 -0.01341838 0.03609772
v 0.06869844 -0.01332439 0.03814073
v 0.07125876 -0.01101637 0.04356848
v 0.07316543 -0.008176208 0.04442969
v 0.06916332 -0.007187665 0.02875535
v 0.06792565 8.940697E-08 0.02382453
v 0.06817478 -0.007182896 0.02472571
v 0.06922846 8.940697E-08 0.02886866
v 0.07007033 -0.002836883 0.03242283
v 0.06997237 -0.007254645 0.03211334
v 0.07057784 -0.006479219 0.03466122
v 0.07110362 -0.007650703 0.03695601
v 0.07007033 8.940697E-08 0.03242283
v 0.07007033 0.002836809 0.03242283
v 0.06916332 0.007187843 0.02875535
v 0.06817478 0.007182822 0.02472571
v 0.06997237 0.007254571 0.03211334
v 0.07057784 0.006479129 0.03466122
v 0.07110362 0.007650614 0.03695601
v -0.05853887 -0.008030862 0.04514344
v -0.006695434 -0.01123108 0.04409452
v -0.0588571 -0.01121864 0.0440985
v -0.005617931 -0.008014455 0.04514925
v 0.02066384 -0.007617339 0.04484719
v 0.07124261 -0.007642761 0.0374659
v 0.07321361 -0.007618397 0.04485407
v 0.01925224 -0.007642761 0.0374659
v -0.01377702 -0.01133512 0.02042152
v -0.01589999 -0.01182806 0.0152196
v -0.01476558 -0.01151302 0.0203196
v -0.008758828 -0.01356716 0.0292491
v -0.00981091 -0.01368894 0.02937193
v -0.009218425 -0.01369847 0.02994987
v 0.01565465 -0.01380649 0.03000917
v 0.01565492 -0.01380305 0.02999143
v 0.01597075 -0.01341096 0.02903783
v 0.01662017 -0.01343003 0.02962451
v 0.01665564 -0.01339349 0.0355992
v 0.01565465 -0.01381125 0.03590445
v 0.01628898 -0.01381125 0.03653878
v 0.01831187 -0.01149343 0.0276527
v 0.06760028 -0.01331221 0.03553726
v 0.017744 -0.01149237 0.02708483
v 0.01831187 -0.0110267 0.02676025
v 0.03472854 -0.0110267 0.02676025
v 0.06761087 -0.01381099 0.03651389
v 0.03422581 -0.0114937 0.02763762
v 0.06812315 -0.01341838 0.03609772
v 0.06802572 -0.01381099 0.03811665
v 0.06813851 -0.0115011 0.03421991
v 0.06873761 -0.01136027 0.03454818
v 0.06863888 -0.01129408 0.03363006
v 0.06869844 -0.01332439 0.03814073
v 0.06807232 -0.0115011 0.03335471
v 0.03505683 -0.0110762 0.02728815
v 0.03842647 -0.01102643 0.02676423
v 0.03842621 -0.01098143 0.02733792
v 0.04212439 -0.01102643 0.02676423
v 0.04212439 -0.01098143 0.02733792
v 0.04582258 -0.01102643 0.02676423
v 0.04582258 -0.01098143 0.02733792
v 0.04952049 -0.01102643 0.02676423
v 0.04952049 -0.01098143 0.02733792
v 0.05321842 -0.01102643 0.02676423
v 0.05321842 -0.01098143 0.02733792
v 0.05691634 -0.01102643 0.02676423
v 0.05691634 -0.01098143 0.02733792
v 0.06061426 -0.01102643 0.02676423
v 0.06061426 -0.01098143 0.02733792
v 0.06431219 -0.01102696 0.02676342
v 0.06431219 -0.01098143 0.02733792
v 0.06845143 -0.01103252 0.02676661
v 0.06860842 -0.0109846 0.0273366
v 0.06877071 -0.01057795 0.02701758
v 0.06782717 -0.007608607 0.02436142
v 0.06908682 -0.007682726 0.0289277
v 0.0690929 -0.007829934 0.02848797
v 0.06825659 -0.007953033 0.02503705
v 0.06916332 -0.007187665 0.02875535
v 0.0697672 -0.007643282 0.03182001
v 0.06817478 -0.007182896 0.02472571
v 0.06792565 8.940697E-08 0.02382453
v 0.06759101 8.940697E-08 0.02352007
v 0.06782717 0.007608786 0.02436142
v 0.06997237 -0.007254645 0.03211334
v 0.06817478 0.007182822 0.02472571
v 0.06998508 -0.007817745 0.03226504
v 0.07110362 -0.007650703 0.03695601
v 0.06817213 -0.01096262 0.03313631
v 0.03558843 -0.01150535 0.03336293
v 0.03653885 -0.01099439 0.03314902
v 0.03505683 -0.0110762 0.02728815
v 0.07121164 -0.008048862 0.03748761
v 0.07124261 -0.007642761 0.0374659
v 0.07316543 -0.008176208 0.04442969
v 0.07321361 -0.007618397 0.04485407
v 0.07308628 -0.007968128 0.04516514
v 0.07082273 -0.01126416 0.04408367
v 0.07125876 -0.01101637 0.04356848
v 0.07057943 -0.01150587 0.04371144
v 0.01911061 -0.01124087 0.04409134
v 0.01893376 -0.01150535 0.04370694
v 0.06987363 -0.01150905 0.04104814
v 0.07016326 -0.01147278 0.04035398
v 0.06955726 -0.0117918 0.04035081
v 0.01839553 -0.01150535 0.04091682
v 0.0180707 -0.01178014 0.04023723
v -0.007521152 -0.01150535 0.04091285
v -0.007810786 -0.01180212 0.0402171
v -0.05866937 -0.01150535 0.04092318
v -0.05868714 -0.01183151 0.04019064
v 0.06824149 -0.0136172 0.03859636
v 0.01645471 -0.01362222 0.03858365
v 0.01628898 -0.01381099 0.03811108
v -0.00895077 -0.01360688 0.03859742
v -0.009079695 -0.01381099 0.03811108
v -0.05894764 -0.01358674 0.03861542
v -0.05898099 -0.01381099 0.03811108
v -0.07388334 -0.01150535 0.04092424
v -0.07176407 -0.01362911 0.03857756
v -0.07362072 -0.01176982 0.0402457
v -0.07158326 -0.01381099 0.03811108
v -0.07410865 -0.01142566 0.04049139
v -0.07209738 -0.01355551 0.0382424
v -0.07202537 -0.01362832 0.03596216
v -0.07159756 -0.01381125 0.0359222
v -0.07195653 -0.01278299 0.03147319
v -0.07158034 -0.01289763 0.03121534
v -0.07188348 -0.008047283 0.02716821
v -0.07148318 -0.008227304 0.02692731
v -0.07190095 8.940697E-08 0.02718702
v -0.07147445 8.940697E-08 0.02692492
v -0.07148318 0.008227229 0.02692731
v -0.07188348 0.008047462 0.02716821
v -0.07158034 0.01289782 0.03121534
v -0.07195653 0.01278292 0.03147319
v -0.07159756 0.01381144 0.0359222
v -0.07202537 0.01362823 0.03596216
v -0.07158326 0.0138109 0.03811108
v -0.07209738 0.01355544 0.0382424
v -0.07176407 0.01362903 0.03857756
v -0.05898099 0.0138109 0.03811108
v -0.05894764 0.01358667 0.03861542
v -0.009079695 0.0138109 0.03811108
v -0.00895077 0.01360679 0.03859742
v 0.01628898 0.0138109 0.03811108
v 0.01645471 0.01362215 0.03858365
v -0.07362072 0.01176974 0.0402457
v -0.07410865 0.01142584 0.04049139
v 0.06802572 0.0138109 0.03811665
v -0.07388334 0.01150526 0.04092424
v -0.05868714 0.01183143 0.04019064
v 0.06824149 0.01361711 0.03859636
v -0.05866937 0.01150526 0.04092318
v -0.007810786 0.01180232 0.0402171
v -0.007521152 0.01150526 0.04091285
v 0.0180707 0.01178007 0.04023723
v 0.01839553 0.01150526 0.04091682
v 0.06955726 0.01179172 0.04035081
v 0.06987363 0.01150897 0.04104814
v 0.07016326 0.0114727 0.04035398
v 0.06869844 0.01332431 0.03814073
v 0.07125876 0.01101629 0.04356848
v 0.06812315 0.0134183 0.03609772
v 0.07057943 0.0115058 0.04371144
v 0.06761087 0.0138109 0.03651389
v 0.07082273 0.01126435 0.04408367
v 0.07316543 0.008176133 0.04442969
v 0.01911061 0.0112408 0.04409134
v 0.01893376 0.01150526 0.04370694
v 0.07308628 0.007968038 0.04516514
v 0.07321361 0.007618591 0.04485407
v 0.07124261 0.00764294 0.0374659
v 0.07121164 0.008048788 0.03748761
v 0.07110362 0.007650614 0.03695601
v 0.06998508 0.007817671 0.03226504
v 0.06997237 0.007254571 0.03211334
v 0.0697672 0.007643208 0.03182001
v 0.06863888 0.01129401 0.03363006
v 0.06916332 0.007187843 0.02875535
v 0.06817213 0.01096255 0.03313631
v 0.06908682 0.007682651 0.0289277
v 0.06807232 0.01150103 0.03335471
v 0.03558843 0.01150526 0.03336293
v 0.03653885 0.01099458 0.03314902
v 0.06813851 0.01150103 0.03421991
v 0.06873761 0.01136018 0.03454818
v 0.03422581 0.01149362 0.02763762
v 0.03505683 0.01107612 0.02728815
v 0.06760028 0.01331213 0.03553726
v 0.01628898 0.01381117 0.03653878
v 0.01665564 0.01339342 0.0355992
v 0.01565465 0.01381144 0.03590445
v 0.01565465 0.0138064 0.03000917
v 0.01662017 0.01342994 0.02962451
v 0.01565492 0.01380296 0.02999143
v -0.008758828 0.01356708 0.0292491
v -0.009218425 0.0136984 0.02994987
v -0.00981091 0.01368886 0.02937193
v -0.01476558 0.0115132 0.0203196
v -0.01377702 0.01133505 0.02042152
v -0.01589999 0.01182826 0.0152196
v 0.01597075 0.01341088 0.02903783
v 0.01831187 0.01149362 0.0276527
v 0.017744 0.01149257 0.02708483
v 0.01831187 0.01102661 0.02676025
v 0.03472854 0.01102661 0.02676025
v 0.03505683 0.01107612 0.02728815
v 0.03842647 0.01102635 0.02676423
v 0.03842621 0.01098134 0.02733792
v 0.04212439 0.01102635 0.02676423
v 0.04212439 0.01098134 0.02733792
v 0.04582258 0.01102635 0.02676423
v 0.04582258 0.01098134 0.02733792
v 0.04952049 0.01102635 0.02676423
v 0.04952049 0.01098134 0.02733792
v 0.05321842 0.01102635 0.02676423
v 0.05321842 0.01098134 0.02733792
v 0.05691634 0.01102635 0.02676423
v 0.05691634 0.01098134 0.02733792
v 0.06061426 0.01102635 0.02676423
v 0.06061426 0.01098134 0.02733792
v 0.06431219 0.01102687 0.02676342
v 0.06431219 0.01098134 0.02733792
v 0.06845143 0.01103243 0.02676661
v 0.06860842 0.01098478 0.0273366
v 0.06877071 0.01057787 0.02701758
v 0.0690929 0.007830113 0.02848797
v 0.06825659 0.007952958 0.02503705
v -0.01208822 -0.007390186 0.01473089
v -0.01269582 -0.009473711 0.004735544
v -0.01284486 -0.009089038 0.01482806
v -0.01200749 -0.007766128 0.004425526
v -0.01347521 -0.009540424 0.003112406
v -0.01278821 -0.00783284 0.002799213
v -0.01834065 -0.009509981 -0.002104074
v -0.01753768 -0.008027166 -0.002531901
v -0.0189583 -0.01003152 -0.007937148
v -0.01824349 -0.008303016 -0.008109763
v -0.0194539 -0.01010142 -0.009808347
v -0.01874174 -0.008368149 -0.00997223
v -0.02274147 -0.009946272 -0.01432592
v -0.02183789 -0.008451015 -0.01431929
v -0.0223192 -0.01044241 -0.02145886
v -0.02158242 -0.008715227 -0.02146946
v -0.02294452 -0.010498 -0.023257
v -0.02220589 -0.008772939 -0.02326626
v -0.026639 -0.01031533 -0.02734885
v -0.02571505 -0.008863211 -0.02730571
v -0.02549584 -0.01073124 -0.03257936
v -0.02474901 -0.009015441 -0.03260107
v -0.02280739 -0.01080431 -0.03769949
v -0.02201077 -0.009161845 -0.03767778
v -0.02310151 -0.01074235 -0.04033129
v -0.02235706 -0.00910069 -0.04065083
v -0.02856103 -0.01065156 -0.04368134
v -0.02864654 -0.009167939 -0.0445023
v -0.03387918 -0.01064096 -0.04454361
v -0.03377514 -0.009122133 -0.04542494
v 0.03776276 -0.007643282 0.0289637
v 0.03842621 -0.01098143 0.02733792
v 0.03505683 -0.0110762 0.02728815
v 0.04212439 -0.01098143 0.02733792
v 0.04582258 -0.01098143 0.02733792
v 0.04952049 -0.01098143 0.02733792
v 0.06908682 -0.007682726 0.0289277
v 0.05321842 -0.01098143 0.02733792
v 0.05691634 -0.01098143 0.02733792
v 0.06061426 -0.01098143 0.02733792
v 0.06431219 -0.01098143 0.02733792
v 0.06860842 -0.0109846 0.0273366
v 0.06813851 0.01150103 0.03421991
v 0.01665564 0.01339342 0.0355992
v 0.01831187 0.01150526 0.03421883
v 0.06760028 0.01331213 0.03553726
v 0.03558843 0.01150526 0.03336293
v 0.01831187 0.01149362 0.0276527
v 0.03422581 0.01149362 0.02763762
v 0.01831187 0.01150526 0.03421883
v 0.06807232 0.01150103 0.03335471
v 0.06813851 0.01150103 0.03421991
v 0.03776276 0.007643208 0.0289637
v 0.03653885 0.01099458 0.03314902
v 0.03505683 0.01107612 0.02728815
v 0.03861655 0.007643208 0.03182027
v 0.06908682 0.007682651 0.0289277
v 0.03861655 0.007643208 0.03182027
v 0.03776276 0.007643208 0.0289637
v 0.0697672 0.007643208 0.03182001
v 0.03861655 0.007643208 0.03182027
v 0.06817213 0.01096255 0.03313631
v 0.03653885 0.01099458 0.03314902
v 0.0697672 0.007643208 0.03182001
v 0.0180707 0.01178007 0.04023723
v 0.06824149 0.01361711 0.03859636
v 0.06955726 0.01179172 0.04035081
v 0.01645471 0.01362215 0.03858365
v -0.007810786 0.01180232 0.0402171
v -0.00895077 0.01360679 0.03859742
v -0.05868714 0.01183143 0.04019064
v -0.05894764 0.01358667 0.03861542
v -0.07362072 0.01176974 0.0402457
v -0.07176407 0.01362903 0.03857756
v 0.01831187 0.01149362 0.0276527
v 0.01665564 0.01339342 0.0355992
v 0.01662017 0.01342994 0.02962451
v 0.01831187 0.01150526 0.03421883
v 0.06998508 0.007817671 0.03226504
v 0.06873761 0.01136018 0.03454818
v 0.06863888 0.01129401 0.03363006
v 0.07121164 0.008048788 0.03748761
v 0.07016326 0.0114727 0.04035398
v 0.06812315 0.0134183 0.03609772
v 0.06869844 0.01332431 0.03814073
v 0.07125876 0.01101629 0.04356848
v 0.07316543 0.008176133 0.04442969
v -0.05910991 0.006324783 0.03504987
v -0.006686956 0.00764294 0.0374659
v -0.006933436 0.006322667 0.03504987
v -0.05910991 0.00764294 0.0374659
v -0.01269582 0.009473637 0.004735544
v -0.01208822 0.007390112 0.01473089
v -0.01284486 0.009088963 0.01482806
v -0.01200749 0.007766053 0.004425526
v -0.01347521 0.009540349 0.003112406
v -0.01278821 0.007833019 0.002799213
v -0.01834065 0.009509906 -0.002104074
v -0.01753742 0.008027077 -0.002531901
v -0.0189583 0.01003145 -0.007937148
v -0.01824349 0.008302942 -0.008109763
v -0.0194539 0.01010133 -0.009808347
v -0.01874174 0.008368075 -0.00997223
v -0.02274147 0.009946197 -0.01432592
v -0.02183789 0.00845094 -0.01431929
v -0.0223192 0.01044233 -0.02145886
v -0.02158242 0.008715153 -0.02146946
v -0.02294452 0.01049793 -0.023257
v -0.02220589 0.008772865 -0.02326626
v -0.026639 0.01031551 -0.02734885
v -0.02571505 0.008863136 -0.02730571
v -0.02549584 0.01073143 -0.03257936
v -0.02474901 0.009015366 -0.03260107
v -0.02280739 0.01080424 -0.03769949
v -0.02201077 0.009162039 -0.03767778
v -0.02310151 0.01074228 -0.04033129
v -0.02235706 0.009100616 -0.04065083
v -0.02856103 0.01065147 -0.04368134
v -0.02864654 0.00916785 -0.0445023
v -0.03387918 0.01064089 -0.04454361
v -0.03377514 0.009122059 -0.04542494
v -0.07388334 0.01121749 0.04409876
v -0.05886449 0.01150526 0.04370217
v -0.0588571 0.01121855 0.0440985
v -0.07388334 0.01150526 0.04370138
v -0.0741428 0.0111701 0.04374401
v -0.07388334 0.008031845 0.0451429
v -0.07410865 0.01142584 0.04049139
v -0.0741428 0.007975727 0.04478127
v -0.07388334 0.007614613 0.04483925
v -0.07388361 0.00764294 0.0374659
v -0.0741428 0.007839903 0.03761284
v -0.07388334 0.006324783 0.03504987
v -0.0741428 0.006581858 0.03508402
v -0.07414173 0.006558031 0.03493656
v -0.07388334 0.002747327 0.03262933
v -0.07413803 0.002946407 0.03246307
v -0.07388334 8.940697E-08 0.03262933
v -0.07413538 8.940697E-08 0.03236988
v -0.07413803 -0.002946496 0.03246307
v -0.07388334 -0.002747402 0.03262933
v -0.07414173 -0.006558105 0.03493656
v -0.07388334 -0.006324872 0.03504987
v -0.0741428 -0.006581932 0.03508402
v -0.0741428 -0.007839724 0.03761284
v -0.07388361 -0.007642761 0.0374659
v -0.0741428 -0.007975802 0.04478127
v -0.07388334 -0.007614434 0.04483925
v -0.07388334 -0.00803192 0.0451429
v -0.0741428 -0.01117018 0.04374401
v -0.07388334 -0.01121731 0.04409876
v -0.07388334 -0.01150535 0.04370138
v -0.07410865 -0.01142566 0.04049139
v 0.03776276 0.007643208 0.0289637
v 0.03505683 0.01107612 0.02728815
v 0.03842621 0.01098134 0.02733792
v 0.04212439 0.01098134 0.02733792
v 0.04582258 0.01098134 0.02733792
v 0.04952049 0.01098134 0.02733792
v 0.06908682 0.007682651 0.0289277
v 0.05321842 0.01098134 0.02733792
v 0.05691634 0.01098134 0.02733792
v 0.06061426 0.01098134 0.02733792
v 0.06431219 0.01098134 0.02733792
v 0.06860842 0.01098478 0.0273366
v -0.01246682 -0.01201445 0.04414748
v -0.07375042 -0.007037029 0.04610445
v -0.07457034 -0.01201418 0.04414748
v -0.01242234 -0.00702697 0.04612006
v 0.05067636 -0.01201895 0.04394838
v 0.0506769 -0.007231086 0.04619949
v 0.06948234 -0.01202053 0.04388909
v 0.07389771 -0.007300973 0.04605415
v -0.02972987 -0.0145475 0.04625483
v -0.01220711 -0.01454803 0.04435317
v -0.02927743 -0.01454777 0.04443552
v -0.01087201 -0.0145475 0.04625508
v 0.01736622 -0.0145475 0.04625641
v 0.0506769 -0.0145483 0.04442281
v 0.05067848 -0.01454777 0.04625483
v 0.06723124 -0.01454856 0.04441459
v 0.06723176 -0.01454777 0.04625483
v 0.04914059 -0.01328442 0.05365703
v 0.0527681 -0.01202027 0.04912013
v 0.0483747 -0.01202027 0.0491204
v 0.05354168 -0.01328442 0.05365781
v -0.01251632 -0.01421578 0.04351236
v -0.02848293 -0.01236735 0.04122074
v -0.0290418 -0.01422134 0.0435195
v -0.01251182 -0.0123737 0.04122843
v 0.05067636 -0.01421419 0.04348323
v 0.05067636 -0.01237582 0.04122657
v 0.06749095 -0.01425707 0.04352824
v 0.06920621 -0.01233055 0.04117018
v -0.02837835 -0.01201947 0.04135312
v -0.03058738 -0.01236735 0.04122074
v -0.0304828 -0.01201947 0.04135312
v -0.07460554 -0.01237291 0.04122762
v -0.03114624 -0.01422134 0.0435195
v -0.07478954 -0.01421578 0.04351315
v 0.06751662 -0.01422769 0.04697043
v 0.06462775 -0.01202027 0.04911986
v 0.06948234 -0.01202027 0.04911961
v 0.05067584 -0.01436774 0.04682375
v 0.06080726 -0.01206078 0.04908042
v 0.05659732 -0.01202027 0.04912013
v 0.0527681 -0.01202027 0.04912013
v 0.0483747 -0.01202027 0.0491204
v 0.04454546 -0.01202027 0.04912066
v 0.04007792 -0.01205918 0.0490828
v 0.03625664 -0.01202027 0.04912092
v 0.01732095 -0.01445669 0.04713085
v 0.01789331 -0.01202027 0.04912145
v 0.01887418 -0.0003403723 0.06897183
v 0.06930682 -0.004691944 0.06897183
v 0.01887418 -0.004691944 0.06897183
v 0.06930682 -0.0003403723 0.06897183
v 0.06986912 -1.490116E-06 0.06843625
v 0.01831716 -1.490116E-06 0.06843625
v 0.06986912 -0.005905509 0.06736459
v 0.06986912 -0.005465508 0.06844155
v 0.06986912 8.940697E-08 0.06736459
v 0.01869018 -0.005905509 0.06736459
v 0.01869018 -0.005465508 0.06844155
v 0.07180863 8.940697E-08 0.06736459
v 0.06986912 0.005905703 0.06736459
v 0.06986912 1.683831E-06 0.06843625
v 0.06986912 0.005465701 0.06844155
v 0.01869018 0.005905703 0.06736459
v 0.01869018 0.005465701 0.06844155
v 0.07180863 -0.006799817 0.06736459
v 0.07180863 0.006799743 0.06736459
v 0.04508369 -0.006806165 0.06736459
v 0.01869018 -0.00591822 0.06736459
v 0.01869018 -0.005905509 0.06736459
v 0.01873758 -0.006812528 0.06736459
v 0.0450715 -0.009075016 0.0657057
v 0.0717705 -0.009076342 0.06571205
v 0.01875108 -0.009073958 0.06569909
v 0.04508369 0.00680609 0.06736459
v 0.01869018 0.005918413 0.06736459
v 0.01869018 0.005905703 0.06736459
v 0.01873758 0.006812438 0.06736459
v 0.0450715 0.009075195 0.0657057
v 0.0717705 0.009076253 0.06571205
v 0.01875108 0.009073868 0.06569909
v 0.01875664 -0.009635463 0.06496628
v 0.03837723 -0.01114716 0.06116353
v 0.01888186 -0.01119374 0.06096895
v 0.04501034 -0.00963521 0.06498139
v 0.04220647 -0.01114689 0.06117015
v 0.04655935 -0.01114795 0.06117384
v 0.05038859 -0.01114874 0.0611773
v 0.05482224 -0.01112333 0.06124692
v 0.05863769 -0.01115033 0.06118445
v 0.06282009 -0.01113577 0.0612268
v 0.06664456 -0.01115191 0.06119107
v 0.07164264 -0.009634674 0.06499647
v 0.07054528 -0.01115271 0.06119372
v -0.04707447 -0.006812528 0.06736459
v -0.005071491 -0.01113762 0.06113203
v -0.04554531 -0.01113074 0.06109364
v -0.004947856 -0.006812528 0.06736459
v -0.06820409 -0.01112702 0.06107377
v -0.06313242 -0.006812528 0.06736459
v -0.04710437 -0.01113047 0.0610923
v -0.005071491 -0.01113762 0.06113203
v -0.03781907 -0.01328442 0.05381957
v -0.04554531 -0.01113074 0.06109364
v -0.008359596 -0.01331486 0.05353497
v -0.03025724 -0.01448555 0.04698339
v -0.0103727 -0.01446199 0.0471155
v 0.01732095 -0.01445669 0.04713085
v 0.01617725 -0.01331697 0.05335389
v 0.01932478 -0.01328442 0.05365093
v 0.03625664 -0.01202027 0.04912092
v 0.01789331 -0.01202027 0.04912145
v 0.03711097 -0.01328442 0.05365464
v 0.01888186 -0.01119374 0.06096895
v 0.01932478 -0.01328442 0.05365093
v 0.03711097 -0.01328442 0.05365464
v 0.03837723 -0.01114716 0.06116353
v 0.05354168 -0.01328442 0.05365781
v 0.05038859 -0.01114874 0.0611773
v 0.05482224 -0.01112333 0.06124692
v 0.04914059 -0.01328442 0.05365703
v -0.06881033 -0.007047608 0.06105869
v -0.06407066 -0.006860182 0.06692113
v -0.06877248 -0.01056445 0.06107114
v -0.06881033 8.940697E-08 0.06105869
v -0.06407066 8.940697E-08 0.06692113
v -0.06407066 0.006860092 0.06692113
v -0.06881033 0.007047802 0.06105869
v -0.06877248 0.01056437 0.06107114
v -0.07408877 -0.01398651 0.04659608
v -0.06877248 -0.01056445 0.06107114
v -0.07134841 -0.01273428 0.05370282
v -0.0742598 -0.006615296 0.04688518
v -0.06881033 -0.007047608 0.06105869
v -0.06881033 8.940697E-08 0.06105869
v -0.07518826 -0.01257172 0.04463963
v -0.07532962 -0.01398996 0.04397327
v -0.0751885 -0.01257728 0.04237449
v -0.074313 8.940697E-08 0.04671866
v -0.0742598 0.006615475 0.04688518
v -0.06881033 0.007047802 0.06105869
v -0.06877248 0.01056437 0.06107114
v -0.07408877 0.01398669 0.04659608
v -0.07134841 0.01273447 0.05370282
v -0.07518826 0.01257192 0.04463963
v -0.07532962 0.01398988 0.04397327
v -0.0751885 0.01257721 0.04237449
v -0.074313 -0.006485566 0.0381439
v -0.074313 8.940697E-08 0.04671866
v -0.074313 0.006485492 0.0381439
v -0.074313 -0.002385765 0.03434247
v -0.074313 -0.005480334 0.03632566
v -0.074313 8.940697E-08 0.03434247
v -0.074313 0.002385691 0.03434247
v -0.074313 0.00548026 0.03632566
v 0.0409402 -0.01328442 0.05365543
v 0.04454546 -0.01202027 0.04912066
v 0.04007792 -0.01205918 0.0490828
v 0.04531136 -0.01328442 0.05365622
v 0.06948234 -0.01202027 0.04911961
v 0.06539181 -0.01328442 0.0536602
v 0.06839636 -0.01328442 0.05366072
v 0.06462775 -0.01202027 0.04911986
v 0.06080726 -0.01206078 0.04908042
v 0.0573709 -0.01328442 0.0536586
v 0.06156257 -0.01328442 0.05365941
v 0.05659732 -0.01202027 0.04912013
v 0.06839636 -0.01328442 0.05366072
v 0.06664456 -0.01115191 0.06119107
v 0.07054528 -0.01115271 0.06119372
v 0.06539181 -0.01328442 0.0536602
v 0.06156257 -0.01328442 0.05365941
v 0.05863769 -0.01115033 0.06118445
v 0.06282009 -0.01113577 0.0612268
v 0.0573709 -0.01328442 0.0536586
v 0.04220647 -0.01114689 0.06117015
v 0.04531136 -0.01328442 0.05365622
v 0.0409402 -0.01328442 0.05365543
v 0.04655935 -0.01114795 0.06117384
v 0.03869042 -0.0111731 0.06079526
v 0.03977269 -0.01199326 0.04949263
v 0.03670087 -0.01199326 0.04949288
v 0.04176222 -0.01117389 0.06079791
v 0.04687572 -0.01117495 0.06080161
v 0.04805806 -0.01199326 0.04949288
v 0.04498626 -0.01199326 0.04949315
v 0.04994753 -0.01117548 0.06080426
v 0.05628176 -0.01199353 0.04949263
v 0.0551243 -0.01117654 0.06080903
v 0.05819611 -0.01117706 0.06081168
v 0.05320968 -0.01199353 0.04949263
v 0.06123959 -0.01199353 0.04949263
v 0.06317936 -0.01117839 0.0608138
v 0.06426373 -0.01199326 0.04949421
v 0.06620377 -0.01117866 0.0608183
v -0.01242234 -0.00702697 0.04612006
v -0.07375042 -0.007037282 0.04610418
v -0.07375042 -0.007037029 0.04610445
v -0.01237813 -0.007048666 0.04608856
v 0.0506769 -0.007231086 0.04619949
v -0.008084536 -0.007048666 0.0378519
v -0.07375042 -0.007048145 0.03799221
v 0.0506769 -0.007236898 0.04619102
v 0.07389771 -0.007300973 0.04605415
v 0.07110759 -0.007049471 0.0378519
v 0.05067715 -0.007049203 0.0378519
v 0.07048386 -0.00583297 0.03588672
v 0.0506769 -0.00583297 0.03588672
v 0.06980029 -0.002552018 0.03377989
v -0.008084536 -0.00583218 0.03588672
v -0.07375042 -0.005831391 0.03588672
v 0.0506769 -0.002551764 0.03377989
v 0.06980029 8.940697E-08 0.03377989
v -0.008084536 -0.002551228 0.03377989
v -0.07375042 -0.002550706 0.03377989
v -0.07375042 8.940697E-08 0.03377989
v 0.0506769 8.940697E-08 0.03377989
v -0.008084536 8.940697E-08 0.03377989
v -0.008084536 0.002551422 0.03377989
v -0.07375042 0.002550617 0.03377989
v -0.07375042 0.005831569 0.03588672
v 0.0506769 0.002551943 0.03377989
v 0.06980029 0.002551943 0.03377989
v -0.008084536 0.005832374 0.03588672
v -0.07375042 0.00704807 0.03799221
v 0.0506769 0.005832896 0.03588672
v 0.07048386 0.005833164 0.03588672
v -0.008084536 0.00704886 0.0378519
v -0.07375042 0.007037207 0.04610418
v 0.05067715 0.007049128 0.0378519
v 0.07110759 0.007049382 0.0378519
v 0.0506769 0.007237092 0.04619102
v 0.07389771 0.007301152 0.04605415
v 0.0506769 0.007230997 0.04619949
v -0.01237813 0.007048592 0.04608856
v -0.01242234 0.007026881 0.04612006
v -0.07375042 0.007036939 0.04610445
v -0.01250361 -0.01201947 0.04135312
v -0.0304828 -0.01201947 0.04135312
v -0.02837835 -0.01201947 0.04135312
v -0.07457034 -0.01201418 0.04414748
v -0.07457034 -0.01201947 0.04135312
v -0.01246682 -0.01201445 0.04414748
v 0.05067636 -0.01201895 0.04394838
v 0.05067636 -0.01202027 0.04135312
v 0.06948234 -0.01202053 0.04135312
v 0.06948234 -0.01202053 0.04388909
v 0.07498422 -0.006453797 0.062757
v 0.07503293 8.940697E-08 0.04664426
v 0.07503293 -0.006437123 0.04664426
v 0.07498263 8.940697E-08 0.06325577
v 0.07498263 -0.005955547 0.06325577
v 0.07498422 0.006453723 0.062757
v 0.07498263 0.005955741 0.06325577
v 0.07503293 0.006437033 0.04664426
v -0.06135307 -0.004691944 0.06897183
v -0.005128413 -0.0003403723 0.06897183
v -0.005128413 -0.004691944 0.06897183
v -0.06135307 -0.0003403723 0.06897183
v 0.01831187 -0.005086929 0.06844102
v 0.01832749 8.940697E-08 0.06736459
v 0.01831716 -1.490116E-06 0.06843625
v 0.01831266 -0.00552693 0.06736459
v 0.01836959 -0.008711785 0.06578062
v 0.01832353 -0.006464913 0.06735797
v 0.01837251 8.940697E-08 0.06569909
v 0.01840585 -0.01076327 0.06114976
v 0.01837938 -0.009302691 0.06506
v 0.01840585 8.940697E-08 0.06114976
v 0.01576346 8.940697E-08 0.05365039
v 0.01576346 -0.01290557 0.05365039
v 0.01840585 0.0107632 0.06114976
v 0.01576346 0.01290576 0.05365039
v 0.01836959 0.008711711 0.06578062
v 0.01837938 0.009302616 0.06506
v 0.01831266 0.005526856 0.06736459
v 0.01832353 0.006465107 0.06735797
v 0.01831187 0.005086854 0.06844102
v 0.01831716 1.683831E-06 0.06843625
v -0.004566371 -1.490116E-06 0.06843625
v -0.004565835 -0.005773678 0.06717636
v -0.004565835 -0.005086929 0.06844102
v -0.004566893 8.940697E-08 0.06736459
v -0.004564255 8.940697E-08 0.06096895
v -0.004564524 -0.01082654 0.06099726
v -0.004565835 0.005773589 0.06717636
v -0.004566371 1.683831E-06 0.06843625
v -0.004565835 0.005086854 0.06844102
v -0.004564255 0.01082647 0.06099726
v -0.007763669 8.940697E-08 0.05382434
v -0.007763669 -0.01290557 0.05382434
v -0.007763669 0.01290576 0.05382434
v -0.007763669 8.940697E-08 0.05382434
v 0.01576346 -0.01290557 0.05365039
v -0.007763669 -0.01290557 0.05382434
v 0.01576346 8.940697E-08 0.05365039
v 0.01576346 0.01290576 0.05365039
v -0.007763669 0.01290576 0.05382434
v -0.04710437 -0.01113047 0.0610923
v -0.07073475 -0.01328442 0.05381401
v -0.06820409 -0.01112702 0.06107377
v -0.03977764 -0.01328442 0.05381931
v -0.07331996 -0.01446173 0.04712291
v -0.03235823 -0.01448476 0.0469871
v -0.07373907 -0.0145475 0.04615952
v -0.03138186 -0.01454777 0.04443552
v -0.0745918 -0.0145475 0.04440057
v -0.0318343 -0.0145475 0.04611981
v 0.0743123 -0.007544801 0.063731
v 0.07143852 -0.01078048 0.0614558
v 0.07257241 -0.009270385 0.0647762
v 0.07416722 -0.007500857 0.04662679
v 0.07071921 -0.01161072 0.04863989
v 0.06936347 -0.0128378 0.05365172
v 0.06972696 -0.01237476 0.044121
v 0.06816816 -0.01412709 0.04637289
v 0.06816711 -0.01412815 0.04388538
v 0.06972829 -0.01237503 0.04177882
v 0.07432394 -0.007116452 0.06429066
v 0.07269022 -0.008724496 0.06545712
v 0.07265607 -0.006865472 0.06691663
v 0.07432394 8.940697E-08 0.06429066
v 0.07265607 8.940697E-08 0.06691663
v 0.07265607 0.006865397 0.06691663
v 0.07432394 0.007116362 0.06429066
v 0.07269022 0.008724675 0.06545712
v 0.06972829 -0.01237503 0.04177882
v 0.06948234 -0.01202053 0.04388909
v 0.06948234 -0.01202053 0.04135312
v 0.06972696 -0.01237476 0.044121
v 0.06972696 -0.01237476 0.044121
v 0.07389771 -0.007300973 0.04605415
v 0.06948234 -0.01202053 0.04388909
v 0.07416722 -0.007500857 0.04662679
v 0.07484072 -0.006422028 0.045679
v 0.07110759 -0.007049471 0.0378519
v 0.07200851 -0.00623776 0.03803536
v 0.07048386 -0.00583297 0.03588672
v 0.07148909 -0.005190715 0.03639159
v 0.06980029 -0.002552018 0.03377989
v 0.07087859 -0.002279609 0.03453045
v 0.06980029 8.940697E-08 0.03377989
v 0.07087859 8.940697E-08 0.03453045
v 0.07087859 0.002279788 0.03453045
v 0.06980029 0.002551943 0.03377989
v 0.07148909 0.005190626 0.03639159
v 0.07048386 0.005833164 0.03588672
v 0.07200851 0.006237686 0.03803536
v 0.07110759 0.007049382 0.0378519
v 0.07484072 0.006421953 0.045679
v 0.07389771 0.007301152 0.04605415
v 0.07416722 0.007500768 0.04662679
v 0.06972696 0.01237495 0.044121
v 0.06948234 0.01202045 0.04388909
v 0.07503293 0.006437033 0.04664426
v 0.07484072 8.940697E-08 0.045679
v 0.07503293 8.940697E-08 0.04664426
v 0.07498422 0.006453723 0.062757
v 0.07503293 -0.006437123 0.04664426
v 0.07498422 -0.006453797 0.062757
v 0.0743123 0.007544726 0.063731
v 0.0743123 -0.007544801 0.063731
v 0.07432394 0.007116362 0.06429066
v 0.07498263 0.005955741 0.06325577
v 0.07269022 0.008724675 0.06545712
v 0.07432394 8.940697E-08 0.06429066
v 0.07498263 8.940697E-08 0.06325577
v 0.07498263 -0.005955547 0.06325577
v 0.07432394 -0.007116452 0.06429066
v 0.07269022 -0.008724496 0.06545712
v 0.07257241 0.00927031 0.0647762
v 0.07257241 -0.009270385 0.0647762
v 0.07164264 0.009634867 0.06499647
v 0.07054528 0.01115263 0.06119372
v 0.07143852 0.01078041 0.0614558
v 0.06839636 0.01328434 0.05366072
v 0.06936347 0.01283798 0.05365172
v 0.06948234 0.01202045 0.04911961
v 0.07071921 0.01161064 0.04863989
v 0.06816816 0.01412702 0.04637289
v 0.06751662 0.01422761 0.04697043
v 0.0717705 0.009076253 0.06571205
v 0.07265607 0.006865397 0.06691663
v 0.0450715 0.009075195 0.0657057
v 0.07180863 0.006799743 0.06736459
v 0.04501034 0.009635121 0.06498139
v 0.07265607 8.940697E-08 0.06691663
v 0.07180863 8.940697E-08 0.06736459
v 0.07180863 -0.006799817 0.06736459
v 0.07265607 -0.006865472 0.06691663
v 0.01875108 0.009073868 0.06569909
v 0.0717705 -0.009076342 0.06571205
v 0.01875664 0.009635389 0.06496628
v 0.07164264 -0.009634674 0.06499647
v 0.0450715 -0.009075016 0.0657057
v 0.07054528 -0.01115271 0.06119372
v 0.04501034 -0.00963521 0.06498139
v 0.07143852 -0.01078048 0.0614558
v 0.06839636 -0.01328442 0.05366072
v 0.06936347 -0.0128378 0.05365172
v 0.01875108 -0.009073958 0.06569909
v 0.06948234 -0.01202027 0.04911961
v 0.07071921 -0.01161072 0.04863989
v 0.06816816 -0.01412709 0.04637289
v 0.06751662 -0.01422769 0.04697043
v 0.01875664 -0.009635463 0.06496628
v 0.06723176 -0.01454777 0.04625483
v 0.05067584 -0.01436774 0.04682375
v 0.05067848 -0.01454777 0.04625483
v 0.01732095 -0.01445669 0.04713085
v 0.01736622 -0.0145475 0.04625641
v -0.0103727 -0.01446199 0.0471155
v -0.01087201 -0.0145475 0.04625508
v -0.03025724 -0.01448555 0.04698339
v -0.02972987 -0.0145475 0.04625483
v 0.06723124 -0.01454856 0.04441459
v 0.06816711 -0.01412815 0.04388538
v 0.06749095 -0.01425707 0.04352824
v 0.0506769 -0.0145483 0.04442281
v 0.05067636 -0.01421419 0.04348323
v -0.01220711 -0.01454803 0.04435317
v -0.01251632 -0.01421578 0.04351236
v -0.02927743 -0.01454777 0.04443552
v -0.0290418 -0.01422134 0.0435195
v 0.06920621 -0.01233055 0.04117018
v 0.06972829 -0.01237503 0.04177882
v 0.06948234 -0.01202053 0.04135312
v 0.05067636 -0.01237582 0.04122657
v 0.05067636 -0.01202027 0.04135312
v -0.01251182 -0.0123737 0.04122843
v -0.01250361 -0.01201947 0.04135312
v -0.02848293 -0.01236735 0.04122074
v -0.02837835 -0.01201947 0.04135312
v -0.04707447 -0.006812528 0.06736459
v -0.004944429 -0.00591372 0.06736459
v -0.004947856 -0.006812528 0.06736459
v -0.004944429 -0.005905509 0.06736459
v -0.06257196 -0.005905509 0.06736459
v -0.06313242 -0.006812528 0.06736459
v -0.06351893 -0.006315067 0.06736644
v -0.06256773 8.940697E-08 0.06736301
v -0.06351893 0.006314993 0.06736644
v -0.06257196 0.005905703 0.06736459
v -0.06313242 0.006812707 0.06736459
v -0.04707447 0.006812707 0.06736459
v -0.004944429 0.005905703 0.06736459
v -0.004944429 0.005913645 0.06736459
v -0.004947856 0.006812707 0.06736459
v 0.06986912 -1.490116E-06 0.06843625
v 0.06930682 -0.004691944 0.06897183
v 0.06930682 -0.0003403723 0.06897183
v 0.06986912 -0.005465508 0.06844155
v 0.01887418 -0.004691944 0.06897183
v 0.01869018 -0.005465508 0.06844155
v 0.01831187 -0.005086929 0.06844102
v 0.01831716 -1.490116E-06 0.06843625
v 0.01887418 -0.0003403723 0.06897183
v 0.01831266 -0.00552693 0.06736459
v 0.01869018 -0.005905509 0.06736459
v 0.01869018 -0.00591822 0.06736459
v 0.01832353 -0.006464913 0.06735797
v 0.01873758 -0.006812528 0.06736459
v 0.01836959 -0.008711785 0.06578062
v 0.01837938 -0.009302691 0.06506
v 0.01840585 -0.01076327 0.06114976
v 0.01888186 -0.01119374 0.06096895
v 0.01576346 -0.01290557 0.05365039
v 0.01617725 -0.01331697 0.05335389
v -0.007763669 -0.01290557 0.05382434
v -0.008359596 -0.01331486 0.05353497
v -0.004564524 -0.01082654 0.06099726
v -0.005071491 -0.01113762 0.06113203
v -0.004567161 -0.006614491 0.06725632
v -0.004947856 -0.006812528 0.06736459
v -0.004565835 -0.005773678 0.06717636
v -0.004944429 -0.00591372 0.06736459
v -0.004944429 -0.005905509 0.06736459
v -0.004565835 -0.005086929 0.06844102
v -0.004944429 -0.005465508 0.06844155
v -0.005128413 -0.004691944 0.06897183
v -0.004566371 -1.490116E-06 0.06843625
v -0.06135307 -0.004691944 0.06897183
v -0.005128413 -0.0003403723 0.06897183
v -0.06211473 -0.005452007 0.06844579
v -0.06135307 -0.0003403723 0.06897183
v -0.06212746 -1.236796E-06 0.06844182
v -0.0304828 -0.01201947 0.04135312
v -0.07460554 -0.01237291 0.04122762
v -0.03058738 -0.01236735 0.04122074
v -0.07457034 -0.01201947 0.04135312
v -0.0751885 -0.01257728 0.04237449
v -0.07457034 -0.01201418 0.04414748
v -0.07478954 -0.01421578 0.04351315
v -0.07518826 -0.01257172 0.04463963
v -0.0742598 -0.006615296 0.04688518
v -0.07375042 -0.007037029 0.04610445
v -0.07375042 -0.007037282 0.04610418
v -0.074313 -0.006485566 0.0381439
v -0.07375042 -0.007048145 0.03799221
v -0.074313 -0.005480334 0.03632566
v -0.07375042 -0.005831391 0.03588672
v -0.074313 -0.002385765 0.03434247
v -0.07375042 -0.002550706 0.03377989
v -0.07375042 8.940697E-08 0.03377989
v -0.074313 8.940697E-08 0.03434247
v -0.074313 0.002385691 0.03434247
v -0.07375042 0.002550617 0.03377989
v -0.07375042 0.005831569 0.03588672
v -0.074313 0.00548026 0.03632566
v -0.07375042 0.00704807 0.03799221
v -0.074313 0.006485492 0.0381439
v -0.07375042 0.007037207 0.04610418
v -0.0742598 0.006615475 0.04688518
v -0.07375042 0.007036939 0.04610445
v -0.07457034 0.01201437 0.04414748
v -0.07518826 0.01257192 0.04463963
v -0.0751885 0.01257721 0.04237449
v -0.07457034 0.0120194 0.04135312
v -0.07460554 0.01237282 0.04122762
v -0.0304828 0.0120194 0.04135312
v -0.03058738 0.01236753 0.04122074
v -0.07478954 0.01421596 0.04351315
v -0.07532962 0.01398988 0.04397327
v -0.0745918 0.01454742 0.04440057
v -0.03114624 0.01422127 0.0435195
v -0.03138186 0.01454769 0.04443552
v -0.07408877 0.01398669 0.04659608
v -0.07373907 0.01454742 0.04615952
v -0.07331996 0.01446165 0.04712291
v -0.0318343 0.01454742 0.04611981
v -0.03235823 0.01448494 0.0469871
v -0.07073475 0.01328434 0.05381401
v -0.07134841 0.01273447 0.05370282
v -0.06820409 0.01112695 0.06107377
v -0.06877248 0.01056437 0.06107114
v -0.06313242 0.006812707 0.06736459
v -0.06407066 0.006860092 0.06692113
v -0.06351893 0.006314993 0.06736644
v -0.06407066 8.940697E-08 0.06692113
v -0.06351604 8.940697E-08 0.06736644
v -0.06351893 -0.006315067 0.06736644
v -0.06407066 -0.006860182 0.06692113
v -0.06313242 -0.006812528 0.06736459
v -0.06877248 -0.01056445 0.06107114
v -0.06820409 -0.01112702 0.06107377
v -0.07134841 -0.01273428 0.05370282
v -0.07073475 -0.01328442 0.05381401
v -0.07408877 -0.01398651 0.04659608
v -0.07331996 -0.01446173 0.04712291
v -0.07373907 -0.0145475 0.04615952
v -0.0318343 -0.0145475 0.04611981
v -0.03235823 -0.01448476 0.0469871
v -0.0745918 -0.0145475 0.04440057
v -0.07532962 -0.01398996 0.04397327
v -0.03114624 -0.01422134 0.0435195
v -0.03138186 -0.01454777 0.04443552
v -0.06351604 8.940697E-08 0.06736644
v -0.06256773 8.940697E-08 0.06736301
v -0.06351893 -0.006315067 0.06736644
v -0.06351893 0.006314993 0.06736644
v -0.07375042 0.007036939 0.04610445
v -0.01246682 0.01201437 0.04414748
v -0.07457034 0.01201437 0.04414748
v -0.01242234 0.007026881 0.04612006
v 0.05067636 0.01201913 0.04394838
v 0.0506769 0.007230997 0.04619949
v 0.06948234 0.01202045 0.04388909
v 0.07389771 0.007301152 0.04605415
v -0.01220711 0.01454794 0.04435317
v -0.02972987 0.01454742 0.04625483
v -0.02927743 0.01454769 0.04443552
v -0.01087201 0.01454742 0.04625508
v 0.01736622 0.01454742 0.04625641
v 0.0506769 0.01454848 0.04442281
v 0.05067848 0.01454769 0.04625483
v 0.06723124 0.01454848 0.04441459
v 0.06723176 0.01454769 0.04625483
v 0.04914059 0.01328434 0.05365703
v 0.0527681 0.01202045 0.04912013
v 0.05354168 0.01328434 0.05365781
v 0.0483747 0.01202045 0.0491204
v -0.02848293 0.01236753 0.04122074
v -0.01251632 0.01421569 0.04351236
v -0.0290418 0.01422152 0.0435195
v -0.01251182 0.01237363 0.04122843
v 0.05067636 0.01421438 0.04348323
v 0.05067636 0.01237574 0.04122657
v 0.06749095 0.014257 0.04352824
v 0.06920621 0.01233047 0.04117018
v -0.03058738 0.01236753 0.04122074
v -0.02837835 0.0120194 0.04135312
v -0.0304828 0.0120194 0.04135312
v -0.03114624 0.01422127 0.0435195
v -0.07460554 0.01237282 0.04122762
v -0.07478954 0.01421596 0.04351315
v 0.06462775 0.01202045 0.04911986
v 0.06751662 0.01422761 0.04697043
v 0.06948234 0.01202045 0.04911961
v 0.05067584 0.01436765 0.04682375
v 0.06080726 0.0120607 0.04908042
v 0.05659732 0.01202045 0.04912013
v 0.0527681 0.01202045 0.04912013
v 0.0483747 0.01202045 0.0491204
v 0.04454546 0.01202045 0.04912066
v 0.04007792 0.01205911 0.0490828
v 0.03625664 0.01202045 0.04912092
v 0.01732095 0.01445661 0.04713085
v 0.01789331 0.01202045 0.04912145
v 0.06930682 0.004692122 0.06897183
v 0.01887418 0.0003405511 0.06897183
v 0.01887418 0.004692122 0.06897183
v 0.06930682 0.0003405511 0.06897183
v 0.03837723 0.01114707 0.06116353
v 0.01875664 0.009635389 0.06496628
v 0.01888186 0.01119366 0.06096895
v 0.04501034 0.009635121 0.06498139
v 0.04220647 0.0111468 0.06117015
v 0.04655935 0.01114787 0.06117384
v 0.05038859 0.01114866 0.0611773
v 0.05482224 0.01112351 0.06124692
v 0.05863769 0.01115024 0.06118445
v 0.06282009 0.01113595 0.0612268
v 0.06664456 0.0111521 0.06119107
v 0.07164264 0.009634867 0.06499647
v 0.07054528 0.01115263 0.06119372
v -0.04707447 0.006812707 0.06736459
v -0.005071491 0.01113755 0.06113203
v -0.004947856 0.006812707 0.06736459
v -0.04554531 0.01113066 0.06109364
v -0.06820409 0.01112695 0.06107377
v -0.04710437 0.01113039 0.0610923
v -0.06313242 0.006812707 0.06736459
v -0.03781907 0.01328434 0.05381957
v -0.005071491 0.01113755 0.06113203
v -0.04554531 0.01113066 0.06109364
v -0.008359596 0.01331478 0.05353497
v -0.03025724 0.01448548 0.04698339
v -0.0103727 0.0144619 0.0471155
v 0.01732095 0.01445661 0.04713085
v 0.01617725 0.0133169 0.05335389
v 0.01932478 0.01328434 0.05365093
v 0.03625664 0.01202045 0.04912092
v 0.03711097 0.01328434 0.05365464
v 0.01789331 0.01202045 0.04912145
v 0.01888186 0.01119366 0.06096895
v 0.01932478 0.01328434 0.05365093
v 0.03711097 0.01328434 0.05365464
v 0.03837723 0.01114707 0.06116353
v 0.05354168 0.01328434 0.05365781
v 0.05038859 0.01114866 0.0611773
v 0.04914059 0.01328434 0.05365703
v 0.05482224 0.01112351 0.06124692
v 0.0409402 0.01328434 0.05365543
v 0.04454546 0.01202045 0.04912066
v 0.04531136 0.01328434 0.05365622
v 0.04007792 0.01205911 0.0490828
v 0.06948234 0.01202045 0.04911961
v 0.06539181 0.01328434 0.0536602
v 0.06462775 0.01202045 0.04911986
v 0.06839636 0.01328434 0.05366072
v 0.06080726 0.0120607 0.04908042
v 0.0573709 0.01328434 0.0536586
v 0.05659732 0.01202045 0.04912013
v 0.06156257 0.01328434 0.05365941
v 0.06839636 0.01328434 0.05366072
v 0.06664456 0.0111521 0.06119107
v 0.06539181 0.01328434 0.0536602
v 0.07054528 0.01115263 0.06119372
v 0.06156257 0.01328434 0.05365941
v 0.05863769 0.01115024 0.06118445
v 0.0573709 0.01328434 0.0536586
v 0.06282009 0.01113595 0.0612268
v 0.04220647 0.0111468 0.06117015
v 0.04531136 0.01328434 0.05365622
v 0.04655935 0.01114787 0.06117384
v 0.0409402 0.01328434 0.05365543
v 0.03869042 0.01117328 0.06079526
v 0.03977269 0.01199345 0.04949263
v 0.04176222 0.01117381 0.06079791
v 0.03670087 0.01199345 0.04949288
v 0.04687572 0.01117487 0.06080161
v 0.04805806 0.01199345 0.04949288
v 0.04994753 0.01117539 0.06080426
v 0.04498626 0.01199345 0.04949315
v 0.05628176 0.01199345 0.04949263
v 0.0551243 0.01117645 0.06080903
v 0.05320968 0.01199345 0.04949263
v 0.05819611 0.01117726 0.06081168
v 0.06123959 0.01199345 0.04949263
v 0.06426373 0.01199345 0.04949421
v 0.06317936 0.01117831 0.0608138
v 0.06620377 0.01117884 0.0608183
v -0.07457034 0.01201437 0.04414748
v -0.0304828 0.0120194 0.04135312
v -0.07457034 0.0120194 0.04135312
v -0.01250361 0.0120194 0.04135312
v -0.02837835 0.0120194 0.04135312
v -0.01246682 0.01201437 0.04414748
v 0.05067636 0.01201913 0.04394838
v 0.05067636 0.01202019 0.04135312
v 0.06948234 0.01202045 0.04135312
v 0.06948234 0.01202045 0.04388909
v -0.06135307 0.004692122 0.06897183
v -0.005128413 0.0003405511 0.06897183
v -0.06135307 0.0003405511 0.06897183
v -0.005128413 0.004692122 0.06897183
v -0.07073475 0.01328434 0.05381401
v -0.04710437 0.01113039 0.0610923
v -0.06820409 0.01112695 0.06107377
v -0.03977764 0.01328434 0.05381931
v -0.07331996 0.01446165 0.04712291
v -0.03235823 0.01448494 0.0469871
v -0.07373907 0.01454742 0.04615952
v -0.03138186 0.01454769 0.04443552
v -0.0318343 0.01454742 0.04611981
v -0.0745918 0.01454742 0.04440057
v 0.0743123 0.007544726 0.063731
v 0.07257241 0.00927031 0.0647762
v 0.07143852 0.01078041 0.0614558
v 0.07416722 0.007500768 0.04662679
v 0.07071921 0.01161064 0.04863989
v 0.06936347 0.01283798 0.05365172
v 0.06972696 0.01237495 0.044121
v 0.06816816 0.01412702 0.04637289
v 0.06816711 0.01412833 0.04388538
v 0.06972829 0.01237495 0.04177882
v 0.06972829 0.01237495 0.04177882
v 0.06948234 0.01202045 0.04388909
v 0.06972696 0.01237495 0.044121
v 0.06948234 0.01202045 0.04135312
v -0.01250361 0.0120194 0.04135312
v -0.02848293 0.01236753 0.04122074
v -0.02837835 0.0120194 0.04135312
v -0.01251182 0.01237363 0.04122843
v 0.05067636 0.01202019 0.04135312
v 0.05067636 0.01237574 0.04122657
v 0.06948234 0.01202045 0.04135312
v 0.06920621 0.01233047 0.04117018
v 0.06972829 0.01237495 0.04177882
v 0.06816711 0.01412833 0.04388538
v 0.06749095 0.014257 0.04352824
v 0.06723124 0.01454848 0.04441459
v 0.0506769 0.01454848 0.04442281
v 0.05067636 0.01421438 0.04348323
v -0.01220711 0.01454794 0.04435317
v -0.01251632 0.01421569 0.04351236
v -0.02927743 0.01454769 0.04443552
v -0.0290418 0.01422152 0.0435195
v 0.06723176 0.01454769 0.04625483
v 0.05067584 0.01436765 0.04682375
v 0.05067848 0.01454769 0.04625483
v 0.01732095 0.01445661 0.04713085
v 0.01736622 0.01454742 0.04625641
v -0.0103727 0.0144619 0.0471155
v -0.01087201 0.01454742 0.04625508
v -0.03025724 0.01448548 0.04698339
v -0.02972987 0.01454742 0.04625483
v -0.004947856 0.006812707 0.06736459
v -0.004565835 0.005773589 0.06717636
v -0.004944429 0.005913645 0.06736459
v -0.004567161 0.006614417 0.06725632
v -0.005071491 0.01113755 0.06113203
v -0.004564255 0.01082647 0.06099726
v -0.008359596 0.01331478 0.05353497
v -0.007763669 0.01290576 0.05382434
v 0.01617725 0.0133169 0.05335389
v 0.01576346 0.01290576 0.05365039
v 0.01888186 0.01119366 0.06096895
v 0.01840585 0.0107632 0.06114976
v 0.01837938 0.009302616 0.06506
v 0.01836959 0.008711711 0.06578062
v 0.01873758 0.006812438 0.06736459
v 0.01832353 0.006465107 0.06735797
v 0.01869018 0.005918413 0.06736459
v 0.01831266 0.005526856 0.06736459
v 0.01869018 0.005905703 0.06736459
v 0.01869018 0.005465701 0.06844155
v 0.01831187 0.005086854 0.06844102
v 0.01887418 0.004692122 0.06897183
v 0.06986912 0.005465701 0.06844155
v 0.01831716 1.683831E-06 0.06843625
v 0.06930682 0.004692122 0.06897183
v 0.01887418 0.0003405511 0.06897183
v 0.06986912 1.683831E-06 0.06843625
v 0.06930682 0.0003405511 0.06897183
v 0.07242336 0.005171299 0.06106849
v -0.01432875 0.0063923 0.05731125
v 0.07242336 0.0063923 0.05731125
v -0.01432875 0.005171299 0.06106849
v 0.07242336 0.001975343 0.06339054
v -0.01432875 0.001975343 0.06339054
v 0.07242336 -0.001975417 0.06339054
v -0.01432875 -0.001975417 0.06339054
v 0.07242336 -0.005171388 0.06106849
v -0.01432875 -0.005171388 0.06106849
v 0.07242336 -0.006392106 0.05731125
v -0.01432875 -0.006392106 0.05731125
v 0.07242336 -0.005171388 0.05355403
v -0.01432875 -0.005171388 0.05355403
v 0.07242336 -0.001975417 0.05123198
v -0.01432875 -0.001975417 0.05123198
v 0.07242336 0.001975343 0.05123198
v -0.01432875 0.001975343 0.05123198
v 0.07242336 0.005171299 0.05355403
v -0.01432875 0.005171299 0.05355403
v -0.01432875 0.00131692 0.06136392
v -0.01432875 -0.001316741 0.06136392
v -0.009930581 8.940697E-08 0.05731125
v -0.01432875 -0.003447384 0.05981599
v -0.01432875 0.003447562 0.05981599
v -0.01432875 -0.004261464 0.05731125
v -0.01432875 0.004261389 0.05731125
v -0.01432875 -0.003447652 0.05480626
v -0.01432875 0.003447562 0.05480653
v -0.01432875 -0.001316741 0.05325831
v -0.01432875 0.00131692 0.05325831
v -0.01432875 0.005171299 0.05355403
v 0.07242336 0.0063923 0.05731125
v -0.01432875 0.0063923 0.05731125
v 0.07242336 0.005171299 0.05355403
v -0.0789942 -0.003599867 0.05035992
v -0.07924993 -0.003599867 0.04165837
v -0.08229075 -0.003599867 0.0371588
v -0.07678331 -0.003599867 0.049266
v -0.07264991 -0.003599867 0.0472206
v -0.0769202 -0.003599867 0.05591448
v -0.07484753 -0.003599867 0.04145557
v -0.06707709 -0.003599867 0.04446305
v -0.07046129 -0.003599867 0.0362412
v -0.06556009 -0.003599867 0.05016348
v -0.07477288 -0.003599867 0.0547189
v -0.07317145 -0.003599867 0.06390785
v -0.06324176 -0.003599867 0.05887403
v -0.0705931 -0.003599867 0.05265206
v -0.07477288 -0.001422107 0.0547189
v -0.07678331 -0.001422107 0.049266
v -0.0705931 -0.001422107 0.05265206
v -0.07264991 -0.001422107 0.0472206
v -0.07678331 8.940697E-08 0.049266
v -0.07264991 8.940697E-08 0.0472206
v -0.07477288 8.940697E-08 0.0547189
v -0.0705931 8.940697E-08 0.05265206
v -0.07477288 0.001422286 0.0547189
v -0.07678331 0.001422286 0.049266
v -0.0705931 0.001422286 0.05265206
v -0.07264991 0.001422286 0.0472206
v -0.07264991 0.003599793 0.0472206
v -0.07678331 0.003599793 0.049266
v -0.07477288 0.003599793 0.0547189
v -0.0705931 0.003599793 0.05265206
v -0.06556009 0.003599793 0.05016348
v -0.06324176 0.003599793 0.05887403
v -0.07317145 0.003599793 0.06390785
v -0.0769202 0.003599793 0.05591448
v -0.0789942 0.003599793 0.05035992
v -0.06707709 0.003599793 0.04446305
v -0.07924993 0.003599793 0.04165837
v -0.08229075 0.003599793 0.0371588
v -0.07484753 0.003599793 0.04145557
v -0.07046129 0.003599793 0.0362412
v -0.06324176 -0.003599867 0.05887403
v -0.07317145 -0.003599867 0.06390785
v -0.06301062 -0.002355322 0.05959968
v -0.07305311 -0.002355322 0.06475581
v -0.07375784 -0.002355322 0.06444581
v -0.07752486 -0.002355322 0.05631424
v -0.0769202 -0.003599867 0.05591448
v -0.07963009 -0.002355322 0.05062413
v -0.0789942 -0.003599867 0.05035992
v -0.07375784 0.002355248 0.06444581
v -0.0829571 -0.002355322 0.03734836
v -0.07305311 0.002355248 0.06475581
v -0.08229075 -0.003599867 0.0371588
v -0.07317145 0.003599793 0.06390785
v -0.06301062 0.002355248 0.05959968
v -0.06324176 0.003599793 0.05887403
v -0.07752486 0.002355248 0.05631424
v -0.0769202 0.003599793 0.05591448
v -0.07963009 0.002355248 0.05062413
v -0.0789942 0.003599793 0.05035992
v -0.0829571 0.002355248 0.03734836
v -0.08229075 0.003599793 0.0371588
v -0.08235218 -0.002355322 0.03637834
v -0.07901697 -0.002355322 0.04092424
v -0.08235218 0.002355248 0.03637834
v -0.07924993 -0.003599867 0.04165837
v -0.07901697 0.002355248 0.04092424
v -0.07513635 -0.002355322 0.0407511
v -0.07924993 0.003599793 0.04165837
v -0.07484753 -0.003599867 0.04145557
v -0.07069267 -0.002355322 0.03551582
v -0.07046129 -0.003599867 0.0362412
v -0.07513635 0.002355248 0.0407511
v -0.07484753 0.003599793 0.04145557
v -0.07069267 0.002355248 0.03551582
v -0.07046129 0.003599793 0.0362412
v -0.07752486 -0.002355322 0.05631424
v -0.07375784 0.002355248 0.06444581
v -0.07375784 -0.002355322 0.06444581
v -0.07752486 0.002355248 0.05631424
v -0.07963009 -0.002355322 0.05062413
v -0.07963009 0.002355248 0.05062413
v -0.0829571 -0.002355322 0.03734836
v -0.0829571 0.002355248 0.03734836
v -0.07069267 0.002355248 0.03551582
v -0.07513635 -0.002355322 0.0407511
v -0.07069267 -0.002355322 0.03551582
v -0.07513635 0.002355248 0.0407511
v -0.07901697 0.002355248 0.04092424
v -0.07901697 -0.002355322 0.04092424
v -0.08235218 -0.002355322 0.03637834
v -0.08235218 0.002355248 0.03637834
v -0.07305311 -0.002355322 0.06475581
v -0.06301062 0.002355248 0.05959968
v -0.06301062 -0.002355322 0.05959968
v -0.07305311 0.002355248 0.06475581
v -0.05538686 0.005477354 0.06261061
v -0.06453739 0.004763067 0.06975256
v -0.06530489 0.005477354 0.06261061
v -0.05535296 0.00474745 0.0697486
v -0.06373762 0.003572255 0.07631393
v -0.05518247 0.00391908 0.07408719
v -0.0456626 0.004502833 0.06977321
v -0.04576981 0.005477354 0.06261061
v -0.06453712 -0.004762888 0.06975468
v -0.05538686 -0.00547716 0.06261061
v -0.06530489 -0.00547716 0.06261061
v -0.05535296 -0.004747272 0.06975071
v -0.06373762 -0.003572345 0.07631393
v -0.05518247 -0.003920212 0.07408719
v -0.0456626 -0.004502639 0.06977533
v -0.04576981 -0.00547716 0.06261061
v -0.04517546 -0.004003078 0.0697764
v -0.04528242 -0.00240986 0.06261061
v -0.04528242 -0.004990041 0.06261061
v -0.04517546 -0.002463073 0.06977613
v -0.05516393 -0.003341749 0.07456531
v -0.04518262 -0.002005324 0.06928979
v -0.05516393 -0.002169728 0.07456531
v -0.06368361 -0.00299415 0.07679524
v -0.06368361 -0.002019092 0.07679524
v -0.04528242 0.002410039 0.06261061
v -0.04518262 0.002005249 0.06928875
v -0.04517546 0.004003525 0.06977452
v -0.04528242 0.004989952 0.06261061
v -0.04517546 0.002462998 0.06977506
v -0.05516393 0.00217098 0.07456531
v -0.05516393 0.003340617 0.07456531
v -0.06368361 0.002019018 0.07679524
v -0.06368361 0.002994061 0.07679524
v -0.06579201 -0.00240986 0.06261061
v -0.06502427 -0.004276559 0.06975494
v -0.06579201 -0.004990041 0.06261061
v -0.06507643 -0.002117321 0.06927048
v -0.06507669 0.002117231 0.0692694
v -0.06502454 -0.002583265 0.06975441
v -0.06421362 -0.003055304 0.07643493
v -0.06421362 -0.002050862 0.07643493
v -0.06579201 0.002410039 0.06261061
v -0.06502454 0.002583191 0.06975336
v -0.06502454 0.004276738 0.0697531
v -0.06579201 0.004989952 0.06261061
v -0.06421362 0.003055215 0.07643493
v -0.06421362 0.002050787 0.07643493
v -0.05533257 0.001719326 0.0741073
v -0.06453739 0.002093151 0.0697539
v -0.06373842 0.0015679 0.07630731
v -0.0456626 0.001978785 0.06977452
v -0.06454746 0.001998097 0.0697539
v -0.04565279 -0.001877993 0.06977533
v -0.06453739 -0.002093226 0.06975494
v -0.0456626 -0.001978859 0.06977533
v -0.05533257 -0.001718089 0.0741073
v -0.06373842 -0.001567975 0.07630731
v -0.06530489 0.005477354 0.06261061
v -0.06502454 0.004276738 0.0697531
v -0.06579201 0.004989952 0.06261061
v -0.06453739 0.004763067 0.06975256
v -0.06421362 0.003055215 0.07643493
v -0.06373762 0.003572255 0.07631393
v -0.06368361 0.002994061 0.07679524
v -0.06421362 0.002050787 0.07643493
v -0.05516393 0.003340617 0.07456531
v -0.05518247 0.00391908 0.07408719
v -0.04517546 0.004003525 0.06977452
v -0.0456626 0.004502833 0.06977321
v -0.04528242 0.004989952 0.06261061
v -0.04576981 0.005477354 0.06261061
v -0.06368361 0.002019018 0.07679524
v -0.06373842 0.0015679 0.07630731
v -0.06502454 0.002583191 0.06975336
v -0.05533257 0.001719326 0.0741073
v -0.06453739 0.002093151 0.0697539
v -0.05516393 0.00217098 0.07456531
v -0.06507669 0.002117231 0.0692694
v -0.06454746 0.001998097 0.0697539
v -0.06507643 -0.002117321 0.06927048
v -0.0456626 0.001978785 0.06977452
v -0.04517546 0.002462998 0.06977506
v -0.04518262 0.002005249 0.06928875
v -0.06453739 -0.002093226 0.06975494
v -0.06502454 -0.002583265 0.06975441
v -0.04565279 -0.001877993 0.06977533
v -0.04518262 -0.002005324 0.06928979
v -0.06421362 -0.002050862 0.07643493
v -0.04517546 -0.002463073 0.06977613
v -0.0456626 -0.001978859 0.06977533
v -0.05533257 -0.001718089 0.0741073
v -0.05516393 -0.002169728 0.07456531
v -0.06373842 -0.001567975 0.07630731
v -0.06368361 -0.002019092 0.07679524
v -0.06421362 -0.003055304 0.07643493
v -0.06368361 -0.00299415 0.07679524
v -0.06373762 -0.003572345 0.07631393
v -0.06502427 -0.004276559 0.06975494
v -0.05518247 -0.003920212 0.07408719
v -0.06453712 -0.004762888 0.06975468
v -0.06579201 -0.004990041 0.06261061
v -0.06530489 -0.00547716 0.06261061
v -0.05516393 -0.003341749 0.07456531
v -0.0456626 -0.004502639 0.06977533
v -0.04517546 -0.004003078 0.0697764
v -0.04576981 -0.00547716 0.06261061
v -0.04528242 -0.004990041 0.06261061
v 0.06876568 0.002017692 0.06732751
v 0.06563458 -0.00124155 0.07427807
v 0.06563458 0.001239881 0.07427807
v 0.06876568 -0.002017766 0.06732751
v 0.05764253 -0.002017766 0.06732751
v 0.05764253 0.002017692 0.06732751
v 0.05883123 0.001241729 0.07428573
v 0.05883123 -0.001249224 0.07428573
v 0.05883123 0.001241729 0.07428573
v 0.06563458 -0.00124155 0.07427807
v 0.05883123 -0.001249224 0.07428573
v 0.06563458 0.001239881 0.07427807
v 0.06563458 0.001239881 0.07427807
v 0.05764253 0.002017692 0.06732751
v 0.06876568 0.002017692 0.06732751
v 0.05883123 0.001241729 0.07428573
v 0.05764253 -0.002017766 0.06732751
v 0.06563458 -0.00124155 0.07427807
v 0.06876568 -0.002017766 0.06732751
v 0.05883123 -0.001249224 0.07428573
v -0.06073861 -0.01604965 0.03002293
v -0.05737136 -0.01604965 0.03303623
v -0.05844675 -0.01604965 0.03082457
v -0.06367593 -0.01604965 0.033427
v -0.06290473 -0.01604965 0.03110097
v -0.06030868 -0.01604965 0.03644003
v -0.06260081 -0.01604965 0.03563866
v -0.05814256 -0.01604965 0.03536226
v -0.05706398 -0.01604965 0.03540753
v -0.05649029 -0.01604965 0.03367718
v -0.04244941 -0.01604965 0.0386591
v -0.04296778 -0.01604965 0.04020916
v -0.04009135 -0.01405905 0.03182213
v -0.03830488 -0.01600596 0.03256288
v -0.03849973 -0.01579206 0.03223088
v -0.04010512 -0.01405905 0.03533553
v -0.03851296 -0.01579258 0.03492624
v -0.03831519 -0.0160065 0.03459424
v 0.005978853 -0.0142388 0.03823577
v -0.03779896 -0.01593819 0.03516001
v -0.03958729 -0.01405905 0.0357877
v 0.006717473 -0.01586512 0.03665605
v 0.009989694 -0.0142388 0.03825165
v 0.009266421 -0.01586512 0.03666613
v 0.01283832 -0.0142388 0.03571939
v 0.01107699 -0.01586512 0.03505675
v 0.01285607 -0.0142388 0.03212208
v 0.01108837 -0.01586512 0.03277069
v 0.01003258 -0.0142388 0.02956705
v 0.00929369 -0.01586512 0.03114676
v 0.00602147 -0.0142388 0.02955116
v 0.006744742 -0.01586512 0.03113671
v -0.03778332 -0.01593766 0.03200188
v -0.03956848 -0.01405905 0.03137365
v -0.03760013 -0.01614575 0.03480922
v 0.006834239 -0.01605892 0.03160742
v -0.03758742 -0.01614548 0.03235267
v 0.006814376 -0.01605892 0.03618641
v 0.01056314 -0.01606183 0.03296317
v 0.009074211 -0.01606023 0.03161615
v 0.00905171 -0.01606023 0.03619514
v 0.01055387 -0.01606183 0.03486004
v -0.04009135 -0.01405905 0.03182213
v -0.03778332 -0.01593766 0.03200188
v -0.03956848 -0.01405905 0.03137365
v -0.03849973 -0.01579206 0.03223088
v -0.03830488 -0.01600596 0.03256288
v -0.03758742 -0.01614548 0.03235267
v 0.006744742 -0.01586512 0.03113671
v 0.006834239 -0.01605892 0.03160742
v 0.00929369 -0.01586512 0.03114676
v 0.009074211 -0.01606023 0.03161615
v 0.01108837 -0.01586512 0.03277069
v 0.01056314 -0.01606183 0.03296317
v 0.01107699 -0.01586512 0.03505675
v 0.01055387 -0.01606183 0.03486004
v 0.009266421 -0.01586512 0.03666613
v 0.00905171 -0.01606023 0.03619514
v 0.006717473 -0.01586512 0.03665605
v 0.006814376 -0.01605892 0.03618641
v -0.03760013 -0.01614575 0.03480922
v -0.03779896 -0.01593819 0.03516001
v -0.03831519 -0.0160065 0.03459424
v -0.03851296 -0.01579258 0.03492624
v -0.03958729 -0.01405905 0.0357877
v -0.04010512 -0.01405905 0.03533553
v 0.01981507 -0.00266771 0.01748474
v 0.01538754 0.003449693 0.02437174
v 0.01538754 -0.00266771 0.02437174
v 0.01981507 0.003449693 0.01748474
v 0.01981851 -0.00266771 0.009129733
v 0.01981851 0.003449693 0.009129733
v 0.01831797 -0.002665862 0.004373908
v 0.01831797 0.003447831 0.004373908
v 0.005632564 -0.002666652 0.002781481
v 0.005632564 0.00344862 0.002781481
v -0.009104058 0.003449693 0.00405091
v -0.009104058 -0.00266771 0.00405091
v -0.0133995 -0.00266771 0.01274955
v -0.0133995 0.003449693 0.01274955
v 0.03346969 0.003449693 0.02153504
v 0.03570889 -0.00266771 0.02437757
v 0.03570889 0.003449693 0.02437757
v 0.03346969 -0.00266771 0.02153504
v 0.03197549 0.003449693 0.0208234
v 0.03197549 -0.00266771 0.0208234
v 0.02556211 -0.00266771 0.02059996
v 0.02556211 0.003449693 0.02059996
v 0.02265497 0.003449693 0.01745112
v 0.02265497 -0.00266771 0.01745112
v 0.022642 -0.00266771 0.009100884
v 0.022642 0.003449693 0.009100884
v 0.02492514 0.003447831 0.0009428412
v 0.02492514 -0.002665862 0.0009428412
v 0.0243488 0.003447831 -0.0002413541
v 0.0243488 -0.002665862 -0.0002413541
v 0.0186248 0.003448099 -0.001890957
v 0.0186248 -0.002666131 -0.001890957
v 0.005631775 -0.002666652 -0.003035977
v 0.005631775 0.00344862 -0.003035977
v -0.01785272 0.003449693 -0.002334148
v -0.01785272 -0.00266771 -0.002334148
v -0.01761128 -0.003656521 -0.001384512
v -0.01711437 -0.003656521 -0.001816303
v -0.01403382 -0.003656521 0.01268125
v -0.01007937 -0.003656521 0.003116637
v 0.005632043 -0.003655463 -0.002047166
v 0.005632296 -0.003655463 0.001791075
v 0.0186277 -0.003654942 -0.0009021461
v 0.01902403 -0.003654674 0.003206655
v 0.02442186 -0.003654674 0.0004612803
v 0.02068502 -0.003656521 0.009119943
v 0.0217755 -0.003656521 0.009109348
v 0.02068184 -0.003656521 0.01747414
v 0.02178846 -0.003656521 0.01746118
v 0.01625429 -0.003656521 0.02437174
v 0.02505328 -0.003656521 0.02138783
v 0.03484239 -0.003656521 0.02437705
v 0.03248459 -0.003656521 0.02183048
v -0.01761128 0.004438505 -0.001384512
v -0.01007937 0.004438505 0.003116637
v -0.01403382 0.004438505 0.01268125
v -0.01711437 0.004438505 -0.001816303
v 0.005632043 0.004437447 -0.002047166
v 0.005632296 0.004437447 0.001791075
v 0.0186277 0.00443691 -0.0009021461
v 0.01902403 0.004436642 0.003206655
v 0.02442186 0.004436374 0.0004612803
v 0.02068502 0.004438505 0.009119943
v 0.0217755 0.004438505 0.009109348
v 0.02068184 0.004438505 0.01747414
v 0.02178846 0.004438505 0.01746118
v 0.02505328 0.004438505 0.02138783
v 0.01625429 0.004438505 0.02437174
v 0.03248459 0.004438505 0.02183048
v 0.03484239 0.004438505 0.02437705
v 0.01625429 -0.003656521 0.02437174
v 0.01981507 -0.00266771 0.01748474
v 0.01538754 -0.00266771 0.02437174
v 0.02068184 -0.003656521 0.01747414
v 0.01981851 -0.00266771 0.009129733
v 0.02068502 -0.003656521 0.009119943
v 0.01831797 -0.002665862 0.004373908
v 0.01902403 -0.003654674 0.003206655
v 0.005632564 -0.002666652 0.002781481
v 0.005632296 -0.003655463 0.001791075
v -0.009104058 -0.00266771 0.00405091
v -0.01007937 -0.003656521 0.003116637
v -0.0133995 -0.00266771 0.01274955
v -0.01403382 -0.003656521 0.01268125
v -0.0133995 0.003449693 0.01274955
v -0.01403382 0.004438505 0.01268125
v -0.009104058 0.003449693 0.00405091
v -0.01007937 0.004438505 0.003116637
v 0.005632564 0.00344862 0.002781481
v 0.005632296 0.004437447 0.001791075
v 0.01831797 0.003447831 0.004373908
v 0.01902403 0.004436642 0.003206655
v 0.01981851 0.003449693 0.009129733
v 0.02068502 0.004438505 0.009119943
v 0.01981507 0.003449693 0.01748474
v 0.02068184 0.004438505 0.01747414
v 0.01538754 0.003449693 0.02437174
v 0.01625429 0.004438505 0.02437174
v -0.01711437 -0.003656521 -0.001816303
v 0.005631775 -0.002666652 -0.003035977
v -0.01785272 -0.00266771 -0.002334148
v 0.005632043 -0.003655463 -0.002047166
v 0.0186248 -0.002666131 -0.001890957
v 0.0186277 -0.003654942 -0.0009021461
v 0.0243488 -0.002665862 -0.0002413541
v 0.02442186 -0.003654674 0.0004612803
v 0.02492514 -0.002665862 0.0009428412
v 0.022642 -0.00266771 0.009100884
v 0.0217755 -0.003656521 0.009109348
v 0.02265497 -0.00266771 0.01745112
v 0.02178846 -0.003656521 0.01746118
v 0.02556211 -0.00266771 0.02059996
v 0.02505328 -0.003656521 0.02138783
v 0.03197549 -0.00266771 0.0208234
v 0.03248459 -0.003656521 0.02183048
v 0.03346969 -0.00266771 0.02153504
v 0.03570889 -0.00266771 0.02437757
v 0.03484239 -0.003656521 0.02437705
v 0.03570889 0.003449693 0.02437757
v 0.03484239 0.004438505 0.02437705
v 0.03346969 0.003449693 0.02153504
v 0.03248459 0.004438505 0.02183048
v 0.03197549 0.003449693 0.0208234
v 0.02556211 0.003449693 0.02059996
v 0.02505328 0.004438505 0.02138783
v 0.02265497 0.003449693 0.01745112
v 0.02178846 0.004438505 0.01746118
v 0.022642 0.003449693 0.009100884
v 0.0217755 0.004438505 0.009109348
v 0.02492514 0.003447831 0.0009428412
v 0.02442186 0.004436374 0.0004612803
v 0.0243488 0.003447831 -0.0002413541
v 0.0186248 0.003448099 -0.001890957
v 0.0186277 0.00443691 -0.0009021461
v 0.005631775 0.00344862 -0.003035977
v 0.005632043 0.004437447 -0.002047166
v -0.01785272 0.003449693 -0.002334148
v -0.01711437 0.004438505 -0.001816303
v -0.0158105 -0.0120952 0.01278768
v -0.0158105 -0.0120952 0.01695631
v -0.01496121 -0.0120952 0.014872
v -0.01786093 -0.0120952 0.01192436
v -0.01786093 -0.0120952 0.01781964
v -0.01991163 -0.0120952 0.01695631
v -0.01991163 -0.0120952 0.01278768
v -0.02076092 -0.0120952 0.014872
v -0.04152043 -0.01529619 -0.02539982
v -0.04152043 -0.01529619 -0.02123092
v -0.04067114 -0.01529619 -0.02331524
v -0.04357113 -0.01529619 -0.02626315
v -0.04357113 -0.01529619 -0.02036759
v -0.04562156 -0.01529619 -0.02123092
v -0.04562156 -0.01529619 -0.02539982
v -0.04647112 -0.01529619 -0.0233155
v -0.0158105 0.01209511 0.01278768
v -0.01496121 0.01209511 0.014872
v -0.0158105 0.01209511 0.01695631
v -0.01786093 0.01209511 0.01192436
v -0.01786093 0.01209511 0.01781964
v -0.01991163 0.01209511 0.01695631
v -0.01991163 0.01209511 0.01278768
v -0.02076092 0.01209511 0.014872
v -0.04152043 0.01529612 -0.02539982
v -0.04067114 0.01529612 -0.02331524
v -0.04152043 0.01529612 -0.02123092
v -0.04357113 0.01529612 -0.02626315
v -0.04357113 0.01529612 -0.02036759
v -0.04562156 0.01529612 -0.02123092
v -0.04562156 0.01529612 -0.02539982
v -0.04647112 0.01529612 -0.0233155
v 0.06782717 -0.007608607 0.02436142
v 0.06431219 -0.01102696 0.02676342
v 0.06845143 -0.01103252 0.02676661
v 0.06431219 -0.007608607 0.02436645
v 0.06431219 8.940697E-08 0.02352034
v 0.06431219 -0.007126778 0.025988
v 0.06759101 8.940697E-08 0.02352007
v 0.06431219 8.940697E-08 0.02513394
v 0.06431219 0.007126689 0.025988
v 0.06782717 0.007608786 0.02436142
v 0.06431219 0.007608786 0.02436645
v 0.06431219 0.01102687 0.02676342
v 0.06845143 0.01103243 0.02676661
v -0.03452674 -0.01241845 -0.04691412
v -0.06489612 -0.01429228 -0.04693158
v -0.03543533 -0.01422557 -0.04691385
v -0.06646313 -0.01248357 -0.04693131
v -0.03452674 -0.008881226 -0.04691412
v -0.06646313 -0.008884132 -0.04693131
v -0.06646313 0.0096661 -0.04693131
v -0.03452674 0.009663194 -0.04691412
v -0.06646313 0.01326554 -0.04693131
v -0.03452674 0.01320042 -0.04691412
v -0.06489612 0.01507425 -0.04693158
v -0.03543533 0.01500781 -0.04691385
v -0.06559028 -0.01197341 -0.04061139
v -0.03545466 -0.01261382 -0.04049411
v -0.06498031 -0.01269324 -0.04050417
v -0.03533287 -0.01214629 -0.04048775
v -0.03840706 -0.008875921 -0.04049543
v -0.06559028 -0.008878842 -0.04057644
v -0.03533287 -0.0088754 -0.04048643
v -0.03840706 0.00965789 -0.04049543
v -0.03533287 0.009657368 -0.04048643
v -0.03533287 0.01292826 -0.04048775
v -0.06559028 0.01275538 -0.04061139
v -0.06559028 0.00966081 -0.04057644
v -0.03545466 0.01339579 -0.04049411
v -0.06498031 0.01347521 -0.04050417
v -0.05283314 -0.008901864 0.01710774
v -0.02946618 0.0003911108 0.02432992
v -0.02470717 -0.008878574 0.01719432
v -0.04440559 0.0003911108 0.02431563
v -0.05283314 0.009683833 0.01710774
v -0.06653409 0.008642077 -0.04057935
v -0.06629978 0.009661332 -0.0395924
v -0.05283314 -0.008901864 0.01710774
v -0.06629978 -0.008879364 -0.0395924
v -0.06653409 -0.007860109 -0.04057935
v -0.06667255 0.009661868 -0.04158723
v -0.06726848 0.00966531 -0.04592398
v -0.06667335 0.01316944 -0.041619
v -0.06726797 0.01324886 -0.04592423
v -0.06726848 -0.008883342 -0.04592398
v -0.06667255 -0.0088799 -0.04158723
v -0.06538908 0.01474069 -0.0414861
v -0.06536101 0.01584837 -0.04594304
v -0.06667335 -0.01238747 -0.041619
v -0.06726797 -0.01246689 -0.04592423
v -0.06536101 -0.0150664 -0.04594304
v -0.06538908 -0.01395871 -0.0414861
v -0.03482537 -0.01499544 -0.04592556
v -0.03475495 -0.01387849 -0.04147179
v -0.03370948 -0.0123962 -0.04590411
v -0.03426252 -0.01230726 -0.04149298
v -0.03370948 -0.008880153 -0.04590385
v -0.03426252 -0.00887619 -0.04149325
v -0.03482537 0.01577741 -0.04592556
v -0.03475495 0.01466046 -0.04147179
v -0.03370948 0.009662136 -0.04590385
v -0.03426252 0.009658158 -0.04149325
v -0.03426252 0.01308922 -0.04149298
v -0.03370948 0.01317817 -0.04590411
v -0.06559028 -0.008878842 -0.04057644
v -0.02470717 -0.008878574 0.01719432
v -0.03840706 -0.008875921 -0.04049543
v -0.05283314 -0.008901864 0.01710774
v -0.06629978 -0.008879364 -0.0395924
v -0.06667335 -0.01238747 -0.041619
v -0.06667255 -0.0088799 -0.04158723
v -0.06559028 -0.01197341 -0.04061139
v -0.06538908 -0.01395871 -0.0414861
v -0.06498031 -0.01269324 -0.04050417
v -0.03475495 -0.01387849 -0.04147179
v -0.03545466 -0.01261382 -0.04049411
v -0.03426252 -0.01230726 -0.04149298
v -0.03533287 -0.01214629 -0.04048775
v -0.03426252 -0.00887619 -0.04149325
v -0.03533287 -0.0088754 -0.04048643
v -0.03426252 0.009658158 -0.04149325
v -0.03533287 0.009657368 -0.04048643
v -0.03426252 0.01308922 -0.04149298
v -0.03533287 0.01292826 -0.04048775
v -0.03545466 0.01339579 -0.04049411
v -0.03475495 0.01466046 -0.04147179
v -0.06538908 0.01474069 -0.0414861
v -0.06498031 0.01347521 -0.04050417
v -0.06667335 0.01316944 -0.041619
v -0.06559028 0.01275538 -0.04061139
v -0.06667255 0.009661868 -0.04158723
v -0.06559028 0.00966081 -0.04057644
v -0.06653409 0.008642077 -0.04057935
v -0.06629978 0.009661332 -0.0395924
v -0.03840706 0.00965789 -0.04049543
v -0.02470717 -0.008878574 0.01719432
v -0.02470717 0.009660542 0.01719432
v -0.03840706 -0.008875921 -0.04049543
v -0.05283314 0.009683833 0.01710774
v -0.02946618 0.0003911108 0.02432992
v -0.04440559 0.0003911108 0.02431563
v -0.02470717 0.009660542 0.01719432
v -0.06629978 0.009661332 -0.0395924
v -0.02470717 0.009660542 0.01719432
v -0.05283314 0.009683833 0.01710774
v -0.03840706 0.00965789 -0.04049543
v -0.06559028 0.00966081 -0.04057644
v -0.06559028 -0.008878842 -0.04057644
v -0.06653409 -0.007860109 -0.04057935
v -0.06629978 -0.008879364 -0.0395924
v -0.06667255 -0.0088799 -0.04158723
v -0.01377702 -0.01133512 0.02042152
v -0.01284486 -0.009089038 0.01482806
v -0.01036502 -0.008281574 0.01851538
v -0.01208822 -0.007390186 0.01473089
v -0.007623091 -0.01149237 0.02708483
v -0.008758828 -0.01356716 0.0292491
v 0.01597075 -0.01341096 0.02903783
v 0.017744 -0.01149237 0.02708483
v 0.01831187 -0.007608607 0.02437836
v 0.01831187 -0.0110267 0.02676025
v -0.01036502 8.940697E-08 0.01851538
v -0.01208822 8.940697E-08 0.01473089
v -0.01208822 0.007390112 0.01473089
v -0.006084144 -0.007608607 0.02437836
v -0.006084144 8.940697E-08 0.02351849
v -0.01036502 0.008281499 0.01851538
v -0.01284486 0.009088963 0.01482806
v 0.01831187 8.940697E-08 0.02351849
v 0.03472854 -0.007608607 0.02437836
v 0.03472854 -0.0110267 0.02676025
v -0.006084144 0.007608786 0.02437836
v -0.01377702 0.01133505 0.02042152
v -0.007623091 0.01149257 0.02708483
v -0.008758828 0.01356708 0.0292491
v 0.01597075 0.01341088 0.02903783
v 0.017744 0.01149257 0.02708483
v 0.01831187 0.007608786 0.02437836
v 0.01831187 0.01102661 0.02676025
v 0.03472854 8.940697E-08 0.02351849
v 0.03842647 8.940697E-08 0.02352113
v 0.03472854 0.007608786 0.02437836
v 0.03472854 0.01102661 0.02676025
v 0.03842647 0.007608786 0.02437836
v 0.03842647 0.01102635 0.02676423
v 0.03842647 0.007126689 0.025988
v 0.03842647 8.940697E-08 0.02513394
v 0.03842647 -0.007126778 0.025988
v 0.03842647 -0.007608607 0.02437836
v 0.03842647 -0.01102643 0.02676423
v -0.02864654 0.00916785 -0.0445023
v -0.02864654 8.940697E-08 -0.0445023
v -0.02235706 8.940697E-08 -0.04065083
v -0.02235706 0.009100616 -0.04065083
v -0.02201077 8.940697E-08 -0.03767778
v -0.02235706 -0.00910069 -0.04065083
v -0.02201077 0.009162039 -0.03767778
v -0.02201077 -0.009161845 -0.03767778
v -0.02474901 0.009015366 -0.03260107
v -0.02474901 -0.009015441 -0.03260107
v -0.02474901 8.940697E-08 -0.03260107
v -0.02571505 0.008863136 -0.02730571
v -0.02571505 -0.008863211 -0.02730571
v -0.02571505 8.940697E-08 -0.02730571
v -0.02220589 0.008772865 -0.02326626
v -0.02220589 -0.008772939 -0.02326626
v -0.02220589 8.940697E-08 -0.02326626
v -0.02158242 0.008715153 -0.02146946
v -0.02158242 -0.008715227 -0.02146946
v -0.02158242 8.940697E-08 -0.02146946
v -0.02183789 0.00845094 -0.01431929
v -0.02183789 -0.008451015 -0.01431929
v -0.02183789 8.940697E-08 -0.01431929
v -0.01874174 0.008368075 -0.00997223
v -0.01874174 -0.008368149 -0.00997223
v -0.01874174 8.940697E-08 -0.00997223
v -0.01824349 0.008302942 -0.008109763
v -0.01824349 -0.008303016 -0.008109763
v -0.01824349 8.940697E-08 -0.008109763
v -0.01753742 0.008027077 -0.002531901
v -0.01753768 -0.008027166 -0.002531901
v -0.01753768 8.940697E-08 -0.002531901
v -0.01278821 0.007833019 0.002799213
v -0.01278821 -0.00783284 0.002799213
v -0.01278821 8.940697E-08 0.002799213
v -0.01200749 0.007766053 0.004425526
v -0.01200749 -0.007766128 0.004425526
v -0.01200749 8.940697E-08 0.004425526
v -0.01208822 0.007390112 0.01473089
v -0.01208822 -0.007390186 0.01473089
v -0.01208822 8.940697E-08 0.01473089
v 0.07124261 -0.007642761 0.0374659
v 0.07057784 -0.006479219 0.03466122
v 0.07062761 -0.006319836 0.03504987
v 0.07007033 -0.002836883 0.03242283
v 0.06999832 -0.002748728 0.03262933
v 0.07007033 8.940697E-08 0.03242283
v 0.06999832 8.940697E-08 0.03262933
v 0.06999832 0.002748653 0.03262933
v 0.07007033 0.002836809 0.03242283
v 0.07062761 0.006319761 0.03504987
v 0.07057784 0.006479129 0.03466122
v 0.07124261 0.00764294 0.0374659
v -0.004565835 0.005086854 0.06844102
v -0.004944429 0.005905703 0.06736459
v -0.004944429 0.005465433 0.06844155
v -0.005128413 0.004692122 0.06897183
v -0.004566371 1.683831E-06 0.06843625
v -0.06135307 0.004692122 0.06897183
v -0.005128413 0.0003405511 0.06897183
v -0.06211473 0.005451933 0.06844579
v -0.06135307 0.0003405511 0.06897183
v -0.06212746 1.41561E-06 0.06844182
v -0.06252961 -0.01274355 0.01645912
v -0.06180342 0.01270851 0.02067621
v -0.06180342 -0.0127086 0.02067621
v -0.05725063 -0.01306495 0.01971386
v -0.05773564 -0.01311259 0.01456727
v -0.0254924 -0.01322114 0.01246311
v -0.026437 -0.01342499 0.01012622
v -0.03292929 -0.0137583 0.0042357
v -0.06252961 0.01274373 0.01645912
v -0.05725063 0.01306486 0.01971386
v -0.05773564 0.01311252 0.01456727
v -0.0254924 0.01322132 0.01246311
v -0.026437 0.01342492 0.01012622
v -0.03292929 0.0137585 0.0042357
v -0.05936618 -0.0103794 0.01388715
v -0.05936618 0.01037931 0.01388715
v -0.05937122 -0.01063354 0.01012014
v -0.05763502 -0.01335695 0.0101511
v -0.05937122 0.01063347 0.01012014
v -0.05763502 0.01335715 0.0101511
v -0.03466864 -0.01377922 0.003821388
v -0.03397501 -0.0130517 0.003581271
v -0.05858918 -0.01308082 0.001564726
v -0.05880995 -0.0137599 0.00267373
v -0.0606613 -0.01101743 0.002651751
v -0.05988668 -0.01116277 0.001485825
v -0.03466864 0.01377913 0.003821388
v -0.03397501 0.01305163 0.003581271
v -0.05858918 0.01308075 0.001564726
v -0.05880995 0.01375981 0.00267373
v -0.0606613 0.01101735 0.002651751
v -0.05989672 0.01116189 0.001487419
v 0.04582258 -0.007608607 0.02437836
v 0.04212439 -0.01102643 0.02676423
v 0.04582258 -0.01102643 0.02676423
v 0.04582258 -0.007126778 0.025988
v 0.04582258 8.940697E-08 0.02352113
v 0.04582258 8.940697E-08 0.02513394
v 0.04582258 0.007126689 0.025988
v 0.04212439 -0.007608607 0.02437836
v 0.04212439 -0.007126778 0.025988
v 0.04212439 8.940697E-08 0.02352113
v 0.04212439 8.940697E-08 0.02513394
v 0.04212439 0.007126689 0.025988
v 0.04212439 0.007608786 0.02437836
v 0.04212439 0.01102635 0.02676423
v 0.04582258 0.007608786 0.02437836
v 0.04582258 0.01102635 0.02676423
v 0.05321842 -0.007608607 0.02437836
v 0.04952049 -0.01102643 0.02676423
v 0.05321842 -0.01102643 0.02676423
v 0.05321842 -0.007126778 0.025988
v 0.04952049 -0.007608607 0.02437836
v 0.04952049 8.940697E-08 0.02352113
v 0.04952049 -0.007126778 0.025988
v 0.04952049 8.940697E-08 0.02513394
v 0.04952049 0.007126689 0.025988
v 0.05321842 8.940697E-08 0.02352113
v 0.05321842 8.940697E-08 0.02513394
v 0.05321842 0.007126689 0.025988
v 0.05321842 0.007608786 0.02437836
v 0.05321842 0.01102635 0.02676423
v 0.04952049 0.01102635 0.02676423
v 0.04952049 0.007608786 0.02437836
v 0.07299918 -0.003253862 0.04065447
v 0.07148909 -0.005190715 0.03639159
v 0.07200851 -0.00623776 0.03803536
v 0.07484072 -0.006422028 0.045679
v 0.07202413 -0.001606897 0.03804728
v 0.07087859 -0.002279609 0.03453045
v 0.07397581 -0.001616687 0.04326536
v 0.07484072 8.940697E-08 0.045679
v 0.07202493 8.940697E-08 0.03804913
v 0.07087859 8.940697E-08 0.03453045
v 0.07087859 0.002279788 0.03453045
v 0.07202413 0.001607075 0.03804728
v 0.07148909 0.005190626 0.03639159
v 0.07140119 8.940697E-08 0.03828236
v 0.0714004 -0.001606897 0.03828052
v 0.07237571 -0.003253862 0.0408877
v 0.0714004 0.001607075 0.03828052
v 0.07335208 -0.001616687 0.04349859
v 0.07299918 0.003253773 0.04065447
v 0.07200851 0.006237686 0.03803536
v 0.07237571 0.003253773 0.0408877
v 0.07484072 0.006421953 0.045679
v 0.07397661 8.940697E-08 0.04326721
v 0.07335287 8.940697E-08 0.04350071
v 0.07335208 0.001616612 0.04349859
v 0.07397581 0.001616612 0.04326536
v 0.07314796 -0.001190454 0.04295269
v 0.07335287 8.940697E-08 0.04350071
v 0.07314823 8.940697E-08 0.04295322
v 0.07314796 0.001190633 0.04295269
v 0.07335208 -0.001616687 0.04349859
v 0.07335208 0.001616612 0.04349859
v 0.07237598 -0.002484515 0.04088849
v 0.07237598 0.002484694 0.04088849
v 0.07237571 -0.003253862 0.0408877
v 0.07237571 0.003253773 0.0408877
v 0.07160504 -0.00118278 0.03882748
v 0.07160504 0.001182958 0.03882748
v 0.0714004 -0.001606897 0.03828052
v 0.0714004 0.001607075 0.03828052
v 0.07160531 8.940697E-08 0.03882827
v 0.07140119 8.940697E-08 0.03828236
v -0.04007839 -0.01376122 0.03821486
v -0.05574743 -0.01560621 0.03323294
v -0.0419758 -0.01561123 0.03809494
v -0.04162051 -0.01569252 0.03885819
v -0.03976175 -0.01376122 0.03890663
v -0.04219341 -0.01569198 0.04056974
v -0.04068279 -0.01376122 0.0416822
v -0.0429294 -0.01561071 0.04095097
v -0.04660666 -0.01376122 0.03557909
v -0.05466066 -0.01376122 0.032381
v -0.05668621 -0.01569913 0.03248902
v -0.05459553 -0.01376122 0.03335102
v -0.04808182 -0.01376122 0.04002835
v -0.05575643 -0.01376122 0.03685223
v -0.05650936 -0.01376122 0.02857929
v -0.05784683 -0.01571131 0.03012936
v -0.04134491 -0.01376122 0.04203139
v -0.05673863 -0.0156054 0.03622347
v -0.05792494 -0.01569913 0.03622505
v -0.0563844 -0.01376122 0.03758027
v -0.06024645 -0.01571131 0.0373669
v -0.06010799 -0.01376122 0.03943346
v -0.06320073 -0.01571131 0.03633387
v -0.0645382 -0.01376122 0.03788419
v -0.06458665 -0.01571131 0.03348365
v -0.0609393 -0.01376122 0.02703002
v -0.06080084 -0.01571131 0.02909634
v -0.06512593 -0.01376122 0.02911355
v -0.06359254 -0.01571131 0.0304857
v -0.0666167 -0.01376122 0.03360941
v 0.003838405 0.0003908575 0.01575121
v 0.001029491 -0.001445666 0.02638511
v 0.00390777 0.0003908575 0.02650292
v 0.001029491 0.002227634 0.02638511
v 0.0009913743 -0.001445666 0.01503402
v -0.003242135 0.0003908575 0.02621011
v 0.0009913743 0.002227634 0.01503402
v -0.002732769 0.0003908575 0.01409604
v 0.004858196 0.0003908575 0.006177321
v 0.006334931 -0.001172975 0.008386344
v 0.006334931 0.001954958 0.008386344
v 0.007464319 0.0003908575 0.01031683
v 0.0122461 0.0003908575 0.003899485
v 0.01278882 0.001309246 0.0056023
v 0.01278882 -0.0005272776 0.0056023
v 0.01290345 0.0003908575 0.005614221
v 0.01333207 0.0003908575 0.007304341
v 0.06061426 -0.007608607 0.02437836
v 0.05691634 -0.01102643 0.02676423
v 0.06061426 -0.01102643 0.02676423
v 0.06061426 -0.007126778 0.025988
v 0.05691634 -0.007608607 0.02437836
v 0.05691634 8.940697E-08 0.02352113
v 0.05691634 -0.007126778 0.025988
v 0.05691634 8.940697E-08 0.02513394
v 0.05691634 0.007126689 0.025988
v 0.06061426 8.940697E-08 0.02352113
v 0.06061426 8.940697E-08 0.02513394
v 0.06061426 0.007126689 0.025988
v 0.06061426 0.007608786 0.02437836
v 0.06061426 0.01102635 0.02676423
v 0.05691634 0.01102635 0.02676423
v 0.05691634 0.007608786 0.02437836
v -0.04710437 -0.01113047 0.0610923
v -0.04707447 -0.006812528 0.06736459
v -0.04632445 -0.01037781 0.06113176
v -0.04554531 -0.01113074 0.06109364
v -0.03781907 -0.01328442 0.05381957
v -0.03880417 -0.01248436 0.05380978
v -0.03977764 -0.01328442 0.05381931
v -0.03025724 -0.01448555 0.04698339
v -0.03235823 -0.01448476 0.0469871
v -0.03099851 -0.01372945 0.0466281
v -0.02972987 -0.0145475 0.04625483
v -0.03027126 -0.01372997 0.04386657
v -0.02927743 -0.01454777 0.04443552
v -0.0318343 -0.0145475 0.04611981
v -0.0290418 -0.01422134 0.0435195
v -0.03138186 -0.01454777 0.04443552
v -0.02848293 -0.01236735 0.04122074
v -0.03114624 -0.01422134 0.0435195
v -0.03058738 -0.01236735 0.04122074
v 0.07160504 -0.00118278 0.03882748
v 0.07261212 8.940697E-08 0.03845154
v 0.07160531 8.940697E-08 0.03882827
v 0.07160504 0.001182958 0.03882748
v 0.07261186 -0.00118278 0.03845102
v 0.07237598 -0.002484515 0.04088849
v 0.07338279 -0.002484784 0.04051203
v 0.07314796 -0.001190454 0.04295269
v 0.07415478 -0.001190454 0.04257596
v 0.07314823 8.940697E-08 0.04295322
v 0.07415504 8.940697E-08 0.04257676
v 0.07415478 0.001190633 0.04257596
v 0.07314796 0.001190633 0.04295269
v 0.07261186 0.001182958 0.03845102
v 0.07237598 0.002484694 0.04088849
v 0.07338279 0.002484694 0.04051203
v -0.04710437 0.01113039 0.0610923
v -0.04632445 0.01037799 0.06113176
v -0.04707447 0.006812707 0.06736459
v -0.04554531 0.01113066 0.06109364
v -0.03781907 0.01328434 0.05381957
v -0.03880417 0.01248455 0.05380978
v -0.03977764 0.01328434 0.05381931
v -0.03025724 0.01448548 0.04698339
v -0.03235823 0.01448494 0.0469871
v -0.03099851 0.01372963 0.0466281
v -0.02972987 0.01454742 0.04625483
v -0.03027126 0.01373017 0.04386657
v -0.02927743 0.01454769 0.04443552
v -0.0318343 0.01454742 0.04611981
v -0.0290418 0.01422152 0.0435195
v -0.03138186 0.01454769 0.04443552
v -0.02848293 0.01236753 0.04122074
v -0.03114624 0.01422127 0.0435195
v -0.03058738 0.01236753 0.04122074
v -0.05668621 -0.01569913 0.03248902
v -0.05649029 -0.01604965 0.03367718
v -0.05574743 -0.01560621 0.03323294
v -0.0419758 -0.01561123 0.03809494
v -0.05737136 -0.01604965 0.03303623
v -0.05844675 -0.01604965 0.03082457
v -0.05784683 -0.01571131 0.03012936
v -0.06073861 -0.01604965 0.03002293
v -0.06080084 -0.01571131 0.02909634
v -0.06290473 -0.01604965 0.03110097
v -0.06359254 -0.01571131 0.0304857
v -0.06367593 -0.01604965 0.033427
v -0.06458665 -0.01571131 0.03348365
v -0.06260081 -0.01604965 0.03563866
v -0.06320073 -0.01571131 0.03633387
v -0.06030868 -0.01604965 0.03644003
v -0.06024645 -0.01571131 0.0373669
v -0.05814256 -0.01604965 0.03536226
v -0.05792494 -0.01569913 0.03622505
v -0.05706398 -0.01604965 0.03540753
v -0.05673863 -0.0156054 0.03622347
v -0.04296778 -0.01604965 0.04020916
v -0.0429294 -0.01561071 0.04095097
v -0.04219341 -0.01569198 0.04056974
v -0.04244941 -0.01604965 0.0386591
v -0.04162051 -0.01569252 0.03885819
v 0.1941103 0.005125776 0.05693851
v 0.1692566 8.940697E-08 0.05693851
v 0.1941103 0.004146755 0.05995126
v 0.1941103 0.004146755 0.05392574
v 0.1941103 0.001584053 0.06181346
v 0.1941103 0.001584053 0.05206379
v 0.1941103 -0.001583859 0.06181346
v 0.1941103 -0.001583859 0.05206379
v 0.1941103 -0.004146829 0.05995126
v 0.1941103 -0.004146829 0.05392574
v 0.1941103 -0.005125582 0.05693851
v -0.06646313 -0.01248357 -0.04693131
v -0.06536101 -0.0150664 -0.04594304
v -0.06489612 -0.01429228 -0.04693158
v -0.03543533 -0.01422557 -0.04691385
v -0.06726797 -0.01246689 -0.04592423
v -0.03482537 -0.01499544 -0.04592556
v -0.06726848 -0.008883342 -0.04592398
v -0.03452674 -0.01241845 -0.04691412
v -0.06646313 -0.008884132 -0.04693131
v -0.03370948 -0.0123962 -0.04590411
v -0.06726848 0.00966531 -0.04592398
v -0.03452674 -0.008881226 -0.04691412
v -0.06646313 0.0096661 -0.04693131
v -0.03370948 -0.008880153 -0.04590385
v -0.06726797 0.01324886 -0.04592423
v -0.03452674 0.009663194 -0.04691412
v -0.06646313 0.01326554 -0.04693131
v -0.03370948 0.009662136 -0.04590385
v -0.06536101 0.01584837 -0.04594304
v -0.03452674 0.01320042 -0.04691412
v -0.06489612 0.01507425 -0.04693158
v -0.03370948 0.01317817 -0.04590411
v -0.03482537 0.01577741 -0.04592556
v -0.03543533 0.01500781 -0.04691385
v 0.08291272 0.01129745 0.06514658
v 0.07866387 0.009944871 0.05693851
v 0.08291272 0.01396446 0.05693851
v 0.07866387 0.008045614 0.062784
v 0.08291272 0.004315123 0.07021956
v 0.07866387 8.940697E-08 0.05693851
v 0.07866387 0.003073215 0.0663967
v 0.07866387 0.008045614 0.05109298
v 0.08291272 -0.004315212 0.07021956
v 0.08291272 0.01129745 0.04873043
v 0.07866387 -0.003073037 0.0663967
v 0.08291272 -0.01129752 0.06514658
v 0.07866387 0.003073215 0.04748031
v 0.08291272 0.004315391 0.04365744
v 0.07866387 -0.008045688 0.062784
v 0.08291272 -0.01396453 0.05693851
v 0.07866387 -0.003073037 0.04748031
v 0.08291272 -0.004315212 0.04365744
v 0.07866387 -0.00994496 0.05693851
v 0.08291272 -0.01129752 0.04873043
v 0.07866387 -0.008045688 0.05109298
v 0.09568151 0.01170409 0.06544204
v 0.08415754 0.01446721 0.05693851
v 0.09568151 0.01446721 0.05693851
v 0.08415754 0.01170409 0.06544204
v 0.08415754 0.01170409 0.04843497
v 0.09568151 0.004470527 0.07069768
v 0.09568151 0.01170436 0.04843497
v 0.08415754 0.004470527 0.07069768
v 0.08415754 0.004470527 0.0431793
v 0.09568151 -0.004470617 0.07069768
v 0.09568151 0.004470527 0.0431793
v 0.08415754 -0.004470617 0.07069768
v 0.08415754 -0.004470617 0.0431793
v 0.09568151 -0.01170416 0.06544204
v 0.09568151 -0.004470617 0.0431793
v 0.08415754 -0.01170416 0.06544228
v 0.08415754 -0.01170416 0.04843497
v 0.09568151 -0.01446728 0.05693851
v 0.09568151 -0.01170416 0.04843497
v 0.08415754 -0.01446728 0.05693851
v 0.09729803 0.01170409 0.06544204
v 0.09568151 0.01446721 0.05693851
v 0.09729803 0.01446721 0.05693851
v 0.09568151 0.01170409 0.06544204
v 0.09568151 0.01170436 0.04843497
v 0.09729803 0.004470527 0.07069768
v 0.09729803 0.01170436 0.04843497
v 0.09568151 0.004470527 0.07069768
v 0.09568151 0.004470527 0.0431793
v 0.09729803 -0.004470617 0.07069768
v 0.09729803 0.004470527 0.0431793
v 0.09568151 -0.004470617 0.07069768
v 0.09568151 -0.004470617 0.0431793
v 0.09729803 -0.01170416 0.06544204
v 0.09729803 -0.004470617 0.0431793
v 0.09568151 -0.01170416 0.06544204
v 0.09568151 -0.01170416 0.04843497
v 0.09729803 -0.01446728 0.05693851
v 0.09729803 -0.01170416 0.04843497
v 0.09568151 -0.01446728 0.05693851
v 0.1754889 0.01170409 0.06544204
v 0.09729803 0.01446721 0.05693851
v 0.1754889 0.01446721 0.05693851
v 0.09729803 0.01170409 0.06544204
v 0.09729803 0.01170436 0.04843497
v 0.1754889 0.004470527 0.07069768
v 0.1754889 0.01170436 0.04843497
v 0.09729803 0.004470527 0.07069768
v 0.09729803 0.004470527 0.0431793
v 0.1754889 -0.004470617 0.07069768
v 0.1754889 0.004470527 0.0431793
v 0.09729803 -0.004470617 0.07069768
v 0.09729803 -0.004470617 0.0431793
v 0.1754889 -0.01170416 0.06544204
v 0.1754889 -0.004470617 0.0431793
v 0.09729803 -0.01170416 0.06544204
v 0.09729803 -0.01170416 0.04843497
v 0.1754889 -0.01446728 0.05693851
v 0.1754889 -0.01170416 0.04843497
v 0.09729803 -0.01446728 0.05693851
v 0.1816251 0.01170409 0.06544204
v 0.1754889 0.01446721 0.05693851
v 0.1816251 0.01446721 0.05693851
v 0.1754889 0.01170409 0.06544204
v 0.1754889 0.01170436 0.04843497
v 0.1816251 0.004470527 0.07069768
v 0.1816251 0.01170436 0.04843497
v 0.1754889 0.004470527 0.07069768
v 0.1754889 0.004470527 0.0431793
v 0.1816251 -0.004470617 0.07069768
v 0.1816251 0.004470527 0.0431793
v 0.1754889 -0.004470617 0.07069768
v 0.1754889 -0.004470617 0.0431793
v 0.1816251 -0.01170416 0.06544204
v 0.1816251 -0.004470617 0.0431793
v 0.1754889 -0.01170416 0.06544204
v 0.1754889 -0.01170416 0.04843497
v 0.1816251 -0.01446728 0.05693851
v 0.1816251 -0.01170416 0.04843497
v 0.1754889 -0.01446728 0.05693851
v 0.1923442 0.01170409 0.06544204
v 0.1816251 0.01446721 0.05693851
v 0.1923442 0.01446721 0.05693851
v 0.1816251 0.01170409 0.06544204
v 0.1816251 0.01170436 0.04843497
v 0.1923442 0.004470527 0.07069768
v 0.1923442 0.01170436 0.04843497
v 0.1816251 0.004470527 0.07069768
v 0.1816251 0.004470527 0.0431793
v 0.1923442 -0.004470617 0.07069768
v 0.1923442 0.004470527 0.0431793
v 0.1816251 -0.004470617 0.07069768
v 0.1816251 -0.004470617 0.0431793
v 0.1923442 -0.01170416 0.06544204
v 0.1923442 -0.004470617 0.0431793
v 0.1816251 -0.01170416 0.06544204
v 0.1816251 -0.01170416 0.04843497
v 0.1923442 -0.01446728 0.05693851
v 0.1923442 -0.01170416 0.04843497
v 0.1816251 -0.01446728 0.05693851
v 0.1946451 0.009940639 0.06416093
v 0.1946451 0.006134704 0.05693851
v 0.1946451 0.004963219 0.06054457
v 0.1946451 0.01228732 0.05693851
v 0.1946451 0.003797024 0.06862448
v 0.1946451 0.004963219 0.05333272
v 0.1946451 0.001895651 0.06277315
v 0.1946451 0.009940639 0.04971607
v 0.1946451 -0.003797114 0.06862448
v 0.1946451 0.001895651 0.05110411
v 0.1946451 -0.001895726 0.06277315
v 0.1946451 0.003797024 0.0452525
v 0.1946451 -0.009940714 0.06416093
v 0.1946451 -0.001895726 0.05110411
v 0.1946451 -0.004963025 0.06054457
v 0.1946451 -0.003797114 0.0452525
v 0.1946451 -0.01228739 0.05693851
v 0.1946451 -0.004963025 0.05333272
v 0.1946451 -0.006134778 0.05693851
v 0.1946451 -0.009940714 0.04971632
v 0.1941103 0.004146755 0.05995126
v 0.1946451 0.006134704 0.05693851
v 0.1941103 0.005125776 0.05693851
v 0.1946451 0.004963219 0.06054457
v 0.1946451 0.004963219 0.05333272
v 0.1941103 0.001584053 0.06181346
v 0.1941103 0.004146755 0.05392574
v 0.1946451 0.001895651 0.06277315
v 0.1946451 0.001895651 0.05110411
v 0.1941103 -0.001583859 0.06181346
v 0.1941103 0.001584053 0.05206379
v 0.1946451 -0.001895726 0.06277315
v 0.1946451 -0.001895726 0.05110411
v 0.1941103 -0.004146829 0.05995126
v 0.1941103 -0.001583859 0.05206379
v 0.1946451 -0.004963025 0.06054457
v 0.1946451 -0.004963025 0.05333272
v 0.1941103 -0.005125582 0.05693851
v 0.1941103 -0.004146829 0.05392574
v 0.1946451 -0.006134778 0.05693851
v 0.07440548 0.006019801 0.05693851
v 0.07870226 0.004870027 0.06047679
v 0.07440548 0.004870027 0.06047679
v 0.07870226 0.006019801 0.05693851
v 0.07440548 0.004870027 0.05340022
v 0.07870226 0.001860172 0.06266354
v 0.07440548 0.001860172 0.06266354
v 0.07870226 0.004870027 0.05340022
v 0.07440548 0.001860172 0.05121344
v 0.07870226 -0.001860246 0.06266354
v 0.07440548 -0.001860246 0.06266354
v 0.07870226 0.001860172 0.05121344
v 0.07440548 -0.001860246 0.05121344
v 0.07870226 -0.004870102 0.06047679
v 0.07440548 -0.004870102 0.06047679
v 0.07870226 -0.001860246 0.05121344
v 0.07440548 -0.004870102 0.05340022
v 0.07870226 -0.006019622 0.05693851
v 0.07440548 -0.006019622 0.05693851
v 0.07870226 -0.004870102 0.05340022
v 0.07926272 0.001687035 0.06213038
v 0.07926272 -0.001686841 0.06213038
v 0.07926272 -0.0044166 0.06014745
v 0.07926272 -0.00545916 0.05693851
v 0.07926272 -0.0044166 0.05372982
v 0.07926272 -0.001686841 0.05174664
v 0.07926272 0.004416525 0.06014745
v 0.07926272 0.001687035 0.05174664
v 0.07926272 0.005459085 0.05693851
v 0.07926272 0.004416525 0.05372982
v 0.07926272 -0.003953829 0.05693851
v 0.07926272 -0.003198788 0.05461459
v 0.07463131 8.940697E-08 0.05693851
v 0.07926272 -0.003198788 0.05926268
v 0.07926272 -0.001221955 0.0531781
v 0.07926272 -0.001221955 0.06069891
v 0.07926272 0.00122188 0.0531781
v 0.07926272 0.00122188 0.06069891
v 0.07926272 0.003198713 0.05461459
v 0.07926272 0.003198713 0.05926268
v 0.07926272 0.003954023 0.05693851
v 0.0409402 -0.01328442 0.05365543
v 0.03977269 -0.01199326 0.04949263
v 0.04054785 -0.01289153 0.05365649
v 0.04007792 -0.01205918 0.0490828
v 0.04220647 -0.01114689 0.06117015
v 0.03670087 -0.01199326 0.04949288
v 0.04176222 -0.01117389 0.06079791
v 0.03625664 -0.01202027 0.04912092
v 0.03837723 -0.01114716 0.06116353
v 0.03747605 -0.01289153 0.05365597
v 0.03869042 -0.0111731 0.06079526
v 0.03711097 -0.01328442 0.05365464
v 0.04914059 -0.01328442 0.05365703
v 0.04805806 -0.01199326 0.04949288
v 0.04875989 -0.01289128 0.05365622
v 0.0483747 -0.01202027 0.0491204
v 0.05038859 -0.01114874 0.0611773
v 0.04498626 -0.01199326 0.04949315
v 0.04994753 -0.01117548 0.06080426
v 0.04454546 -0.01202027 0.04912066
v 0.04655935 -0.01114795 0.06117384
v 0.04568782 -0.01289128 0.0536557
v 0.04687572 -0.01117495 0.06080161
v 0.04531136 -0.01328442 0.05365622
v 0.06080726 -0.01206078 0.04908042
v 0.06193982 -0.01289128 0.05365887
v 0.06123959 -0.01199353 0.04949263
v 0.06156257 -0.01328442 0.05365941
v 0.06462775 -0.01202027 0.04911986
v 0.06317936 -0.01117839 0.0608138
v 0.06426373 -0.01199326 0.04949421
v 0.06282009 -0.01113577 0.0612268
v 0.06539181 -0.01328442 0.0536602
v 0.06620377 -0.01117866 0.0608183
v 0.06501164 -0.01289128 0.05365941
v 0.06664456 -0.01115191 0.06119107
v 0.0527681 -0.01202027 0.04912013
v 0.05391866 -0.01289128 0.05365728
v 0.05320968 -0.01199353 0.04949263
v 0.05354168 -0.01328442 0.05365781
v 0.05659732 -0.01202027 0.04912013
v 0.0551243 -0.01117654 0.06080903
v 0.05628176 -0.01199353 0.04949263
v 0.05482224 -0.01112333 0.06124692
v 0.0573709 -0.01328442 0.0536586
v 0.05819611 -0.01117706 0.06081168
v 0.05699047 -0.01289128 0.05365781
v 0.05863769 -0.01115033 0.06118445
v 0.0409402 0.01328434 0.05365543
v 0.03977269 0.01199345 0.04949263
v 0.04007792 0.01205911 0.0490828
v 0.04054785 0.01289172 0.05365649
v 0.03670087 0.01199345 0.04949288
v 0.04220647 0.0111468 0.06117015
v 0.03625664 0.01202045 0.04912092
v 0.04176222 0.01117381 0.06079791
v 0.03747605 0.01289146 0.05365597
v 0.03837723 0.01114707 0.06116353
v 0.03711097 0.01328434 0.05365464
v 0.03869042 0.01117328 0.06079526
v 0.04914059 0.01328434 0.05365703
v 0.04805806 0.01199345 0.04949288
v 0.0483747 0.01202045 0.0491204
v 0.04875989 0.01289146 0.05365622
v 0.04498626 0.01199345 0.04949315
v 0.05038859 0.01114866 0.0611773
v 0.04454546 0.01202045 0.04912066
v 0.04994753 0.01117539 0.06080426
v 0.04568782 0.01289146 0.0536557
v 0.04655935 0.01114787 0.06117384
v 0.04531136 0.01328434 0.05365622
v 0.04687572 0.01117487 0.06080161
v 0.06080726 0.0120607 0.04908042
v 0.06193982 0.01289146 0.05365887
v 0.06156257 0.01328434 0.05365941
v 0.06123959 0.01199345 0.04949263
v 0.06317936 0.01117831 0.0608138
v 0.06462775 0.01202045 0.04911986
v 0.06282009 0.01113595 0.0612268
v 0.06426373 0.01199345 0.04949421
v 0.06620377 0.01117884 0.0608183
v 0.06539181 0.01328434 0.0536602
v 0.06664456 0.0111521 0.06119107
v 0.06501164 0.01289146 0.05365941
v 0.0527681 0.01202045 0.04912013
v 0.05391866 0.01289146 0.05365728
v 0.05354168 0.01328434 0.05365781
v 0.05320968 0.01199345 0.04949263
v 0.0551243 0.01117645 0.06080903
v 0.05659732 0.01202045 0.04912013
v 0.05482224 0.01112351 0.06124692
v 0.05628176 0.01199345 0.04949263
v 0.05819611 0.01117726 0.06081168
v 0.0573709 0.01328434 0.0536586
v 0.05863769 0.01115024 0.06118445
v 0.05699047 0.01289146 0.05365781
v 0.08291272 0.01129745 0.06514658
v 0.08415754 0.01446721 0.05693851
v 0.08415754 0.01170409 0.06544204
v 0.08291272 0.01396446 0.05693851
v 0.08291272 0.004315123 0.07021956
v 0.08415754 0.01170409 0.04843497
v 0.08415754 0.004470527 0.07069768
v 0.08291272 0.01129745 0.04873043
v 0.08291272 -0.004315212 0.07021956
v 0.08415754 0.004470527 0.0431793
v 0.08415754 -0.004470617 0.07069768
v 0.08291272 0.004315391 0.04365744
v 0.08291272 -0.01129752 0.06514658
v 0.08415754 -0.004470617 0.0431793
v 0.08415754 -0.01170416 0.06544228
v 0.08291272 -0.004315212 0.04365744
v 0.08291272 -0.01396453 0.05693851
v 0.08415754 -0.01170416 0.04843497
v 0.08415754 -0.01446728 0.05693851
v 0.08291272 -0.01129752 0.04873043
v 0.1923442 0.01170409 0.06544204
v 0.1946451 0.01228732 0.05693851
v 0.1946451 0.009940639 0.06416093
v 0.1923442 0.01446721 0.05693851
v 0.1923442 0.004470527 0.07069768
v 0.1946451 0.009940639 0.04971607
v 0.1946451 0.003797024 0.06862448
v 0.1923442 0.01170436 0.04843497
v 0.1923442 -0.004470617 0.07069768
v 0.1946451 0.003797024 0.0452525
v 0.1946451 -0.003797114 0.06862448
v 0.1923442 0.004470527 0.0431793
v 0.1923442 -0.01170416 0.06544204
v 0.1946451 -0.003797114 0.0452525
v 0.1946451 -0.009940714 0.06416093
v 0.1923442 -0.004470617 0.0431793
v 0.1923442 -0.01446728 0.05693851
v 0.1946451 -0.009940714 0.04971632
v 0.1946451 -0.01228739 0.05693851
v 0.1923442 -0.01170416 0.04843497
vt 0.2633365 0.755564
vt 0.2633365 0.755564
vt 0.2633365 0.755564
vt 0.2633365 0.755564
vt 0.2633365 0.755564
vt 0.2633365 0.755564
vt 0.2633365 0.755564
vt 0.2633365 0.755564
vt 0.2633365 0.755564
vt 0.2633365 0.755564
vt 0.2633365 0.755564
vt 0.2633365 0.755564
vt 0.2633365 0.755564
vt 0.2633365 0.755564
vt 0.2633365 0.755564
vt 0.2633365 0.755564
vt 0.2633365 0.755564
vt 0.830875 0.8005325
vt 0.830875 0.8005325
vt 0.830875 0.8005325
vt 0.830875 0.8005325
vt 0.830875 0.8005325
vt 0.830875 0.8005325
vt 0.5017147 0.3355942
vt 0.5017147 0.3355942
vt 0.5017147 0.3355942
vt 0.5017147 0.3355942
vt 0.5017147 0.3355942
vt 0.5017147 0.3355942
vt 0.2633365 0.755564
vt 0.2633365 0.755564
vt 0.2633365 0.755564
vt 0.2633365 0.755564
vt 0.2633365 0.755564
vt 0.2633365 0.755564
vt 0.2633365 0.755564
vt 0.2633365 0.755564
vt 0.2633365 0.755564
vt 0.2633365 0.755564
vt 0.2633365 0.755564
vt 0.2633365 0.755564
vt 0.2633365 0.755564
vt 0.2633365 0.755564
vt 0.2633365 0.755564
vt 0.2633365 0.755564
vt 0.2633365 0.755564
vt 0.2633365 0.755564
vt 0.2633365 0.755564
vt 0.2633365 0.755564
vt 0.2633365 0.755564
vt 0.2633365 0.755564
vt 0.2633365 0.755564
vt 0.2633365 0.755564
vt 0.2633365 0.755564
vt 0.2633365 0.755564
vt 0.2633365 0.755564
vt 0.2633365 0.755564
vt 0.2633365 0.755564
vt 0.2633365 0.755564
vt 0.2633365 0.755564
vt 0.2633365 0.755564
vt 0.2633365 0.755564
vt 0.2633365 0.755564
vt 0.2633365 0.755564
vt 0.2633365 0.755564
vt 0.2633365 0.755564
vt 0.2633365 0.755564
vt 0.2633365 0.755564
vt 0.2633365 0.755564
vt 0.2633365 0.755564
vt 0.2633365 0.755564
vt 0.2633365 0.755564
vt 0.2633365 0.755564
vt 0.2633365 0.755564
vt 0.2633365 0.755564
vt 0.2633365 0.755564
vt 0.2633365 0.755564
vt 0.2633365 0.755564
vt 0.2633365 0.755564
vt 0.2633365 0.755564
vt 0.2633365 0.755564
vt 0.2633365 0.755564
vt 0.2633365 0.755564
vt 0.2633365 0.755564
vt 0.2633365 0.755564
vt 0.2633365 0.755564
vt 0.2633365 0.755564
vt 0.2633365 0.755564
vt 0.2633365 0.755564
vt 0.2633365 0.755564
vt 0.2633365 0.755564
vt 0.2633365 0.755564
vt 0.2633365 0.755564
vt 0.2633365 0.755564
vt 0.2633365 0.755564
vt 0.2633365 0.755564
vt 0.2633365 0.755564
vt 0.2633365 0.755564
vt 0.6298593 0
vt 0.6298593 0
vt 0.6298593 0
vt 0.5934783 0
vt 0.5934783 0
vt 0.5934783 0
vt 0.2633365 0.755564
vt 0.2633365 0.755564
vt 0.2633365 0.755564
vt 0.2633365 0.755564
vt 0.2633365 0.755564
vt 0.2633365 0.755564
vt 0.2633365 0.755564
vt 0.2633365 0.755564
vt 0.2633365 0.755564
vt 0.2633365 0.755564
vt 0.2633365 0.755564
vt 0.2633365 0.755564
vt 0.2633365 0.755564
vt 0.2633365 0.755564
vt 0.2633365 0.755564
vt 0.2633365 0.755564
vt 0.2633365 0.755564
vt 0.2633365 0.755564
vt 0.2633365 0.755564
vt 0.2633365 0.755564
vt 0.2633365 0.755564
vt 0.2633365 0.755564
vt 0.2633365 0.755564
vt 0.2633365 0.755564
vt 0.2633365 0.755564
vt 0.2633365 0.755564
vt 0.2633365 0.755564
vt 0.2633365 0.755564
vt 0.2633365 0.755564
vt 0.2633365 0.755564
vt 0.2633365 0.755564
vt 0.2633365 0.755564
vt 0.2633365 0.755564
vt 0.2633365 0.755564
vt 0.2633365 0.755564
vt 0.2633365 0.755564
vt 0.2633365 0.755564
vt 0.830875 0.8005325
vt 0.830875 0.8005325
vt 0.830875 0.8005325
vt 0.830875 0.8005325
vt 0.830875 0.8005325
vt 0.830875 0.8005325
vt 0.830875 0.8005325
vt 0.830875 0.8005325
vt 0.830875 0.8005325
vt 0.830875 0.8005325
vt 0.830875 0.8005325
vt 0.830875 0.8005325
vt 0.830875 0.8005325
vt 0.830875 0.8005325
vt 0.830875 0.8005325
vt 0.830875 0.8005325
vt 0.830875 0.8005325
vt 0.830875 0.8005325
vt 0.830875 0.8005325
vt 0.830875 0.8005325
vt 0.830875 0.8005325
vt 0.830875 0.8005325
vt 0.830875 0.8005325
vt 0.830875 0.8005325
vt 0.830875 0.8005325
vt 0.830875 0.8005325
vt 0.830875 0.8005325
vt 0.830875 0.8005325
vt 0.830875 0.8005325
vt 0.830875 0.8005325
vt 0.830875 0.8005325
vt 0.830875 0.8005325
vt 0.830875 0.8005325
vt 0.830875 0.8005325
vt 0.830875 0.8005325
vt 0.830875 0.8005325
vt 0.830875 0.8005325
vt 0.830875 0.8005325
vt 0.830875 0.8005325
vt 0.830875 0.8005325
vt 0.830875 0.8005325
vt 0.830875 0.8005325
vt 0.830875 0.8005325
vt 0.830875 0.8005325
vt 0.830875 0.8005325
vt 0.830875 0.8005325
vt 0.830875 0.8005325
vt 0.830875 0.8005325
vt 0.830875 0.8005325
vt 0.830875 0.8005325
vt 0.830875 0.8005325
vt 0.830875 0.8005325
vt 0.830875 0.8005325
vt 0.830875 0.8005325
vt 0.830875 0.8005325
vt 0.830875 0.8005325
vt 0.830875 0.8005325
vt 0.830875 0.8005325
vt 0.830875 0.8005325
vt 0.830875 0.8005325
vt 0.830875 0.8005325
vt 0.830875 0.8005325
vt 0.830875 0.8005325
vt 0.830875 0.8005325
vt 0.2633365 0.755564
vt 0.2633365 0.755564
vt 0.2633365 0.755564
vt 0.2633365 0.755564
vt 0.2633365 0.755564
vt 0.2633365 0.755564
vt 0.2633365 0.755564
vt 0.2633365 0.755564
vt 0.2633365 0.755564
vt 0.2633365 0.755564
vt 0.2633365 0.755564
vt 0.2633365 0.755564
vt 0.2633365 0.755564
vt 0.2633365 0.755564
vt 0.2633365 0.755564
vt 0.2633365 0.755564
vt 0.2633365 0.755564
vt 0.2633365 0.755564
vt 0.2633365 0.755564
vt 0.2633365 0.755564
vt 0.2633365 0.755564
vt 0.2633365 0.755564
vt 0.2633365 0.755564
vt 0.2633365 0.755564
vt 0.2633365 0.755564
vt 0.2633365 0.755564
vt 0.2633365 0.755564
vt 0.2633365 0.755564
vt 0.2633365 0.755564
vt 0.2633365 0.755564
vt 0.2633365 0.755564
vt 0.2633365 0.755564
vt 0.2633365 0.755564
vt 0.2633365 0.755564
vt 0.2633365 0.755564
vt 0.2633365 0.755564
vt 0.2633365 0.755564
vt 0.2633365 0.755564
vt 0.2633365 0.755564
vt 0.2633365 0.755564
vt 0.2633365 0.755564
vt 0.830875 0.8005325
vt 0.830875 0.8005325
vt 0.830875 0.8005325
vt 0.830875 0.8005325
vt 0.830875 0.8005325
vt 0.830875 0.8005325
vt 0.830875 0.8005325
vt 0.830875 0.8005325
vt 0.830875 0.8005325
vt 0.830875 0.8005325
vt 0.830875 0.8005325
vt 0.830875 0.8005325
vt 0.830875 0.8005325
vt 0.830875 0.8005325
vt 0.830875 0.8005325
vt 0.830875 0.8005325
vt 0.830875 0.8005325
vt 0.830875 0.8005325
vt 0.830875 0.8005325
vt 0.830875 0.8005325
vt 0.830875 0.8005325
vt 0.830875 0.8005325
vt 0.830875 0.8005325
vt 0.830875 0.8005325
vt 0.830875 0.8005325
vt 0.830875 0.8005325
vt 0.830875 0.8005325
vt 0.830875 0.8005325
vt 0.830875 0.8005325
vt 0.830875 0.8005325
vt 0.830875 0.8005325
vt 0.830875 0.8005325
vt 0.830875 0.8005325
vt 0.830875 0.8005325
vt 0.830875 0.8005325
vt 0.830875 0.8005325
vt 0.830875 0.8005325
vt 0.830875 0.8005325
vt 0.830875 0.8005325
vt 0.830875 0.8005325
vt 0.830875 0.8005325
vt 0.830875 0.8005325
vt 0.830875 0.8005325
vt 0.830875 0.8005325
vt 0.830875 0.8005325
vt 0.830875 0.8005325
vt 0.830875 0.8005325
vt 0.830875 0.8005325
vt 0.830875 0.8005325
vt 0.830875 0.8005325
vt 0.830875 0.8005325
vt 0.830875 0.8005325
vt 0.830875 0.8005325
vt 0.830875 0.8005325
vt 0.830875 0.8005325
vt 0.830875 0.8005325
vt 0.830875 0.8005325
vt 0.830875 0.8005325
vt 0.830875 0.8005325
vt 0.830875 0.8005325
vt 0.830875 0.8005325
vt 0.830875 0.8005325
vt 0.830875 0.8005325
vt 0.830875 0.8005325
vt 0.830875 0.8005325
vt 0.830875 0.8005325
vt 0.830875 0.8005325
vt 0.830875 0.8005325
vt 0.830875 0.8005325
vt 0.830875 0.8005325
vt 0.830875 0.8005325
vt 0.830875 0.8005325
vt 0.830875 0.8005325
vt 0.830875 0.8005325
vt 0.830875 0.8005325
vt 0.830875 0.8005325
vt 0.830875 0.8005325
vt 0.830875 0.8005325
vt 0.830875 0.8005325
vt 0.830875 0.8005325
vt 0.830875 0.8005325
vt 0.830875 0.8005325
vt 0.830875 0.8005325
vt 0.830875 0.8005325
vt 0.830875 0.8005325
vt 0.830875 0.8005325
vt 0.830875 0.8005325
vt 0.830875 0.8005325
vt 0.830875 0.8005325
vt 0.2633365 0.755564
vt 0.2633365 0.755564
vt 0.2633365 0.755564
vt 0.2633365 0.755564
vt 0.2633365 0.755564
vt 0.2633365 0.755564
vt 0.2633365 0.755564
vt 0.2633365 0.755564
vt 0.2633365 0.755564
vt 0.2633365 0.755564
vt 0.2633365 0.755564
vt 0.2633365 0.755564
vt 0.2633365 0.755564
vt 0.2633365 0.755564
vt 0.830875 0.8005325
vt 0.830875 0.8005325
vt 0.830875 0.8005325
vt 0.830875 0.8005325
vt 0.830875 0.8005325
vt 0.830875 0.8005325
vt 0.830875 0.8005325
vt 0.830875 0.8005325
vt 0.830875 0.8005325
vt 0.830875 0.8005325
vt 0.830875 0.8005325
vt 0.830875 0.8005325
vt 0.830875 0.8005325
vt 0.830875 0.8005325
vt 0.830875 0.8005325
vt 0.830875 0.8005325
vt 0.830875 0.8005325
vt 0.830875 0.8005325
vt 0.830875 0.8005325
vt 0.830875 0.8005325
vt 0.830875 0.8005325
vt 0.830875 0.8005325
vt 0.2633365 0.755564
vt 0.2633365 0.755564
vt 0.2633365 0.755564
vt 0.2633365 0.755564
vt 0.2633365 0.755564
vt 0.2633365 0.755564
vt 0.2633365 0.755564
vt 0.2633365 0.755564
vt 0.2633365 0.755564
vt 0.2633365 0.755564
vt 0.2633365 0.755564
vt 0.2633365 0.755564
vt 0.2633365 0.755564
vt 0.2633365 0.755564
vt 0.2633365 0.755564
vt 0.2633365 0.755564
vt 0.2633365 0.755564
vt 0.2633365 0.755564
vt 0.2633365 0.755564
vt 0.2633365 0.755564
vt 0.2633365 0.755564
vt 0.2633365 0.755564
vt 0.2633365 0.755564
vt 0.2633365 0.755564
vt 0.830875 0.8005325
vt 0.830875 0.8005325
vt 0.830875 0.8005325
vt 0.830875 0.8005325
vt 0.830875 0.8005325
vt 0.830875 0.8005325
vt 0.830875 0.8005325
vt 0.830875 0.8005325
vt 0.830875 0.8005325
vt 0.830875 0.8005325
vt 0.830875 0.8005325
vt 0.830875 0.8005325
vt 0.830875 0.8005325
vt 0.830875 0.8005325
vt 0.830875 0.8005325
vt 0.830875 0.8005325
vt 0.830875 0.8005325
vt 0.830875 0.8005325
vt 0.830875 0.8005325
vt 0.830875 0.8005325
vt 0.830875 0.8005325
vt 0.830875 0.8005325
vt 0.830875 0.8005325
vt 0.830875 0.8005325
vt 0.830875 0.8005325
vt 0.830875 0.8005325
vt 0.830875 0.8005325
vt 0.830875 0.8005325
vt 0.830875 0.8005325
vt 0.830875 0.8005325
vt 0.830875 0.8005325
vt 0.830875 0.8005325
vt 0.830875 0.8005325
vt 0.830875 0.8005325
vt 0.830875 0.8005325
vt 0.830875 0.8005325
vt 0.830875 0.8005325
vt 0.2633365 0.755564
vt 0.2633365 0.755564
vt 0.2633365 0.755564
vt 0.2633365 0.755564
vt 0.2633365 0.755564
vt 0.2633365 0.755564
vt 0.2633365 0.755564
vt 0.2633365 0.755564
vt 0.2633365 0.755564
vt 0.2633365 0.755564
vt 0.2633365 0.755564
vt 0.2633365 0.755564
vt 0.2633365 0.755564
vt 0.2633365 0.755564
vt 0.5017147 0.3355942
vt 0.5017147 0.3355942
vt 0.5017147 0.3355942
vt 0.5017147 0.3355942
vt 0.5017147 0.3355942
vt 0.5017147 0.3355942
vt 0.5017147 0.3355942
vt 0.5017147 0.3355942
vt 0.5017147 0.3355942
vt 0.5017147 0.3355942
vt 0.5017147 0.3355942
vt 0.5017147 0.3355942
vt 0.5017147 0.3355942
vt 0.5017147 0.3355942
vt 0.5017147 0.3355942
vt 0.5017147 0.3355942
vt 0.5017147 0.3355942
vt 0.5017147 0.3355942
vt 0.5017147 0.3355942
vt 0.5017147 0.3355942
vt 0.5017147 0.3355942
vt 0.5017147 0.3355942
vt 0.5017147 0.3355942
vt 0.5017147 0.3355942
vt 0.5017147 0.3355942
vt 0.5017147 0.3355942
vt 0.5017147 0.3355942
vt 0.5017147 0.3355942
vt 0.5017147 0.3355942
vt 0.5017147 0.3355942
vt 0.5017147 0.3355942
vt 0.5017147 0.3355942
vt 0.5017147 0.3355942
vt 0.5017147 0.3355942
vt 0.5017147 0.3355942
vt 0.5017147 0.3355942
vt 0.5017147 0.3355942
vt 0.5017147 0.3355942
vt 0.5017147 0.3355942
vt 0.5017147 0.3355942
vt 0.5017147 0.3355942
vt 0.5017147 0.3355942
vt 0.5017147 0.3355942
vt 0.5017147 0.3355942
vt 0.5017147 0.3355942
vt 0.5017147 0.3355942
vt 0.5017147 0.3355942
vt 0.5017147 0.3355942
vt 0.5017147 0.3355942
vt 0.5017147 0.3355942
vt 0.5017147 0.3355942
vt 0.5017147 0.3355942
vt 0.5017147 0.3355942
vt 0.5017147 0.3355942
vt 0.5017147 0.3355942
vt 0.5017147 0.3355942
vt 0.5017147 0.3355942
vt 0.5017147 0.3355942
vt 0.5017147 0.3355942
vt 0.5017147 0.3355942
vt 0.5017147 0.3355942
vt 0.5017147 0.3355942
vt 0.5017147 0.3355942
vt 0.5017147 0.3355942
vt 0.5017147 0.3355942
vt 0.5017147 0.3355942
vt 0.5017147 0.3355942
vt 0.5017147 0.3355942
vt 0.5017147 0.3355942
vt 0.5017147 0.3355942
vt 0.5017147 0.3355942
vt 0.5017147 0.3355942
vt 0.5017147 0.3355942
vt 0.5017147 0.3355942
vt 0.5017147 0.3355942
vt 0.5017147 0.3355942
vt 0.5017147 0.3355942
vt 0.5017147 0.3355942
vt 0.5017147 0.3355942
vt 0.5017147 0.3355942
vt 0.5017147 0.3355942
vt 0.5017147 0.3355942
vt 0.5017147 0.3355942
vt 0.5017147 0.3355942
vt 0.5017147 0.3355942
vt 0.5017147 0.3355942
vt 0.5017147 0.3355942
vt 0.5017147 0.3355942
vt 0.5017147 0.3355942
vt 0.5017147 0.3355942
vt 0.5017147 0.3355942
vt 0.5017147 0.3355942
vt 0.5017147 0.3355942
vt 0.5017147 0.3355942
vt 0.5017147 0.3355942
vt 0.5017147 0.3355942
vt 0.5017147 0.3355942
vt 0.5017147 0.3355942
vt 0.5017147 0.3355942
vt 0.5017147 0.3355942
vt 0.5017147 0.3355942
vt 0.5017147 0.3355942
vt 0.5017147 0.3355942
vt 0.5017147 0.3355942
vt 0.5017147 0.3355942
vt 0.5017147 0.3355942
vt 0.5017147 0.3355942
vt 0.5017147 0.3355942
vt 0.5017147 0.3355942
vt 0.5017147 0.3355942
vt 0.5017147 0.3355942
vt 0.5017147 0.3355942
vt 0.5017147 0.3355942
vt 0.5017147 0.3355942
vt 0.5017147 0.3355942
vt 0.5017147 0.3355942
vt 0.5017147 0.3355942
vt 0.5017147 0.3355942
vt 0.5017147 0.3355942
vt 0.5017147 0.3355942
vt 0.5017147 0.3355942
vt 0.5017147 0.3355942
vt 0.5017147 0.3355942
vt 0.5017147 0.3355942
vt 0.5017147 0.3355942
vt 0.5017147 0.3355942
vt 0.5017147 0.3355942
vt 0.5017147 0.3355942
vt 0.5017147 0.3355942
vt 0.5017147 0.3355942
vt 0.5017147 0.3355942
vt 0.5017147 0.3355942
vt 0.5017147 0.3355942
vt 0.5017147 0.3355942
vt 0.5017147 0.3355942
vt 0.5017147 0.3355942
vt 0.5017147 0.3355942
vt 0.5017147 0.3355942
vt 0.5017147 0.3355942
vt 0.5017147 0.3355942
vt 0.5017147 0.3355942
vt 0.5017147 0.3355942
vt 0.5017147 0.3355942
vt 0.5017147 0.3355942
vt 0.5017147 0.3355942
vt 0.5017147 0.3355942
vt 0.5017147 0.3355942
vt 0.5017147 0.3355942
vt 0.5017147 0.3355942
vt 0.5017147 0.3355942
vt 0.5017147 0.3355942
vt 0.5017147 0.3355942
vt 0.5017147 0.3355942
vt 0.5017147 0.3355942
vt 0.5017147 0.3355942
vt 0.5017147 0.3355942
vt 0.5017147 0.3355942
vt 0.5017147 0.3355942
vt 0.5017147 0.3355942
vt 0.5017147 0.3355942
vt 0.5017147 0.3355942
vt 0.5017147 0.3355942
vt 0.5017147 0.3355942
vt 0.5017147 0.3355942
vt 0.5017147 0.3355942
vt 0.5017147 0.3355942
vt 0.5017147 0.3355942
vt 0.5017147 0.3355942
vt 0.5017147 0.3355942
vt 0.5017147 0.3355942
vt 0.5017147 0.3355942
vt 0.5017147 0.3355942
vt 0.5017147 0.3355942
vt 0.5017147 0.3355942
vt 0.5017147 0.3355942
vt 0.5017147 0.3355942
vt 0.5017147 0.3355942
vt 0.5017147 0.3355942
vt 0.5017147 0.3355942
vt 0.5017147 0.3355942
vt 0.5017147 0.3355942
vt 0.5017147 0.3355942
vt 0.5017147 0.3355942
vt 0.5017147 0.3355942
vt 0.5017147 0.3355942
vt 0.5017147 0.3355942
vt 0.5017147 0.3355942
vt 0.5017147 0.3355942
vt 0.5017147 0.3355942
vt 0.5017147 0.3355942
vt 0.5017147 0.3355942
vt 0.5017147 0.3355942
vt 0.5017147 0.3355942
vt 0.5017147 0.3355942
vt 0.5017147 0.3355942
vt 0.5017147 0.3355942
vt 0.5017147 0.3355942
vt 0.5017147 0.3355942
vt 0.5017147 0.3355942
vt 0.5017147 0.3355942
vt 0.5017147 0.3355942
vt 0.5017147 0.3355942
vt 0.5017147 0.3355942
vt 0.5017147 0.3355942
vt 0.5017147 0.3355942
vt 0.5017147 0.3355942
vt 0.5017147 0.3355942
vt 0.5017147 0.3355942
vt 0.5017147 0.3355942
vt 0.5017147 0.3355942
vt 0.5017147 0.3355942
vt 0.5017147 0.3355942
vt 0.5017147 0.3355942
vt 0.5017147 0.3355942
vt 0.5017147 0.3355942
vt 0.5017147 0.3355942
vt 0.5017147 0.3355942
vt 0.5017147 0.3355942
vt 0.5017147 0.3355942
vt 0.5017147 0.3355942
vt 0.5017147 0.3355942
vt 0.5017147 0.3355942
vt 0.5017147 0.3355942
vt 0.5017147 0.3355942
vt 0.5017147 0.3355942
vt 0.5017147 0.3355942
vt 0.5017147 0.3355942
vt 0.5017147 0.3355942
vt 0.5017147 0.3355942
vt 0.5017147 0.3355942
vt 0.5017147 0.3355942
vt 0.5017147 0.3355942
vt 0.5017147 0.3355942
vt 0.5017147 0.3355942
vt 0.5017147 0.3355942
vt 0.5017147 0.3355942
vt 0.5017147 0.3355942
vt 0.5017147 0.3355942
vt 0.5017147 0.3355942
vt 0.5017147 0.3355942
vt 0.5017147 0.3355942
vt 0.5017147 0.3355942
vt 0.5017147 0.3355942
vt 0.5017147 0.3355942
vt 0.5017147 0.3355942
vt 0.5017147 0.3355942
vt 0.5017147 0.3355942
vt 0.5017147 0.3355942
vt 0.5017147 0.3355942
vt 0.5017147 0.3355942
vt 0.5017147 0.3355942
vt 0.5017147 0.3355942
vt 0.5017147 0.3355942
vt 0.5017147 0.3355942
vt 0.5017147 0.3355942
vt 0.5017147 0.3355942
vt 0.5017147 0.3355942
vt 0.5017147 0.3355942
vt 0.5017147 0.3355942
vt 0.5017147 0.3355942
vt 0.5017147 0.3355942
vt 0.5017147 0.3355942
vt 0.5017147 0.3355942
vt 0.5017147 0.3355942
vt 0.5017147 0.3355942
vt 0.5017147 0.3355942
vt 0.5017147 0.3355942
vt 0.5017147 0.3355942
vt 0.5017147 0.3355942
vt 0.5017147 0.3355942
vt 0.5017147 0.3355942
vt 0.5017147 0.3355942
vt 0.5017147 0.3355942
vt 0.5017147 0.3355942
vt 0.2633365 0.755564
vt 0.2633365 0.755564
vt 0.2633365 0.755564
vt 0.2633365 0.755564
vt 0.2633365 0.755564
vt 0.2633365 0.755564
vt 0.2633365 0.755564
vt 0.2633365 0.755564
vt 0.2633365 0.755564
vt 0.2633365 0.755564
vt 0.2633365 0.755564
vt 0.2633365 0.755564
vt 0.2633365 0.755564
vt 0.2633365 0.755564
vt 0.2633365 0.755564
vt 0.2633365 0.755564
vt 0.2633365 0.755564
vt 0.2633365 0.755564
vt 0.2633365 0.755564
vt 0.2633365 0.755564
vt 0.2633365 0.755564
vt 0.2633365 0.755564
vt 0.2633365 0.755564
vt 0.2633365 0.755564
vt 0.2633365 0.755564
vt 0.2633365 0.755564
vt 0.2633365 0.755564
vt 0.2633365 0.755564
vt 0.2633365 0.755564
vt 0.2633365 0.755564
vt 0.2633365 0.755564
vt 0.2633365 0.755564
vt 0.2633365 0.755564
vt 0.2633365 0.755564
vt 0.2633365 0.755564
vt 0.2633365 0.755564
vt 0.2633365 0.755564
vt 0.2633365 0.755564
vt 0.2633365 0.755564
vt 0.2633365 0.755564
vt 0.2633365 0.755564
vt 0.2633365 0.755564
vt 0.2633365 0.755564
vt 0.2633365 0.755564
vt 0.2633365 0.755564
vt 0.2633365 0.755564
vt 0.2633365 0.755564
vt 0.2633365 0.755564
vt 0.2633365 0.755564
vt 0.2633365 0.755564
vt 0.2633365 0.755564
vt 0.2633365 0.755564
vt 0.2633365 0.755564
vt 0.2633365 0.755564
vt 0.2633365 0.755564
vt 0.2633365 0.755564
vt 0.2633365 0.755564
vt 0.2633365 0.755564
vt 0.2633365 0.755564
vt 0.2633365 0.755564
vt 0.2633365 0.755564
vt 0.2633365 0.755564
vt 0.2633365 0.755564
vt 0.2633365 0.755564
vt 0.2633365 0.755564
vt 0.5017147 0.3355942
vt 0.5017147 0.3355942
vt 0.5017147 0.3355942
vt 0.5017147 0.3355942
vt 0.5017147 0.3355942
vt 0.5017147 0.3355942
vt 0.5017147 0.3355942
vt 0.5017147 0.3355942
vt 0.5017147 0.3355942
vt 0.5017147 0.3355942
vt 0.5017147 0.3355942
vt 0.5017147 0.3355942
vt 0.5017147 0.3355942
vt 0.5017147 0.3355942
vt 0.5017147 0.3355942
vt 0.5017147 0.3355942
vt 0.5017147 0.3355942
vt 0.5017147 0.3355942
vt 0.5017147 0.3355942
vt 0.5017147 0.3355942
vt 0.5017147 0.3355942
vt 0.5017147 0.3355942
vt 0.5017147 0.3355942
vt 0.5017147 0.3355942
vt 0.5017147 0.3355942
vt 0.5017147 0.3355942
vt 0.5017147 0.3355942
vt 0.5017147 0.3355942
vt 0.5017147 0.3355942
vt 0.5017147 0.3355942
vt 0.5017147 0.3355942
vt 0.5017147 0.3355942
vt 0.5017147 0.3355942
vt 0.5017147 0.3355942
vt 0.5017147 0.3355942
vt 0.5017147 0.3355942
vt 0.5017147 0.3355942
vt 0.5017147 0.3355942
vt 0.5017147 0.3355942
vt 0.5017147 0.3355942
vt 0.5017147 0.3355942
vt 0.5017147 0.3355942
vt 0.5017147 0.3355942
vt 0.5017147 0.3355942
vt 0.5017147 0.3355942
vt 0.5017147 0.3355942
vt 0.5017147 0.3355942
vt 0.5017147 0.3355942
vt 0.5017147 0.3355942
vt 0.5017147 0.3355942
vt 0.5017147 0.3355942
vt 0.5017147 0.3355942
vt 0.5017147 0.3355942
vt 0.5017147 0.3355942
vt 0.5017147 0.3355942
vt 0.5017147 0.3355942
vt 0.5017147 0.3355942
vt 0.5017147 0.3355942
vt 0.5017147 0.3355942
vt 0.830875 0.8005325
vt 0.830875 0.8005325
vt 0.830875 0.8005325
vt 0.830875 0.8005325
vt 0.830875 0.8005325
vt 0.830875 0.8005325
vt 0.830875 0.8005325
vt 0.830875 0.8005325
vt 0.4923093 0.09998308
vt 0.4923093 0.09998308
vt 0.4923093 0.09998308
vt 0.4923093 0.09998308
vt 0.4923093 0.09998308
vt 0.4923093 0.09998308
vt 0.4923093 0.09998308
vt 0.4923093 0.09998308
vt 0.4923093 0.09998308
vt 0.4923093 0.09998308
vt 0.4923093 0.09998308
vt 0.4923093 0.09998308
vt 0.4923093 0.09998308
vt 0.4923093 0.09998308
vt 0.4923093 0.09998308
vt 0.4923093 0.09998308
vt 0.4923093 0.09998308
vt 0.4923093 0.09998308
vt 0.4923093 0.09998308
vt 0.4923093 0.09998308
vt 0.4923093 0.09998308
vt 0.4923093 0.09998308
vt 0.4923093 0.09998308
vt 0.4923093 0.09998308
vt 0.4923093 0.09998308
vt 0.4923093 0.09998308
vt 0.4923093 0.09998308
vt 0.4923093 0.09998308
vt 0.4923093 0.09998308
vt 0.4923093 0.09998308
vt 0.4923093 0.09998308
vt 0.4923093 0.09998308
vt 0.4923093 0.09998308
vt 0.4923093 0.09998308
vt 0.4923093 0.09998308
vt 0.4923093 0.09998308
vt 0.4923093 0.09998308
vt 0.4923093 0.09998308
vt 0.4923093 0.09998308
vt 0.4923093 0.09998308
vt 0.4923093 0.09998308
vt 0.4923093 0.09998308
vt 0.4923093 0.09998308
vt 0.4923093 0.09998308
vt 0.4923093 0.09998308
vt 0.4923093 0.09998308
vt 0.4923093 0.09998308
vt 0.4923093 0.09998308
vt 0.4923093 0.09998308
vt 0.4923093 0.09998308
vt 0.4923093 0.09998308
vt 0.4923093 0.09998308
vt 0.4923093 0.09998308
vt 0.4923093 0.09998308
vt 0.4923093 0.09998308
vt 0.4923093 0.09998308
vt 0.4923093 0.09998308
vt 0.4923093 0.09998308
vt 0.4923093 0.09998308
vt 0.4923093 0.09998308
vt 0.4923093 0.09998308
vt 0.4923093 0.09998308
vt 0.4923093 0.09998308
vt 0.4923093 0.09998308
vt 0.4923093 0.09998308
vt 0.4923093 0.09998308
vt 0.4923093 0.09998308
vt 0.4923093 0.09998308
vt 0.4923093 0.09998308
vt 0.4923093 0.09998308
vt 0.4923093 0.09998308
vt 0.4923093 0.09998308
vt 0.4923093 0.09998308
vt 0.4923093 0.09998308
vt 0.4923093 0.09998308
vt 0.4923093 0.09998308
vt 0.4923093 0.09998308
vt 0.4923093 0.09998308
vt 0.4923093 0.09998308
vt 0.4923093 0.09998308
vt 0.4923093 0.09998308
vt 0.4923093 0.09998308
vt 0.4923093 0.09998308
vt 0.4923093 0.09998308
vt 0.4923093 0.09998308
vt 0.4923093 0.09998308
vt 0.4923093 0.09998308
vt 0.4923093 0.09998308
vt 0.4923093 0.09998308
vt 0.4923093 0.09998308
vt 0.4923093 0.09998308
vt 0.4923093 0.09998308
vt 0.4923093 0.09998308
vt 0.4923093 0.09998308
vt 0.4923093 0.09998308
vt 0.4923093 0.09998308
vt 0.4923093 0.09998308
vt 0.4923093 0.09998308
vt 0.4923093 0.09998308
vt 0.4923093 0.09998308
vt 0.4923093 0.09998308
vt 0.4923093 0.09998308
vt 0.4923093 0.09998308
vt 0.4923093 0.09998308
vt 0.4923093 0.09998308
vt 0.4923093 0.09998308
vt 0.4923093 0.09998308
vt 0.4923093 0.09998308
vt 0.4923093 0.09998308
vt 0.4923093 0.09998308
vt 0.4923093 0.09998308
vt 0.4923093 0.09998308
vt 0.4923093 0.09998308
vt 0.4923093 0.09998308
vt 0.4923093 0.09998308
vt 0.4923093 0.09998308
vt 0.4923093 0.09998308
vt 0.4923093 0.09998308
vt 0.4923093 0.09998308
vt 0.4923093 0.09998308
vt 0.4923093 0.09998308
vt 0.4923093 0.09998308
vt 0.4923093 0.09998308
vt 0.4923093 0.09998308
vt 0.4923093 0.09998308
vt 0.4923093 0.09998308
vt 0.4923093 0.09998308
vt 0.4923093 0.09998308
vt 0.4923093 0.09998308
vt 0.4923093 0.09998308
vt 0.4923093 0.09998308
vt 0.4923093 0.09998308
vt 0.4923093 0.09998308
vt 0.4923093 0.09998308
vt 0.4923093 0.09998308
vt 0.4923093 0.09998308
vt 0.4923093 0.09998308
vt 0.4923093 0.09998308
vt 0.4923093 0.09998308
vt 0.4923093 0.09998308
vt 0.4923093 0.09998308
vt 0.4923093 0.09998308
vt 0.4923093 0.09998308
vt 0.4923093 0.09998308
vt 0.4923093 0.09998308
vt 0.4923093 0.09998308
vt 0.4923093 0.09998308
vt 0.4923093 0.09998308
vt 0.4923093 0.09998308
vt 0.4923093 0.09998308
vt 0.4923093 0.09998308
vt 0.4923093 0.09998308
vt 0.4923093 0.09998308
vt 0.4923093 0.09998308
vt 0.4923093 0.09998308
vt 0.4923093 0.09998308
vt 0.4923093 0.09998308
vt 0.4923093 0.09998308
vt 0.4923093 0.09998308
vt 0.4923093 0.09998308
vt 0.4923093 0.09998308
vt 0.4923093 0.09998308
vt 0.4923093 0.09998308
vt 0.4923093 0.09998308
vt 0.4923093 0.09998308
vt 0.4923093 0.09998308
vt 0.4923093 0.09998308
vt 0.4923093 0.09998308
vt 0.4923093 0.09998308
vt 0.4923093 0.09998308
vt 0.4923093 0.09998308
vt 0.4923093 0.09998308
vt 0.4923093 0.09998308
vt 0.4923093 0.09998308
vt 0.4923093 0.09998308
vt 0.4923093 0.09998308
vt 0.4923093 0.09998308
vt 0.4923093 0.09998308
vt 0.4923093 0.09998308
vt 0.4923093 0.09998308
vt 0.4923093 0.09998308
vt 0.4923093 0.09998308
vt 0.4923093 0.09998308
vt 0.4923093 0.09998308
vt 0.4923093 0.09998308
vt 0.4923093 0.09998308
vt 0.4923093 0.09998308
vt 0.4923093 0.09998308
vt 0.4923093 0.09998308
vt 0.4923093 0.09998308
vt 0.4923093 0.09998308
vt 0.4923093 0.09998308
vt 0.4923093 0.09998308
vt 0.4923093 0.09998308
vt 0.4923093 0.09998308
vt 0.4923093 0.09998308
vt 0.4923093 0.09998308
vt 0.4923093 0.09998308
vt 0.4923093 0.09998308
vt 0.4923093 0.09998308
vt 0.4923093 0.09998308
vt 0.4923093 0.09998308
vt 0.830875 0.8005325
vt 0.830875 0.8005325
vt 0.830875 0.8005325
vt 0.830875 0.8005325
vt 0.830875 0.8005325
vt 0.830875 0.8005325
vt 0.830875 0.8005325
vt 0.830875 0.8005325
vt 0.830875 0.8005325
vt 0.830875 0.8005325
vt 0.830875 0.8005325
vt 0.830875 0.8005325
vt 0.830875 0.8005325
vt 0.830875 0.8005325
vt 0.830875 0.8005325
vt 0.830875 0.8005325
vt 0.830875 0.8005325
vt 0.830875 0.8005325
vt 0.830875 0.8005325
vt 0.830875 0.8005325
vt 0.830875 0.8005325
vt 0.830875 0.8005325
vt 0.830875 0.8005325
vt 0.830875 0.8005325
vt 0.830875 0.8005325
vt 0.830875 0.8005325
vt 0.830875 0.8005325
vt 0.830875 0.8005325
vt 0.830875 0.8005325
vt 0.830875 0.8005325
vt 0.5017147 0.3355942
vt 0.5017147 0.3355942
vt 0.5017147 0.3355942
vt 0.5017147 0.3355942
vt 0.5017147 0.3355942
vt 0.5017147 0.3355942
vt 0.5017147 0.3355942
vt 0.5017147 0.3355942
vt 0.5017147 0.3355942
vt 0.5017147 0.3355942
vt 0.5017147 0.3355942
vt 0.5017147 0.3355942
vt 0.5017147 0.3355942
vt 0.5017147 0.3355942
vt 0.5017147 0.3355942
vt 0.5017147 0.3355942
vt 0.5017147 0.3355942
vt 0.5017147 0.3355942
vt 0.5017147 0.3355942
vt 0.5017147 0.3355942
vt 0.5017147 0.3355942
vt 0.5017147 0.3355942
vt 0.5017147 0.3355942
vt 0.5017147 0.3355942
vt 0.5017147 0.3355942
vt 0.5017147 0.3355942
vt 0.5017147 0.3355942
vt 0.5017147 0.3355942
vt 0.5017147 0.3355942
vt 0.5017147 0.3355942
vt 0.5017147 0.3355942
vt 0.5017147 0.3355942
vt 0.5017147 0.3355942
vt 0.5017147 0.3355942
vt 0.5017147 0.3355942
vt 0.5017147 0.3355942
vt 0.5017147 0.3355942
vt 0.5017147 0.3355942
vt 0.5017147 0.3355942
vt 0.5017147 0.3355942
vt 0.5017147 0.3355942
vt 0.5017147 0.3355942
vt 0.5017147 0.3355942
vt 0.5017147 0.3355942
vt 0.5017147 0.3355942
vt 0.5017147 0.3355942
vt 0.5017147 0.3355942
vt 0.5017147 0.3355942
vt 0.5017147 0.3355942
vt 0.5017147 0.3355942
vt 0.5017147 0.3355942
vt 0.5017147 0.3355942
vt 0.5017147 0.3355942
vt 0.5017147 0.3355942
vt 0.5017147 0.3355942
vt 0.5017147 0.3355942
vt 0.5017147 0.3355942
vt 0.830875 0.8005325
vt 0.830875 0.8005325
vt 0.830875 0.8005325
vt 0.830875 0.8005325
vt 0.830875 0.8005325
vt 0.830875 0.8005325
vt 0.830875 0.8005325
vt 0.830875 0.8005325
vt 0.830875 0.8005325
vt 0.830875 0.8005325
vt 0.830875 0.8005325
vt 0.830875 0.8005325
vt 0.830875 0.8005325
vt 0.830875 0.8005325
vt 0.830875 0.8005325
vt 0.830875 0.8005325
vt 0.830875 0.8005325
vt 0.830875 0.8005325
vt 0.830875 0.8005325
vt 0.830875 0.8005325
vt 0.830875 0.8005325
vt 0.830875 0.8005325
vt 0.830875 0.8005325
vt 0.830875 0.8005325
vt 0.830875 0.8005325
vt 0.830875 0.8005325
vt 0.830875 0.8005325
vt 0.830875 0.8005325
vt 0.830875 0.8005325
vt 0.830875 0.8005325
vt 0.830875 0.8005325
vt 0.830875 0.8005325
vt 0.830875 0.8005325
vt 0.830875 0.8005325
vt 0.4923093 0.09998308
vt 0.4923093 0.09998308
vt 0.4923093 0.09998308
vt 0.4923093 0.09998308
vt 0.4923093 0.09998308
vt 0.4923093 0.09998308
vt 0.4923093 0.09998308
vt 0.4923093 0.09998308
vt 0.4923093 0.09998308
vt 0.4923093 0.09998308
vt 0.4923093 0.09998308
vt 0.4923093 0.09998308
vt 0.4923093 0.09998308
vt 0.4923093 0.09998308
vt 0.4923093 0.09998308
vt 0.4923093 0.09998308
vt 0.4923093 0.09998308
vt 0.4923093 0.09998308
vt 0.4923093 0.09998308
vt 0.4923093 0.09998308
vt 0.4923093 0.09998308
vt 0.4923093 0.09998308
vt 0.4923093 0.09998308
vt 0.4923093 0.09998308
vt 0.4923093 0.09998308
vt 0.4923093 0.09998308
vt 0.4923093 0.09998308
vt 0.4923093 0.09998308
vt 0.4923093 0.09998308
vt 0.4923093 0.09998308
vt 0.4923093 0.09998308
vt 0.4923093 0.09998308
vt 0.5017147 0.3355942
vt 0.5017147 0.3355942
vt 0.5017147 0.3355942
vt 0.5017147 0.3355942
vt 0.5017147 0.3355942
vt 0.5017147 0.3355942
vt 0.5017147 0.3355942
vt 0.5017147 0.3355942
vt 0.5017147 0.3355942
vt 0.5017147 0.3355942
vt 0.5017147 0.3355942
vt 0.5017147 0.3355942
vt 0.830875 0.8005325
vt 0.830875 0.8005325
vt 0.830875 0.8005325
vt 0.830875 0.8005325
vt 0.830875 0.8005325
vt 0.830875 0.8005325
vt 0.830875 0.8005325
vt 0.830875 0.8005325
vt 0.2633365 0.755564
vt 0.2633365 0.755564
vt 0.2633365 0.755564
vt 0.2633365 0.755564
vt 0.2633365 0.755564
vt 0.2633365 0.755564
vt 0.2633365 0.755564
vt 0.2633365 0.755564
vt 0.2633365 0.755564
vt 0.2633365 0.755564
vt 0.2633365 0.755564
vt 0.2633365 0.755564
vt 0.2633365 0.755564
vt 0.2633365 0.755564
vt 0.2633365 0.755564
vt 0.2633365 0.755564
vt 0.2633365 0.755564
vt 0.2633365 0.755564
vt 0.2633365 0.755564
vt 0.2633365 0.755564
vt 0.2633365 0.755564
vt 0.2633365 0.755564
vt 0.2633365 0.755564
vt 0.2633365 0.755564
vt 0.2633365 0.755564
vt 0.2633365 0.755564
vt 0.2633365 0.755564
vt 0.2633365 0.755564
vt 0.2633365 0.755564
vt 0.2633365 0.755564
vt 0.2633365 0.755564
vt 0.2633365 0.755564
vt 0.2633365 0.755564
vt 0.2633365 0.755564
vt 0.2633365 0.755564
vt 0.2633365 0.755564
vt 0.2633365 0.755564
vt 0.2633365 0.755564
vt 0.2633365 0.755564
vt 0.2633365 0.755564
vt 0.2633365 0.755564
vt 0.2633365 0.755564
vt 0.2633365 0.755564
vt 0.2633365 0.755564
vt 0.2633365 0.755564
vt 0.2633365 0.755564
vt 0.2633365 0.755564
vt 0.2633365 0.755564
vt 0.2633365 0.755564
vt 0.2633365 0.755564
vt 0.2633365 0.755564
vt 0.2633365 0.755564
vt 0.2633365 0.755564
vt 0.2633365 0.755564
vt 0.2633365 0.755564
vt 0.2633365 0.755564
vt 0.2633365 0.755564
vt 0.2633365 0.755564
vt 0.2633365 0.755564
vt 0.2633365 0.755564
vt 0.2633365 0.755564
vt 0.2633365 0.755564
vt 0.2633365 0.755564
vt 0.2633365 0.755564
vt 0.2633365 0.755564
vt 0.2633365 0.755564
vt 0.2633365 0.755564
vt 0.2633365 0.755564
vt 0.2633365 0.755564
vt 0.2633365 0.755564
vt 0.2633365 0.755564
vt 0.2633365 0.755564
vt 0.2633365 0.755564
vt 0.2633365 0.755564
vt 0.2633365 0.755564
vt 0.2633365 0.755564
vt 0.2633365 0.755564
vt 0.2633365 0.755564
vt 0.2633365 0.755564
vt 0.2633365 0.755564
vt 0.2633365 0.755564
vt 0.2633365 0.755564
vt 0.2633365 0.755564
vt 0.2633365 0.755564
vt 0.2633365 0.755564
vt 0.2633365 0.755564
vt 0.2633365 0.755564
vt 0.2633365 0.755564
vt 0.2633365 0.755564
vt 0.2633365 0.755564
vt 0.2633365 0.755564
vt 0.2633365 0.755564
vt 0.2633365 0.755564
vt 0.2633365 0.755564
vt 0.2633365 0.755564
vt 0.2633365 0.755564
vt 0.2633365 0.755564
vt 0.2633365 0.755564
vt 0.2633365 0.755564
vt 0.2633365 0.755564
vt 0.2633365 0.755564
vt 0.2633365 0.755564
vt 0.2633365 0.755564
vt 0.2633365 0.755564
vt 0.2633365 0.755564
vt 0.2633365 0.755564
vt 0.2633365 0.755564
vt 0.2633365 0.755564
vt 0.2633365 0.755564
vt 0.2633365 0.755564
vt 0.2633365 0.755564
vt 0.2633365 0.755564
vt 0.2633365 0.755564
vt 0.2633365 0.755564
vt 0.2633365 0.755564
vt 0.2633365 0.755564
vt 0.2633365 0.755564
vt 0.2633365 0.755564
vt 0.2633365 0.755564
vt 0.2633365 0.755564
vt 0.2633365 0.755564
vt 0.2633365 0.755564
vt 0.2633365 0.755564
vt 0.2633365 0.755564
vt 0.2633365 0.755564
vt 0.2633365 0.755564
vt 0.2633365 0.755564
vt 0.2633365 0.755564
vt 0.2633365 0.755564
vt 0.2633365 0.755564
vt 0.2633365 0.755564
vt 0.2633365 0.755564
vt 0.2633365 0.755564
vt 0.2633365 0.755564
vt 0.2633365 0.755564
vt 0.2633365 0.755564
vt 0.2633365 0.755564
vt 0.2633365 0.755564
vt 0.2633365 0.755564
vt 0.2633365 0.755564
vt 0.2633365 0.755564
vt 0.2633365 0.755564
vt 0.2633365 0.755564
vt 0.2633365 0.755564
vt 0.2633365 0.755564
vt 0.2633365 0.755564
vt 0.2633365 0.755564
vt 0.2633365 0.755564
vt 0.2633365 0.755564
vt 0.2633365 0.755564
vt 0.2633365 0.755564
vt 0.2633365 0.755564
vt 0.2633365 0.755564
vt 0.2633365 0.755564
vt 0.2633365 0.755564
vt 0.2633365 0.755564
vt 0.2633365 0.755564
vt 0.2633365 0.755564
vt 0.2633365 0.755564
vt 0.2633365 0.755564
vt 0.2633365 0.755564
vt 0.2633365 0.755564
vt 0.2633365 0.755564
vt 0.2633365 0.755564
vt 0.2633365 0.755564
vt 0.2633365 0.755564
vt 0.2633365 0.755564
vt 0.2633365 0.755564
vt 0.2633365 0.755564
vt 0.2633365 0.755564
vt 0.2633365 0.755564
vt 0.1492726 0.3506564
vt 0.1492726 0.3506564
vt 0.1492726 0.3506564
vt 0.1492726 0.3506564
vt 0.1492726 0.3506564
vt 0.1492726 0.3506564
vt 0.1492726 0.3506564
vt 0.1492726 0.3506564
vt 0.1492726 0.3506564
vt 0.1492726 0.3506564
vt 0.1492726 0.3506564
vt 0.1492726 0.3506564
vt 0.1492726 0.3506564
vt 0.1492726 0.3506564
vt 0.1492726 0.3506564
vt 0.1492726 0.3506564
vt 0.2633365 0.755564
vt 0.2633365 0.755564
vt 0.2633365 0.755564
vt 0.2633365 0.755564
vt 0.2633365 0.755564
vt 0.2633365 0.755564
vt 0.2633365 0.755564
vt 0.2633365 0.755564
vt 0.2633365 0.755564
vt 0.2633365 0.755564
vt 0.2633365 0.755564
vt 0.2633365 0.755564
vt 0.2633365 0.755564
vt 0.2633365 0.755564
vt 0.2633365 0.755564
vt 0.2633365 0.755564
vt 0.2633365 0.755564
vt 0.2633365 0.755564
vt 0.2633365 0.755564
vt 0.2633365 0.755564
vt 0.2633365 0.755564
vt 0.2633365 0.755564
vt 0.2633365 0.755564
vt 0.2633365 0.755564
vt 0.2633365 0.755564
vt 0.2633365 0.755564
vt 0.2633365 0.755564
vt 0.2633365 0.755564
vt 0.2633365 0.755564
vt 0.2633365 0.755564
vt 0.2633365 0.755564
vt 0.2633365 0.755564
vt 0.2633365 0.755564
vt 0.2633365 0.755564
vt 0.2633365 0.755564
vt 0.2633365 0.755564
vt 0.2633365 0.755564
vt 0.2633365 0.755564
vt 0.2633365 0.755564
vt 0.2633365 0.755564
vt 0.2633365 0.755564
vt 0.2633365 0.755564
vt 0.2633365 0.755564
vt 0.2633365 0.755564
vt 0.2633365 0.755564
vt 0.2633365 0.755564
vt 0.2633365 0.755564
vt 0.2633365 0.755564
vt 0.2633365 0.755564
vt 0.2633365 0.755564
vt 0.2633365 0.755564
vt 0.2633365 0.755564
vt 0.2633365 0.755564
vt 0.2633365 0.755564
vt 0.2633365 0.755564
vt 0.2633365 0.755564
vt 0.2633365 0.755564
vt 0.2633365 0.755564
vt 0.2633365 0.755564
vt 0.2633365 0.755564
vt 0.2633365 0.755564
vt 0.2633365 0.755564
vt 0.2633365 0.755564
vt 0.2633365 0.755564
vt 0.2633365 0.755564
vt 0.2633365 0.755564
vt 0.2633365 0.755564
vt 0.2633365 0.755564
vt 0.2633365 0.755564
vt 0.2633365 0.755564
vt 0.2633365 0.755564
vt 0.2633365 0.755564
vt 0.2633365 0.755564
vt 0.2633365 0.755564
vt 0.2633365 0.755564
vt 0.2633365 0.755564
vt 0.2633365 0.755564
vt 0.2633365 0.755564
vt 0.2633365 0.755564
vt 0.2633365 0.755564
vt 0.2633365 0.755564
vt 0.2633365 0.755564
vt 0.2633365 0.755564
vt 0.2633365 0.755564
vt 0.2633365 0.755564
vt 0.2633365 0.755564
vt 0.2633365 0.755564
vt 0.2633365 0.755564
vt 0.2633365 0.755564
vt 0.2633365 0.755564
vt 0.2633365 0.755564
vt 0.2633365 0.755564
vt 0.2633365 0.755564
vt 0.2633365 0.755564
vt 0.2633365 0.755564
vt 0.2633365 0.755564
vt 0.2633365 0.755564
vt 0.2633365 0.755564
vt 0.2633365 0.755564
vt 0.2633365 0.755564
vt 0.2633365 0.755564
vt 0.2633365 0.755564
vt 0.2633365 0.755564
vt 0.2633365 0.755564
vt 0.2633365 0.755564
vt 0.2633365 0.755564
vt 0.2633365 0.755564
vt 0.2633365 0.755564
vt 0.2633365 0.755564
vt 0.2633365 0.755564
vt 0.2633365 0.755564
vt 0.2633365 0.755564
vt 0.2633365 0.755564
vt 0.2633365 0.755564
vt 0.2633365 0.755564
vt 0.2633365 0.755564
vt 0.2633365 0.755564
vt 0.2633365 0.755564
vt 0.2633365 0.755564
vt 0.2633365 0.755564
vt 0.2633365 0.755564
vt 0.2633365 0.755564
vt 0.2633365 0.755564
vt 0.2633365 0.755564
vt 0.2633365 0.755564
vt 0.2633365 0.755564
vt 0.2633365 0.755564
vt 0.2633365 0.755564
vt 0.2633365 0.755564
vt 0.2633365 0.755564
vt 0.2633365 0.755564
vt 0.830875 0.8005325
vt 0.830875 0.8005325
vt 0.830875 0.8005325
vt 0.830875 0.8005325
vt 0.830875 0.8005325
vt 0.830875 0.8005325
vt 0.830875 0.8005325
vt 0.830875 0.8005325
vt 0.830875 0.8005325
vt 0.830875 0.8005325
vt 0.830875 0.8005325
vt 0.830875 0.8005325
vt 0.830875 0.8005325
vt 0.830875 0.8005325
vt 0.830875 0.8005325
vt 0.830875 0.8005325
vt 0.830875 0.8005325
vt 0.830875 0.8005325
vt 0.830875 0.8005325
vt 0.830875 0.8005325
vt 0.830875 0.8005325
vt 0.830875 0.8005325
vt 0.830875 0.8005325
vt 0.830875 0.8005325
vt 0.830875 0.8005325
vt 0.830875 0.8005325
vt 0.830875 0.8005325
vt 0.830875 0.8005325
vt 0.830875 0.8005325
vt 0.830875 0.8005325
vt 0.830875 0.8005325
vt 0.830875 0.8005325
vt 0.830875 0.8005325
vt 0.830875 0.8005325
vt 0.830875 0.8005325
vt 0.830875 0.8005325
vt 0.830875 0.8005325
vt 0.830875 0.8005325
vt 0.830875 0.8005325
vt 0.830875 0.8005325
vt 0.830875 0.8005325
vt 0.830875 0.8005325
vt 0.830875 0.8005325
vt 0.830875 0.8005325
vt 0.830875 0.8005325
vt 0.830875 0.8005325
vt 0.830875 0.8005325
vt 0.830875 0.8005325
vt 0.830875 0.8005325
vt 0.830875 0.8005325
vt 0.830875 0.8005325
vt 0.830875 0.8005325
vt 0.830875 0.8005325
vt 0.830875 0.8005325
vt 0.830875 0.8005325
vt 0.830875 0.8005325
vt 0.830875 0.8005325
vt 0.830875 0.8005325
vt 0.830875 0.8005325
vt 0.830875 0.8005325
vt 0.830875 0.8005325
vt 0.830875 0.8005325
vt 0.830875 0.8005325
vt 0.830875 0.8005325
vt 0.830875 0.8005325
vt 0.830875 0.8005325
vt 0.830875 0.8005325
vt 0.830875 0.8005325
vt 0.830875 0.8005325
vt 0.830875 0.8005325
vt 0.830875 0.8005325
vt 0.830875 0.8005325
vt 0.830875 0.8005325
vt 0.830875 0.8005325
vt 0.830875 0.8005325
vt 0.830875 0.8005325
vt 0.830875 0.8005325
vt 0.830875 0.8005325
vt 0.830875 0.8005325
vt 0.830875 0.8005325
vt 0.830875 0.8005325
vt 0.830875 0.8005325
vt 0.830875 0.8005325
vt 0.830875 0.8005325
vt 0.830875 0.8005325
vt 0.830875 0.8005325
vt 0.830875 0.8005325
vt 0.830875 0.8005325
vt 0.830875 0.8005325
vt 0.830875 0.8005325
vt 0.830875 0.8005325
vt 0.830875 0.8005325
vt 0.830875 0.8005325
vt 0.830875 0.8005325
vt 0.830875 0.8005325
vt 0.830875 0.8005325
vt 0.830875 0.8005325
vt 0.830875 0.8005325
vt 0.830875 0.8005325
vt 0.830875 0.8005325
vt 0.830875 0.8005325
vt 0.830875 0.8005325
vt 0.830875 0.8005325
vt 0.830875 0.8005325
vt 0.830875 0.8005325
vt 0.830875 0.8005325
vt 0.830875 0.8005325
vt 0.2633365 0.755564
vt 0.2633365 0.755564
vt 0.2633365 0.755564
vt 0.2633365 0.755564
vt 0.2633365 0.755564
vt 0.2633365 0.755564
vt 0.2633365 0.755564
vt 0.2633365 0.755564
vt 0.2633365 0.755564
vt 0.2633365 0.755564
vt 0.2633365 0.755564
vt 0.2633365 0.755564
vt 0.2633365 0.755564
vt 0.2633365 0.755564
vt 0.2633365 0.755564
vt 0.830875 0.8005325
vt 0.830875 0.8005325
vt 0.830875 0.8005325
vt 0.830875 0.8005325
vt 0.830875 0.8005325
vt 0.830875 0.8005325
vt 0.830875 0.8005325
vt 0.830875 0.8005325
vt 0.830875 0.8005325
vt 0.830875 0.8005325
vt 0.830875 0.8005325
vt 0.830875 0.8005325
vt 0.830875 0.8005325
vt 0.830875 0.8005325
vt 0.830875 0.8005325
vt 0.830875 0.8005325
vt 0.830875 0.8005325
vt 0.830875 0.8005325
vt 0.830875 0.8005325
vt 0.830875 0.8005325
vt 0.830875 0.8005325
vt 0.830875 0.8005325
vt 0.830875 0.8005325
vt 0.830875 0.8005325
vt 0.830875 0.8005325
vt 0.830875 0.8005325
vt 0.830875 0.8005325
vt 0.830875 0.8005325
vt 0.830875 0.8005325
vt 0.830875 0.8005325
vt 0.830875 0.8005325
vt 0.830875 0.8005325
vt 0.830875 0.8005325
vt 0.830875 0.8005325
vt 0.830875 0.8005325
vt 0.830875 0.8005325
vt 0.830875 0.8005325
vt 0.830875 0.8005325
vt 0.830875 0.8005325
vt 0.830875 0.8005325
vt 0.830875 0.8005325
vt 0.830875 0.8005325
vt 0.830875 0.8005325
vt 0.830875 0.8005325
vt 0.830875 0.8005325
vt 0.830875 0.8005325
vt 0.830875 0.8005325
vt 0.830875 0.8005325
vt 0.830875 0.8005325
vt 0.830875 0.8005325
vt 0.830875 0.8005325
vt 0.830875 0.8005325
vt 0.830875 0.8005325
vt 0.830875 0.8005325
vt 0.830875 0.8005325
vt 0.830875 0.8005325
vt 0.830875 0.8005325
vt 0.830875 0.8005325
vt 0.830875 0.8005325
vt 0.830875 0.8005325
vt 0.830875 0.8005325
vt 0.830875 0.8005325
vt 0.830875 0.8005325
vt 0.830875 0.8005325
vt 0.830875 0.8005325
vt 0.830875 0.8005325
vt 0.830875 0.8005325
vt 0.830875 0.8005325
vt 0.830875 0.8005325
vt 0.830875 0.8005325
vt 0.830875 0.8005325
vt 0.830875 0.8005325
vt 0.830875 0.8005325
vt 0.830875 0.8005325
vt 0.830875 0.8005325
vt 0.830875 0.8005325
vt 0.830875 0.8005325
vt 0.830875 0.8005325
vt 0.830875 0.8005325
vt 0.830875 0.8005325
vt 0.830875 0.8005325
vt 0.830875 0.8005325
vt 0.830875 0.8005325
vt 0.830875 0.8005325
vt 0.830875 0.8005325
vt 0.830875 0.8005325
vt 0.830875 0.8005325
vt 0.830875 0.8005325
vt 0.830875 0.8005325
vt 0.830875 0.8005325
vt 0.830875 0.8005325
vt 0.830875 0.8005325
vt 0.830875 0.8005325
vt 0.830875 0.8005325
vt 0.830875 0.8005325
vt 0.830875 0.8005325
vt 0.830875 0.8005325
vt 0.830875 0.8005325
vt 0.830875 0.8005325
vt 0.830875 0.8005325
vt 0.830875 0.8005325
vt 0.830875 0.8005325
vt 0.830875 0.8005325
vt 0.830875 0.8005325
vt 0.830875 0.8005325
vt 0.830875 0.8005325
vt 0.830875 0.8005325
vt 0.830875 0.8005325
vt 0.830875 0.8005325
vt 0.830875 0.8005325
vt 0.830875 0.8005325
vt 0.830875 0.8005325
vt 0.830875 0.8005325
vt 0.830875 0.8005325
vt 0.830875 0.8005325
vt 0.830875 0.8005325
vt 0.830875 0.8005325
vt 0.830875 0.8005325
vt 0.830875 0.8005325
vt 0.830875 0.8005325
vt 0.2633365 0.755564
vt 0.2633365 0.755564
vt 0.2633365 0.755564
vt 0.2633365 0.755564
vt 0.2633365 0.755564
vt 0.2633365 0.755564
vt 0.2633365 0.755564
vt 0.2633365 0.755564
vt 0.2633365 0.755564
vt 0.2633365 0.755564
vt 0.2633365 0.755564
vt 0.2633365 0.755564
vt 0.2633365 0.755564
vt 0.2633365 0.755564
vt 0.2633365 0.755564
vt 0.2633365 0.755564
vt 0.2633365 0.755564
vt 0.2633365 0.755564
vt 0.2633365 0.755564
vt 0.2633365 0.755564
vt 0.2633365 0.755564
vt 0.2633365 0.755564
vt 0.2633365 0.755564
vt 0.2633365 0.755564
vt 0.2633365 0.755564
vt 0.2633365 0.755564
vt 0.2633365 0.755564
vt 0.2633365 0.755564
vt 0.2633365 0.755564
vt 0.2633365 0.755564
vt 0.2633365 0.755564
vt 0.2633365 0.755564
vt 0.2633365 0.755564
vt 0.2633365 0.755564
vt 0.2633365 0.755564
vt 0.2633365 0.755564
vt 0.2633365 0.755564
vt 0.2633365 0.755564
vt 0.2633365 0.755564
vt 0.2633365 0.755564
vt 0.2633365 0.755564
vt 0.2633365 0.755564
vt 0.2633365 0.755564
vt 0.2633365 0.755564
vt 0.2633365 0.755564
vt 0.2633365 0.755564
vt 0.2633365 0.755564
vt 0.2633365 0.755564
vt 0.2633365 0.755564
vt 0.2633365 0.755564
vt 0.2633365 0.755564
vt 0.2633365 0.755564
vt 0.2633365 0.755564
vt 0.2633365 0.755564
vt 0.2633365 0.755564
vt 0.2633365 0.755564
vt 0.2633365 0.755564
vt 0.2633365 0.755564
vt 0.2633365 0.755564
vt 0.2633365 0.755564
vt 0.2633365 0.755564
vt 0.2633365 0.755564
vt 0.2633365 0.755564
vt 0.2633365 0.755564
vt 0.2633365 0.755564
vt 0.2633365 0.755564
vt 0.2633365 0.755564
vt 0.2633365 0.755564
vt 0.2633365 0.755564
vt 0.2633365 0.755564
vt 0.2633365 0.755564
vt 0.2633365 0.755564
vt 0.2633365 0.755564
vt 0.2633365 0.755564
vt 0.2633365 0.755564
vt 0.2633365 0.755564
vt 0.2633365 0.755564
vt 0.2633365 0.755564
vt 0.2633365 0.755564
vt 0.2633365 0.755564
vt 0.2633365 0.755564
vt 0.2633365 0.755564
vt 0.2633365 0.755564
vt 0.2633365 0.755564
vt 0.2633365 0.755564
vt 0.2633365 0.755564
vt 0.2633365 0.755564
vt 0.2633365 0.755564
vt 0.2633365 0.755564
vt 0.2633365 0.755564
vt 0.2633365 0.755564
vt 0.2633365 0.755564
vt 0.2633365 0.755564
vt 0.2633365 0.755564
vt 0.2633365 0.755564
vt 0.2633365 0.755564
vt 0.2633365 0.755564
vt 0.2633365 0.755564
vt 0.2633365 0.755564
vt 0.2633365 0.755564
vt 0.2633365 0.755564
vt 0.2633365 0.755564
vt 0.2633365 0.755564
vt 0.2633365 0.755564
vt 0.2633365 0.755564
vt 0.2633365 0.755564
vt 0.2633365 0.755564
vt 0.2633365 0.755564
vt 0.1492726 0.3506564
vt 0.1492726 0.3506564
vt 0.1492726 0.3506564
vt 0.1492726 0.3506564
vt 0.1492726 0.3506564
vt 0.1492726 0.3506564
vt 0.1492726 0.3506564
vt 0.1492726 0.3506564
vt 0.1492726 0.3506564
vt 0.1492726 0.3506564
vt 0.1492726 0.3506564
vt 0.1492726 0.3506564
vt 0.1492726 0.3506564
vt 0.1492726 0.3506564
vt 0.1492726 0.3506564
vt 0.1492726 0.3506564
vt 0.2633365 0.755564
vt 0.2633365 0.755564
vt 0.2633365 0.755564
vt 0.2633365 0.755564
vt 0.2633365 0.755564
vt 0.2633365 0.755564
vt 0.2633365 0.755564
vt 0.2633365 0.755564
vt 0.2633365 0.755564
vt 0.2633365 0.755564
vt 0.2633365 0.755564
vt 0.2633365 0.755564
vt 0.2633365 0.755564
vt 0.2633365 0.755564
vt 0.2633365 0.755564
vt 0.2633365 0.755564
vt 0.2633365 0.755564
vt 0.2633365 0.755564
vt 0.2633365 0.755564
vt 0.2633365 0.755564
vt 0.2633365 0.755564
vt 0.2633365 0.755564
vt 0.2633365 0.755564
vt 0.2633365 0.755564
vt 0.2633365 0.755564
vt 0.2633365 0.755564
vt 0.2633365 0.755564
vt 0.2633365 0.755564
vt 0.2633365 0.755564
vt 0.2633365 0.755564
vt 0.2633365 0.755564
vt 0.2633365 0.755564
vt 0.2633365 0.755564
vt 0.2633365 0.755564
vt 0.830875 0.8005325
vt 0.830875 0.8005325
vt 0.830875 0.8005325
vt 0.830875 0.8005325
vt 0.830875 0.8005325
vt 0.830875 0.8005325
vt 0.830875 0.8005325
vt 0.830875 0.8005325
vt 0.830875 0.8005325
vt 0.830875 0.8005325
vt 0.830875 0.8005325
vt 0.830875 0.8005325
vt 0.830875 0.8005325
vt 0.830875 0.8005325
vt 0.830875 0.8005325
vt 0.830875 0.8005325
vt 0.830875 0.8005325
vt 0.830875 0.8005325
vt 0.830875 0.8005325
vt 0.830875 0.8005325
vt 0.830875 0.8005325
vt 0.830875 0.8005325
vt 0.830875 0.8005325
vt 0.830875 0.8005325
vt 0.830875 0.8005325
vt 0.830875 0.8005325
vt 0.830875 0.8005325
vt 0.830875 0.8005325
vt 0.830875 0.8005325
vt 0.830875 0.8005325
vt 0.830875 0.8005325
vt 0.830875 0.8005325
vt 0.830875 0.8005325
vt 0.830875 0.8005325
vt 0.830875 0.8005325
vt 0.830875 0.8005325
vt 0.830875 0.8005325
vt 0.830875 0.8005325
vt 0.830875 0.8005325
vt 0.830875 0.8005325
vt 0.830875 0.8005325
vt 0.830875 0.8005325
vt 0.830875 0.8005325
vt 0.830875 0.8005325
vt 0.830875 0.8005325
vt 0.830875 0.8005325
vt 0.830875 0.8005325
vt 0.830875 0.8005325
vt 0.830875 0.8005325
vt 0.830875 0.8005325
vt 0.830875 0.8005325
vt 0.830875 0.8005325
vt 0.830875 0.8005325
vt 0.830875 0.8005325
vt 0.830875 0.8005325
vt 0.830875 0.8005325
vt 0.830875 0.8005325
vt 0.830875 0.8005325
vt 0.830875 0.8005325
vt 0.8504082 0.4211285
vt 0.8504082 0.4211285
vt 0.8504082 0.4211285
vt 0.8504082 0.4211285
vt 0.8504082 0.4211285
vt 0.8504082 0.4211285
vt 0.8504082 0.4211285
vt 0.8504082 0.4211285
vt 0.8504082 0.4211285
vt 0.8504082 0.4211285
vt 0.8504082 0.4211285
vt 0.8504082 0.4211285
vt 0.8504082 0.4211285
vt 0.8504082 0.4211285
vt 0.8504082 0.4211285
vt 0.8504082 0.4211285
vt 0.8504082 0.4211285
vt 0.8504082 0.4211285
vt 0.8504082 0.4211285
vt 0.8504082 0.4211285
vt 0.8504082 0.4211285
vt 0.8504082 0.4211285
vt 0.8504082 0.4211285
vt 0.8504082 0.4211285
vt 0.8504082 0.4211285
vt 0.8504082 0.4211285
vt 0.8504082 0.4211285
vt 0.8504082 0.4211285
vt 0.8504082 0.4211285
vt 0.8504082 0.4211285
vt 0.8504082 0.4211285
vt 0.830875 0.8005325
vt 0.830875 0.8005325
vt 0.830875 0.8005325
vt 0.830875 0.8005325
vt 0.8504082 0.4211285
vt 0.8504082 0.4211285
vt 0.8504082 0.4211285
vt 0.8504082 0.4211285
vt 0.8504082 0.4211285
vt 0.8504082 0.4211285
vt 0.8504082 0.4211285
vt 0.8504082 0.4211285
vt 0.8504082 0.4211285
vt 0.8504082 0.4211285
vt 0.8504082 0.4211285
vt 0.8504082 0.4211285
vt 0.8504082 0.4211285
vt 0.8504082 0.4211285
vt 0.8504082 0.4211285
vt 0.8504082 0.4211285
vt 0.8504082 0.4211285
vt 0.8504082 0.4211285
vt 0.8504082 0.4211285
vt 0.8504082 0.4211285
vt 0.8504082 0.4211285
vt 0.8504082 0.4211285
vt 0.8504082 0.4211285
vt 0.8504082 0.4211285
vt 0.8504082 0.4211285
vt 0.8504082 0.4211285
vt 0.8504082 0.4211285
vt 0.8504082 0.4211285
vt 0.8504082 0.4211285
vt 0.8504082 0.4211285
vt 0.8504082 0.4211285
vt 0.8504082 0.4211285
vt 0.8504082 0.4211285
vt 0.8504082 0.4211285
vt 0.8504082 0.4211285
vt 0.8504082 0.4211285
vt 0.8504082 0.4211285
vt 0.8504082 0.4211285
vt 0.8504082 0.4211285
vt 0.8504082 0.4211285
vt 0.8933048 0.1344558
vt 0.8933048 0.1344558
vt 0.8933048 0.1344558
vt 0.8933048 0.1344558
vt 0.8933048 0.1344558
vt 0.8933048 0.1344558
vt 0.8933048 0.1344558
vt 0.8933048 0.1344558
vt 0.8933048 0.1344558
vt 0.8933048 0.1344558
vt 0.8933048 0.1344558
vt 0.8933048 0.1344558
vt 0.8933048 0.1344558
vt 0.8933048 0.1344558
vt 0.8933048 0.1344558
vt 0.8933048 0.1344558
vt 0.8933048 0.1344558
vt 0.8933048 0.1344558
vt 0.8933048 0.1344558
vt 0.8933048 0.1344558
vt 0.8933048 0.1344558
vt 0.8933048 0.1344558
vt 0.8933048 0.1344558
vt 0.8933048 0.1344558
vt 0.8933048 0.1344558
vt 0.8933048 0.1344558
vt 0.8933048 0.1344558
vt 0.8933048 0.1344558
vt 0.8933048 0.1344558
vt 0.8933048 0.1344558
vt 0.8933048 0.1344558
vt 0.8933048 0.1344558
vt 0.8933048 0.1344558
vt 0.8933048 0.1344558
vt 0.8933048 0.1344558
vt 0.8933048 0.1344558
vt 0.8504082 0.4211285
vt 0.8504082 0.4211285
vt 0.8504082 0.4211285
vt 0.8504082 0.4211285
vt 0.8504082 0.4211285
vt 0.8504082 0.4211285
vt 0.8504082 0.4211285
vt 0.8504082 0.4211285
vt 0.8504082 0.4211285
vt 0.8504082 0.4211285
vt 0.8504082 0.4211285
vt 0.8504082 0.4211285
vt 0.8504082 0.4211285
vt 0.8504082 0.4211285
vt 0.8504082 0.4211285
vt 0.8504082 0.4211285
vt 0.8504082 0.4211285
vt 0.8504082 0.4211285
vt 0.8504082 0.4211285
vt 0.8504082 0.4211285
vt 0.2633365 0.755564
vt 0.2633365 0.755564
vt 0.2633365 0.755564
vt 0.2633365 0.755564
vt 0.2633365 0.755564
vt 0.2633365 0.755564
vt 0.2633365 0.755564
vt 0.2633365 0.755564
vt 0.2633365 0.755564
vt 0.2633365 0.755564
vt 0.2633365 0.755564
vt 0.2633365 0.755564
vt 0.2633365 0.755564
vt 0.2633365 0.755564
vt 0.2633365 0.755564
vt 0.2633365 0.755564
vt 0.2633365 0.755564
vt 0.2633365 0.755564
vt 0.2633365 0.755564
vt 0.2633365 0.755564
vt 0.2633365 0.755564
vt 0.2633365 0.755564
vt 0.2633365 0.755564
vt 0.2633365 0.755564
vt 0.2633365 0.755564
vt 0.2633365 0.755564
vt 0.2633365 0.755564
vt 0.2633365 0.755564
vt 0.2633365 0.755564
vt 0.2633365 0.755564
vt 0.2633365 0.755564
vt 0.2633365 0.755564
vt 0.2633365 0.755564
vt 0.2633365 0.755564
vt 0.2633365 0.755564
vt 0.2633365 0.755564
vt 0.2633365 0.755564
vt 0.2633365 0.755564
vt 0.2633365 0.755564
vt 0.2633365 0.755564
vt 0.2633365 0.755564
vt 0.2633365 0.755564
vt 0.2633365 0.755564
vt 0.2633365 0.755564
vt 0.2633365 0.755564
vt 0.2633365 0.755564
vt 0.2633365 0.755564
vt 0.2633365 0.755564
vt 0.2633365 0.755564
vt 0.2633365 0.755564
vt 0.2633365 0.755564
vt 0.2633365 0.755564
vt 0.2633365 0.755564
vt 0.2633365 0.755564
vt 0.2633365 0.755564
vt 0.2633365 0.755564
vt 0.2633365 0.755564
vt 0.2633365 0.755564
vt 0.830875 0.8005325
vt 0.830875 0.8005325
vt 0.830875 0.8005325
vt 0.830875 0.8005325
vt 0.830875 0.8005325
vt 0.830875 0.8005325
vt 0.830875 0.8005325
vt 0.830875 0.8005325
vt 0.830875 0.8005325
vt 0.830875 0.8005325
vt 0.830875 0.8005325
vt 0.830875 0.8005325
vt 0.830875 0.8005325
vt 0.830875 0.8005325
vt 0.830875 0.8005325
vt 0.830875 0.8005325
vt 0.830875 0.8005325
vt 0.830875 0.8005325
vt 0.830875 0.8005325
vt 0.830875 0.8005325
vt 0.830875 0.8005325
vt 0.830875 0.8005325
vt 0.830875 0.8005325
vt 0.830875 0.8005325
vt 0.830875 0.8005325
vt 0.830875 0.8005325
vt 0.830875 0.8005325
vt 0.830875 0.8005325
vt 0.830875 0.8005325
vt 0.830875 0.8005325
vt 0.830875 0.8005325
vt 0.830875 0.8005325
vt 0.830875 0.8005325
vt 0.830875 0.8005325
vt 0.830875 0.8005325
vt 0.830875 0.8005325
vt 0.830875 0.8005325
vt 0.830875 0.8005325
vt 0.830875 0.8005325
vt 0.830875 0.8005325
vt 0.830875 0.8005325
vt 0.830875 0.8005325
vt 0.830875 0.8005325
vt 0.830875 0.8005325
vt 0.830875 0.8005325
vt 0.830875 0.8005325
vt 0.830875 0.8005325
vt 0.830875 0.8005325
vt 0.830875 0.8005325
vt 0.830875 0.8005325
vt 0.8504082 0.4211285
vt 0.8504082 0.4211285
vt 0.8504082 0.4211285
vt 0.8504082 0.4211285
vt 0.8504082 0.4211285
vt 0.8504082 0.4211285
vt 0.8504082 0.4211285
vt 0.8504082 0.4211285
vt 0.8504082 0.4211285
vt 0.8504082 0.4211285
vt 0.8504082 0.4211285
vt 0.8504082 0.4211285
vt 0.8504082 0.4211285
vt 0.8504082 0.4211285
vt 0.8504082 0.4211285
vt 0.8504082 0.4211285
vt 0.8504082 0.4211285
vt 0.8504082 0.4211285
vt 0.8504082 0.4211285
vt 0.8504082 0.4211285
vt 0.5017147 0.3355942
vt 0.5017147 0.3355942
vt 0.5017147 0.3355942
vt 0.5017147 0.3355942
vt 0.5017147 0.3355942
vt 0.5017147 0.3355942
vt 0.5017147 0.3355942
vt 0.5017147 0.3355942
vt 0.5017147 0.3355942
vt 0.5017147 0.3355942
vt 0.5017147 0.3355942
vt 0.5017147 0.3355942
vt 0.5017147 0.3355942
vt 0.5017147 0.3355942
vt 0.5017147 0.3355942
vt 0.5017147 0.3355942
vt 0.5017147 0.3355942
vt 0.5017147 0.3355942
vt 0.5017147 0.3355942
vt 0.5017147 0.3355942
vt 0.5017147 0.3355942
vt 0.5017147 0.3355942
vt 0.5017147 0.3355942
vt 0.5017147 0.3355942
vt 0.5017147 0.3355942
vt 0.5017147 0.3355942
vt 0.5017147 0.3355942
vt 0.5017147 0.3355942
vt 0.5017147 0.3355942
vt 0.5017147 0.3355942
vt 0.5017147 0.3355942
vt 0.5017147 0.3355942
vt 0.5017147 0.3355942
vt 0.5017147 0.3355942
vt 0.5017147 0.3355942
vt 0.5017147 0.3355942
vt 0.5017147 0.3355942
vt 0.5017147 0.3355942
vt 0.5017147 0.3355942
vt 0.5017147 0.3355942
vt 0.5017147 0.3355942
vt 0.5017147 0.3355942
vt 0.4923093 0.09998308
vt 0.4923093 0.09998308
vt 0.4923093 0.09998308
vt 0.4923093 0.09998308
vt 0.4923093 0.09998308
vt 0.4923093 0.09998308
vt 0.4923093 0.09998308
vt 0.4923093 0.09998308
vt 0.4923093 0.09998308
vt 0.4923093 0.09998308
vt 0.4923093 0.09998308
vt 0.4923093 0.09998308
vt 0.4923093 0.09998308
vt 0.4923093 0.09998308
vt 0.4923093 0.09998308
vt 0.4923093 0.09998308
vt 0.4923093 0.09998308
vt 0.4923093 0.09998308
vt 0.4923093 0.09998308
vt 0.4923093 0.09998308
vt 0.4923093 0.09998308
vt 0.4923093 0.09998308
vt 0.4923093 0.09998308
vt 0.4923093 0.09998308
vt 0.8504082 0.4211285
vt 0.8504082 0.4211285
vt 0.8504082 0.4211285
vt 0.8504082 0.4211285
vt 0.8504082 0.4211285
vt 0.8504082 0.4211285
vt 0.8504082 0.4211285
vt 0.8504082 0.4211285
vt 0.8504082 0.4211285
vt 0.8504082 0.4211285
vt 0.8504082 0.4211285
vt 0.8504082 0.4211285
vt 0.8504082 0.4211285
vt 0.8504082 0.4211285
vt 0.8504082 0.4211285
vt 0.8504082 0.4211285
vt 0.8504082 0.4211285
vt 0.8504082 0.4211285
vt 0.8504082 0.4211285
vt 0.8504082 0.4211285
vt 0.8504082 0.4211285
vt 0.8504082 0.4211285
vt 0.8504082 0.4211285
vt 0.8504082 0.4211285
vt 0.8504082 0.4211285
vt 0.8504082 0.4211285
vt 0.8504082 0.4211285
vt 0.8504082 0.4211285
vt 0.8504082 0.4211285
vt 0.8504082 0.4211285
vt 0.8504082 0.4211285
vt 0.8504082 0.4211285
vt 0.8504082 0.4211285
vt 0.8504082 0.4211285
vt 0.8504082 0.4211285
vt 0.8504082 0.4211285
vt 0.8504082 0.4211285
vt 0.8504082 0.4211285
vt 0.8504082 0.4211285
vt 0.8504082 0.4211285
vt 0.8504082 0.4211285
vt 0.8504082 0.4211285
vt 0.8504082 0.4211285
vt 0.8504082 0.4211285
vt 0.8504082 0.4211285
vt 0.8504082 0.4211285
vt 0.8504082 0.4211285
vt 0.8504082 0.4211285
vt 0.8504082 0.4211285
vt 0.8504082 0.4211285
vt 0.8504082 0.4211285
vt 0.8504082 0.4211285
vt 0.8504082 0.4211285
vt 0.8504082 0.4211285
vt 0.8504082 0.4211285
vt 0.8504082 0.4211285
vt 0.8504082 0.4211285
vt 0.8504082 0.4211285
vt 0.8504082 0.4211285
vt 0.8504082 0.4211285
vt 0.8504082 0.4211285
vt 0.8504082 0.4211285
vt 0.8504082 0.4211285
vt 0.8504082 0.4211285
vt 0.8504082 0.4211285
vt 0.8504082 0.4211285
vt 0.8504082 0.4211285
vt 0.8504082 0.4211285
vt 0.8504082 0.4211285
vt 0.8504082 0.4211285
vt 0.8933048 0.1344558
vt 0.8933048 0.1344558
vt 0.8933048 0.1344558
vt 0.8933048 0.1344558
vt 0.8933048 0.1344558
vt 0.8933048 0.1344558
vt 0.8933048 0.1344558
vt 0.8933048 0.1344558
vt 0.8933048 0.1344558
vt 0.8933048 0.1344558
vt 0.8933048 0.1344558
vt 0.8933048 0.1344558
vt 0.8933048 0.1344558
vt 0.8933048 0.1344558
vt 0.8933048 0.1344558
vt 0.8933048 0.1344558
vt 0.8933048 0.1344558
vt 0.8933048 0.1344558
vt 0.8933048 0.1344558
vt 0.8933048 0.1344558
vt 0.8933048 0.1344558
vt 0.8933048 0.1344558
vt 0.8933048 0.1344558
vt 0.8933048 0.1344558
vt 0.8933048 0.1344558
vt 0.8933048 0.1344558
vt 0.8933048 0.1344558
vt 0.8933048 0.1344558
vt 0.8933048 0.1344558
vt 0.8933048 0.1344558
vt 0.8933048 0.1344558
vt 0.8933048 0.1344558
vt 0.8933048 0.1344558
vt 0.8933048 0.1344558
vt 0.8933048 0.1344558
vt 0.8933048 0.1344558
vt 0.8933048 0.1344558
vt 0.8933048 0.1344558
vt 0.8933048 0.1344558
vt 0.8933048 0.1344558
vt 0.8933048 0.1344558
vt 0.8933048 0.1344558
vt 0.8933048 0.1344558
vt 0.8933048 0.1344558
vt 0.8933048 0.1344558
vt 0.8933048 0.1344558
vt 0.8933048 0.1344558
vt 0.8933048 0.1344558
vt 0.8933048 0.1344558
vt 0.8933048 0.1344558
vt 0.8933048 0.1344558
vt 0.8933048 0.1344558
vt 0.8933048 0.1344558
vt 0.8933048 0.1344558
vt 0.8933048 0.1344558
vt 0.8933048 0.1344558
vt 0.8933048 0.1344558
vt 0.8933048 0.1344558
vt 0.8933048 0.1344558
vt 0.8933048 0.1344558
vt 0.8933048 0.1344558
vt 0.8933048 0.1344558
vt 0.8933048 0.1344558
vt 0.8933048 0.1344558
vt 0.8933048 0.1344558
vt 0.8933048 0.1344558
vt 0.8933048 0.1344558
vt 0.8933048 0.1344558
vt 0.8504082 0.4211285
vt 0.8504082 0.4211285
vt 0.8504082 0.4211285
vt 0.8504082 0.4211285
vt 0.8504082 0.4211285
vt 0.8504082 0.4211285
vt 0.8504082 0.4211285
vt 0.8504082 0.4211285
vt 0.8504082 0.4211285
vt 0.8504082 0.4211285
vt 0.8504082 0.4211285
vt 0.8504082 0.4211285
vt 0.8504082 0.4211285
vt 0.8504082 0.4211285
vt 0.8504082 0.4211285
vt 0.8504082 0.4211285
vt 0.8504082 0.4211285
vt 0.8504082 0.4211285
vt 0.8504082 0.4211285
vt 0.8504082 0.4211285
vt 0.8504082 0.4211285
vt 0.8504082 0.4211285
vt 0.8504082 0.4211285
vt 0.8504082 0.4211285
vt 0.8504082 0.4211285
vt 0.8504082 0.4211285
vt 0.8504082 0.4211285
vt 0.8504082 0.4211285
vt 0.8504082 0.4211285
vt 0.8504082 0.4211285
vt 0.8504082 0.4211285
vt 0.8504082 0.4211285
vt 0.5017147 0.3355942
vt 0.5017147 0.3355942
vt 0.5017147 0.3355942
vt 0.5017147 0.3355942
vt 0.5017147 0.3355942
vt 0.5017147 0.3355942
vt 0.5017147 0.3355942
vt 0.5017147 0.3355942
vt 0.5017147 0.3355942
vt 0.5017147 0.3355942
vt 0.5017147 0.3355942
vt 0.5017147 0.3355942
vt 0.5017147 0.3355942
vt 0.5615137 0
vt 0.5947187 0
vt 0.562168 0
vt 0.595373 0
vt 0.5615137 0
vt 0.595373 0
vt 0.595373 0
vt 0.5615137 0
vt 0.595373 0
vt 0.5615137 0
vt 0.5947187 0
vt 0.562168 0
vt 0.6277465 0
vt 0.5899888 0
vt 0.6277465 0
vt 0.589498 0
vt 0.5934783 0
vt 0.6286461 0
vt 0.589498 0
vt 0.5934783 0
vt 0.589498 0
vt 0.589498 0
vt 0.6277465 0
vt 0.6286461 0
vt 0.5899888 0
vt 0.6277465 0
vt 0.6298593 0
vt 0.5934783 0
vt 0.5934783 0
vt 0.6298593 0
vt 0.6298593 0
vt 0.6298593 0
vt 0.6298593 0
vt 0.6298593 0
vt 0.6298593 0
vt 0.6298593 0
vt 0.6245432 0
vt 0.6016842 0
vt 0.6245296 0
vt 0.6017114 0
vt 0.6016842 0
vt 0.6245432 0
vt 0.6247205 0
vt 0.6015205 0
vt 0.6245296 0
vt 0.6017114 0
vt 0.6015205 0
vt 0.6247205 0
vt 0.5647851 0
vt 0.5840184 0
vt 0.5648669 0
vt 0.583923 0
vt 0.5648669 0
vt 0.583923 0
vt 0.5647851 0
vt 0.5840184 0
vt 0.5648669 0
vt 0.583923 0
vt 0.583923 0
vt 0.5648669 0
vt 0.6286461 0
vt 0.5934783 0
vt 0.5934783 0
vt 0.6298593 0
vt 0.6298593 0
vt 0.6245296 0
vt 0.6245432 0
vt 0.6277465 0
vt 0.6247205 0
vt 0.6277465 0
vt 0.5840184 0
vt 0.5899888 0
vt 0.583923 0
vt 0.589498 0
vt 0.583923 0
vt 0.589498 0
vt 0.583923 0
vt 0.589498 0
vt 0.583923 0
vt 0.589498 0
vt 0.5899888 0
vt 0.5840184 0
vt 0.6247205 0
vt 0.6277465 0
vt 0.6245296 0
vt 0.6277465 0
vt 0.6245432 0
vt 0.6286461 0
vt 0.6298593 0
vt 0.6298593 0
vt 0.5934783 0
vt 0.5934783 0
vt 0.5934783 0
vt 0.5934783 0
vt 0.6298593 0
vt 0.5934783 0
vt 0.6298593 0
vt 0.5934783 0
vt 0.6298593 0
vt 0.5934783 0
vt 0.6298593 0
vt 0.5934783 0
vt 0.6286461 0
vt 0.6286461 0
vt 0.6298593 0
vt 0.6298593 0
vt 0.6245432 0
vt 0.5017147 0.3355942
vt 0.5017147 0.3355942
vt 0.5017147 0.3355942
vt 0.5017147 0.3355942
vt 0.5017147 0.3355942
vt 0.5017147 0.3355942
vt 0.5017147 0.3355942
vt 0.5017147 0.3355942
vt 0.5017147 0.3355942
vt 0.5017147 0.3355942
vt 0.5017147 0.3355942
vt 0.5017147 0.3355942
vt 0.5017147 0.3355942
vt 0.5017147 0.3355942
vt 0.5017147 0.3355942
vt 0.5017147 0.3355942
vt 0.5017147 0.3355942
vt 0.5017147 0.3355942
vt 0.5017147 0.3355942
vt 0.5017147 0.3355942
vt 0.5017147 0.3355942
vt 0.5017147 0.3355942
vt 0.5017147 0.3355942
vt 0.5017147 0.3355942
vt 0.5017147 0.3355942
vt 0.5017147 0.3355942
vt 0.5017147 0.3355942
vt 0.5017147 0.3355942
vt 0.5017147 0.3355942
vt 0.5017147 0.3355942
vt 0.5017147 0.3355942
vt 0.5017147 0.3355942
vt 0.5017147 0.3355942
vt 0.5017147 0.3355942
vt 0.5017147 0.3355942
vt 0.5017147 0.3355942
vt 0.5017147 0.3355942
vt 0.5017147 0.3355942
vt 0.5017147 0.3355942
vt 0.2633365 0.755564
vt 0.2633365 0.755564
vt 0.2633365 0.755564
vt 0.2633365 0.755564
vt 0.2633365 0.755564
vt 0.2633365 0.755564
vt 0.2633365 0.755564
vt 0.2633365 0.755564
vt 0.2633365 0.755564
vt 0.2633365 0.755564
vt 0.2633365 0.755564
vt 0.2633365 0.755564
vt 0.2633365 0.755564
vt 0.2633365 0.755564
vt 0.2633365 0.755564
vt 0.2633365 0.755564
vt 0.2633365 0.755564
vt 0.2633365 0.755564
vt 0.2633365 0.755564
vt 0.2633365 0.755564
vt 0.2633365 0.755564
vt 0.2633365 0.755564
vt 0.2633365 0.755564
vt 0.2633365 0.755564
vt 0.2633365 0.755564
vt 0.2633365 0.755564
vt 0.2633365 0.755564
vt 0.2633365 0.755564
vt 0.2633365 0.755564
vt 0.2633365 0.755564
vt 0.2633365 0.755564
vt 0.2633365 0.755564
vt 0.2633365 0.755564
vt 0.2633365 0.755564
vt 0.2633365 0.755564
vt 0.2633365 0.755564
vt 0.2633365 0.755564
vt 0.2633365 0.755564
vt 0.2633365 0.755564
vt 0.2633365 0.755564
vt 0.2633365 0.755564
vt 0.4923093 0.09998308
vt 0.4923093 0.09998308
vt 0.4923093 0.09998308
vt 0.4923093 0.09998308
vt 0.4923093 0.09998308
vt 0.4923093 0.09998308
vt 0.4923093 0.09998308
vt 0.4923093 0.09998308
vt 0.4923093 0.09998308
vt 0.4923093 0.09998308
vt 0.4923093 0.09998308
vt 0.4923093 0.09998308
vt 0.830875 0.8005325
vt 0.830875 0.8005325
vt 0.830875 0.8005325
vt 0.830875 0.8005325
vt 0.830875 0.8005325
vt 0.830875 0.8005325
vt 0.830875 0.8005325
vt 0.830875 0.8005325
vt 0.830875 0.8005325
vt 0.830875 0.8005325
vt 0.2633365 0.755564
vt 0.2633365 0.755564
vt 0.2633365 0.755564
vt 0.2633365 0.755564
vt 0.2633365 0.755564
vt 0.2633365 0.755564
vt 0.2633365 0.755564
vt 0.2633365 0.755564
vt 0.2633365 0.755564
vt 0.2633365 0.755564
vt 0.2633365 0.755564
vt 0.2633365 0.755564
vt 0.2633365 0.755564
vt 0.2633365 0.755564
vt 0.2633365 0.755564
vt 0.2633365 0.755564
vt 0.2633365 0.755564
vt 0.2633365 0.755564
vt 0.2633365 0.755564
vt 0.2633365 0.755564
vt 0.2633365 0.755564
vt 0.2633365 0.755564
vt 0.2633365 0.755564
vt 0.2633365 0.755564
vt 0.2633365 0.755564
vt 0.2633365 0.755564
vt 0.2633365 0.755564
vt 0.2633365 0.755564
vt 0.2633365 0.755564
vt 0.2633365 0.755564
vt 0.2633365 0.755564
vt 0.2633365 0.755564
vt 0.5017147 0.3355942
vt 0.5017147 0.3355942
vt 0.5017147 0.3355942
vt 0.5017147 0.3355942
vt 0.5017147 0.3355942
vt 0.5017147 0.3355942
vt 0.5017147 0.3355942
vt 0.5017147 0.3355942
vt 0.5017147 0.3355942
vt 0.5017147 0.3355942
vt 0.5017147 0.3355942
vt 0.5017147 0.3355942
vt 0.5017147 0.3355942
vt 0.5017147 0.3355942
vt 0.5017147 0.3355942
vt 0.5017147 0.3355942
vt 0.5017147 0.3355942
vt 0.5017147 0.3355942
vt 0.5017147 0.3355942
vt 0.5017147 0.3355942
vt 0.5017147 0.3355942
vt 0.5017147 0.3355942
vt 0.5017147 0.3355942
vt 0.5017147 0.3355942
vt 0.5017147 0.3355942
vt 0.5017147 0.3355942
vt 0.5017147 0.3355942
vt 0.5017147 0.3355942
vt 0.5017147 0.3355942
vt 0.5017147 0.3355942
vt 0.5017147 0.3355942
vt 0.5017147 0.3355942
vt 0.2633365 0.755564
vt 0.2633365 0.755564
vt 0.2633365 0.755564
vt 0.2633365 0.755564
vt 0.2633365 0.755564
vt 0.2633365 0.755564
vt 0.2633365 0.755564
vt 0.2633365 0.755564
vt 0.2633365 0.755564
vt 0.2633365 0.755564
vt 0.2633365 0.755564
vt 0.2633365 0.755564
vt 0.2633365 0.755564
vt 0.2633365 0.755564
vt 0.2633365 0.755564
vt 0.2633365 0.755564
vt 0.2633365 0.755564
vt 0.2633365 0.755564
vt 0.2633365 0.755564
vt 0.2633365 0.755564
vt 0.2633365 0.755564
vt 0.2633365 0.755564
vt 0.2633365 0.755564
vt 0.2633365 0.755564
vt 0.2633365 0.755564
vt 0.2633365 0.755564
vt 0.2633365 0.755564
vt 0.2633365 0.755564
vt 0.2633365 0.755564
vt 0.2633365 0.755564
vt 0.2633365 0.755564
vt 0.2633365 0.755564
vt 0.2633365 0.755564
vt 0.2633365 0.755564
vt 0.2633365 0.755564
vt 0.2633365 0.755564
vt 0.2633365 0.755564
vt 0.2633365 0.755564
vt 0.2633365 0.755564
vt 0.2633365 0.755564
vt 0.2633365 0.755564
vt 0.2633365 0.755564
vt 0.5017147 0.3355942
vt 0.5017147 0.3355942
vt 0.5017147 0.3355942
vt 0.5017147 0.3355942
vt 0.5017147 0.3355942
vt 0.5017147 0.3355942
vt 0.5017147 0.3355942
vt 0.5017147 0.3355942
vt 0.5017147 0.3355942
vt 0.5017147 0.3355942
vt 0.5017147 0.3355942
vt 0.5017147 0.3355942
vt 0.5017147 0.3355942
vt 0.5017147 0.3355942
vt 0.5017147 0.3355942
vt 0.5017147 0.3355942
vt 0.5017147 0.3355942
vt 0.5017147 0.3355942
vt 0.5017147 0.3355942
vt 0.5017147 0.3355942
vt 0.5017147 0.3355942
vt 0.5017147 0.3355942
vt 0.5017147 0.3355942
vt 0.5017147 0.3355942
vt 0.5017147 0.3355942
vt 0.5017147 0.3355942
vt 0.5017147 0.3355942
vt 0.5017147 0.3355942
vt 0.5017147 0.3355942
vt 0.5017147 0.3355942
vt 0.1492726 0.3506564
vt 0.1492726 0.3506564
vt 0.1492726 0.3506564
vt 0.1492726 0.3506564
vt 0.1492726 0.3506564
vt 0.1492726 0.3506564
vt 0.1492726 0.3506564
vt 0.1492726 0.3506564
vt 0.1492726 0.3506564
vt 0.1492726 0.3506564
vt 0.1492726 0.3506564
vt 0.1492726 0.3506564
vt 0.1492726 0.3506564
vt 0.1492726 0.3506564
vt 0.1492726 0.3506564
vt 0.1492726 0.3506564
vt 0.1492726 0.3506564
vt 0.5017147 0.3355942
vt 0.5017147 0.3355942
vt 0.5017147 0.3355942
vt 0.5017147 0.3355942
vt 0.5017147 0.3355942
vt 0.5017147 0.3355942
vt 0.5017147 0.3355942
vt 0.5017147 0.3355942
vt 0.5017147 0.3355942
vt 0.5017147 0.3355942
vt 0.5017147 0.3355942
vt 0.5017147 0.3355942
vt 0.5017147 0.3355942
vt 0.5017147 0.3355942
vt 0.5017147 0.3355942
vt 0.5017147 0.3355942
vt 0.5017147 0.3355942
vt 0.5017147 0.3355942
vt 0.5017147 0.3355942
vt 0.5017147 0.3355942
vt 0.5017147 0.3355942
vt 0.5017147 0.3355942
vt 0.5017147 0.3355942
vt 0.5017147 0.3355942
vt 0.5017147 0.3355942
vt 0.5017147 0.3355942
vt 0.5017147 0.3355942
vt 0.5017147 0.3355942
vt 0.5017147 0.3355942
vt 0.5017147 0.3355942
vt 0.5017147 0.3355942
vt 0.5017147 0.3355942
vt 0.5017147 0.3355942
vt 0.5017147 0.3355942
vt 0.5017147 0.3355942
vt 0.2633365 0.755564
vt 0.2633365 0.755564
vt 0.2633365 0.755564
vt 0.2633365 0.755564
vt 0.2633365 0.755564
vt 0.2633365 0.755564
vt 0.2633365 0.755564
vt 0.2633365 0.755564
vt 0.2633365 0.755564
vt 0.2633365 0.755564
vt 0.2633365 0.755564
vt 0.2633365 0.755564
vt 0.2633365 0.755564
vt 0.2633365 0.755564
vt 0.2633365 0.755564
vt 0.2633365 0.755564
vt 0.5017147 0.3355942
vt 0.5017147 0.3355942
vt 0.5017147 0.3355942
vt 0.5017147 0.3355942
vt 0.5017147 0.3355942
vt 0.5017147 0.3355942
vt 0.5017147 0.3355942
vt 0.5017147 0.3355942
vt 0.5017147 0.3355942
vt 0.5017147 0.3355942
vt 0.5017147 0.3355942
vt 0.5017147 0.3355942
vt 0.5017147 0.3355942
vt 0.5017147 0.3355942
vt 0.5017147 0.3355942
vt 0.5017147 0.3355942
vt 0.5017147 0.3355942
vt 0.5017147 0.3355942
vt 0.5017147 0.3355942
vt 0.4923093 0.09998308
vt 0.4923093 0.09998308
vt 0.4923093 0.09998308
vt 0.4923093 0.09998308
vt 0.4923093 0.09998308
vt 0.4923093 0.09998308
vt 0.4923093 0.09998308
vt 0.4923093 0.09998308
vt 0.4923093 0.09998308
vt 0.4923093 0.09998308
vt 0.4923093 0.09998308
vt 0.4923093 0.09998308
vt 0.4923093 0.09998308
vt 0.4923093 0.09998308
vt 0.4923093 0.09998308
vt 0.4923093 0.09998308
vt 0.4923093 0.09998308
vt 0.4923093 0.09998308
vt 0.4923093 0.09998308
vt 0.4923093 0.09998308
vt 0.4923093 0.09998308
vt 0.4923093 0.09998308
vt 0.4923093 0.09998308
vt 0.4923093 0.09998308
vt 0.4923093 0.09998308
vt 0.4923093 0.09998308
vt 0.8504082 0.4211285
vt 0.8504082 0.4211285
vt 0.8504082 0.4211285
vt 0.8504082 0.4211285
vt 0.8504082 0.4211285
vt 0.8504082 0.4211285
vt 0.8504082 0.4211285
vt 0.8504082 0.4211285
vt 0.8504082 0.4211285
vt 0.8504082 0.4211285
vt 0.8504082 0.4211285
vt 0.595373 0
vt 0.6015205 0
vt 0.5947187 0
vt 0.562168 0
vt 0.6017114 0
vt 0.5647851 0
vt 0.6016842 0
vt 0.5615137 0
vt 0.595373 0
vt 0.5648669 0
vt 0.6016842 0
vt 0.5615137 0
vt 0.595373 0
vt 0.5648669 0
vt 0.6017114 0
vt 0.5615137 0
vt 0.595373 0
vt 0.5648669 0
vt 0.6015205 0
vt 0.5615137 0
vt 0.5947187 0
vt 0.5648669 0
vt 0.5647851 0
vt 0.562168 0
vt 0.8504082 0.4211285
vt 0.8504082 0.4211285
vt 0.8504082 0.4211285
vt 0.8504082 0.4211285
vt 0.8504082 0.4211285
vt 0.8504082 0.4211285
vt 0.8504082 0.4211285
vt 0.8504082 0.4211285
vt 0.8504082 0.4211285
vt 0.8504082 0.4211285
vt 0.8504082 0.4211285
vt 0.8504082 0.4211285
vt 0.8504082 0.4211285
vt 0.8504082 0.4211285
vt 0.8504082 0.4211285
vt 0.8504082 0.4211285
vt 0.8504082 0.4211285
vt 0.8504082 0.4211285
vt 0.8504082 0.4211285
vt 0.8504082 0.4211285
vt 0.8504082 0.4211285
vt 0.8504082 0.4211285
vt 0.8504082 0.4211285
vt 0.8504082 0.4211285
vt 0.8504082 0.4211285
vt 0.8504082 0.4211285
vt 0.8504082 0.4211285
vt 0.8504082 0.4211285
vt 0.8504082 0.4211285
vt 0.8504082 0.4211285
vt 0.8504082 0.4211285
vt 0.8504082 0.4211285
vt 0.8504082 0.4211285
vt 0.8504082 0.4211285
vt 0.8504082 0.4211285
vt 0.8504082 0.4211285
vt 0.8504082 0.4211285
vt 0.8504082 0.4211285
vt 0.8504082 0.4211285
vt 0.8504082 0.4211285
vt 0.8504082 0.4211285
vt 0.830875 0.8005325
vt 0.830875 0.8005325
vt 0.830875 0.8005325
vt 0.830875 0.8005325
vt 0.830875 0.8005325
vt 0.830875 0.8005325
vt 0.830875 0.8005325
vt 0.830875 0.8005325
vt 0.830875 0.8005325
vt 0.830875 0.8005325
vt 0.830875 0.8005325
vt 0.830875 0.8005325
vt 0.830875 0.8005325
vt 0.830875 0.8005325
vt 0.830875 0.8005325
vt 0.830875 0.8005325
vt 0.830875 0.8005325
vt 0.830875 0.8005325
vt 0.830875 0.8005325
vt 0.830875 0.8005325
vt 0.8504082 0.4211285
vt 0.8504082 0.4211285
vt 0.8504082 0.4211285
vt 0.8504082 0.4211285
vt 0.8504082 0.4211285
vt 0.8504082 0.4211285
vt 0.8504082 0.4211285
vt 0.8504082 0.4211285
vt 0.8504082 0.4211285
vt 0.8504082 0.4211285
vt 0.8504082 0.4211285
vt 0.8504082 0.4211285
vt 0.8504082 0.4211285
vt 0.8504082 0.4211285
vt 0.8504082 0.4211285
vt 0.8504082 0.4211285
vt 0.8504082 0.4211285
vt 0.8504082 0.4211285
vt 0.8504082 0.4211285
vt 0.8504082 0.4211285
vt 0.1356008 0.07417967
vt 0.1356008 0.07417967
vt 0.1356008 0.07417967
vt 0.1356008 0.07417967
vt 0.1356008 0.07417967
vt 0.1356008 0.07417967
vt 0.1356008 0.07417967
vt 0.1356008 0.07417967
vt 0.1356008 0.07417967
vt 0.1356008 0.07417967
vt 0.1356008 0.07417967
vt 0.1356008 0.07417967
vt 0.1356008 0.07417967
vt 0.1356008 0.07417967
vt 0.1356008 0.07417967
vt 0.1356008 0.07417967
vt 0.1356008 0.07417967
vt 0.1356008 0.07417967
vt 0.1356008 0.07417967
vt 0.1356008 0.07417967
vt 0.8504082 0.4211285
vt 0.8504082 0.4211285
vt 0.8504082 0.4211285
vt 0.8504082 0.4211285
vt 0.8504082 0.4211285
vt 0.8504082 0.4211285
vt 0.8504082 0.4211285
vt 0.8504082 0.4211285
vt 0.8504082 0.4211285
vt 0.8504082 0.4211285
vt 0.8504082 0.4211285
vt 0.8504082 0.4211285
vt 0.8504082 0.4211285
vt 0.8504082 0.4211285
vt 0.8504082 0.4211285
vt 0.8504082 0.4211285
vt 0.8504082 0.4211285
vt 0.8504082 0.4211285
vt 0.8504082 0.4211285
vt 0.8504082 0.4211285
vt 0.8504082 0.4211285
vt 0.8504082 0.4211285
vt 0.8504082 0.4211285
vt 0.8504082 0.4211285
vt 0.8504082 0.4211285
vt 0.8504082 0.4211285
vt 0.8504082 0.4211285
vt 0.8504082 0.4211285
vt 0.8504082 0.4211285
vt 0.8504082 0.4211285
vt 0.8504082 0.4211285
vt 0.8504082 0.4211285
vt 0.8504082 0.4211285
vt 0.8504082 0.4211285
vt 0.8504082 0.4211285
vt 0.8504082 0.4211285
vt 0.8504082 0.4211285
vt 0.8504082 0.4211285
vt 0.8504082 0.4211285
vt 0.8504082 0.4211285
vt 0.8933048 0.1344558
vt 0.8933048 0.1344558
vt 0.8933048 0.1344558
vt 0.8933048 0.1344558
vt 0.8933048 0.1344558
vt 0.8933048 0.1344558
vt 0.8933048 0.1344558
vt 0.8933048 0.1344558
vt 0.8933048 0.1344558
vt 0.8933048 0.1344558
vt 0.8933048 0.1344558
vt 0.8933048 0.1344558
vt 0.8933048 0.1344558
vt 0.8933048 0.1344558
vt 0.8933048 0.1344558
vt 0.8933048 0.1344558
vt 0.8933048 0.1344558
vt 0.8933048 0.1344558
vt 0.8933048 0.1344558
vt 0.8933048 0.1344558
vt 0.2633365 0.755564
vt 0.2633365 0.755564
vt 0.2633365 0.755564
vt 0.2633365 0.755564
vt 0.2633365 0.755564
vt 0.2633365 0.755564
vt 0.2633365 0.755564
vt 0.2633365 0.755564
vt 0.2633365 0.755564
vt 0.2633365 0.755564
vt 0.2633365 0.755564
vt 0.2633365 0.755564
vt 0.2633365 0.755564
vt 0.2633365 0.755564
vt 0.2633365 0.755564
vt 0.2633365 0.755564
vt 0.2633365 0.755564
vt 0.2633365 0.755564
vt 0.2633365 0.755564
vt 0.2633365 0.755564
vt 0.2633365 0.755564
vt 0.2633365 0.755564
vt 0.2633365 0.755564
vt 0.2633365 0.755564
vt 0.2633365 0.755564
vt 0.2633365 0.755564
vt 0.2633365 0.755564
vt 0.2633365 0.755564
vt 0.2633365 0.755564
vt 0.2633365 0.755564
vt 0.2633365 0.755564
vt 0.2633365 0.755564
vt 0.2633365 0.755564
vt 0.2633365 0.755564
vt 0.2633365 0.755564
vt 0.2633365 0.755564
vt 0.2633365 0.755564
vt 0.2633365 0.755564
vt 0.2633365 0.755564
vt 0.2633365 0.755564
vt 0.2633365 0.755564
vt 0.830875 0.8005325
vt 0.830875 0.8005325
vt 0.830875 0.8005325
vt 0.830875 0.8005325
vt 0.830875 0.8005325
vt 0.830875 0.8005325
vt 0.830875 0.8005325
vt 0.830875 0.8005325
vt 0.830875 0.8005325
vt 0.830875 0.8005325
vt 0.830875 0.8005325
vt 0.830875 0.8005325
vt 0.830875 0.8005325
vt 0.830875 0.8005325
vt 0.830875 0.8005325
vt 0.830875 0.8005325
vt 0.830875 0.8005325
vt 0.830875 0.8005325
vt 0.830875 0.8005325
vt 0.830875 0.8005325
vt 0.830875 0.8005325
vt 0.830875 0.8005325
vt 0.830875 0.8005325
vt 0.830875 0.8005325
vt 0.830875 0.8005325
vt 0.830875 0.8005325
vt 0.830875 0.8005325
vt 0.830875 0.8005325
vt 0.830875 0.8005325
vt 0.830875 0.8005325
vt 0.830875 0.8005325
vt 0.830875 0.8005325
vt 0.830875 0.8005325
vt 0.830875 0.8005325
vt 0.830875 0.8005325
vt 0.830875 0.8005325
vt 0.830875 0.8005325
vt 0.830875 0.8005325
vt 0.830875 0.8005325
vt 0.830875 0.8005325
vt 0.830875 0.8005325
vt 0.830875 0.8005325
vt 0.830875 0.8005325
vt 0.830875 0.8005325
vt 0.830875 0.8005325
vt 0.830875 0.8005325
vt 0.830875 0.8005325
vt 0.830875 0.8005325
vt 0.830875 0.8005325
vt 0.830875 0.8005325
vt 0.830875 0.8005325
vt 0.830875 0.8005325
vt 0.830875 0.8005325
vt 0.830875 0.8005325
vt 0.830875 0.8005325
vt 0.830875 0.8005325
vt 0.830875 0.8005325
vt 0.830875 0.8005325
vt 0.830875 0.8005325
vt 0.830875 0.8005325
vt 0.830875 0.8005325
vt 0.830875 0.8005325
vt 0.830875 0.8005325
vt 0.830875 0.8005325
vt 0.830875 0.8005325
vt 0.830875 0.8005325
vt 0.830875 0.8005325
vt 0.830875 0.8005325
vt 0.830875 0.8005325
vt 0.830875 0.8005325
vt 0.830875 0.8005325
vt 0.830875 0.8005325
vt 0.830875 0.8005325
vt 0.830875 0.8005325
vt 0.830875 0.8005325
vt 0.830875 0.8005325
vt 0.830875 0.8005325
vt 0.830875 0.8005325
vt 0.830875 0.8005325
vt 0.830875 0.8005325
vt 0.830875 0.8005325
vt 0.830875 0.8005325
vt 0.830875 0.8005325
vt 0.830875 0.8005325
vt 0.830875 0.8005325
vt 0.830875 0.8005325
vt 0.830875 0.8005325
vt 0.830875 0.8005325
vt 0.830875 0.8005325
vt 0.830875 0.8005325
vt 0.830875 0.8005325
vt 0.830875 0.8005325
vt 0.830875 0.8005325
vt 0.830875 0.8005325
vt 0.830875 0.8005325
vt 0.830875 0.8005325
vt 0.8933048 0.1344558
vt 0.8933048 0.1344558
vt 0.8933048 0.1344558
vt 0.8933048 0.1344558
vt 0.8933048 0.1344558
vt 0.8933048 0.1344558
vt 0.8933048 0.1344558
vt 0.8933048 0.1344558
vt 0.8933048 0.1344558
vt 0.8933048 0.1344558
vt 0.8933048 0.1344558
vt 0.8933048 0.1344558
vt 0.8933048 0.1344558
vt 0.8933048 0.1344558
vt 0.8933048 0.1344558
vt 0.8933048 0.1344558
vt 0.8933048 0.1344558
vt 0.8933048 0.1344558
vt 0.8933048 0.1344558
vt 0.8933048 0.1344558
vt 0.8933048 0.1344558
vt 0.8933048 0.1344558
vt 0.8933048 0.1344558
vt 0.8933048 0.1344558
vt 0.8933048 0.1344558
vt 0.8933048 0.1344558
vt 0.8933048 0.1344558
vt 0.8933048 0.1344558
vt 0.8933048 0.1344558
vt 0.8933048 0.1344558
vt 0.8933048 0.1344558
vt 0.8933048 0.1344558
vt 0.8933048 0.1344558
vt 0.8933048 0.1344558
vt 0.8933048 0.1344558
vt 0.8933048 0.1344558
vt 0.8933048 0.1344558
vt 0.8933048 0.1344558
vt 0.8933048 0.1344558
vt 0.8933048 0.1344558
vn -0.8866076 0.206256 0.4139871
vn -0.3137828 0.9433036 0.1082529
vn 0.002932537 0.9999957 0
vn -0.8318666 0.4447701 0.33193
vn -0.9042029 0.03225803 0.4258831
vn -0.7869009 0.4858258 -0.3804738
vn -0.9608989 0.05767345 -0.2708267
vn -0.8866076 -0.206256 0.4139871
vn -0.9042029 -0.03225803 0.4258831
vn -0.9608989 -0.05767345 -0.2708267
vn -0.8318666 -0.4447701 0.33193
vn -0.796676 -0.4584553 -0.3938604
vn 0.002932537 -0.9999957 0
vn -0.3137828 -0.9433036 0.1082529
vn -0.0420332 -0.8553271 -0.5163805
vn -0.1691104 -0.8299116 -0.5316468
vn -0.06549358 -0.8670573 -0.4938849
vn -0.8318666 0.4447701 0.33193
vn -0.3137828 0.9433036 0.1082529
vn -0.8866076 0.206256 0.4139871
vn -0.2355815 0.8318666 -0.5024931
vn -0.1945258 0.8220915 -0.5350938
vn -0.7869009 0.4858258 -0.3804738
vn 0.8553271 -0.4682305 -0.2217563
vn 0.8553271 -0.4682305 -0.2217563
vn 0.8553271 -0.4682305 -0.2217563
vn 0.8553271 0.4682305 -0.2217563
vn 0.8553271 0.4682305 -0.2217563
vn 0.8553271 0.4682305 -0.2217563
vn 0.9999995 0.0009775162 0
vn 0.9999995 0.0009775162 0
vn 0.9999995 0.0009775162 0
vn -0.5933526 -0.8044962 0.02680771
vn 0.08894927 -0.9960362 0
vn -0.5933526 -0.8044962 0.02680771
vn 0.3958942 -0.8826975 0.2532052
vn 0.3958942 -0.8826975 0.2532052
vn 0.08894927 -0.9960362 0
vn 0.3958942 -0.8826975 0.2532052
vn 0.3958942 -0.8826975 0.2532052
vn 0.08894927 -0.9960362 0
vn -0.5933526 -0.8044962 0.02680771
vn -0.5933526 -0.8044962 0.02680771
vn 0.08894927 -0.9960362 0
vn 0.3958942 -0.8826975 0.2532052
vn 0.08894927 -0.9960362 0
vn 0.3958942 -0.8826975 0.2532052
vn 0.3958942 -0.8826975 0.2532052
vn 0.08894927 -0.9960362 0
vn 0.3958942 -0.8826975 0.2532052
vn 0.08894927 -0.9960362 0
vn -0.5933526 -0.8044962 0.02680771
vn -0.5933526 -0.8044962 0.02680771
vn -0.2140762 -0.9765391 -0.02329721
vn -0.5933526 -0.8044962 0.02680771
vn -0.5933526 -0.8044962 0.02680771
vn 0.7282499 -0.3489735 0.5898047
vn 0.4447701 0.0009775162 0.8956442
vn -0.0009775162 -0.9999995 0
vn -0.9999995 0.0009775162 0
vn -0.0009775162 -0.9999995 0
vn -0.9999995 0.0009775162 0
vn -0.9999995 0.0009775162 0
vn -0.4740956 0.4271748 0.7699059
vn -0.9999995 -0.0009775162 0
vn -0.4740956 -0.4271747 0.7699059
vn -0.9999995 -0.0009775162 0
vn -0.0009775162 0.9999995 0
vn -0.0009775162 0.9999995 0
vn 0.7282499 0.3489734 0.5898048
vn 0.4447701 -0.0009775162 0.8956442
vn 0.9999995 0.0009775162 0
vn 0.9999995 0.0009775162 0
vn 0.9999995 0.0009775162 0
vn -0.5933526 0.8044962 0.02680771
vn -0.5933526 0.8044962 0.02680771
vn 0.08894927 0.9960362 0
vn 0.3958942 0.8826976 0.2532049
vn 0.08894927 0.9960362 0
vn 0.3958942 0.8826976 0.2532049
vn 0.3958942 0.8826976 0.2532049
vn 0.08894927 0.9960362 0
vn 0.3958942 0.8826976 0.2532049
vn -0.5933526 0.8044962 0.02680771
vn 0.08894927 0.9960362 0
vn -0.5933526 0.8044962 0.02680771
vn 0.3958942 0.8826976 0.2532049
vn 0.3958942 0.8826976 0.2532049
vn 0.08894927 0.9960362 0
vn 0.3958942 0.8826976 0.2532049
vn 0.3958942 0.8826976 0.2532049
vn 0.08894927 0.9960362 0
vn 0.08894927 0.9960362 0
vn -0.5933526 0.8044962 0.02680771
vn -0.5933526 0.8044962 0.02680771
vn -0.2140762 0.9765391 -0.02329721
vn -0.5933526 0.8044962 0.02680771
vn -0.5933526 0.8044962 0.02680771
vn -0.6500486 0.0009775162 0.759892
vn -0.6500486 0.0009775162 0.759892
vn -0.6500486 0.0009775162 0.759892
vn 0.8318667 0.0009775162 0.5549747
vn 0.8318667 0.0009775162 0.5549747
vn 0.8318667 0.0009775162 0.5549747
vn -0.9315734 -0.3040076 0.199375
vn -0.9315734 -0.3040076 0.199375
vn -0.9315734 -0.3040076 0.199375
vn -0.9315734 -0.3040076 0.199375
vn -0.9315734 0.3059627 0.1963616
vn -0.9315734 0.3059627 0.1963616
vn -0.9315734 0.3059627 0.1963616
vn -0.9315734 0.3059627 0.1963616
vn -0.2199413 -0.968719 0.1149316
vn -0.09481907 -0.9941344 0.05202029
vn -0.2199413 -0.968719 0.1149316
vn -0.2199413 -0.968719 0.1149316
vn -0.2199413 -0.968719 0.1149316
vn -0.2199413 -0.968719 0.1149316
vn -0.2199413 -0.968719 0.1149316
vn -0.2199413 -0.968719 0.1149316
vn -0.1476051 -0.8220915 -0.5498894
vn -0.6774191 -0.7243398 0.1281999
vn 0.9941344 -0.01075268 -0.1076157
vn 0.9941344 -0.002932549 -0.1081118
vn 0.9941344 -0.02052784 -0.1061855
vn 0.9941344 -0.0009775162 -0.1081471
vn 0.9941344 -0.0009775162 -0.1081471
vn 0.9941344 0.0009775162 -0.1081471
vn 0.9941344 0.0009775162 -0.1081471
vn 0.9941344 0.01075268 -0.1076157
vn 0.9941344 0.0009775162 -0.1081471
vn 0.9941344 0.002932549 -0.1081118
vn 0.9941344 0.02052784 -0.1061855
vn -0.01661777 0.0009775162 -0.9998614
vn -0.01661777 0.0009775162 -0.9998614
vn -0.01857281 0.002932549 -0.9998232
vn -0.01466274 -0.0009775162 -0.999892
vn -0.01661777 -0.0009775162 -0.9998614
vn -0.01466274 0.0009775162 -0.999892
vn -0.01661777 -0.0009775162 -0.9998614
vn -0.01857281 -0.002932549 -0.9998232
vn -0.01661777 0.0009775162 -0.9998614
vn -0.2199413 -0.968719 0.1149316
vn -0.2199413 -0.968719 0.1149316
vn -0.01661777 0.0009775162 -0.9998614
vn -0.9628539 -0.2512218 0.09899473
vn -0.01661777 0.0009775162 -0.9998614
vn -0.2199413 -0.968719 0.1149316
vn -0.9628539 -0.2512218 0.09899473
vn -0.01661777 0.0009775162 -0.9998614
vn -0.9628539 0.2512218 0.09899473
vn -0.9628539 0.2512218 0.09899473
vn -0.9628539 -0.2512218 0.09899473
vn -0.01661777 0.0009775162 -0.9998614
vn -0.2942325 -0.7047895 0.6455222
vn -0.2199413 -0.968719 0.1149316
vn -0.2590419 -0.7595304 0.5966664
vn -0.5562069 -0.382209 0.7379364
vn -0.9628539 -0.2512218 0.09899473
vn -0.6891493 -0.05962849 0.7221619
vn -0.9628539 0.2512218 0.09899473
vn -0.6891493 0.06158352 0.7219977
vn -0.9628539 0.2512218 0.09899473
vn -0.5386117 0.4134896 0.7341143
vn -0.1300098 0.9882693 0.08013207
vn -0.2727271 0.7126096 0.6463802
vn -0.1300098 0.9882693 0.08013207
vn -0.1300098 0.9882693 0.08013207
vn -0.1300098 0.9882693 0.08013207
vn -0.01661777 0.0009775162 -0.9998614
vn -0.1300098 0.9882693 0.08013207
vn -0.1300098 0.9882693 0.08013207
vn -0.2277614 0.796676 -0.55985
vn -0.9315734 0.3059627 0.1963616
vn -0.6637338 0.5327466 -0.5250129
vn -0.1300098 0.9882693 0.08013207
vn -0.9315734 0.3059627 0.1963616
vn -0.8963828 0.08308887 -0.435424
vn -0.9315734 -0.3040076 0.199375
vn -0.8963828 -0.0811339 -0.4357926
vn -0.9315734 -0.3040076 0.199375
vn -0.6891493 -0.497556 -0.5267935
vn -0.9315734 0.3059627 0.1963616
vn -0.2199413 -0.968719 0.1149316
vn -0.2492667 -0.7986311 -0.5477723
vn -0.1867057 -0.8103613 -0.5553879
vn -0.2199413 -0.968719 0.1149316
vn -0.9315734 -0.3040076 0.199375
vn -0.497556 0.380254 0.7796441
vn -0.1827956 0.6989244 0.6914408
vn -0.1300098 0.9882693 0.08013207
vn 0.03812313 0.6871942 0.7254727
vn -0.6050828 0.05180836 0.7944751
vn -0.9315734 0.3059627 0.1963616
vn -0.6031277 -0.04985332 0.7960852
vn -0.9315734 -0.3040076 0.199375
vn -0.5034211 -0.3274681 0.7995823
vn -0.14174 -0.7067446 0.6931248
vn 0.004887581 -0.7243398 0.6894258
vn -0.2199413 -0.968719 0.1149316
vn -0.8318666 -0.4447701 0.33193
vn -0.8866076 -0.206256 0.4139871
vn -0.3137828 -0.9433036 0.1082529
vn -0.796676 -0.4584553 -0.3938604
vn -0.1691104 -0.8299116 -0.5316468
vn -0.2199413 -0.968719 0.1149316
vn -0.2199413 -0.968719 0.1149316
vn -0.2199413 -0.968719 0.1149316
vn -0.2199413 -0.968719 0.1149316
vn -0.2199413 -0.968719 0.1149316
vn -0.1104315 -0.9938837 0
vn -0.9628539 -0.2512218 0.09899473
vn -0.9628539 -0.2512218 0.09899473
vn -0.9628539 -0.2512218 0.09899473
vn -0.9628539 -0.2512218 0.09899473
vn -0.9628539 0.2512218 0.09899473
vn -0.9628539 0.2512218 0.09899473
vn -0.9628539 0.2512218 0.09899473
vn -0.9628539 0.2512218 0.09899473
vn -0.1300098 0.9882693 0.08013207
vn -0.1300098 0.9882693 0.08013207
vn -0.1300098 0.9882693 0.08013207
vn -0.1300098 0.9882693 0.08013207
vn -0.1300098 0.9882693 0.08013207
vn -0.1300098 0.9882693 0.08013207
vn -0.1300098 0.9882693 0.08013207
vn -0.1300098 0.9882693 0.08013207
vn -0.1300098 0.9882693 0.08013207
vn -0.1300098 0.9882693 0.08013207
vn -0.1300098 0.9882693 0.08013207
vn -0.1300098 0.9882693 0.08013207
vn -0.1300098 0.9882693 0.08013207
vn 0.006842613 0.8435968 -0.5369335
vn -0.206256 0.8279566 -0.5214848
vn -0.9393935 -0.07917887 -0.3335724
vn -0.906158 -0.2844573 0.3129884
vn -0.73607 -0.499511 -0.4568256
vn -0.906158 -0.2844573 0.3129884
vn -0.906158 -0.2844573 0.3129884
vn -0.9393935 0.08113384 -0.3331023
vn -0.906158 -0.2844573 0.3129884
vn -0.906158 0.2825023 0.3147541
vn -0.73216 0.5210164 -0.4387296
vn -0.906158 0.2825023 0.3147541
vn -0.906158 0.2825023 0.3147541
vn -0.906158 0.2825023 0.3147541
vn -0.206256 0.8279566 -0.5214848
vn -0.906158 0.2825023 0.3147541
vn -0.73216 0.5210164 -0.4387296
vn -0.1300098 0.9882693 0.08013207
vn -0.1300098 0.9882693 0.08013207
vn -0.906158 0.2825023 0.3147541
vn -0.4897358 0.3137828 0.8134489
vn -0.1906158 0.673509 0.7141787
vn -0.1300098 0.9882693 0.08013207
vn 0.06549364 0.734115 0.6758593
vn -0.4956009 0.030303 0.8680215
vn -0.906158 0.2825023 0.3147541
vn -0.4897358 -0.02052784 0.8716291
vn -0.906158 -0.2844573 0.3129884
vn -0.4897358 -0.2121211 0.8456733
vn -0.906158 -0.2844573 0.3129884
vn -0.1593353 -0.675464 0.7199727
vn -0.2199413 -0.968719 0.1149316
vn 0.01661777 -0.7712606 0.6363025
vn -0.2199413 -0.968719 0.1149316
vn -0.906158 -0.2844573 0.3129884
vn -0.2199413 -0.968719 0.1149316
vn -0.73607 -0.499511 -0.4568256
vn -0.1476051 -0.8220915 -0.5498894
vn -0.7438902 -0.4740956 -0.471021
vn -0.8181814 -0.5288365 -0.2256351
vn -0.7399801 -0.4799607 -0.4712401
vn -0.8299116 0.5405667 -0.1379653
vn -0.5562069 -0.5913975 0.5838517
vn -0.7673506 0.4956009 0.4068818
vn -0.6598238 -0.7478002 0.07367103
vn -0.9139781 -0.3880741 -0.1185013
vn -0.671554 -0.6852392 -0.281891
vn -0.9784942 -0.08504397 -0.1879274
vn -0.7302049 -0.2981426 -0.6147453
vn -0.9878579 0.1553605 0
vn -0.9980445 -0.04789829 0.04016164
vn -0.7302049 0.2981426 -0.6147453
vn -0.9980445 -0.04789829 0.04016164
vn -0.6871942 0.6871942 -0.2356441
vn -0.6480936 0.5933526 -0.4773965
vn -0.8279566 0.0361681 -0.5596247
vn -0.5464318 -0.4310848 0.7180377
vn -0.8318666 0.5386117 0.1337738
vn -0.5679371 -0.4780056 0.6700433
vn -0.675464 -0.4447701 0.5881564
vn -0.3841641 0.2297164 -0.8942305
vn -0.3431083 0.5464318 0.7639955
vn -0.5933526 0.3939393 0.7019577
vn -0.01857281 0.9960895 -0.08637611
vn 0.1652003 0.7829908 0.5996951
vn -0.01857281 0.9960895 -0.08637611
vn 0.5151513 0.853372 -0.0798463
vn 0.5522969 0.8240465 -0.1261567
vn -0.01857281 0.9960895 -0.08637611
vn 0.5483868 0.8338217 -0.06335108
vn -0.01857281 0.9960895 -0.08637611
vn 0.2238513 0.7849458 -0.5777115
vn -0.8435968 -0.5210164 0.1299474
vn -0.8318666 0.5386117 0.1337738
vn -0.01857281 0.9960895 -0.08637611
vn -0.1886607 0.2003909 -0.9613795
vn -0.01857281 0.9960895 -0.08637611
vn -0.622678 0.6050828 0.4961319
vn 0.0361681 0.7751707 0.6307157
vn -0.01857281 0.9960895 -0.08637611
vn 0.3919842 0.1710654 -0.9039276
vn -0.01857281 0.9960895 -0.08637611
vn 0.5190613 0.8416418 0.149045
vn 0.6422284 0.7458452 -0.1767981
vn -0.01857281 0.9960895 -0.08637611
vn -0.7556204 0.4662755 -0.4600272
vn -0.9980445 -0.04789829 0.04016164
vn -0.8475069 -0.002932549 -0.5307763
vn -0.8220915 0.5268815 -0.2157813
vn -0.5992177 0.6265881 0.4983227
vn -0.9980445 -0.04789829 0.04016164
vn -0.5953076 0.0967741 0.7976488
vn -0.4916909 0.5327466 0.6887824
vn -0.3176929 -0.6031278 0.7316476
vn -0.01661549 -0.999862 0
vn 0.1652003 -0.7712606 0.614708
vn -0.01661549 -0.999862 0
vn 0.5249264 -0.8455519 0.09743842
vn 0.5425217 -0.8338217 -0.1020368
vn -0.01661549 -0.999862 0
vn 0.4604104 -0.8377318 -0.2936457
vn -0.01661549 -0.999862 0
vn 0.1378298 -0.7067446 -0.6939129
vn -0.1945258 0.8220915 -0.5350938
vn -0.01466274 0.8416418 -0.5398371
vn 0.01270771 0.8709673 -0.4911767
vn -0.2355815 0.8318666 -0.5024931
vn -0.01661549 -0.999862 0
vn -0.01661549 -0.999862 0
vn -0.01661549 -0.999862 0
vn -0.01661549 -0.999862 0
vn -0.01661549 -0.999862 0
vn 0.1378298 -0.7067446 -0.6939129
vn -0.3333331 -0.7478002 -0.574181
vn -0.8475069 -0.002932549 -0.5307763
vn -0.9980445 -0.04789829 0.04016164
vn -0.9980445 -0.04789829 0.04016164
vn 0.3724338 -0.7732157 -0.5132549
vn 0.1260996 -0.5112412 -0.850136
vn -0.01661549 -0.999862 0
vn -0.01661549 -0.999862 0
vn 0.5757573 -0.673509 -0.4635614
vn 0.671554 -0.73216 -0.113829
vn -0.01661549 -0.999862 0
vn 0.5874875 -0.5933526 0.5502646
vn 0.01075268 -0.2297164 0.9731982
vn -0.01661549 -0.999862 0
vn -0.9745841 0.0009775162 0.2240197
vn -0.9745841 0.0009775162 0.2240197
vn 0.01075268 0.2297164 0.9731982
vn -0.01857281 0.9960895 -0.08637611
vn -0.01857281 0.9960895 -0.08637611
vn 0.5874875 0.5933526 0.5502647
vn 0.671554 0.73216 -0.113829
vn -0.01857281 0.9960895 -0.08637611
vn 0.5757573 0.673509 -0.4635614
vn 0.3724338 0.7732157 -0.5132549
vn -0.01857281 0.9960895 -0.08637611
vn 0.1260996 0.5112412 -0.850136
vn -0.01857281 0.9960895 -0.08637611
vn -0.01857281 0.9960895 -0.08637611
vn -0.01857281 0.9960895 -0.08637611
vn -0.01857281 0.9960895 -0.08637611
vn -0.01857281 0.9960895 -0.08637611
vn -0.01857281 0.9960895 -0.08637611
vn -0.01857281 0.9960895 -0.08637611
vn -0.01857281 0.9960895 -0.08637611
vn -0.01857281 0.9960895 -0.08637611
vn -0.01857281 0.9960895 -0.08637611
vn 0.1378298 0.7067446 -0.6939129
vn -0.3333331 0.7478002 -0.574181
vn -0.7419351 0.4780056 -0.470152
vn -0.8318666 0.5386117 0.1337738
vn -0.8318666 0.5386117 0.1337738
vn -0.01857281 0.9960895 -0.08637611
vn -0.01857281 0.9960895 -0.08637611
vn -0.01857281 0.9960895 -0.08637611
vn -0.01857281 0.9960895 -0.08637611
vn -0.01857281 0.9960895 -0.08637611
vn -0.8318666 0.5386117 0.1337738
vn -0.8318666 0.5386117 0.1337738
vn -0.04594326 0.5151513 -0.855867
vn 0.2238513 0.7849458 -0.5777115
vn 0.4604104 0.8377317 -0.2936458
vn -0.01857281 0.9960895 -0.08637611
vn 0.1378298 0.7067446 -0.6939129
vn -0.01857281 0.9960895 -0.08637611
vn 0.5425217 0.8338217 -0.1020373
vn -0.01857281 0.9960895 -0.08637611
vn 0.5249264 0.8455518 0.09743872
vn 0.1652003 0.7712606 0.614708
vn -0.01857281 0.9960895 -0.08637611
vn -0.3176929 0.6050828 0.7300316
vn -0.8318666 0.5386117 0.1337738
vn -0.5738022 0.3626586 0.7343226
vn -0.7086996 0.4877808 0.5097203
vn -0.9980445 -0.04789829 0.04016164
vn -0.8416418 0.5307915 0.09949592
vn -0.6363634 0.004887581 0.7713739
vn -0.6774191 -0.7243398 0.1281999
vn -0.3431083 -0.5464318 0.7639955
vn -0.01661549 -0.999862 0
vn 0.1652003 -0.7829908 0.5996951
vn -0.01661549 -0.999862 0
vn 0.5151513 -0.853372 -0.07984556
vn 0.5522969 -0.8240465 -0.1261567
vn -0.01661549 -0.999862 0
vn 0.5307895 -0.8475037 0
vn -0.01661549 -0.999862 0
vn 0.1867057 -0.9804492 -0.06213175
vn -0.01661549 -0.999862 0
vn 0.6363633 -0.7497553 -0.1814078
vn -0.01661549 -0.999862 0
vn -0.4897358 -0.7908109 -0.3671196
vn 0.3118278 -0.7086996 -0.6328573
vn 0.3919842 -0.1710654 -0.9039276
vn -0.9980445 -0.04789829 0.04016164
vn -0.2218963 -0.2140762 -0.9512799
vn -0.01661549 -0.999862 0
vn -0.4154446 -0.3880741 -0.8226812
vn -0.01661549 -0.999862 0
vn -0.01661549 -0.999862 0
vn -0.01661549 -0.999862 0
vn 0.3118278 -0.7086996 -0.6328573
vn -0.01661549 -0.999862 0
vn -0.01661549 -0.999862 0
vn -0.01661549 -0.999862 0
vn -0.01661549 -0.999862 0
vn -0.01661549 -0.999862 0
vn -0.9980445 -0.04789829 0.04016164
vn -0.4897358 -0.7908109 -0.3671196
vn 0.1867057 -0.9804492 -0.06213175
vn -0.9980445 -0.04789829 0.04016164
vn -0.9804492 -0.1632453 0.1098651
vn -0.0009775162 -0.5874875 -0.8092327
vn -0.0009775162 -0.5874875 -0.8092327
vn -0.0009775162 -0.5874875 -0.8092327
vn 0.0009775162 -0.5894425 -0.8078098
vn -0.0009775162 -0.9999995 0
vn -0.0009775162 -0.9999995 0
vn -0.0009775162 -0.9999995 0
vn -0.0009775162 -0.9999995 0
vn -0.0009775162 -0.9999995 0
vn -0.0009775162 -0.9999995 0
vn 0.8025411 -0.558162 -0.2106726
vn 0.8025411 -0.558162 -0.2106726
vn 0.8142713 -0.5444767 -0.2012642
vn 0.7829908 -0.5777123 -0.2305947
vn 0.0009775162 -0.9999995 0
vn 0.0009775162 -0.9999995 0
vn 0.0009775162 -0.9999995 0
vn -0.0009775162 -0.9999995 0
vn -0.0009775162 -0.3685238 -0.9296178
vn -0.0009775162 -0.3685238 -0.9296178
vn -0.0009775162 -0.3685238 -0.9296178
vn 0.0009775162 -0.3685238 -0.9296178
vn -0.0009775162 -0.1573802 -0.9875376
vn -0.0009775162 -0.1945258 -0.9808969
vn -0.0009775162 -0.1945258 -0.9808969
vn -0.0009775162 -0.1573802 -0.9875376
vn -0.0009775162 0.0009775162 -0.999999
vn -0.0009775162 0.0009775162 -0.999999
vn -0.0009775162 0.1573802 -0.9875376
vn -0.0009775162 0.1573802 -0.9875376
vn -0.0009775162 0.1945258 -0.9808969
vn -0.0009775162 0.1945258 -0.9808969
vn -0.0009775162 -0.1573802 -0.9875376
vn -0.0009775162 -0.1945258 -0.9808969
vn -0.0009775162 -0.1945258 -0.9808969
vn -0.0009775162 -0.1573802 -0.9875376
vn -0.0009775162 0.0009775162 -0.999999
vn -0.0009775162 0.0009775162 -0.999999
vn -0.0009775162 0.1573802 -0.9875376
vn -0.0009775162 0.1573802 -0.9875376
vn -0.0009775162 0.1945258 -0.9808969
vn -0.0009775162 0.1945258 -0.9808969
vn -0.0009775162 -0.1573802 -0.9875376
vn -0.0009775162 -0.1945258 -0.9808969
vn -0.0009775162 -0.1945258 -0.9808969
vn -0.0009775162 -0.1573802 -0.9875376
vn -0.0009775162 0.0009775162 -0.999999
vn -0.0009775162 0.0009775162 -0.999999
vn -0.0009775162 0.1573802 -0.9875376
vn -0.0009775162 0.1573802 -0.9875376
vn -0.0009775162 0.1945258 -0.9808969
vn -0.0009775162 0.1945258 -0.9808969
vn -0.0009775162 -0.1573802 -0.9875376
vn -0.0009775162 -0.1945258 -0.9808969
vn -0.0009775162 -0.1945258 -0.9808969
vn -0.0009775162 -0.1573802 -0.9875376
vn -0.0009775162 0.0009775162 -0.999999
vn -0.0009775162 0.0009775162 -0.999999
vn -0.0009775162 0.1573802 -0.9875376
vn -0.0009775162 0.1573802 -0.9875376
vn -0.0009775162 0.1945258 -0.9808969
vn -0.0009775162 0.1945258 -0.9808969
vn -0.0009775162 -0.8142713 0.5804837
vn -0.0009775162 -0.8142713 0.5804837
vn -0.0009775162 -0.8142713 0.5804837
vn -0.0009775162 -0.8142713 0.5804837
vn -0.0009775162 -0.8142713 0.5804837
vn -0.0009775162 -0.8142713 0.5804837
vn -0.0009775162 -0.8142713 0.5804837
vn -0.0009775162 -0.8142713 0.5804837
vn -0.0009775162 -0.8142713 0.5804837
vn -0.0009775162 -0.8142713 0.5804837
vn -0.0009775162 -0.9999995 0
vn -0.0009775162 -0.9999995 0
vn -0.0009775162 -0.9999995 0
vn -0.0009775162 -0.9999995 0
vn -0.0009775162 -0.9999995 0
vn -0.0009775162 -0.9999995 0
vn -0.0009775162 -0.9999995 0
vn 0.1691104 -0.9824042 -0.07926942
vn -0.0009775162 -0.9999995 0
vn 0.02052784 -0.9980445 -0.05904065
vn -0.0009775162 -0.9999995 0
vn -0.04007816 -0.9882693 -0.1473683
vn -0.0009775162 -0.9999995 0
vn -0.0009775162 -0.9999995 0
vn 0.04007816 -0.9882693 -0.1473683
vn -0.3665687 -0.8220915 -0.4356524
vn 0.07722384 -0.9902244 -0.116156
vn -0.2981426 -0.8220915 -0.4850532
vn -0.3528835 -0.7712606 -0.5297455
vn -0.5327466 -0.3118278 -0.7867303
vn -0.4584553 -0.3118278 -0.8322152
vn -0.0283366 -0.9995984 0
vn 0.2805473 -0.9589438 0.0414723
vn -0.6246331 0.0009775162 -0.7809178
vn -0.0009775162 -0.9999995 0
vn -0.0009775162 -0.9999995 0
vn -0.0009775162 -0.9999995 0
vn -0.0009775162 -0.9999995 0
vn 0.03812313 -0.9941344 0.1012095
vn 0.03812313 -0.9941344 0.1012095
vn -0.0009775162 -0.9999995 0
vn -0.0009775162 -0.9999995 0
vn -0.0009775162 -0.9999995 0
vn -0.0009775162 -0.9999995 0
vn 0.03812313 -0.9941344 0.1012095
vn 0.03812313 -0.9941344 0.1012095
vn -0.0009775162 -0.9999995 0
vn -0.0009775162 -0.9999995 0
vn -0.0009775162 -0.9999995 0
vn -0.0009775162 -0.9999995 0
vn 0.03812313 -0.9941344 0.1012095
vn 0.03812313 -0.9941344 0.1012095
vn 0.03812313 -0.9941344 0.1012095
vn 0.03812313 -0.9941344 0.1012095
vn 0.0283366 -0.9995984 0
vn 0.2922775 -0.910068 -0.2938541
vn 0.04398823 -0.8181814 -0.573275
vn -0.7575754 -0.6461385 0.09265289
vn 0.04398823 -0.8181814 -0.573275
vn -0.7575754 -0.6461385 0.09265289
vn -0.7575754 -0.6461385 0.09265289
vn -0.7575754 -0.6461385 0.09265289
vn -0.7575754 -0.6461385 0.09265289
vn -0.0009775162 0.002932549 -0.9999952
vn -0.0009775162 0.002932549 -0.9999952
vn -0.9999995 0.0009775162 0
vn -0.0009775162 0.002932549 -0.9999952
vn -0.0009775162 -0.002932549 -0.9999952
vn -0.0009775162 -0.002932549 -0.9999952
vn 0.04398823 0.8181814 -0.573275
vn -0.7575754 0.6461385 0.09265257
vn -0.7575754 0.6461385 0.09265257
vn -0.7575754 0.6461385 0.09265257
vn 0.0283366 0.9995984 0
vn 0.04398823 0.8181814 -0.573275
vn 0.2922775 0.910068 -0.2938538
vn 0.03812313 0.9941344 0.1012095
vn -0.7575754 0.6461385 0.09265257
vn -0.7575754 0.6461385 0.09265257
vn 0.03812313 0.9941344 0.1012095
vn 0.03812313 0.9941344 0.1012095
vn 0.03812313 0.9941344 0.1012095
vn -0.0009775162 0.9999995 0
vn -0.0009775162 0.9999995 0
vn -0.0009775162 0.9999995 0
vn -0.0009775162 0.9999995 0
vn 0.03812313 0.9941344 0.1012095
vn 0.03812313 0.9941344 0.1012095
vn -0.0009775162 0.9999995 0
vn -0.0009775162 0.9999995 0
vn -0.0009775162 0.9999995 0
vn -0.0009775162 0.9999995 0
vn 0.03812313 0.9941344 0.1012095
vn 0.03812313 0.9941344 0.1012095
vn -0.0009775162 0.9999995 0
vn -0.0009775162 0.9999995 0
vn -0.0009775162 0.9999995 0
vn -0.0009775162 0.9999995 0
vn 0.2805473 0.9589438 0.0414723
vn -0.0283366 0.9995984 0
vn 0.07722384 0.9902244 -0.116156
vn -0.3528835 0.7712606 -0.5297455
vn -0.04007816 0.9882693 -0.1473683
vn 0.04007816 0.9882693 -0.1473683
vn 0.02052784 0.9980445 -0.05904065
vn -0.2981426 0.8220915 -0.4850532
vn -0.5327466 0.3118278 -0.7867303
vn -0.3665687 0.8220915 -0.4356524
vn -0.0009775162 0.9999995 0
vn -0.4584553 0.3118278 -0.8322152
vn -0.4623654 0.0009775162 -0.8866889
vn -0.4056695 0.0009775162 -0.9140193
vn -0.0009775162 0.9999995 0
vn -0.0009775162 0.9999995 0
vn -0.0009775162 0.9999995 0
vn -0.0009775162 0.9999995 0
vn 0.1691104 0.9824042 -0.07926942
vn -0.0009775162 0.9999995 0
vn -0.0009775162 0.9999995 0
vn -0.0009775162 0.9999995 0
vn -0.0009775162 0.9999995 0
vn -0.0009775162 0.9999995 0
vn -0.0009775162 0.9999995 0
vn 0.7515465 -0.65968 0
vn 0.7515465 -0.65968 0
vn 0.7515465 -0.65968 0
vn 0.7533631 -0.6576049 0
vn -0.3880742 -0.8787875 0.2777247
vn 0.0009775162 -0.9784942 0.2062722
vn -0.2258064 -0.970674 0.08248269
vn -0.0009775162 -0.9511237 0.3088086
vn 0.0009775162 -0.9804492 0.1967699
vn -0.0009775162 0.0009775162 0.999999
vn -0.0009775162 -0.9530787 0.3027209
vn -0.0009775162 -0.9824042 0.1867646
vn -0.0009775162 0.0009775162 0.999999
vn -0.0009775162 0.0009775162 0.999999
vn -0.0009775162 0.0009775162 0.999999
vn -0.0009775162 0.0009775162 0.999999
vn -0.0009775162 0.9999995 0
vn -0.0009775162 -0.9550338 0.2964954
vn 0.1808406 -0.9784942 0.09922657
vn 0.2746822 -0.9433036 0.1863546
vn -0.0009775162 0.0009775162 0.999999
vn -0.0009775162 0.0009775162 0.999999
vn -0.0009775162 0.9999995 0
vn -0.0009775162 0.0009775162 0.999999
vn -0.0009775162 0.0009775162 0.999999
vn -0.0009775162 0.0009775162 0.999999
vn -0.0009775162 0.9999995 0
vn -0.0009775162 0.9999995 0
vn -0.0009775162 0.9999995 0
vn -0.0009775162 0.9999995 0
vn -0.0009775162 0.9999995 0
vn -0.0009775162 0.9999995 0
vn 0.5796673 0.0009775162 0.8148527
vn -0.0009775162 0.9999995 0
vn 0.5796673 0.0009775162 0.8148527
vn 0.5796673 0.0009775162 0.8148527
vn 0.5796673 0.0009775162 0.8148527
vn 0.5796673 0.0009775162 0.8148527
vn 0.5796673 0.0009775162 0.8148527
vn 0.5796673 0.0009775162 0.8148527
vn 0.5796673 0.0009775162 0.8148527
vn -0.0009775162 0.9999995 0
vn 0.5796673 0.0009775162 0.8148527
vn 0.5796673 0.0009775162 0.8148527
vn 0.5796673 0.0009775162 0.8148527
vn 0.5796673 0.0009775162 0.8148527
vn 0.5796673 0.0009775162 0.8148527
vn 0.5796673 0.0009775162 0.8148527
vn 0.5796673 0.0009775162 0.8148527
vn 0.5796673 0.0009775162 0.8148527
vn 0.5796673 0.0009775162 0.8148527
vn 0.5796673 0.0009775162 0.8148527
vn 0.5796673 0.0009775162 0.8148527
vn 0.5796673 0.0009775162 0.8148527
vn 0.5796673 0.0009775162 0.8148527
vn 0.5796673 0.0009775162 0.8148527
vn 0.5796673 0.0009775162 0.8148527
vn 0.5796673 0.0009775162 0.8148527
vn 0.5796673 0.0009775162 0.8148527
vn -0.0009775162 -0.9999995 0
vn -0.0009775162 -0.9999995 0
vn -0.0009775162 -0.9999995 0
vn -0.0009775162 -0.9999995 0
vn -0.0009775162 -0.9999995 0
vn -0.0009775162 -0.9999995 0
vn -0.0009775162 -0.9999995 0
vn -0.0009775162 -0.9999995 0
vn -0.0009775162 -0.9999995 0
vn -0.0009775162 -0.9999995 0
vn -0.0009775162 0.0009775162 0.999999
vn -0.0009775162 0.0009775162 0.999999
vn -0.0009775162 0.0009775162 0.999999
vn -0.0009775162 0.0009775162 0.999999
vn -0.0009775162 0.0009775162 0.999999
vn -0.0009775162 0.0009775162 0.999999
vn -0.0009775162 0.0009775162 0.999999
vn -0.0009775162 0.0009775162 0.999999
vn -0.0009775162 0.9550338 0.2964954
vn -0.0009775162 0.0009775162 0.999999
vn -0.0009775162 0.0009775162 0.999999
vn -0.0009775162 0.9530787 0.3027209
vn -0.0009775162 0.9511237 0.3088086
vn -0.0009775162 0.9824042 0.1867646
vn 0.1808406 0.9784942 0.09922657
vn 0.2746822 0.9433036 0.1863546
vn 0.0009775162 0.9804492 0.1967699
vn 0.0009775162 0.9784942 0.2062722
vn -0.3880742 0.8787875 0.2777245
vn -0.2258064 0.970674 0.08248269
vn 0.7712606 -0.6226781 -0.132019
vn -0.0009775162 -0.9999995 0
vn 0.2805473 -0.9589438 0.0414723
vn 0.8103613 -0.562072 -0.1654983
vn 0.6813291 -0.5738022 -0.4544685
vn -0.0009775162 -0.9999995 0
vn 0.6480935 -0.7184747 -0.2525249
vn 0.03812313 -0.9941344 0.1012095
vn -0.0009775162 -0.9999995 0
vn 0.8142713 -0.5679371 -0.1200401
vn 0.7458452 -0.558162 -0.3635521
vn -0.0009775162 -0.9999995 0
vn 0.03812313 -0.9941344 0.1012095
vn 0.6695989 -0.7262949 -0.1553481
vn -0.0009775162 -0.9999995 0
vn 0.8220915 -0.562072 -0.09077813
vn 0.7282499 -0.5210164 -0.4451898
vn -0.0009775162 -0.9999995 0
vn 0.03812313 -0.9941344 0.1012095
vn 0.6422284 -0.7556204 -0.1287654
vn 0.03812313 -0.9941344 0.1012095
vn 0.7673506 -0.5698922 0.293932
vn 0.03812313 -0.9941344 0.1012095
vn 0.7908109 -0.5953076 0.1422212
vn 0.2922775 -0.910068 -0.2938541
vn 0.6656889 -0.5992177 -0.4447431
vn -0.204301 -0.6578687 -0.724893
vn 0.04398823 -0.8181814 -0.573275
vn 0.04398823 -0.8181814 -0.573275
vn -0.204301 -0.6578687 -0.724893
vn -0.9999995 0.0009775162 0
vn 0.3528835 0.0009775162 -0.9356667
vn 0.3528835 0.0009775162 -0.9356667
vn 0.3528835 0.0009775162 -0.9356667
vn -0.204301 0.6578687 -0.724893
vn 0.04398823 0.8181814 -0.573275
vn 0.3528835 0.0009775162 -0.9356667
vn -0.204301 0.6578687 -0.724893
vn 0.04398823 0.8181814 -0.573275
vn 0.2922775 0.910068 -0.2938538
vn 0.6656889 0.5992177 -0.4447432
vn 0.7908109 0.5953076 0.1422214
vn 0.03812313 0.9941344 0.1012095
vn 0.7673506 0.5698922 0.293932
vn 0.03812313 0.9941344 0.1012095
vn 0.6422284 0.7556204 -0.1287654
vn 0.03812313 0.9941344 0.1012095
vn 0.7282499 0.5210164 -0.4451898
vn -0.0009775162 0.9999995 0
vn -0.0009775162 0.9999995 0
vn 0.8220915 0.562072 -0.09077813
vn 0.6695989 0.7262949 -0.1553481
vn 0.03812313 0.9941344 0.1012095
vn 0.7458452 0.558162 -0.3635521
vn -0.0009775162 0.9999995 0
vn -0.0009775162 0.9999995 0
vn 0.8142713 0.5679371 -0.1200401
vn 0.6480935 0.7184747 -0.2525249
vn 0.03812313 0.9941344 0.1012095
vn -0.0009775162 0.9999995 0
vn 0.6813291 0.5738022 -0.4544685
vn -0.0009775162 0.9999995 0
vn 0.8103613 0.562072 -0.1654983
vn 0.7712606 0.622678 -0.1320193
vn 0.2805473 0.9589438 0.0414723
vn -0.970674 0.08699894 0.2241051
vn -0.970674 0.08699894 0.2241051
vn -0.968719 -0.2277614 0.09853026
vn -0.9765391 -0.2121211 -0.03709401
vn -0.9980445 -0.05180836 0.03497282
vn -0.9980445 -0.05180836 0.03497282
vn -0.9996519 -0.02638376 0
vn -0.968719 -0.2277614 0.09853026
vn -0.968719 -0.2277614 0.09853026
vn -0.558162 -0.8201364 0.1258232
vn -0.5562069 -0.8279566 -0.0715657
vn -0.622678 -0.6950144 -0.3594817
vn -0.9996519 -0.02638376 0
vn -0.9999422 -0.01075206 0
vn -0.9999422 -0.01075206 0
vn -0.671554 -0.2512218 -0.6970674
vn -0.6324533 0.0009775162 -0.7745978
vn -0.9999422 -0.01075206 0
vn -0.9999422 -0.01075206 0
vn -0.9999422 0.01075206 0
vn -0.9999422 0.01075206 0
vn -0.671554 0.2512218 -0.6970674
vn -0.622678 0.6950144 -0.3594817
vn -0.9996519 0.02638376 0
vn -0.9980445 0.05180836 0.03497282
vn -0.9996519 0.02638376 0
vn -0.5562069 0.8279566 -0.07156652
vn -0.9980445 0.05180836 0.03497282
vn -0.558162 0.8201364 0.1258232
vn -0.968719 0.2277614 0.09853026
vn -0.968719 0.2277614 0.09853026
vn -0.968719 0.2277614 0.09853026
vn -0.970674 -0.086999 0.224105
vn -0.970674 -0.086999 0.224105
vn -0.9765391 0.2121211 -0.03709401
vn 0.8553271 -0.4682305 -0.2217563
vn 0.8553271 -0.4682305 -0.2217563
vn 0.8553271 -0.4682305 -0.2217563
vn 0.8553271 -0.4682305 -0.2217563
vn 0.8553271 -0.4682305 -0.2217563
vn 0.8553271 -0.4682305 -0.2217563
vn 0.8553271 -0.4682305 -0.2217563
vn 0.8553271 -0.4682305 -0.2217563
vn 0.8553271 -0.4682305 -0.2217563
vn 0.970674 -0.01857281 -0.2396809
vn 0.970674 -0.01857281 -0.2396809
vn 0.970674 -0.01857281 -0.2396809
vn 0.970674 -0.01857281 -0.2396809
vn 0.970674 -0.01857281 -0.2396809
vn 0.970674 -0.01857281 -0.2396809
vn 0.970674 -0.01857281 -0.2396809
vn 0.970674 -0.01857281 -0.2396809
vn 0.970674 -0.01857281 -0.2396809
vn 0.970674 0.01857281 -0.2396809
vn 0.970674 0.01857281 -0.2396809
vn 0.970674 0.01857281 -0.2396809
vn 0.970674 0.01857281 -0.2396809
vn 0.970674 0.01857281 -0.2396809
vn 0.970674 0.01857281 -0.2396809
vn -0.0009775162 0.0009775162 0.999999
vn -0.0009775162 0.0009775162 0.999999
vn -0.0009775162 0.0009775162 0.999999
vn -0.0009775162 0.0009775162 0.999999
vn -0.0009775162 0.9999995 0
vn -0.0009775162 0.9999995 0
vn -0.0009775162 0.9999995 0
vn -0.0009775162 0.9999995 0
vn 0.3743889 -0.8826975 -0.2840389
vn 0.2805473 -0.9589438 0.0414723
vn 0.07722384 -0.9902244 -0.116156
vn 0.1085044 -0.9315734 -0.346984
vn 0.04007816 -0.9882693 -0.1473683
vn 0.02052784 -0.9980445 -0.05904065
vn 0.1691104 -0.9824042 -0.07926942
vn 0.1280547 -0.9569888 -0.2603352
vn 0.1515151 -0.8475069 -0.5086995
vn 0.3450634 -0.8983378 -0.2718832
vn 0.2140762 -0.9491687 -0.2307602
vn -0.0009775162 -0.9999995 0
vn -0.0009775162 -0.9999995 0
vn -0.0009775162 -0.9999995 0
vn 0.3040076 -0.7829908 -0.5426829
vn 0.202346 -0.73607 -0.6459544
vn 0.06158358 -0.7086996 -0.7028174
vn 0.06158358 -0.8044962 -0.5907566
vn -0.0009775162 -0.9999995 0
vn -0.0009775162 -0.9999995 0
vn 0.8553271 -0.4682305 -0.2217563
vn -0.0009775162 -0.9999995 0
vn -0.0009775162 -0.9999995 0
vn 0.8553271 -0.4682305 -0.2217563
vn 0.8553271 -0.4682305 -0.2217563
vn 0.8553271 -0.4682305 -0.2217563
vn -0.0009775162 -0.9999995 0
vn 0.1378298 -0.9765391 -0.1654517
vn 0.1085044 -0.9608989 -0.2547551
vn 0.01270771 -0.9960895 0.08743166
vn -0.09872913 -0.9628539 -0.2513263
vn -0.0009775162 -0.9960895 0.08834484
vn 0.09872919 -0.9628539 -0.2513263
vn -0.0009775162 -0.9960895 0.08834484
vn -0.09872913 -0.9628539 -0.2513263
vn -0.0009775162 -0.9960895 0.08834484
vn 0.09872919 -0.9628539 -0.2513263
vn -0.0009775162 -0.9960895 0.08834484
vn -0.09872913 -0.9628539 -0.2513263
vn -0.0009775162 -0.9960895 0.08834484
vn 0.09872919 -0.9628539 -0.2513263
vn -0.0009775162 -0.9960895 0.08834484
vn -0.1006842 -0.9628539 -0.2505494
vn -0.0009775162 -0.9960895 0.08834484
vn 0.4173996 -0.794721 -0.4406769
vn 0.6891493 -0.7243398 0.02012643
vn 0.8553271 -0.4682305 -0.2217563
vn 0.3900291 -0.2961875 -0.8718659
vn 0.9824042 -0.1808406 -0.04667594
vn 0.8553271 -0.4682305 -0.2217563
vn 0.8553271 -0.4682305 -0.2217563
vn 0.970674 -0.01857281 -0.2396809
vn 0.8690123 -0.3098727 -0.3857415
vn 0.970674 -0.01857281 -0.2396809
vn 0.970674 -0.01857281 -0.2396809
vn 0.3470184 0.0009775162 -0.9378578
vn 0.3900291 0.2961875 -0.8718659
vn 0.970674 -0.01857281 -0.2396809
vn 0.970674 0.01857281 -0.2396809
vn 0.8553271 -0.4682305 -0.2217563
vn 0.970674 -0.01857281 -0.2396809
vn 0.321603 -0.4525902 -0.8317052
vn -0.0009775162 -0.9999995 0
vn 0.1104594 -0.9882693 -0.1054631
vn 0.1104594 -0.9882693 -0.1054631
vn 0.8553271 -0.4682305 -0.2217563
vn 0.9608989 -0.08308893 -0.2641393
vn 0.8553271 -0.4682305 -0.2217563
vn -0.0009775162 0.9999995 0
vn -0.0009775162 0.0009775162 0.999999
vn -0.0009775162 0.0009775162 0.999999
vn 0.8553271 -0.4682305 -0.2217563
vn 0.2746822 -0.9433036 0.1863546
vn -0.0009775162 0.0009775162 0.999999
vn -0.0009775162 -0.9550338 0.2964954
vn 0.1808406 -0.9784942 0.09922657
vn 0.8553271 -0.4682305 -0.2217563
vn -0.0009775162 -0.8142713 0.5804837
vn -0.0009775162 -0.9824042 0.1867646
vn -0.0009775162 -0.8142713 0.5804837
vn 0.0009775162 -0.9804492 0.1967699
vn -0.0009775162 -0.8142713 0.5804837
vn 0.0009775162 -0.9784942 0.2062722
vn -0.0009775162 -0.8142713 0.5804837
vn -0.0009775162 -0.8142713 0.5804837
vn -0.0009775162 -0.8142713 0.5804837
vn -0.0009775162 -0.9999995 0
vn -0.0009775162 -0.8142713 0.5804837
vn -0.0009775162 -0.9999995 0
vn -0.0009775162 -0.8142713 0.5804837
vn -0.0009775162 -0.9999995 0
vn -0.2258064 -0.970674 0.08248269
vn -0.0009775162 -0.8142713 0.5804837
vn -0.0009775162 -0.8142713 0.5804837
vn -0.0009775162 -0.9999995 0
vn -0.968719 -0.2277614 0.09853026
vn -0.558162 -0.8201364 0.1258232
vn -0.5562069 -0.8279566 -0.0715657
vn -0.0009775162 -0.9999995 0
vn -0.622678 -0.6950144 -0.3594817
vn -0.3665687 -0.8220915 -0.4356524
vn -0.671554 -0.2512218 -0.6970674
vn -0.4584553 -0.3118278 -0.8322152
vn -0.6324533 0.0009775162 -0.7745978
vn -0.4056695 0.0009775162 -0.9140193
vn -0.4584553 0.3118278 -0.8322152
vn -0.671554 0.2512218 -0.6970674
vn -0.3665687 0.8220915 -0.4356524
vn -0.622678 0.6950144 -0.3594817
vn -0.0009775162 0.9999995 0
vn -0.5562069 0.8279566 -0.07156652
vn -0.0009775162 0.9999995 0
vn -0.558162 0.8201364 0.1258232
vn -0.0009775162 0.8142713 0.5804837
vn -0.0009775162 0.9999995 0
vn -0.0009775162 0.8142713 0.5804837
vn -0.0009775162 0.9999995 0
vn -0.0009775162 0.8142713 0.5804837
vn -0.0009775162 0.9999995 0
vn -0.0009775162 0.8142713 0.5804837
vn -0.0009775162 0.8142713 0.5804837
vn -0.968719 0.2277614 0.09853026
vn -0.0009775162 0.9999995 0
vn -0.2258064 0.970674 0.08248269
vn -0.0009775162 0.8142713 0.5804837
vn -0.0009775162 0.8142713 0.5804837
vn 0.0009775162 0.9784942 0.2062722
vn -0.0009775162 0.8142713 0.5804837
vn 0.0009775162 0.9804492 0.1967699
vn -0.0009775162 0.8142713 0.5804837
vn -0.0009775162 0.9824042 0.1867646
vn -0.0009775162 0.8142713 0.5804837
vn 0.1808406 0.9784942 0.09922657
vn 0.8553271 0.4682305 -0.2217563
vn 0.8553271 0.4682305 -0.2217563
vn 0.8553271 0.4682305 -0.2217563
vn 0.8553271 0.4682305 -0.2217563
vn 0.2746822 0.9433036 0.1863546
vn -0.0009775162 0.9999995 0
vn -0.0009775162 0.0009775162 0.999999
vn 0.8553271 0.4682305 -0.2217563
vn -0.0009775162 0.0009775162 0.999999
vn -0.0009775162 0.9550338 0.2964954
vn -0.0009775162 0.0009775162 0.999999
vn -0.0009775162 -0.9999995 0
vn 0.9608989 0.08308887 -0.2641393
vn 0.8553271 0.4682305 -0.2217563
vn 0.970674 0.01857281 -0.2396809
vn 0.8553271 0.4682305 -0.2217563
vn 0.970674 0.01857281 -0.2396809
vn 0.8690123 0.3098727 -0.3857415
vn 0.8553271 0.4682305 -0.2217563
vn 0.970674 0.01857281 -0.2396809
vn 0.321603 0.4525902 -0.8317052
vn 0.9824042 0.1808406 -0.04667573
vn -0.0009775162 0.9999995 0
vn -0.0009775162 0.9999995 0
vn 0.1104594 0.9882693 -0.1054631
vn -0.0009775162 0.9999995 0
vn 0.8553271 0.4682305 -0.2217563
vn -0.0009775162 0.9999995 0
vn 0.1104594 0.9882693 -0.1054631
vn 0.3040076 0.7829908 -0.5426829
vn -0.0009775162 0.9999995 0
vn 0.2140762 0.9491687 -0.2307602
vn -0.0009775162 0.9999995 0
vn 0.1691104 0.9824042 -0.07926942
vn 0.3450634 0.8983378 -0.271883
vn 0.1280547 0.9569888 -0.2603352
vn 0.1085044 0.9315734 -0.346984
vn 0.02052784 0.9980445 -0.05904065
vn 0.04007816 0.9882693 -0.1473683
vn 0.07722384 0.9902244 -0.116156
vn 0.3743889 0.8826976 -0.2840387
vn 0.2805473 0.9589438 0.0414723
vn 0.1515151 0.8475069 -0.5086996
vn -0.0009775162 0.9999995 0
vn 0.202346 0.73607 -0.6459544
vn 0.06158358 0.7086996 -0.7028174
vn 0.06158358 0.8044962 -0.5907566
vn 0.1378298 0.9765391 -0.1654517
vn 0.1085044 0.9608989 -0.2547551
vn 0.01270771 0.9960895 0.08743166
vn -0.09872913 0.9628539 -0.2513263
vn -0.0009775162 0.9960895 0.08834484
vn 0.09872919 0.9628539 -0.2513263
vn 0.0009775162 0.9960895 0.08834484
vn -0.09872913 0.9628539 -0.2513263
vn 0.0009775162 0.9960895 0.08834484
vn 0.09872919 0.9628539 -0.2513263
vn -0.0009775162 0.9960895 0.08834484
vn -0.09872913 0.9628539 -0.2513263
vn -0.0009775162 0.9960895 0.08834484
vn 0.09872919 0.9628539 -0.2513263
vn -0.0009775162 0.9960895 0.08834484
vn -0.1006842 0.9628539 -0.2505494
vn -0.0009775162 0.9960895 0.08834484
vn 0.4173996 0.794721 -0.4406769
vn 0.6891493 0.7243398 0.02012643
vn 0.8553271 0.4682305 -0.2217563
vn 0.8553271 0.4682305 -0.2217563
vn 0.8553271 0.4682305 -0.2217563
vn 0.9999995 0.0009775162 0
vn 0.8103613 -0.562072 -0.1654983
vn 0.7712606 -0.6226781 -0.132019
vn 0.9999995 0.0009775162 0
vn 0.6813291 -0.5738022 -0.4544685
vn 0.8162264 -0.206256 -0.53966
vn 0.6480935 -0.7184747 -0.2525249
vn 0.8846526 -0.2766372 -0.3753155
vn 0.8142713 -0.5679371 -0.1200401
vn 0.9628539 -0.1984359 -0.1831271
vn 0.7458452 -0.558162 -0.3635521
vn 0.8885626 -0.1945258 -0.415471
vn 0.6695989 -0.7262949 -0.1553481
vn 0.9237532 -0.264907 -0.2765941
vn 0.8220915 -0.562072 -0.09077813
vn 0.970674 -0.1945258 -0.1412501
vn 0.7282499 -0.5210164 -0.4451898
vn 0.8553271 -0.1808406 -0.4855021
vn 0.6422284 -0.7556204 -0.1287654
vn 0.9237532 -0.2766372 -0.264862
vn 0.7673506 -0.5698922 0.293932
vn 0.9217982 -0.1964809 0.3341906
vn 0.7908109 -0.5953076 0.1422212
vn 0.9589438 -0.2160312 0.1837314
vn 0.6656889 -0.5992177 -0.4447431
vn 0.8260015 -0.2121211 -0.5222319
vn -0.204301 -0.6578687 -0.724893
vn 0.3528835 0.0009775162 -0.9356667
vn -0.204301 -0.6578687 -0.724893
vn 0.3528835 0.0009775162 -0.9356667
vn -0.0009775162 -0.43695 0.8994853
vn -0.0009775162 -0.438905 0.898533
vn -0.0009775162 -0.438905 0.898533
vn -0.0009775162 -0.43695 0.8994853
vn -0.0009775162 -0.43695 0.8994853
vn 0.0009775162 -0.43695 0.8994853
vn 0.0009775162 -0.4349949 0.9004324
vn -0.0009775162 -0.4349949 0.9004324
vn -0.0009775162 -0.4349949 0.9004324
vn -0.0009775162 -0.4349949 0.9004324
vn -0.0009775162 -0.4349949 0.9004324
vn -0.0009775162 -0.4349949 0.9004324
vn 0.0009775162 0.5894425 -0.8078098
vn 0.0009775162 0.5894425 -0.8078098
vn 0.0009775162 0.5894425 -0.8078098
vn -0.0009775162 0.5874875 -0.8092327
vn -0.0009775162 0.9999995 0
vn -0.0009775162 0.9999995 0
vn -0.0009775162 0.9999995 0
vn -0.0009775162 0.9999995 0
vn -0.0009775162 0.9999995 0
vn -0.0009775162 0.9999995 0
vn 0.8025411 0.558162 -0.2106726
vn 0.8025411 0.558162 -0.2106726
vn 0.8142713 0.5444767 -0.2012642
vn 0.7829908 0.5777123 -0.2305947
vn -0.0009775162 0.9999995 0
vn -0.0009775162 0.9999995 0
vn -0.0009775162 0.9999995 0
vn 0.0009775162 0.9999995 0
vn 0.0009775162 0.3685237 -0.9296178
vn 0.0009775162 0.3685237 -0.9296178
vn 0.0009775162 0.3685237 -0.9296178
vn -0.0009775162 0.3685237 -0.9296178
vn -0.0009775162 0.8142713 0.5804837
vn -0.0009775162 0.8142713 0.5804837
vn -0.0009775162 0.8142713 0.5804837
vn -0.0009775162 0.8142713 0.5804837
vn -0.0009775162 0.8142713 0.5804837
vn -0.0009775162 0.8142713 0.5804837
vn -0.0009775162 0.8142713 0.5804837
vn -0.0009775162 0.8142713 0.5804837
vn -0.0009775162 0.8142713 0.5804837
vn -0.0009775162 0.8142713 0.5804837
vn 0.7533631 0.6576049 0
vn 0.7533631 0.6576049 0
vn 0.7533631 0.6576049 0
vn 0.7515465 0.65968 0
vn 0.8553271 0.4682305 -0.2217563
vn 0.8553271 0.4682305 -0.2217563
vn 0.8553271 0.4682305 -0.2217563
vn 0.8553271 0.4682305 -0.2217563
vn 0.8553271 0.4682305 -0.2217563
vn 0.8553271 0.4682305 -0.2217563
vn 0.8553271 0.4682305 -0.2217563
vn 0.8553271 0.4682305 -0.2217563
vn 0.8553271 0.4682305 -0.2217563
vn 0.5796673 0.0009775162 0.8148527
vn -0.0009775162 -0.9999995 0
vn 0.5796673 0.0009775162 0.8148527
vn -0.0009775162 -0.9999995 0
vn 0.8103613 0.562072 -0.1654983
vn 0.9999995 0.0009775162 0
vn 0.7712606 0.622678 -0.1320193
vn 0.9999995 0.0009775162 0
vn 0.6813291 0.5738022 -0.4544685
vn 0.8162264 0.206256 -0.53966
vn 0.6480935 0.7184747 -0.2525249
vn 0.8846526 0.2766372 -0.3753155
vn 0.8142713 0.5679371 -0.1200401
vn 0.9628539 0.1984359 -0.1831271
vn 0.7458452 0.558162 -0.3635521
vn 0.8885626 0.1945258 -0.415471
vn 0.6695989 0.7262949 -0.1553481
vn 0.9237532 0.264907 -0.2765941
vn 0.8220915 0.562072 -0.09077813
vn 0.970674 0.1945258 -0.1412501
vn 0.7282499 0.5210164 -0.4451898
vn 0.8553271 0.1808406 -0.4855021
vn 0.6422284 0.7556204 -0.1287654
vn 0.9237532 0.2766372 -0.264862
vn 0.7673506 0.5698922 0.293932
vn 0.9217982 0.1964809 0.3341906
vn 0.7908109 0.5953076 0.1422214
vn 0.9589438 0.2160312 0.1837314
vn 0.6656889 0.5992177 -0.4447432
vn 0.8260015 0.2121211 -0.5222319
vn -0.204301 0.6578687 -0.724893
vn 0.3528835 0.0009775162 -0.9356667
vn -0.204301 0.6578687 -0.724893
vn 0.3528835 0.0009775162 -0.9356667
vn -0.0009775162 0.0009775162 0.999999
vn -0.0009775162 0.9511237 0.3088086
vn -0.0009775162 0.0009775162 0.999999
vn -0.3880742 0.8787875 0.2777245
vn -0.970674 -0.086999 0.224105
vn -0.0009775162 0.0009775162 0.999999
vn -0.9765391 0.2121211 -0.03709401
vn -0.970674 -0.086999 0.224105
vn -0.0009775162 -0.9999995 0
vn -0.0009775162 -0.9999995 0
vn -0.968719 0.2277614 0.09853026
vn 0.5796673 0.0009775162 0.8148527
vn -0.9980445 0.05180836 0.03497282
vn -0.9996519 0.02638376 0
vn 0.5796673 0.0009775162 0.8148527
vn -0.9999422 0.01075206 0
vn 0.5796673 0.0009775162 0.8148527
vn -0.9999422 -0.01075206 0
vn -0.9999422 -0.01075206 0
vn 0.5796673 0.0009775162 0.8148527
vn -0.9996519 -0.02638376 0
vn 0.5796673 0.0009775162 0.8148527
vn -0.9980445 -0.05180836 0.03497282
vn -0.968719 -0.2277614 0.09853026
vn -0.0009775162 0.9999995 0
vn -0.970674 0.08699894 0.2241051
vn -0.0009775162 0.9999995 0
vn -0.0009775162 0.0009775162 0.999999
vn -0.970674 0.08699894 0.2241051
vn -0.0009775162 0.0009775162 0.999999
vn -0.3880742 -0.8787875 0.2777247
vn -0.9765391 -0.2121211 -0.03709401
vn -0.0009775162 0.43695 0.8994853
vn -0.0009775162 0.438905 0.898533
vn -0.0009775162 0.438905 0.898533
vn -0.0009775162 0.43695 0.8994853
vn 0.0009775162 0.43695 0.8994853
vn 0.0009775162 0.43695 0.8994853
vn 0.0009775162 0.4349949 0.9004323
vn -0.0009775162 0.4349949 0.9004323
vn -0.0009775162 0.4349949 0.9004323
vn -0.0009775162 0.4349949 0.9004323
vn -0.0009775162 0.4349949 0.9004323
vn -0.0009775162 0.4349949 0.9004323
vn -0.0009775162 0.3685237 -0.9296178
vn 0.0009775162 0.3665687 -0.9303905
vn 0.0009775162 0.3665687 -0.9303905
vn -0.0009775162 0.3685237 -0.9296178
vn -0.0009775162 0.4232647 -0.9060055
vn -0.0009775162 0.4252198 -0.9050896
vn -0.004887581 0.4213097 -0.9069037
vn -0.004887581 0.4213097 -0.9069037
vn -0.0009775162 -0.9999995 0
vn -0.0009775162 -0.9999995 0
vn -0.0009775162 -0.9999995 0
vn -0.0009775162 -0.9999995 0
vn -0.0009775162 -0.9999995 0
vn -0.0009775162 -0.9999995 0
vn -0.0009775162 -0.9999995 0
vn -0.0009775162 -0.9999995 0
vn -0.0009775162 -0.9999995 0
vn 0.02248287 -0.9921794 -0.1227785
vn 0.02248287 -0.9921794 -0.1227785
vn 0.02248287 -0.9921794 -0.1227785
vn 0.02248287 -0.9921794 -0.1227785
vn -0.0009775162 -0.8651022 -0.5015946
vn -0.0009775162 0.0009775162 -0.999999
vn 0.0009775162 -0.8826975 -0.4699406
vn -0.0009775162 0.0009775162 -0.999999
vn -0.0009775162 -0.8709673 -0.49134
vn -0.0009775162 0.0009775162 -0.999999
vn 0.1554251 -0.8885626 -0.4316243
vn -0.0009775162 0.0009775162 -0.999999
vn -0.0009775162 0.0009775162 -0.999999
vn -0.0009775162 0.0009775162 -0.999999
vn -0.0009775162 0.0009775162 -0.999999
vn -0.0009775162 0.0009775162 -0.999999
vn 0.0009775162 -0.8611922 -0.5082785
vn -0.3509284 -0.8064512 -0.4759051
vn -0.0009775162 -0.6969694 0.7171003
vn -0.0009775162 -0.6989244 0.7151949
vn 0.0009775162 -0.6969694 0.7171003
vn 0.0009775162 -0.6969694 0.7171003
vn 0.0009775162 -0.6989244 0.7151949
vn 0.0009775162 -0.6989244 0.7151949
vn 0.0009775162 -0.6989244 0.7151949
vn 0.0009775162 -0.6989244 0.7151949
vn 0.0009775162 -0.6989244 0.7151949
vn 0.0009775162 -0.6989244 0.7151949
vn 0.006842613 -0.671554 0.7409241
vn 0.0009775162 -0.6383184 0.7697719
vn 0.0009775162 -0.6324533 0.7745979
vn -0.0009775162 0.0009775162 0.999999
vn -0.0009775162 0.0009775162 0.999999
vn -0.0009775162 0.0009775162 0.999999
vn -0.0009775162 0.0009775162 0.999999
vn 0.9999995 0.0009775162 0
vn -0.4760506 0.4271748 0.7686986
vn -0.0009775162 -0.9999995 0
vn -0.0009775162 -0.9999995 0
vn 0.9999995 0.0009775162 0
vn -0.0009775162 -0.9999995 0
vn -0.0009775162 -0.9999995 0
vn -0.0009775162 0.0009775162 0.999999
vn -0.0009775162 0.9999995 0
vn 0.9999995 0.0009775162 0
vn -0.0009775162 0.9999995 0
vn -0.0009775162 0.9999995 0
vn -0.0009775162 0.9999995 0
vn -0.0009775162 0.0009775162 0.999999
vn -0.0009775162 0.0009775162 0.999999
vn 0.02834797 -0.5073311 0.8612848
vn -0.0009775162 0.0009775162 0.999999
vn -0.0009775162 0.0009775162 0.999999
vn 0.02834797 -0.5073311 0.8612848
vn 0.02834797 -0.5073311 0.8612848
vn 0.02834797 -0.5073311 0.8612848
vn 0.02834797 -0.5073311 0.8612848
vn 0.02834797 0.5073311 0.8612848
vn -0.0009775162 0.0009775162 0.999999
vn -0.0009775162 0.0009775162 0.999999
vn 0.02834797 0.5073311 0.8612848
vn 0.02834797 0.5073311 0.8612848
vn 0.9999995 0.0009775162 0
vn 0.02834797 0.5073311 0.8612848
vn -0.0009775162 -0.9315734 0.363552
vn -0.0009775162 -0.9296184 0.3685224
vn -0.0009775162 -0.9315734 0.363552
vn -0.0009775162 -0.9296184 0.3685224
vn -0.0009775162 -0.9296184 0.3685224
vn -0.0009775162 -0.9296184 0.3685224
vn -0.0009775162 -0.9296184 0.3685224
vn -0.0009775162 -0.9296184 0.3685224
vn -0.0009775162 -0.9296184 0.3685224
vn -0.0009775162 -0.9296184 0.3685224
vn -0.0009775162 -0.9296184 0.3685224
vn -0.0009775162 -0.9296184 0.3685224
vn -0.0009775162 -0.9296184 0.3685224
vn -0.0009775162 -0.8240465 0.5665213
vn -0.0009775162 -0.8220915 0.5693547
vn -0.0009775162 -0.8240465 0.5665213
vn -0.0009775162 -0.8220915 0.5693547
vn -0.0009775162 -0.8240465 0.5665213
vn -0.0009775162 -0.8240465 0.5665213
vn -0.0009775162 -0.8240465 0.5665213
vn 0.0009775162 -0.9608989 0.2768978
vn -0.0009775162 -0.9589438 0.2835943
vn -0.0009775162 -0.9589438 0.2835943
vn 0.0009775162 -0.9608989 0.2768978
vn 0.0009775162 -0.9608989 0.2768978
vn 0.0009775162 -0.9608989 0.2768978
vn 0.0009775162 -0.9608989 0.2768978
vn 0.0009775162 -0.9608989 0.2768978
vn 0.02248287 -0.9921794 -0.1227785
vn 0.02248287 -0.9921794 -0.1227785
vn 0.02248287 -0.9921794 -0.1227785
vn 0.02248287 -0.9921794 -0.1227785
vn -0.002932549 -0.9608989 0.276884
vn -0.008797646 -0.9608989 0.2767597
vn -0.0009775162 -0.9608989 0.2768978
vn -0.0009775162 -0.9608989 0.2768978
vn 0.0009775162 -0.9628539 0.2700211
vn 0.0009775162 -0.9608989 0.2768978
vn 0.0009775162 -0.9608989 0.2768978
vn -0.0009775162 -0.9628539 0.2700211
vn -0.7771257 -0.002932549 0.6293386
vn -0.7771257 -0.0009775162 0.6293446
vn -0.7771257 -0.006842613 0.6293082
vn -0.7771257 0.0009775162 0.6293446
vn -0.7771257 0.0009775162 0.6293446
vn -0.7771257 0.0009775162 0.6293446
vn -0.7771257 0.002932549 0.6293386
vn -0.7771257 0.006842613 0.6293082
vn -0.9999957 -0.002932537 0
vn -0.9335284 -0.02248287 0.3577977
vn -0.8826976 -0.2688171 0.3854638
vn -0.9999957 -0.002932537 0
vn -0.9335284 -0.004887581 0.3584701
vn -0.9335284 0.0009775162 0.358502
vn -0.9999957 -0.002932537 0
vn -0.9999957 -0.002932537 0
vn -0.9999957 -0.002932537 0
vn -0.9335284 0.0009775162 0.358502
vn -0.9999957 0.002932537 0
vn -0.9335284 0.004887581 0.3584701
vn -0.9335284 0.02248287 0.3577977
vn -0.9999957 0.002932537 0
vn -0.8826976 0.2688171 0.3854638
vn -0.9999957 0.002932537 0
vn -0.9999957 0.002932537 0
vn -0.9999957 0.002932537 0
vn -0.9999957 -0.002932537 0
vn -0.9999995 0.0009775162 0
vn -0.9999957 0.002932537 0
vn -0.9999995 -0.0009775162 0
vn -0.9999995 0.0009775162 0
vn -0.9999995 0.0009775162 0
vn -0.9999995 0.0009775162 0
vn -0.9999995 0.0009775162 0
vn 0.02248287 -0.9921794 -0.1227785
vn 0.02248287 -0.9921794 -0.1227785
vn 0.02248287 -0.9921794 -0.1227785
vn 0.02248287 -0.9921794 -0.1227785
vn 0.02248287 -0.9921794 -0.1227785
vn 0.02248287 -0.9921794 -0.1227785
vn 0.02248287 -0.9921794 -0.1227785
vn 0.02248287 -0.9921794 -0.1227785
vn 0.02248287 -0.9921794 -0.1227785
vn 0.02248287 -0.9921794 -0.1227785
vn 0.02248287 -0.9921794 -0.1227785
vn 0.02248287 -0.9921794 -0.1227785
vn -0.0009775162 -0.9628539 0.2700211
vn -0.0009775162 -0.9628539 0.2700211
vn -0.0009775162 -0.9628539 0.2700211
vn -0.0009775162 -0.9628539 0.2700211
vn 0.0009775162 -0.9628539 0.2700211
vn 0.0009775162 -0.9628539 0.2700211
vn 0.0009775162 -0.9628539 0.2700211
vn -0.0009775162 -0.9628539 0.2700211
vn -0.0009775162 -0.9608989 0.2768978
vn -0.0009775162 -0.9608989 0.2768978
vn -0.0009775162 -0.9608989 0.2768978
vn -0.0009775162 -0.9628539 0.2700211
vn -0.0009775162 -0.9980445 0.0625
vn -0.0009775162 -0.9980445 0.0625
vn -0.0009775162 -0.9980445 0.0625
vn -0.0009775162 -0.9980445 0.0625
vn -0.0009775162 -0.9980445 0.0625
vn -0.0009775162 -0.9980445 0.0625
vn -0.0009775162 -0.9980445 0.0625
vn -0.0009775162 -0.9980445 0.0625
vn -0.0009775162 -0.9980445 0.0625
vn -0.0009775162 -0.9980445 0.0625
vn -0.0009775162 -0.9980445 0.0625
vn -0.0009775162 -0.9980445 0.0625
vn -0.0009775162 -0.9980445 0.0625
vn -0.0009775162 -0.9980445 0.0625
vn -0.0009775162 -0.9980445 0.0625
vn -0.0009775162 -0.9980445 0.0625
vn -0.0009775162 -0.8240465 0.5665213
vn -0.2707721 -0.9393935 0.210291
vn -0.3411533 -0.8846526 0.3178117
vn -0.002932549 -0.9550338 0.2964825
vn -0.0009775162 -0.8260015 0.5636671
vn -0.0009775162 -0.9608989 -0.2768978
vn -0.3685237 -0.8983378 -0.2391224
vn -0.0009775162 -0.9589438 0.2835943
vn 0.5405667 -0.7536653 -0.3738666
vn 0.3255131 -0.8768324 -0.3538448
vn -0.0009775162 -0.9589438 -0.2835943
vn 0.3040076 -0.6383184 -0.707198
vn -0.0009775162 -0.7126096 -0.7015601
vn 0.2805473 -0.2512218 -0.9263805
vn -0.0009775162 -0.7126096 -0.7015601
vn -0.3626586 -0.671554 -0.6461377
vn -0.0009775162 -0.2825023 -0.9592661
vn 0.3000976 0.0009775162 -0.953908
vn -0.0009775162 -0.2825023 -0.9592661
vn -0.3685237 -0.2609969 -0.8922281
vn -0.3822091 0.0009775162 -0.9240754
vn -0.0009775162 0.0009775162 -0.999999
vn -0.0009775162 0.0009775162 -0.999999
vn -0.0009775162 0.2825023 -0.9592661
vn -0.3685237 0.2609969 -0.8922281
vn -0.3626586 0.671554 -0.6461377
vn -0.0009775162 0.2825023 -0.9592661
vn 0.2805473 0.2512218 -0.9263805
vn -0.0009775162 0.7126096 -0.7015601
vn -0.3685237 0.8983378 -0.2391221
vn -0.0009775162 0.7126096 -0.7015601
vn 0.3040076 0.6383184 -0.707198
vn -0.0009775162 0.9608989 -0.2768978
vn -0.2707721 0.9393935 0.210291
vn -0.0009775162 0.9589438 -0.2835943
vn 0.3255131 0.8768324 -0.3538449
vn -0.0009775162 0.9589438 0.2835943
vn 0.5405667 0.7536653 -0.3738666
vn -0.0009775162 0.8260015 0.5636671
vn -0.002932549 0.9550338 0.2964825
vn -0.0009775162 0.8240465 0.5665213
vn -0.3411533 0.8846526 0.3178115
vn 0.0009775162 0.9999995 0
vn 0.0009775162 0.9999995 0
vn 0.0009775162 -0.9550338 0.2964954
vn 0.0009775162 0.9999995 0
vn 0.0009775162 0.9999995 0
vn 0.0009775162 0.9999995 0
vn 0.0009775162 0.9999995 0
vn 0.0009775162 0.9999995 0
vn 0.3059627 0.9511237 -0.04183932
vn 0.5248061 0.8512218 0
vn 0.9999995 0.0009775162 0
vn 0.9999995 0.0009775162 0
vn 0.9999995 0.0009775162 0
vn 0.9999995 0.0009775162 0
vn 0.9999995 0.0009775162 0
vn 0.9999995 0.0009775162 0
vn 0.9999995 0.0009775162 0
vn 0.9999995 0.0009775162 0
vn -0.0009775162 0.0009775162 0.999999
vn -0.0009775162 0.0009775162 0.999999
vn -0.0009775162 0.0009775162 0.999999
vn -0.0009775162 0.0009775162 0.999999
vn -0.9999995 0.0009775162 0
vn -0.9999995 0.0009775162 0
vn -0.9999995 0.0009775162 0
vn -0.9999995 0.0009775162 0
vn -0.9999995 0.0009775162 0
vn -0.9999995 0.0009775162 0
vn -0.9999995 0.0009775162 0
vn -0.9999995 0.0009775162 0
vn -0.9999995 0.0009775162 0
vn -0.9999995 0.0009775162 0
vn -0.9433036 0.0009775162 0.3319298
vn -0.9433036 0.0009775162 0.3319298
vn -0.9999995 -0.0009775162 0
vn -0.9433036 0.0009775162 0.3319298
vn -0.9999995 -0.0009775162 0
vn -0.9999995 -0.0009775162 0
vn -0.9999995 -0.0009775162 0
vn -0.9999995 -0.0009775162 0
vn -0.9999995 -0.0009775162 0
vn -0.9999995 -0.0009775162 0
vn 0.9999995 0.0009775162 0
vn 0.9999995 0.0009775162 0
vn 0.9999995 0.0009775162 0
vn 0.9999995 0.0009775162 0
vn 0.9999995 0.0009775162 0
vn 0.9999995 0.0009775162 0
vn 0.9999995 -0.0009775162 0
vn 0.9999995 -0.0009775162 0
vn 0.9999995 -0.0009775162 0
vn 0.9999995 -0.0009775162 0
vn 0.912023 0.0009775162 -0.4101379
vn 0.913978 0.0009775162 -0.4057625
vn 0.913978 0.0009775162 -0.4057625
vn -0.0009775162 0.0009775162 0.999999
vn -0.0009775162 0.0009775162 0.999999
vn -0.0009775162 0.0009775162 0.999999
vn -0.0009775162 0.0009775162 0.999999
vn -0.0009775162 0.0009775162 0.999999
vn -0.0009775162 -0.0009775162 0.999999
vn -0.0009775162 -0.9589438 0.2835943
vn -0.0009775162 -0.9589438 0.2835943
vn -0.0009775162 -0.9589438 0.2835943
vn -0.0009775162 -0.9589438 0.2835943
vn 0.0009775162 -0.9608989 0.2768978
vn 0.0009775162 -0.9608989 0.2768978
vn -0.02639294 -0.9941344 0.1048816
vn -0.02639294 -0.9941344 0.1048816
vn -0.02639294 -0.9941344 0.1048816
vn -0.02639294 -0.9941344 0.1048816
vn 0.6695989 -0.7419351 -0.03419887
vn 0.6695989 -0.7419351 -0.03419887
vn 0.6695989 -0.7419351 -0.03419887
vn 0.6695989 -0.7419351 -0.03419887
vn 0.6695989 -0.7419351 -0.03419887
vn 0.5248061 -0.8512218 0
vn 0.6695989 -0.7419351 -0.03419887
vn 0.6695989 -0.7419351 -0.03419887
vn 0.6695989 -0.7419351 -0.03419887
vn 0.6695989 -0.7419351 -0.03419887
vn 0.9413486 -0.07135874 0.3298043
vn 0.6070378 -0.5835774 0.5393909
vn 0.9413486 -0.07135874 0.3298043
vn 0.9413486 -0.07135874 0.3298043
vn 0.9413486 0.07135868 0.3298043
vn 0.9413486 0.07135868 0.3298043
vn 0.9413486 0.07135868 0.3298043
vn 0.6070378 0.5835774 0.5393909
vn 0.8218403 0.5697181 0
vn 0.5248061 0.8512218 0
vn 0.3059627 0.9511237 -0.04183932
vn 0.8220915 0.5679371 0.0401628
vn 0.6695989 -0.7419351 -0.03419887
vn 0.5405667 -0.7536653 -0.3738666
vn 0.558162 -0.147605 -0.8164974
vn 0.6695989 -0.7419351 -0.03419887
vn 0.9296184 -0.002932549 -0.368512
vn 0.3255131 -0.8768324 -0.3538448
vn 0.9296184 -0.002932549 -0.368512
vn 0.3040076 -0.6383184 -0.707198
vn 0.9296184 -0.002932549 -0.368512
vn 0.2805473 -0.2512218 -0.9263805
vn 0.9296184 -0.002932549 -0.368512
vn 0.3000976 0.0009775162 -0.953908
vn 0.9296184 -0.002932549 -0.368512
vn 0.9296184 0.002932549 -0.368512
vn 0.2805473 0.2512218 -0.9263805
vn 0.9296184 0.002932549 -0.368512
vn 0.3040076 0.6383184 -0.707198
vn 0.9296184 0.002932549 -0.368512
vn 0.3255131 0.8768324 -0.3538449
vn 0.9296184 0.002932549 -0.368512
vn 0.5405667 0.7536653 -0.3738666
vn 0.6695989 0.7419351 -0.03419887
vn 0.6695989 0.7419351 -0.03419887
vn 0.558162 0.1476051 -0.8164974
vn 0.9999995 0.0009775162 0
vn 0.9296184 -0.002932549 -0.368512
vn 0.9999995 0.0009775162 0
vn 0.9999995 0.0009775162 0
vn 0.9999995 0.0009775162 0
vn 0.9999995 0.0009775162 0
vn 0.6695989 0.7419351 -0.03419887
vn 0.6695989 -0.7419351 -0.03419887
vn 0.9413486 0.07135868 0.3298043
vn 0.9999995 0.0009775162 0
vn 0.6070378 0.5835774 0.5393909
vn 0.9413486 -0.07135874 0.3298043
vn 0.9999995 0.0009775162 0
vn 0.9999995 0.0009775162 0
vn 0.9413486 -0.07135874 0.3298043
vn 0.6070378 -0.5835774 0.5393909
vn 0.6695989 0.7419351 -0.03419887
vn 0.6695989 -0.7419351 -0.03419887
vn 0.2746822 0.8396868 0.4684825
vn 0.3313782 0.9217982 0.2011879
vn 0.6695989 0.7419351 -0.03419887
vn 0.02248287 0.9921794 -0.1227785
vn 0.5248061 0.8512218 0
vn 0.02248287 0.9921794 -0.1227785
vn 0.6695989 0.7419351 -0.03419887
vn 0.6695989 0.7419351 -0.03419887
vn -0.0009775162 0.9941344 0.1081471
vn 0.9999995 0.0009775162 0
vn 0.9413486 0.07135868 0.3298043
vn 0.02834797 0.5073311 0.8612848
vn -0.0009775162 0.0009775162 0.999999
vn -0.0009775162 0.7908109 0.6120597
vn 0.9413486 0.07135868 0.3298043
vn -0.0009775162 0.0009775162 0.999999
vn -0.0009775162 0.0009775162 0.999999
vn 0.9413486 -0.07135874 0.3298043
vn 0.02834797 0.5073311 0.8612848
vn 0.02834797 -0.5073311 0.8612848
vn -0.3861191 0.794721 0.4683274
vn 0.2746822 -0.8396868 0.4684824
vn 0.02834797 -0.5073311 0.8612848
vn 0.3313782 -0.9217982 0.201188
vn -0.0009775162 -0.7908109 0.6120597
vn 0.6695989 -0.7419351 -0.03419887
vn 0.02248287 -0.9921794 -0.1227785
vn 0.5248061 -0.8512218 0
vn 0.02834797 -0.5073311 0.8612848
vn 0.02248287 -0.9921794 -0.1227785
vn 0.6695989 -0.7419351 -0.03419887
vn 0.6695989 -0.7419351 -0.03419887
vn -0.0009775162 -0.9941344 0.1081471
vn -0.3861191 -0.794721 0.4683274
vn -0.0009775162 -0.9999995 0
vn -0.0009775162 -0.9941344 0.1081471
vn -0.0009775162 -0.9999995 0
vn 0.0009775162 -0.9608989 0.2768978
vn -0.0009775162 -0.9999995 0
vn 0.0009775162 -0.9608989 0.2768978
vn -0.0009775162 -0.9999995 0
vn 0.0009775162 -0.9608989 0.2768978
vn -0.0009775162 -0.9999995 0
vn -0.0009775162 -0.9999995 0
vn 0.6695989 -0.7419351 -0.03419887
vn 0.1554251 -0.8885626 -0.4316243
vn -0.0009775162 -0.9999995 0
vn -0.0009775162 -0.8709673 -0.49134
vn -0.0009775162 -0.9999995 0
vn -0.0009775162 -0.8651022 -0.5015946
vn -0.0009775162 -0.9999995 0
vn 0.0009775162 -0.8826975 -0.4699406
vn -0.0009775162 0.0009775162 -0.999999
vn 0.6695989 -0.7419351 -0.03419887
vn -0.0009775162 0.0009775162 -0.999999
vn -0.0009775162 0.0009775162 -0.999999
vn -0.0009775162 0.0009775162 -0.999999
vn -0.0009775162 0.0009775162 -0.999999
vn -0.0009775162 0.0009775162 -0.999999
vn -0.0009775162 0.0009775162 -0.999999
vn -0.0009775162 0.0009775162 -0.999999
vn -0.0009775162 0.0009775162 0.999999
vn -0.0009775162 0.0009775162 0.999999
vn -0.0009775162 0.0009775162 0.999999
vn -0.0009775162 0.0009775162 0.999999
vn -0.0009775162 0.0009775162 0.999999
vn 0.0009775162 -0.0009775162 0.999999
vn -0.0009775162 0.0009775162 0.999999
vn -0.0009775162 0.0009775162 0.999999
vn -0.0009775162 0.0009775162 0.999999
vn -0.0009775162 0.0009775162 0.999999
vn 0.0009775162 0.0009775162 0.999999
vn -0.0009775162 0.0009775162 0.999999
vn -0.0009775162 0.0009775162 0.999999
vn -0.0009775162 0.0009775162 0.999999
vn -0.0009775162 0.0009775162 0.999999
vn 0.9999995 0.0009775162 0
vn -0.0009775162 0.0009775162 0.999999
vn -0.0009775162 0.0009775162 0.999999
vn -0.0009775162 -0.9999995 0
vn -0.0009775162 0.0009775162 0.999999
vn -0.0009775162 -0.9999995 0
vn -0.6383184 -0.4232647 0.6429592
vn -0.4760506 0.4271748 0.7686986
vn -0.0009775162 0.0009775162 0.999999
vn -0.5738022 -0.5718472 0.5862949
vn -0.0009775162 -0.9999995 0
vn -0.006842613 -0.004887581 0.9999646
vn -0.1573802 -0.1710654 0.9726089
vn 0.02834797 -0.5073311 0.8612848
vn -0.4193547 -0.5894425 0.690434
vn -0.5327466 -0.7184747 0.4471858
vn -0.562072 -0.7595304 0.3273966
vn -0.5483868 -0.7575754 0.35405
vn -0.2394916 -0.7145647 0.6572983
vn 0.0009775162 -0.9608989 0.2768978
vn 0.3372433 -0.8181814 0.4656675
vn 0.0009775162 -0.9608989 0.2768978
vn 0.5777123 -0.7693056 0.2727956
vn 0.5503418 -0.8044962 0.2234049
vn 0.7556204 -0.204301 0.6223335
vn 0.4780056 -0.4506352 0.7539486
vn 0.7282499 -0.3489735 0.5898047
vn 0.4447701 0.0009775162 0.8956442
vn -0.0009775162 -0.9999995 0
vn 0.616813 -0.4271747 0.6611078
vn -0.0009775162 -0.9999995 0
vn -0.0009775162 0.0009775162 0.999999
vn 0.9863143 -0.1612902 -0.03419927
vn -0.0009775162 0.0009775162 0.999999
vn -0.0009775162 0.0009775162 0.999999
vn -0.9999995 0.0009775162 0
vn -0.0009775162 0.0009775162 0.999999
vn -0.4740956 0.4271748 0.7699059
vn -0.0009775162 0.0009775162 -0.999999
vn -0.0009775162 0.0009775162 -0.999999
vn -0.0009775162 0.0009775162 -0.999999
vn -0.0009775162 0.0009775162 -0.999999
vn -0.9315734 0.1593353 -0.3267772
vn -0.7575754 0.5796673 -0.3001088
vn -0.3509284 -0.8064512 -0.4759051
vn -0.7614855 0.5659821 -0.315918
vn -0.8690122 -0.1593352 -0.4684336
vn -0.3411533 -0.8846526 0.3178117
vn -0.2707721 -0.9393935 0.210291
vn -0.7184747 -0.673509 -0.1737229
vn -0.3685237 -0.8983378 -0.2391224
vn -0.7047895 -0.5210164 -0.4814703
vn -0.3626586 -0.671554 -0.6461377
vn -0.7223848 -0.1945258 -0.6635661
vn -0.3685237 -0.2609969 -0.8922281
vn -0.3822091 0.0009775162 -0.9240754
vn -0.7067446 0.0009775162 -0.7074682
vn -0.7223848 0.1945258 -0.6635661
vn -0.3685237 0.2609969 -0.8922281
vn -0.3626586 0.671554 -0.6461377
vn -0.7047895 0.5210164 -0.4814703
vn -0.3685237 0.8983378 -0.2391221
vn -0.7184747 0.673509 -0.1737229
vn -0.2707721 0.9393935 0.210291
vn -0.8690122 0.1593353 -0.4684336
vn -0.3411533 0.8846526 0.3178115
vn -0.7575754 -0.5796673 -0.3001088
vn -0.7614855 -0.5659821 -0.315918
vn -0.9315734 -0.1593352 -0.3267772
vn -0.0009775162 0.0009775162 -0.999999
vn -0.0009775162 0.0009775162 -0.999999
vn -0.0009775162 0.0009775162 -0.999999
vn -0.0009775162 0.0009775162 -0.999999
vn -0.3509284 0.8064512 -0.4759051
vn -0.6637338 0.7184747 -0.2079698
vn -0.02639294 0.9941344 0.1048816
vn 0.0009775162 0.8611921 -0.5082787
vn -0.02639294 0.9941344 0.1048816
vn -0.6617788 0.6656889 0.3448291
vn -0.02639294 0.9941344 0.1048816
vn 0.0009775162 0.9608989 0.2768978
vn -0.02639294 0.9941344 0.1048816
vn 0.0009775162 0.9608989 0.2768978
vn 0.0009775162 0.9608989 0.2768978
vn -0.6520036 0.6500486 0.3902922
vn -0.5718472 0.5738022 0.586295
vn -0.5738022 0.5855324 0.572628
vn -0.3685237 0.4545453 0.8109124
vn -0.3978493 0.5073311 0.7644155
vn -0.5464318 0.1260996 0.8279561
vn -0.6265881 0.0009775162 0.77935
vn -0.6265881 0.0009775162 0.77935
vn -0.5464318 -0.1260996 0.827956
vn -0.3978493 -0.5073311 0.7644155
vn -0.3685237 -0.4545453 0.8109124
vn -0.5738022 -0.5855324 0.572628
vn -0.5718472 -0.5738022 0.586295
vn -0.6520036 -0.6500486 0.3902923
vn 0.0009775162 -0.9608989 0.2768978
vn -0.6617788 -0.6656889 0.3448291
vn 0.0009775162 -0.9608989 0.2768978
vn -0.02639294 -0.9941344 0.1048816
vn -0.02639294 -0.9941344 0.1048816
vn 0.0009775162 -0.9608989 0.2768978
vn -0.02639294 -0.9941344 0.1048816
vn -0.6637338 -0.7184747 -0.2079698
vn 0.0009775162 -0.8611922 -0.5082785
vn -0.02639294 -0.9941344 0.1048816
vn -0.0009775162 0.0009775162 0.999999
vn -0.0009775162 0.0009775162 0.999999
vn -0.0009775162 0.0009775162 0.999999
vn -0.0009775162 0.0009775162 0.999999
vn 0.0009775162 -0.3665687 -0.9303905
vn -0.0009775162 -0.3685238 -0.9296178
vn 0.0009775162 -0.3665687 -0.9303905
vn -0.0009775162 -0.3685238 -0.9296178
vn -0.0009775162 -0.4232647 -0.9060056
vn -0.0009775162 -0.4252197 -0.9050896
vn -0.004887581 -0.4213096 -0.9069037
vn -0.004887581 -0.4213096 -0.9069037
vn -0.0009775162 0.9999995 0
vn -0.0009775162 0.9999995 0
vn -0.0009775162 0.9999995 0
vn -0.0009775162 0.9999995 0
vn -0.0009775162 0.9999995 0
vn -0.0009775162 0.9999995 0
vn -0.0009775162 0.9999995 0
vn -0.0009775162 0.9999995 0
vn -0.0009775162 0.9999995 0
vn 0.02248287 0.9921794 -0.1227785
vn 0.02248287 0.9921794 -0.1227785
vn 0.02248287 0.9921794 -0.1227785
vn 0.02248287 0.9921794 -0.1227785
vn -0.0009775162 0.0009775162 -0.999999
vn -0.0009775162 0.8651022 -0.5015947
vn 0.0009775162 0.8826976 -0.4699405
vn -0.0009775162 0.0009775162 -0.999999
vn -0.0009775162 0.8709673 -0.4913401
vn -0.0009775162 0.0009775162 -0.999999
vn 0.1554251 0.8885627 -0.4316241
vn -0.0009775162 0.0009775162 -0.999999
vn -0.0009775162 0.0009775162 -0.999999
vn -0.0009775162 0.0009775162 -0.999999
vn -0.0009775162 0.0009775162 -0.999999
vn 0.0009775162 0.8611921 -0.5082787
vn -0.0009775162 0.0009775162 -0.999999
vn -0.3509284 0.8064512 -0.4759051
vn -0.0009775162 0.6989244 0.7151949
vn -0.0009775162 0.6969694 0.7171003
vn 0.0009775162 0.6969694 0.7171003
vn 0.0009775162 0.6969694 0.7171003
vn 0.0009775162 0.6989244 0.7151949
vn 0.0009775162 0.6989244 0.7151949
vn 0.0009775162 0.6989244 0.7151949
vn 0.0009775162 0.6989244 0.7151949
vn 0.0009775162 0.6989244 0.7151949
vn 0.0009775162 0.6989244 0.7151949
vn 0.006842613 0.671554 0.7409241
vn 0.0009775162 0.6383184 0.7697718
vn 0.0009775162 0.6324533 0.7745978
vn -0.0009775162 0.0009775162 0.999999
vn -0.0009775162 -0.0009775162 0.999999
vn -0.0009775162 0.0009775162 0.999999
vn -0.0009775162 -0.0009775162 0.999999
vn -0.0009775162 0.9296184 0.3685224
vn -0.0009775162 0.9315734 0.363552
vn -0.0009775162 0.9315734 0.363552
vn -0.0009775162 0.9296184 0.3685224
vn -0.0009775162 0.9296184 0.3685224
vn -0.0009775162 0.9296184 0.3685224
vn -0.0009775162 0.9296184 0.3685224
vn -0.0009775162 0.9296184 0.3685224
vn -0.0009775162 0.9296184 0.3685224
vn -0.0009775162 0.9296184 0.3685224
vn -0.0009775162 0.9296184 0.3685224
vn -0.0009775162 0.9296184 0.3685224
vn -0.0009775162 0.9296184 0.3685224
vn -0.0009775162 0.8240465 0.5665213
vn -0.0009775162 0.8220915 0.5693547
vn -0.0009775162 0.8220915 0.5693547
vn -0.0009775162 0.8240465 0.5665213
vn -0.0009775162 0.8240465 0.5665213
vn -0.0009775162 0.8240465 0.5665213
vn -0.0009775162 0.8240465 0.5665213
vn -0.0009775162 0.9589438 0.2835943
vn 0.0009775162 0.9608989 0.2768978
vn -0.0009775162 0.9589438 0.2835943
vn 0.0009775162 0.9608989 0.2768978
vn 0.0009775162 0.9608989 0.2768978
vn 0.0009775162 0.9608989 0.2768978
vn 0.0009775162 0.9608989 0.2768978
vn 0.0009775162 0.9608989 0.2768978
vn 0.02248287 0.9921794 -0.1227785
vn 0.02248287 0.9921794 -0.1227785
vn 0.02248287 0.9921794 -0.1227785
vn 0.02248287 0.9921794 -0.1227785
vn -0.002932549 0.9608989 0.276884
vn -0.008797646 0.9608989 0.2767597
vn -0.0009775162 0.9608989 0.2768978
vn -0.0009775162 0.9608989 0.2768978
vn 0.0009775162 0.9628539 0.2700211
vn 0.0009775162 0.9608989 0.2768978
vn -0.0009775162 0.9628539 0.2700211
vn 0.0009775162 0.9608989 0.2768978
vn 0.02248287 0.9921794 -0.1227785
vn 0.02248287 0.9921794 -0.1227785
vn 0.02248287 0.9921794 -0.1227785
vn 0.02248287 0.9921794 -0.1227785
vn 0.02248287 0.9921794 -0.1227785
vn 0.02248287 0.9921794 -0.1227785
vn 0.02248287 0.9921794 -0.1227785
vn 0.02248287 0.9921794 -0.1227785
vn 0.02248287 0.9921794 -0.1227785
vn 0.02248287 0.9921794 -0.1227785
vn 0.02248287 0.9921794 -0.1227785
vn 0.02248287 0.9921794 -0.1227785
vn -0.0009775162 0.9628539 0.2700211
vn -0.0009775162 0.9628539 0.2700211
vn -0.0009775162 0.9628539 0.2700211
vn -0.0009775162 0.9628539 0.2700211
vn 0.0009775162 0.9628539 0.2700211
vn 0.0009775162 0.9628539 0.2700211
vn -0.0009775162 0.9628539 0.2700211
vn 0.0009775162 0.9628539 0.2700211
vn -0.0009775162 0.9608989 0.2768978
vn -0.0009775162 0.9608989 0.2768978
vn -0.0009775162 0.9628539 0.2700211
vn -0.0009775162 0.9608989 0.2768978
vn -0.0009775162 0.9980445 0.0625
vn -0.0009775162 0.9980445 0.0625
vn -0.0009775162 0.9980445 0.0625
vn -0.0009775162 0.9980445 0.0625
vn -0.0009775162 0.9980445 0.0625
vn -0.0009775162 0.9980445 0.0625
vn -0.0009775162 0.9980445 0.0625
vn -0.0009775162 0.9980445 0.0625
vn -0.0009775162 0.9980445 0.0625
vn -0.0009775162 0.9980445 0.0625
vn -0.0009775162 0.9980445 0.0625
vn -0.0009775162 0.9980445 0.0625
vn -0.0009775162 0.9980445 0.0625
vn -0.0009775162 0.9980445 0.0625
vn -0.0009775162 0.9980445 0.0625
vn -0.0009775162 0.9980445 0.0625
vn -0.0009775162 -0.9999995 0
vn 0.0009775162 -0.9999995 0
vn -0.0009775162 -0.9999995 0
vn 0.0009775162 -0.9999995 0
vn 0.0009775162 0.966764 0.2556686
vn 0.0009775162 -0.9999995 0
vn 0.0009775162 -0.9999995 0
vn 0.0009775162 -0.9999995 0
vn 0.3059627 -0.9511237 -0.04183932
vn 0.5248061 -0.8512218 0
vn -0.0009775162 0.0009775162 0.999999
vn -0.0009775162 -0.0009775162 0.999999
vn -0.0009775162 -0.0009775162 0.999999
vn -0.0009775162 0.0009775162 0.999999
vn -0.0009775162 0.9589438 0.2835943
vn -0.0009775162 0.9589438 0.2835943
vn -0.0009775162 0.9589438 0.2835943
vn -0.0009775162 0.9589438 0.2835943
vn 0.0009775162 0.9608989 0.2768978
vn 0.0009775162 0.9608989 0.2768978
vn -0.02639294 0.9941344 0.1048816
vn -0.02639294 0.9941344 0.1048816
vn -0.02639294 0.9941344 0.1048816
vn -0.02639294 0.9941344 0.1048816
vn 0.6695989 0.7419351 -0.03419887
vn 0.6695989 0.7419351 -0.03419887
vn 0.6695989 0.7419351 -0.03419887
vn 0.6695989 0.7419351 -0.03419887
vn 0.6695989 0.7419351 -0.03419887
vn 0.5248061 0.8512218 0
vn 0.6695989 0.7419351 -0.03419887
vn 0.6695989 0.7419351 -0.03419887
vn 0.6695989 0.7419351 -0.03419887
vn 0.6695989 0.7419351 -0.03419887
vn 0.8218403 -0.5697181 0
vn 0.5248061 -0.8512218 0
vn 0.8220915 -0.5679371 0.0401628
vn 0.3059627 -0.9511237 -0.04183932
vn -0.0009775162 0.0009775162 -0.999999
vn -0.0009775162 0.0009775162 -0.999999
vn -0.0009775162 0.0009775162 -0.999999
vn -0.0009775162 0.0009775162 -0.999999
vn -0.0009775162 0.0009775162 -0.999999
vn -0.0009775162 0.0009775162 -0.999999
vn -0.0009775162 0.0009775162 -0.999999
vn -0.0009775162 0.0009775162 -0.999999
vn 0.6695989 0.7419351 -0.03419887
vn 0.6695989 0.7419351 -0.03419887
vn 0.1554251 0.8885627 -0.4316241
vn -0.0009775162 0.9999995 0
vn -0.0009775162 0.9999995 0
vn -0.0009775162 0.8709673 -0.4913401
vn -0.0009775162 0.9999995 0
vn -0.0009775162 0.8651022 -0.5015947
vn -0.0009775162 0.9999995 0
vn 0.0009775162 0.8826976 -0.4699405
vn -0.0009775162 0.9999995 0
vn -0.0009775162 0.9941344 0.1081471
vn -0.0009775162 0.9999995 0
vn 0.0009775162 0.9608989 0.2768978
vn -0.0009775162 0.9999995 0
vn 0.0009775162 0.9608989 0.2768978
vn -0.0009775162 0.9999995 0
vn 0.0009775162 0.9608989 0.2768978
vn -0.0009775162 0.9999995 0
vn 0.4780056 0.4506352 0.7539486
vn 0.7282499 0.3489734 0.5898048
vn 0.4447701 -0.0009775162 0.8956442
vn 0.7556204 0.204301 0.6223335
vn 0.5503418 0.8044962 0.2234049
vn 0.5777123 0.7693056 0.2727956
vn 0.0009775162 0.9608989 0.2768978
vn 0.3372433 0.8181814 0.4656675
vn 0.0009775162 0.9608989 0.2768978
vn -0.2394916 0.7145647 0.6572983
vn -0.5483868 0.7575754 0.35405
vn -0.562072 0.7595304 0.3273966
vn -0.5327466 0.7184747 0.4471858
vn -0.4193547 0.5894425 0.690434
vn 0.02834797 0.5073311 0.8612848
vn -0.1573802 0.1710654 0.9726089
vn -0.006842613 0.004887581 0.9999646
vn -0.5738022 0.5718472 0.5862949
vn -0.0009775162 0.9999995 0
vn -0.0009775162 0.9999995 0
vn -0.6383184 0.4232647 0.6429592
vn -0.0009775162 0.0009775162 0.999999
vn -0.0009775162 0.9999995 0
vn -0.4760506 -0.4271747 0.7686986
vn -0.0009775162 0.0009775162 0.999999
vn -0.0009775162 -0.0009775162 0.999999
vn 0.9999995 0.0009775162 0
vn -0.0009775162 -0.0009775162 0.999999
vn -0.0009775162 0.8084062 0.5886242
vn -0.6439251 0.7650886 0
vn -0.0009775162 0.9999995 0
vn -0.6441835 0.618768 0.4496152
vn -0.0009775162 0.3098727 0.9507775
vn -0.6441835 0.2355815 0.7276874
vn -0.0009775162 -0.3098727 0.9507775
vn -0.6441835 -0.2355815 0.7276874
vn -0.0009775162 -0.8084062 0.5886242
vn -0.6441835 -0.618768 0.449615
vn -0.0009775162 -0.9999995 0
vn -0.6439251 -0.7650886 0
vn 0.0009775162 -0.8084062 -0.5886242
vn -0.6441835 -0.618768 -0.449615
vn 0.0009775162 -0.3098727 -0.9507775
vn -0.6441835 -0.2355815 -0.7276874
vn -0.0009775162 0.3098727 -0.9507775
vn -0.6441835 0.2355815 -0.7276874
vn -0.0009775162 0.8084062 -0.5886242
vn -0.6441835 0.618768 -0.4496152
vn -0.9472136 -0.09872919 -0.3050227
vn -0.9472136 0.09872913 -0.3050227
vn -0.9999995 -0.0009775162 0
vn -0.9472136 0.2590419 -0.188901
vn -0.9472136 -0.2590419 -0.188901
vn -0.9472136 0.3196479 -0.02472881
vn -0.9472136 -0.319648 0.02472805
vn -0.9472136 0.2590419 0.188901
vn -0.9472136 -0.2590419 0.188901
vn -0.9472136 0.09872913 0.3050227
vn -0.9472136 -0.09872919 0.3050227
vn -0.6441835 0.618768 -0.4496152
vn -0.0009775162 0.9999995 0
vn -0.6439251 0.7650886 0
vn -0.0009775162 0.8084062 -0.5886242
vn -0.0009775162 -0.9999995 0
vn -0.0009775162 -0.9999995 0
vn -0.0009775162 -0.9999995 0
vn -0.0009775162 -0.9999995 0
vn -0.0009775162 -0.9999995 0
vn -0.0009775162 -0.9999995 0
vn -0.0009775162 -0.9999995 0
vn -0.0009775162 -0.9999995 0
vn -0.0009775162 -0.9999995 0
vn -0.0009775162 -0.9999995 0
vn -0.0009775162 -0.9999995 0
vn -0.1925708 -0.8260015 0.5297527
vn -0.0009775162 -0.9999995 0
vn -0.0009775162 -0.9999995 0
vn 0.3704788 -0.0009775162 -0.9288404
vn 0.9296184 -0.0009775162 0.3685224
vn -0.9296184 0.0009775162 -0.3685224
vn -0.3665687 0.0009775162 0.9303905
vn 0.9296184 0.0009775162 0.3685224
vn -0.3665687 0.0009775162 0.9303905
vn 0.3704788 0.0009775162 -0.9288404
vn -0.9296184 0.0009775162 -0.3685224
vn 0.3704788 0.0009775162 -0.9288404
vn 0.9296184 0.0009775162 0.3685224
vn -0.9296184 -0.0009775162 -0.3685224
vn -0.3665687 -0.0009775162 0.9303905
vn -0.0009775162 0.9999995 0
vn -0.0009775162 0.9999995 0
vn -0.0009775162 0.9999995 0
vn -0.0009775162 0.9999995 0
vn -0.0009775162 0.9999995 0
vn -0.0009775162 0.9999995 0
vn -0.0009775162 0.9999995 0
vn -0.0009775162 0.9999995 0
vn -0.0009775162 0.9999995 0
vn -0.0009775162 0.9999995 0
vn -0.0009775162 0.9999995 0
vn -0.0009775162 0.9999995 0
vn -0.0009775162 0.9999995 0
vn -0.0009775162 0.9999995 0
vn -0.0009775162 -0.9999995 0
vn -0.1925708 -0.8260015 0.5297527
vn 0.43695 -0.2766372 0.8558894
vn 0.03421307 -0.2746822 0.9609262
vn -0.6774191 -0.264907 0.6862417
vn -0.8924727 -0.2551318 0.3720217
vn -0.0009775162 -0.9999995 0
vn -0.9257083 -0.2473117 0.2861836
vn -0.0009775162 -0.9999995 0
vn -0.6774191 0.264907 0.6862417
vn -0.9648089 -0.2238513 -0.1379648
vn 0.03421307 0.2746822 0.9609262
vn -0.0009775162 -0.9999995 0
vn -0.0009775162 0.9999995 0
vn 0.43695 0.2766372 0.8558894
vn -0.0009775162 0.9999995 0
vn -0.8924727 0.2551318 0.3720217
vn -0.0009775162 0.9999995 0
vn -0.9257083 0.2473117 0.2861836
vn -0.0009775162 0.9999995 0
vn -0.9648089 0.2238513 -0.1379648
vn -0.0009775162 0.9999995 0
vn -0.04007816 -0.2453567 -0.968604
vn 0.4349949 -0.2864124 -0.853667
vn -0.04007816 0.2453567 -0.968604
vn -0.0009775162 -0.9999995 0
vn 0.4349949 0.2864124 -0.853667
vn -0.4252198 -0.2903224 -0.8572637
vn -0.0009775162 0.9999995 0
vn -0.0009775162 -0.9999995 0
vn -0.7458452 -0.2140762 -0.6307823
vn -0.0009775162 -0.9999995 0
vn -0.4252198 0.2903224 -0.8572637
vn -0.0009775162 0.9999995 0
vn -0.7458452 0.2140762 -0.6307823
vn -0.0009775162 0.9999995 0
vn -0.8924727 -0.2551318 0.3720217
vn -0.6774191 0.264907 0.6862417
vn -0.6774191 -0.264907 0.6862417
vn -0.8924727 0.2551318 0.3720217
vn -0.9257083 -0.2473117 0.2861836
vn -0.9257083 0.2473117 0.2861836
vn -0.9648089 -0.2238513 -0.1379648
vn -0.9648089 0.2238513 -0.1379648
vn -0.7458452 0.2140762 -0.6307823
vn -0.4252198 -0.2903224 -0.8572637
vn -0.7458452 -0.2140762 -0.6307823
vn -0.4252198 0.2903224 -0.8572637
vn 0.4349949 0.2864124 -0.853667
vn 0.4349949 -0.2864124 -0.853667
vn -0.04007816 -0.2453567 -0.968604
vn -0.04007816 0.2453567 -0.968604
vn 0.03421307 -0.2746822 0.9609262
vn 0.43695 0.2766372 0.8558894
vn 0.43695 -0.2766372 0.8558894
vn 0.03421307 0.2746822 0.9609262
vn -0.0009775162 0.9999995 0
vn -0.0009775162 0.9999995 0
vn -0.0009775162 0.9999995 0
vn -0.0009775162 0.9999995 0
vn -0.0009775162 0.9999995 0
vn -0.0009775162 0.9999995 0
vn -0.0009775162 0.9999995 0
vn -0.0009775162 0.9999995 0
vn -0.0009775162 -0.9999995 0
vn -0.0009775162 -0.9999995 0
vn -0.0009775162 -0.9999995 0
vn -0.0009775162 -0.9999995 0
vn -0.0009775162 -0.9999995 0
vn -0.0009775162 -0.9999995 0
vn -0.0009775162 -0.9999995 0
vn -0.0009775162 -0.9999995 0
vn 0.8181814 -0.2981426 0.49162
vn 0.9999995 -0.0009775162 0
vn 0.910068 -0.4115345 0.04914933
vn 0.8142713 0.1827956 0.5509519
vn 0.3059627 -0.321603 0.8960794
vn 0.9628539 0.1085043 0.2472633
vn 0.323558 0.3919842 0.861196
vn -0.143695 -0.2981426 0.9436433
vn -0.14565 0.3685237 0.9181374
vn 0.9999995 -0.0009775162 0
vn 0.9569888 -0.1065493 0.2698512
vn 0.8162264 0.3000976 0.4936759
vn 0.910068 0.4115345 0.04914888
vn 0.8123163 -0.1984359 0.5484208
vn 0.319648 -0.3900291 0.8635406
vn 0.3079177 0.323558 0.8947049
vn -0.14565 -0.3685238 0.9181374
vn -0.143695 0.3000976 0.9430234
vn -0.9999995 0.0009775162 0
vn -0.9999995 0.0009775162 0
vn -0.910068 -0.3900291 0.1401908
vn -0.9999995 0.0009775162 0
vn -0.9999995 0.0009775162 0
vn -0.9999995 0.0009775162 0
vn -0.9999995 0.0009775162 0
vn -0.9999995 0.0009775162 0
vn -0.9999995 0.0009775162 0
vn -0.9999995 0.0009775162 0
vn -0.9999995 0.0009775162 0
vn -0.9999995 0.0009775162 0
vn -0.9999995 0.0009775162 0
vn -0.9999995 0.0009775162 0
vn -0.0009775162 -0.9999995 0
vn -0.0009775162 -0.9999995 0
vn -0.0009775162 -0.9999995 0
vn -0.0009775162 -0.9999995 0
vn -0.3704787 0.01857281 0.9286553
vn 0.323558 0.08895397 0.9420177
vn -0.0009775162 0.9999995 0
vn -0.0009775162 0.9999995 0
vn -0.0009775162 0.9999995 0
vn -0.0009775162 0.9999995 0
vn -0.0009775162 0.9999995 0
vn -0.9999995 0.0009775162 0
vn -0.9999995 0.0009775162 0
vn -0.0009775162 0.9999995 0
vn -0.9999995 0.0009775162 0
vn -0.0009775162 0.9999995 0
vn -0.143695 0.3000976 0.9430234
vn -0.9999995 0.0009775162 0
vn 0.3079177 0.323558 0.8947049
vn -0.0009775162 0.9999995 0
vn 0.8162264 0.3000976 0.4936759
vn -0.0009775162 0.9999995 0
vn 0.910068 0.4115345 0.04914888
vn -0.0009775162 0.9999995 0
vn -0.14565 -0.3685238 0.9181374
vn -0.0009775162 -0.9999995 0
vn -0.9999995 0.0009775162 0
vn -0.0009775162 -0.9999995 0
vn -0.0009775162 -0.9999995 0
vn 0.319648 -0.3900291 0.8635406
vn -0.9999995 0.0009775162 0
vn -0.3704787 0.01857281 0.9286553
vn -0.9999995 0.0009775162 0
vn -0.0009775162 -0.9999995 0
vn 0.8123163 -0.1984359 0.5484208
vn 0.9569888 -0.1065493 0.2698512
vn -0.0009775162 0.9999995 0
vn -0.9999995 0.0009775162 0
vn 0.323558 0.08895397 0.9420177
vn 0.9628539 0.1085043 0.2472633
vn -0.9999995 0.0009775162 0
vn 0.8142713 0.1827956 0.5509519
vn -0.0009775162 0.9999995 0
vn -0.0009775162 0.9999995 0
vn 0.323558 0.3919842 0.861196
vn -0.0009775162 0.9999995 0
vn -0.14565 0.3685237 0.9181374
vn -0.9999995 0.0009775162 0
vn -0.143695 -0.2981426 0.9436433
vn -0.0009775162 -0.9999995 0
vn -0.9999995 0.0009775162 0
vn -0.0009775162 -0.9999995 0
vn -0.0009775162 -0.9999995 0
vn -0.910068 -0.3900291 0.1401908
vn -0.0009775162 -0.9999995 0
vn 0.3059627 -0.321603 0.8960794
vn -0.0009775162 -0.9999995 0
vn 0.8181814 -0.2981426 0.49162
vn -0.0009775162 -0.9999995 0
vn 0.910068 -0.4115345 0.04914933
vn 0.8103613 0.0009775162 -0.5859298
vn 0.912023 -0.0009775162 0.4101379
vn 0.912023 -0.0009775162 0.4101379
vn 0.8103613 0.0009775162 -0.5859298
vn -0.73607 0.0009775162 -0.6769047
vn -0.73607 0.0009775162 -0.6769047
vn -0.9863143 0.0009775162 0.1648732
vn -0.9863143 0.0009775162 0.1648732
vn 0.0009775162 0.0009775162 0.999999
vn 0.0009775162 0.0009775162 0.999999
vn 0.0009775162 0.0009775162 0.999999
vn 0.0009775162 -0.0009775162 0.999999
vn -0.0009775162 0.9941344 0.1081471
vn -0.0009775162 0.9941344 0.1081471
vn -0.0009775162 0.9941344 0.1081471
vn 0.0009775162 0.9941344 0.1081471
vn -0.0009775162 -0.9941344 0.1081471
vn -0.0009775162 -0.9941344 0.1081471
vn -0.0009775162 -0.9941344 0.1081471
vn 0.0009775162 -0.9941344 0.1081471
vn -0.0009775162 -0.9999995 0
vn -0.0009775162 -0.9999995 0
vn -0.0009775162 -0.9999995 0
vn -0.0009775162 -0.9999995 0
vn -0.0009775162 -0.9999995 0
vn -0.0009775162 -0.9999995 0
vn -0.0009775162 -0.9999995 0
vn -0.0009775162 -0.9999995 0
vn -0.0009775162 -0.9999995 0
vn -0.0009775162 -0.9999995 0
vn -0.0009775162 -0.9999995 0
vn -0.0009775162 -0.9999995 0
vn -0.6520036 -0.6989244 -0.2939317
vn -0.4623654 -0.8787875 -0.1181136
vn -0.5483868 -0.7204298 -0.4245619
vn -0.671554 -0.6852392 0.281891
vn -0.5483868 -0.7438902 0.3819678
vn -0.4623654 -0.8787875 0.1181136
vn -0.01466274 -0.6950144 0.7188464
vn -0.1710654 -0.6950144 0.6983492
vn -0.3763438 -0.558162 0.7394732
vn -0.008797646 -0.8279566 0.5607231
vn 0.2473117 -0.7302049 0.6368969
vn 0.1925708 -0.8299116 0.5236059
vn 0.5992177 -0.7556204 0.2645298
vn 0.4877808 -0.8435969 0.2245311
vn 0.6011727 -0.7556204 -0.2600561
vn 0.4897358 -0.8435969 -0.2202342
vn 0.2531768 -0.7302049 -0.6345882
vn 0.1984359 -0.8299116 -0.5214114
vn -0.006842613 -0.6950144 -0.7189633
vn -0.002932549 -0.8279566 -0.5607845
vn -0.1671554 -0.6852392 -0.7088768
vn -0.3704787 -0.5913975 -0.7162364
vn -0.0009775162 -0.9999995 0
vn -0.0009775162 -0.9999995 0
vn -0.0009775162 -0.9999995 0
vn -0.0009775162 -0.9999995 0
vn -0.0009775162 -0.9999995 0
vn -0.0009775162 -0.9999995 0
vn -0.0009775162 -0.9999995 0
vn -0.0009775162 -0.9999995 0
vn -0.6520036 -0.6989244 -0.2939317
vn -0.1671554 -0.6852392 -0.7088768
vn -0.3704787 -0.5913975 -0.7162364
vn -0.5483868 -0.7204298 -0.4245619
vn -0.4623654 -0.8787875 -0.1181136
vn -0.0009775162 -0.9999995 0
vn -0.002932549 -0.8279566 -0.5607845
vn -0.0009775162 -0.9999995 0
vn 0.1984359 -0.8299116 -0.5214114
vn -0.0009775162 -0.9999995 0
vn 0.4897358 -0.8435969 -0.2202342
vn -0.0009775162 -0.9999995 0
vn 0.4877808 -0.8435969 0.2245311
vn -0.0009775162 -0.9999995 0
vn 0.1925708 -0.8299116 0.5236059
vn -0.0009775162 -0.9999995 0
vn -0.008797646 -0.8279566 0.5607231
vn -0.0009775162 -0.9999995 0
vn -0.0009775162 -0.9999995 0
vn -0.1710654 -0.6950144 0.6983492
vn -0.4623654 -0.8787875 0.1181136
vn -0.5483868 -0.7438902 0.3819678
vn -0.3763438 -0.558162 0.7394732
vn -0.671554 -0.6852392 0.281891
vn -0.8905177 -0.3607036 -0.2772563
vn -0.8103613 0.2707721 -0.5196125
vn -0.8103613 -0.2707721 -0.5196125
vn -0.8905177 0.3587486 -0.2797815
vn -0.9217982 -0.3607036 0.1420596
vn -0.9198432 0.3646137 0.1447251
vn -0.5757573 -0.5210164 0.6301155
vn -0.562072 0.5249264 0.6391613
vn -0.01466274 -0.3939392 0.9190195
vn -0.01857281 0.3919842 0.9197844
vn 0.4721406 0.5053761 0.722273
vn 0.4584553 -0.5092862 0.7283174
vn 0.5347016 -0.2082111 0.8189886
vn 0.5249264 0.1925708 0.8290771
vn 0.9999995 0.0009775162 0
vn 0.9999995 0.0009775162 0
vn 0.9999995 0.0009775162 0
vn 0.9999995 0.0009775162 0
vn 0.319648 0.0009775162 -0.9475359
vn 0.319648 0.0009775162 -0.9475359
vn 0.6695989 0.0009775162 -0.7427223
vn 0.6695989 0.0009775162 -0.7427223
vn 0.9354835 0.0009775162 -0.3533691
vn 0.9354835 0.0009775162 -0.3533691
vn 0.9784942 0.0009775162 -0.2062722
vn 0.9784942 0.0009775162 -0.2062722
vn 0.849462 0.0009775162 -0.5276489
vn 0.849462 0.0009775162 -0.5276489
vn 0.5738022 0.0009775162 -0.8189933
vn 0.5738022 0.0009775162 -0.8189933
vn 0.323558 0.0009775162 -0.9462078
vn 0.323558 0.0009775162 -0.9462078
vn 0.1143695 0.0009775162 -0.9934378
vn 0.1143695 0.0009775162 -0.9934378
vn 0.1143695 0.0009775162 -0.9934378
vn 0.1143695 0.0009775162 -0.9934378
vn -0.0009775162 -0.9999995 0
vn -0.0009775162 -0.9999995 0
vn -0.0009775162 -0.9999995 0
vn -0.0009775162 -0.9999995 0
vn -0.0009775162 -0.9999995 0
vn -0.0009775162 -0.9999995 0
vn -0.0009775162 -0.9999995 0
vn -0.0009775162 -0.9999995 0
vn -0.0009775162 -0.9999995 0
vn -0.0009775162 -0.9999995 0
vn -0.0009775162 -0.9999995 0
vn -0.0009775162 -0.9999995 0
vn -0.0009775162 -0.9999995 0
vn -0.0009775162 -0.9999995 0
vn -0.0009775162 -0.9999995 0
vn -0.0009775162 -0.9999995 0
vn -0.0009775162 -0.9999995 0
vn -0.0009775162 0.9999995 0
vn -0.0009775162 0.9999995 0
vn -0.0009775162 0.9999995 0
vn -0.0009775162 0.9999995 0
vn -0.0009775162 0.9999995 0
vn -0.0009775162 0.9999995 0
vn -0.0009775162 0.9999995 0
vn -0.0009775162 0.9999995 0
vn -0.0009775162 0.9999995 0
vn -0.0009775162 0.9999995 0
vn -0.0009775162 0.9999995 0
vn -0.0009775162 0.9999995 0
vn -0.0009775162 0.9999995 0
vn -0.0009775162 0.9999995 0
vn -0.0009775162 0.9999995 0
vn -0.0009775162 0.9999995 0
vn -0.0009775162 0.9999995 0
vn -0.0009775162 -0.9999995 0
vn -0.8905177 -0.3607036 -0.2772563
vn -0.8103613 -0.2707721 -0.5196125
vn -0.0009775162 -0.9999995 0
vn -0.9217982 -0.3607036 0.1420596
vn -0.0009775162 -0.9999995 0
vn -0.5757573 -0.5210164 0.6301155
vn -0.0009775162 -0.9999995 0
vn -0.01466274 -0.3939392 0.9190195
vn -0.0009775162 -0.9999995 0
vn 0.4584553 -0.5092862 0.7283174
vn -0.0009775162 -0.9999995 0
vn 0.5347016 -0.2082111 0.8189886
vn -0.0009775162 -0.9999995 0
vn 0.5249264 0.1925708 0.8290771
vn -0.0009775162 0.9999995 0
vn 0.4721406 0.5053761 0.722273
vn -0.0009775162 0.9999995 0
vn -0.01857281 0.3919842 0.9197844
vn -0.0009775162 0.9999995 0
vn -0.562072 0.5249264 0.6391613
vn -0.0009775162 0.9999995 0
vn -0.9198432 0.3646137 0.1447251
vn -0.0009775162 0.9999995 0
vn -0.8905177 0.3587486 -0.2797815
vn -0.0009775162 0.9999995 0
vn -0.8103613 0.2707721 -0.5196125
vn -0.0009775162 0.9999995 0
vn -0.0009775162 -0.9999995 0
vn 0.1143695 0.0009775162 -0.9934378
vn 0.1143695 0.0009775162 -0.9934378
vn -0.0009775162 -0.9999995 0
vn 0.323558 0.0009775162 -0.9462078
vn -0.0009775162 -0.9999995 0
vn 0.5738022 0.0009775162 -0.8189933
vn -0.0009775162 -0.9999995 0
vn 0.849462 0.0009775162 -0.5276489
vn 0.9784942 0.0009775162 -0.2062722
vn -0.0009775162 -0.9999995 0
vn 0.9354835 0.0009775162 -0.3533691
vn -0.0009775162 -0.9999995 0
vn 0.6695989 0.0009775162 -0.7427223
vn -0.0009775162 -0.9999995 0
vn 0.319648 0.0009775162 -0.9475359
vn -0.0009775162 -0.9999995 0
vn 0.9999995 0.0009775162 0
vn 0.9999995 0.0009775162 0
vn -0.0009775162 -0.9999995 0
vn 0.9999995 0.0009775162 0
vn -0.0009775162 0.9999995 0
vn 0.9999995 0.0009775162 0
vn -0.0009775162 0.9999995 0
vn 0.319648 0.0009775162 -0.9475359
vn 0.6695989 0.0009775162 -0.7427223
vn -0.0009775162 0.9999995 0
vn 0.9354835 0.0009775162 -0.3533691
vn -0.0009775162 0.9999995 0
vn 0.9784942 0.0009775162 -0.2062722
vn -0.0009775162 0.9999995 0
vn 0.849462 0.0009775162 -0.5276489
vn -0.0009775162 0.9999995 0
vn 0.5738022 0.0009775162 -0.8189933
vn 0.323558 0.0009775162 -0.9462078
vn -0.0009775162 0.9999995 0
vn 0.1143695 0.0009775162 -0.9934378
vn -0.0009775162 0.9999995 0
vn 0.1143695 0.0009775162 -0.9934378
vn -0.0009775162 0.9999995 0
vn -0.0009775162 -0.9999995 0
vn 0.0009775162 -0.9999995 0
vn -0.0009775162 -0.9999995 0
vn -0.0009775162 -0.9999995 0
vn -0.0009775162 -0.9999995 0
vn -0.0009775162 -0.9999995 0
vn -0.0009775162 -0.9999995 0
vn -0.0009775162 -0.9999995 0
vn -0.0009775162 -0.9999995 0
vn -0.0009775162 -0.9999995 0
vn -0.0009775162 -0.9999995 0
vn -0.0009775162 -0.9999995 0
vn -0.0009775162 -0.9999995 0
vn 0.0009775162 -0.9999995 0
vn 0.0009775162 -0.9999995 0
vn -0.0009775162 -0.9999995 0
vn -0.0009775162 0.9999995 0
vn -0.0009775162 0.9999995 0
vn 0.0009775162 0.9999995 0
vn -0.0009775162 0.9999995 0
vn -0.0009775162 0.9999995 0
vn -0.0009775162 0.9999995 0
vn -0.0009775162 0.9999995 0
vn -0.0009775162 0.9999995 0
vn -0.0009775162 0.9999995 0
vn -0.0009775162 0.9999995 0
vn -0.0009775162 0.9999995 0
vn -0.0009775162 0.9999995 0
vn -0.0009775162 0.9999995 0
vn 0.0009775162 0.9999995 0
vn 0.0009775162 0.9999995 0
vn -0.0009775162 0.9999995 0
vn 0.3900291 -0.2961875 -0.8718659
vn -0.1006842 -0.9628539 -0.2505494
vn 0.4173996 -0.794721 -0.4406769
vn -0.6559137 -0.266862 -0.7060891
vn -0.6832842 0.0009775162 -0.7301519
vn -0.9999995 0.0009775162 0
vn 0.3470184 0.0009775162 -0.9378578
vn -0.9999995 0.0009775162 0
vn -0.9999995 -0.0009775162 0
vn 0.3900291 0.2961875 -0.8718659
vn -0.6559137 0.266862 -0.7060891
vn -0.1006842 0.9628539 -0.2505494
vn 0.4173996 0.794721 -0.4406769
vn 0.0009775162 -0.0009775162 -0.999999
vn 0.0009775162 0.0009775162 -0.999999
vn 0.0009775162 -0.0009775162 -0.999999
vn 0.0009775162 0.0009775162 -0.999999
vn 0.0009775162 0.0009775162 -0.999999
vn 0.0009775162 0.0009775162 -0.999999
vn 0.0009775162 0.0009775162 -0.999999
vn 0.0009775162 -0.0009775162 -0.999999
vn 0.0009775162 -0.0009775162 -0.999999
vn 0.0009775162 0.0009775162 -0.999999
vn 0.0009775162 -0.0009775162 -0.999999
vn 0.0009775162 0.0009775162 -0.999999
vn -0.002932549 0.04398823 0.9990278
vn -0.004887581 -0.01075268 0.9999302
vn -0.0009775162 0.1476051 0.9890459
vn -0.002932549 -0.006842613 0.9999723
vn -0.002932549 -0.0009775162 0.9999952
vn -0.002932549 -0.01075268 0.9999379
vn -0.002932549 -0.0009775162 0.9999952
vn -0.002932549 0.0009775162 0.9999952
vn -0.002932549 0.0009775162 0.9999952
vn -0.002932549 0.006842613 0.9999723
vn -0.002932549 -0.04398823 0.9990278
vn -0.002932549 0.01075268 0.9999379
vn -0.004887581 0.01075268 0.9999302
vn -0.0009775162 -0.147605 0.9890459
vn -0.0009775162 -0.6109479 0.7916702
vn -0.0009775162 -0.6109479 0.7916702
vn -0.0009775162 -0.6109479 0.7916702
vn -0.0009775162 -0.6129029 0.7901576
vn -0.9726291 0.0009775162 0.2323612
vn -0.9824042 0.0009775162 0.1867645
vn -0.9726291 0.0009775162 0.2323612
vn -0.9726291 0.0009775162 0.2323612
vn -0.9726291 0.0009775162 0.2323612
vn -0.9824042 0.0009775162 0.1867645
vn -0.9902244 0.0009775162 0.1394804
vn -0.9902244 0.0009775162 0.1394804
vn -0.9296184 0.3411533 0.1393706
vn -0.9393935 0.3098727 0.1466926
vn -0.9902244 -0.0009775162 0.1394804
vn -0.9902244 -0.0009775162 0.1394804
vn -0.4525902 0.8690122 0.1999495
vn -0.4115345 0.8846526 0.2191553
vn -0.9315734 -0.3313782 0.1495311
vn -0.9433036 -0.3040076 0.133258
vn -0.4076245 -0.8885626 0.2104727
vn -0.4428151 -0.8709673 0.2129101
vn 0.499511 -0.8416418 0.2052505
vn 0.6129029 -0.7614855 0.2109262
vn 0.9765391 -0.1886607 0.1038194
vn 0.9804492 -0.14956 0.1278716
vn 0.9921794 -0.0009775162 0.1248163
vn 0.9921794 0.0009775162 0.1248163
vn 0.5053761 0.8338217 0.2221181
vn 0.6324533 0.7536653 0.1788616
vn 0.9921794 0.0009775162 0.1248163
vn 0.9921794 0.0009775162 0.1248163
vn 0.9804492 0.1691104 0.1006033
vn 0.9726291 0.2003909 0.1176272
vn -0.3939393 -0.8162264 0.4225948
vn 0.0009775162 -0.9999995 0
vn 0.0009775162 -0.9999995 0
vn 0.0009775162 -0.9999995 0
vn 0.0009775162 -0.9999995 0
vn -0.6265881 -0.1984359 0.7536647
vn -0.6832842 -0.006842613 0.7301205
vn -0.6304983 -0.2003909 0.7498769
vn -0.2727271 -0.5288365 0.8037113
vn -0.3098727 -0.5190613 0.7965891
vn 0.3274681 -0.4584553 0.826186
vn 0.380254 -0.4213096 0.8233499
vn 0.675464 -0.09677416 0.7310151
vn 0.675464 -0.09090906 0.7317677
vn 0.6852392 -0.0009775162 0.7283174
vn 0.6852392 -0.0009775162 0.7283174
vn 0.6852392 -0.0009775162 0.7283174
vn 0.6852392 0.0009775162 0.7283174
vn 0.675464 0.0967741 0.7310151
vn 0.675464 0.090909 0.7317677
vn 0.3782989 0.4213097 0.82425
vn 0.3274681 0.4584553 0.826186
vn -0.2707721 0.5327466 0.8017877
vn -0.3000976 0.5171063 0.8015875
vn -0.6304983 0.1964809 0.7509109
vn -0.6285433 0.1886607 0.7545466
vn -0.6656889 0.2179862 0.7136808
vn -0.8064512 0.4232647 0.4128963
vn -0.7243398 0.671554 0.1560354
vn -0.6480936 0.6011727 -0.4675106
vn 0.9726291 0.0009775162 -0.2323612
vn 0.9726291 0.0009775162 -0.2323612
vn 0.9726291 0.0009775162 -0.2323612
vn 0.9726291 0.0009775162 -0.2323612
vn -0.0009775162 0.6109478 0.7916703
vn -0.0009775162 0.6109478 0.7916703
vn -0.0009775162 0.6129029 0.7901577
vn -0.0009775162 0.6109478 0.7916703
vn 0.0009775162 0.9999995 0
vn 0.0009775162 0.9999995 0
vn 0.0009775162 0.9999995 0
vn 0.0009775162 0.9999995 0
vn 0.0009775162 0.9999995 0
vn -0.73216 -0.6793741 0.04891411
vn -0.7243398 -0.671554 0.1560354
vn -0.6480936 -0.6011727 -0.4675105
vn -0.5777123 -0.5327466 0.6184089
vn 0.3743889 -0.8826975 -0.2840389
vn 0.7712606 -0.6226781 -0.132019
vn 0.7673506 -0.438905 -0.4674778
vn 0.9999995 0.0009775162 0
vn 0.2825023 -0.7243398 -0.6289072
vn 0.1085044 -0.9315734 -0.346984
vn 0.1515151 -0.8475069 -0.5086995
vn 0.202346 -0.73607 -0.6459544
vn -0.0009775162 -0.3528835 -0.9356667
vn 0.06158358 -0.7086996 -0.7028174
vn 0.8435969 0.0009775162 -0.5369762
vn 0.9999995 0.0009775162 0
vn 0.9999995 0.0009775162 0
vn 0.4213096 -0.4017593 -0.813073
vn 0.4486802 0.0009775162 -0.8936919
vn 0.7673506 0.438905 -0.4674778
vn 0.7712606 0.622678 -0.1320193
vn -0.0009775162 0.0009775162 -0.999999
vn 0.0009775162 -0.3528835 -0.9356667
vn 0.06158358 -0.8044962 -0.5907566
vn 0.4213096 0.4017594 -0.813073
vn 0.3743889 0.8826976 -0.2840387
vn 0.2825023 0.7243398 -0.6289072
vn 0.1085044 0.9315734 -0.346984
vn 0.1515151 0.8475069 -0.5086996
vn 0.202346 0.73607 -0.6459544
vn -0.0009775162 0.3528835 -0.9356668
vn 0.06158358 0.7086996 -0.7028174
vn 0.0009775162 0.0009775162 -0.999999
vn 0.6832842 0.0009775162 -0.7301519
vn 0.0009775162 0.3528835 -0.9356668
vn 0.06158358 0.8044962 -0.5907566
vn 0.6559137 0.266862 -0.7060891
vn 0.1085044 0.9608989 -0.2547551
vn 0.9999995 -0.0009775162 0
vn 0.9999995 0.0009775162 0
vn 0.9999995 0.0009775162 0
vn 0.6559137 -0.266862 -0.7060891
vn 0.1085044 -0.9608989 -0.2547551
vn 0.3528835 0.0009775162 -0.9356667
vn 0.3528835 0.0009775162 -0.9356667
vn 0.8435969 0.0009775162 -0.5369762
vn 0.8260015 0.2121211 -0.5222319
vn 0.9824042 0.0009775162 0.1867645
vn 0.8260015 -0.2121211 -0.5222319
vn 0.9589438 0.2160312 0.1837314
vn 0.9589438 -0.2160312 0.1837314
vn 0.9217982 0.1964809 0.3341906
vn 0.9217982 -0.1964809 0.3341906
vn 0.9433036 0.0009775162 0.3319298
vn 0.9237532 0.2766372 -0.264862
vn 0.9237532 -0.2766372 -0.264862
vn 0.9648089 0.0009775162 -0.2629501
vn 0.8553271 0.1808406 -0.4855021
vn 0.8553271 -0.1808406 -0.4855021
vn 0.8651022 0.0009775162 -0.5015946
vn 0.970674 0.1945258 -0.1412501
vn 0.970674 -0.1945258 -0.1412501
vn 0.9882693 0.0009775162 -0.1527179
vn 0.9237532 0.264907 -0.2765941
vn 0.9237532 -0.264907 -0.2765941
vn 0.9569888 0.0009775162 -0.2901232
vn 0.8885626 0.1945258 -0.415471
vn 0.8885626 -0.1945258 -0.415471
vn 0.9042029 0.0009775162 -0.4271021
vn 0.9628539 0.1984359 -0.1831271
vn 0.9628539 -0.1984359 -0.1831271
vn 0.9804492 0.0009775162 -0.1967699
vn 0.8846526 0.2766372 -0.3753155
vn 0.8846526 -0.2766372 -0.3753155
vn 0.910068 0.0009775162 -0.4144579
vn 0.8162264 0.206256 -0.53966
vn 0.8162264 -0.206256 -0.53966
vn 0.8318667 0.0009775162 -0.5549747
vn 0.9999995 0.0009775162 0
vn 0.9999995 0.0009775162 0
vn 0.9999995 0.0009775162 0
vn 0.9999995 0.0009775162 0
vn 0.9999995 0.0009775162 0
vn 0.9999995 0.0009775162 0
vn -0.0009775162 0.9999995 0
vn 0.970674 -0.01857281 -0.2396809
vn 0.5796673 0.0009775162 0.8148527
vn 0.970674 -0.01857281 -0.2396809
vn 0.5796673 0.0009775162 0.8148527
vn 0.970674 -0.01857281 -0.2396809
vn 0.5796673 0.0009775162 0.8148527
vn 0.5796673 0.0009775162 0.8148527
vn 0.970674 0.01857281 -0.2396809
vn 0.5796673 0.0009775162 0.8148527
vn 0.970674 0.01857281 -0.2396809
vn -0.0009775162 -0.9999995 0
vn 0.616813 0.4271748 0.6611077
vn -0.0009775162 0.9999995 0
vn -0.0009775162 0.9999995 0
vn -0.0009775162 0.0009775162 0.999999
vn 0.9863143 0.1612903 -0.034199
vn -0.0009775162 0.0009775162 0.999999
vn -0.0009775162 -0.0009775162 0.999999
vn -0.9999995 -0.0009775162 0
vn -0.0009775162 -0.0009775162 0.999999
vn -0.4740956 -0.4271747 0.7699059
vn -0.9745841 0.0009775162 0.2240197
vn -0.9745841 0.0009775162 0.2240197
vn -0.9745841 0.0009775162 0.2240197
vn -0.01661549 -0.999862 0
vn -0.01661549 -0.999862 0
vn -0.01661549 -0.999862 0
vn -0.01661549 -0.999862 0
vn -0.01661549 -0.999862 0
vn -0.9745841 0.0009775162 0.2240197
vn -0.01857281 0.9960895 -0.08637611
vn -0.01857281 0.9960895 -0.08637611
vn -0.01857281 0.9960895 -0.08637611
vn -0.01857281 0.9960895 -0.08637611
vn -0.01857281 0.9960895 -0.08637611
vn -0.8494619 -0.2492667 -0.4650598
vn -0.8494619 0.2492667 -0.4650598
vn -0.9980445 -0.04789829 0.04016164
vn -0.01661549 -0.999862 0
vn -0.9878579 0.1553605 0
vn -0.01857281 0.9960895 -0.08637611
vn -0.01661549 -0.999862 0
vn 0.1260996 -0.5112412 -0.850136
vn -0.4173996 -0.73216 -0.5382558
vn -0.01661549 -0.999862 0
vn -0.9980445 -0.04789829 0.04016164
vn -0.8279566 0.0361681 -0.5596247
vn -0.01857281 0.9960895 -0.08637611
vn 0.1260996 0.5112412 -0.850136
vn -0.4154446 0.734115 -0.5371042
vn -0.01857281 0.9960895 -0.08637611
vn -0.9784942 -0.08504397 -0.1879274
vn -0.9139781 -0.3880741 -0.1185013
vn 0.6559137 -0.266862 -0.7060891
vn -0.09872913 -0.9628539 -0.2513263
vn 0.09872919 -0.9628539 -0.2513263
vn 0.9999995 0.0009775162 0
vn 0.6832842 0.0009775162 -0.7301519
vn 0.9999995 0.0009775162 0
vn 0.9999995 -0.0009775162 0
vn -0.6559137 -0.266862 -0.7060891
vn -0.9999995 -0.0009775162 0
vn -0.6832842 0.0009775162 -0.7301519
vn -0.9999995 0.0009775162 0
vn -0.9999995 0.0009775162 0
vn -0.6559137 0.266862 -0.7060891
vn -0.09872913 0.9628539 -0.2513263
vn 0.6559137 0.266862 -0.7060891
vn 0.09872919 0.9628539 -0.2513263
vn 0.6559137 -0.266862 -0.7060891
vn -0.09872913 -0.9628539 -0.2513263
vn 0.09872919 -0.9628539 -0.2513263
vn 0.9999995 0.0009775162 0
vn -0.6559137 -0.266862 -0.7060891
vn -0.6832842 0.0009775162 -0.7301519
vn -0.9999995 -0.0009775162 0
vn -0.9999995 0.0009775162 0
vn -0.9999995 0.0009775162 0
vn 0.6832842 0.0009775162 -0.7301519
vn 0.9999995 0.0009775162 0
vn 0.9999995 0.0009775162 0
vn 0.6559137 0.266862 -0.7060891
vn 0.09872919 0.9628539 -0.2513263
vn -0.09872913 0.9628539 -0.2513263
vn -0.6559137 0.266862 -0.7060891
vn 0.9296184 -0.002932549 -0.368512
vn 0.9296184 -0.002932549 -0.368512
vn 0.9296184 -0.002932549 -0.368512
vn 0.9296184 -0.002932549 -0.368512
vn 0.9296184 -0.002932549 -0.368512
vn 0.9296184 -0.002932549 -0.368512
vn 0.9296184 -0.002932549 -0.368512
vn 0.9296184 -0.002932549 -0.368512
vn 0.9296184 -0.002932549 -0.368512
vn 0.9296184 -0.002932549 -0.368512
vn 0.9296184 0.002932549 -0.368512
vn 0.9296184 0.002932549 -0.368512
vn 0.9296184 0.002932549 -0.368512
vn 0.3509285 0.0009775162 0.9364017
vn 0.3040076 0.4956009 0.8136086
vn 0.0009775162 0.9999995 0
vn 0.3040076 -0.4956009 0.8136086
vn -0.3040076 0.497556 -0.8124146
vn 0.9296184 0.002932549 -0.368512
vn 0.9296184 0.002932549 -0.368512
vn 0.0009775162 -0.9999995 0
vn 0.9296184 0.002932549 -0.368512
vn 0.9296184 -0.002932549 -0.368512
vn -0.3509284 0.0009775162 -0.9364018
vn -0.3040076 -0.497556 -0.8124146
vn 0.9296184 0.002932549 -0.368512
vn 0.9374385 0.0009775162 -0.3481496
vn 0.9374385 0.0009775162 -0.3481496
vn 0.9374385 0.0009775162 -0.3481496
vn 0.9374385 -0.0009775162 -0.3481496
vn 0.9374385 0.0009775162 -0.3481496
vn 0.9374385 -0.0009775162 -0.3481496
vn 0.9374385 0.0009775162 -0.3481496
vn 0.9374385 -0.0009775162 -0.3481496
vn 0.9374385 0.0009775162 -0.3481496
vn 0.9374385 -0.0009775162 -0.3481496
vn 0.9374385 -0.0009775162 -0.3481496
vn 0.9374385 0.0009775162 -0.3481496
vn 0.9374385 -0.0009775162 -0.3481496
vn 0.9374385 0.0009775162 -0.3481496
vn 0.9374385 0.0009775162 -0.3481496
vn 0.9374385 0.0009775162 -0.3481496
vn 0.6989244 0.3861191 -0.6020105
vn 0.3470184 -0.7399801 -0.5762011
vn 0.4213096 -0.6344083 -0.6480928
vn 0.5953076 -0.8005861 -0.06834237
vn 0.9433036 0.3313781 -0.01915473
vn 0.4330398 -0.8005861 0.414172
vn 0.7223848 0.325513 0.6100832
vn -0.04985332 -0.6480935 0.7599273
vn 0.3294231 0.4682305 -0.8199028
vn 0.5151513 0.5366566 -0.6682954
vn 0.4545453 -0.8299116 -0.3234737
vn 0.0009775162 0.9999995 0
vn -0.262952 0.5503418 0.792452
vn -0.0009775162 0.9999995 0
vn 0.6304982 0.3118278 -0.7107991
vn 0.3743889 -0.8260015 -0.4213721
vn 0.1984359 0.3763438 0.9049798
vn -0.02639294 -0.9022478 0.4304094
vn 0.1280547 -0.8455519 0.5183088
vn -0.05180836 0.5855324 0.8089918
vn 0.03421307 -0.8279566 0.5597475
vn 0.05962849 0.3079177 0.9495426
vn -0.3743888 -0.8260015 0.4213721
vn -0.6304983 0.3118278 0.7107991
vn -0.5639129 -0.8258343 0
vn -0.05962849 0.3079177 -0.9495426
vn -0.03421307 -0.8279566 -0.5597475
vn -0.7165197 0.3098727 -0.6249627
vn -0.4252198 -0.8279566 -0.3656172
vn -0.9472136 0.3137828 0.06577726
vn 0.9472136 0.0009775162 0.3206016
vn 0.094763 -0.9954998 0
vn 0.9999995 0.0009775162 0
vn 0.094763 0.9954998 0
vn -0.03421307 -0.9980445 -0.05231336
vn -0.9999995 0.0009775162 0
vn -0.03421307 0.9980445 -0.05231336
vn -0.9296184 0.0009775162 -0.3685224
vn -0.5386117 0.0009775162 -0.8425536
vn 0.01857281 -0.9980445 -0.05968477
vn 0.01857281 0.9980445 -0.05968477
vn 0.7086996 -0.0009775162 0.7055097
vn 0.2766372 0.0009775162 -0.9609739
vn 0.5777123 0.792766 -0.1943467
vn 0.5777123 -0.792766 -0.1943467
vn 0.9530787 0.0009775162 -0.3027209
vn 0.8123163 -0.0009775162 0.5832163
vn 0.6559137 -0.266862 -0.7060891
vn -0.09872913 -0.9628539 -0.2513263
vn 0.09872919 -0.9628539 -0.2513263
vn 0.9999995 0.0009775162 0
vn -0.6559137 -0.266862 -0.7060891
vn -0.6832842 0.0009775162 -0.7301519
vn -0.9999995 0.0009775162 0
vn -0.9999995 0.0009775162 0
vn -0.9999995 0.0009775162 0
vn 0.6832842 0.0009775162 -0.7301519
vn 0.9999995 0.0009775162 0
vn 0.9999995 -0.0009775162 0
vn 0.6559137 0.266862 -0.7060891
vn 0.09872919 0.9628539 -0.2513263
vn -0.09872913 0.9628539 -0.2513263
vn -0.6559137 0.266862 -0.7060891
vn 0.5562069 -0.6070378 0.5675728
vn 0.006842613 -0.8670573 0.4981615
vn 0.05180836 -0.8709673 0.4886019
vn -0.6774191 -0.6891493 -0.2572483
vn -0.558162 -0.6891493 -0.4620914
vn -0.05571842 -0.9824042 0.1782621
vn 0.4858258 -0.5835774 0.6507002
vn -0.558162 -0.7302049 -0.3940254
vn 0.5092862 -0.6441835 0.5706621
vn -0.08308887 -0.9941344 -0.06923141
vn -0.5757573 -0.7908109 -0.2076575
vn 0.04594326 -0.9335284 -0.3555473
vn -0.5268815 -0.8123163 -0.2500763
vn 0.5894425 -0.7634405 0.2640382
vn -0.438905 -0.7204298 -0.5369762
vn 0.618768 -0.7810358 0.08431622
vn -0.1260996 -0.8455519 -0.5187879
vn 0.5522969 -0.7810358 -0.291464
vn 0.1143695 -0.8768324 -0.4669952
vn -0.3040076 -0.4956009 -0.8136086
vn 0.9374385 0.0009775162 -0.3481496
vn -0.3509284 0.0009775162 -0.9364018
vn -0.3040076 0.4956009 -0.8136086
vn 0.9374385 0.0009775162 -0.3481496
vn -0.0009775162 -0.9999995 0
vn 0.9374385 0.0009775162 -0.3481496
vn 0.3040076 -0.497556 0.8124146
vn 0.9374385 0.0009775162 -0.3481496
vn 0.3509285 0.0009775162 0.9364017
vn 0.9374385 0.0009775162 -0.3481496
vn 0.9374385 0.0009775162 -0.3481496
vn 0.3040076 0.497556 0.8124146
vn 0.9374385 0.0009775162 -0.3481496
vn -0.0009775162 0.9999995 0
vn 0.9374385 0.0009775162 -0.3481496
vn 0.5562069 0.6070378 0.5675729
vn 0.05180836 0.8709673 0.488602
vn 0.006842613 0.8670572 0.4981616
vn -0.6774191 0.6891493 -0.2572483
vn -0.558162 0.6891493 -0.4620914
vn -0.05571842 0.9824042 0.1782621
vn 0.4858258 0.5835774 0.6507002
vn -0.558162 0.7302049 -0.3940254
vn 0.5092862 0.6441835 0.5706621
vn -0.08308887 0.9941344 -0.06923141
vn -0.5757573 0.7908109 -0.2076575
vn 0.04594326 0.9335284 -0.3555473
vn -0.5268815 0.8123163 -0.2500763
vn 0.5894425 0.7634405 0.2640382
vn -0.438905 0.7204298 -0.5369762
vn 0.618768 0.7810358 0.08431622
vn -0.1260996 0.8455518 -0.518788
vn 0.5522969 0.7810358 -0.291464
vn 0.1143695 0.8768324 -0.4669953
vn 0.4545453 -0.8299116 -0.3234737
vn -0.0009775162 -0.9999995 0
vn 0.3470184 -0.7399801 -0.5762011
vn 0.4213096 -0.6344083 -0.6480928
vn -0.0009775162 -0.9999995 0
vn -0.0009775162 -0.9999995 0
vn 0.3743889 -0.8260015 -0.4213721
vn -0.0009775162 -0.9999995 0
vn -0.03421307 -0.8279566 -0.5597475
vn -0.0009775162 -0.9999995 0
vn -0.4252198 -0.8279566 -0.3656172
vn -0.0009775162 -0.9999995 0
vn -0.5639129 -0.8258343 0
vn -0.0009775162 -0.9999995 0
vn -0.3743888 -0.8260015 0.4213721
vn -0.0009775162 -0.9999995 0
vn 0.03421307 -0.8279566 0.5597475
vn -0.0009775162 -0.9999995 0
vn 0.1280547 -0.8455519 0.5183088
vn -0.0009775162 -0.9999995 0
vn -0.02639294 -0.9022478 0.4304094
vn -0.0009775162 -0.9999995 0
vn -0.04985332 -0.6480935 0.7599273
vn 0.4330398 -0.8005861 0.414172
vn -0.0009775162 -0.9999995 0
vn 0.5953076 -0.8005861 -0.06834237
vn -0.01075206 -0.9999422 0
vn 0.2746822 0.0009775162 -0.9615346
vn -0.01075268 -0.8084062 -0.5885267
vn -0.01075268 -0.8084062 0.5885267
vn -0.01075268 -0.3098727 -0.9507172
vn -0.01075268 -0.3098727 0.9507172
vn -0.01075268 0.3098727 -0.9507172
vn -0.01075268 0.3098727 0.9507172
vn -0.01075268 0.8084062 -0.5885267
vn -0.01075268 0.8084062 0.5885267
vn -0.01075206 0.9999422 0
vn -0.73607 -0.2903224 -0.6114849
vn -0.3333331 -0.675464 -0.6577517
vn -0.2883674 -0.6832842 -0.6707958
vn 0.3489735 -0.6226781 -0.7003496
vn -0.7634405 -0.2179862 -0.6079808
vn 0.4017593 -0.6011727 -0.6907827
vn -0.7810358 -0.0009775162 -0.6244855
vn 0.7575754 -0.1769305 -0.6283113
vn -0.7810358 0.0009775162 -0.6244855
vn 0.7712606 -0.1436949 -0.6200877
vn -0.7810358 0.0009775162 -0.6244855
vn 0.7771257 0.0009775162 -0.6293446
vn -0.7810358 0.0009775162 -0.6244855
vn 0.7771257 0.0009775162 -0.6293446
vn -0.7634405 0.2179862 -0.6079808
vn 0.7771257 -0.0009775162 -0.6293446
vn -0.73607 0.2903224 -0.6114849
vn 0.7771257 -0.0009775162 -0.6293446
vn -0.3333331 0.675464 -0.6577517
vn 0.7634405 0.204301 -0.612715
vn -0.2883674 0.6832842 -0.6707958
vn 0.7614855 0.1534702 -0.6297514
vn 0.4037144 0.5835774 -0.7045936
vn 0.3743889 0.6168129 -0.692369
vn -0.5249264 0.6891493 0.4995253
vn -0.9999995 0.0009775162 0
vn -0.5248061 0.8512218 0
vn -0.9999995 0.0009775162 0
vn -0.5249264 0.262952 0.8095113
vn -0.9999995 0.0009775162 0
vn -0.9999995 0.0009775162 0
vn -0.9999995 0.0009775162 0
vn -0.5249264 -0.262952 0.8095113
vn -0.5249264 0.6891493 -0.4995253
vn -0.9999995 0.0009775162 0
vn -0.5249264 -0.6891493 0.4995253
vn -0.9999995 0.0009775162 0
vn -0.5249264 0.262952 -0.8095113
vn -0.9999995 0.0009775162 0
vn -0.5248061 -0.8512218 0
vn -0.9999995 0.0009775162 0
vn -0.5249264 -0.262952 -0.8095113
vn -0.9999995 0.0009775162 0
vn -0.5249264 -0.6891493 -0.4995253
vn -0.9999995 0.0009775162 0
vn -0.0009775162 0.8084062 0.5886242
vn -0.004887525 0.9999881 0
vn -0.0009775162 0.9999995 0
vn -0.004887581 0.8084062 0.5886047
vn -0.004887581 0.8084062 -0.5886047
vn 0.0009775162 0.3098727 0.9507775
vn -0.0009775162 0.8084062 -0.5886242
vn -0.004887581 0.3098727 0.9507655
vn -0.004887581 0.3098727 -0.9507655
vn 0.0009775162 -0.3098727 0.9507775
vn -0.0009775162 0.3098727 -0.9507775
vn -0.004887581 -0.3098727 0.9507655
vn -0.004887581 -0.3098727 -0.9507655
vn -0.0009775162 -0.8084062 0.5886242
vn -0.0009775162 -0.3098727 -0.9507775
vn -0.004887581 -0.8084062 0.5886047
vn -0.004887581 -0.8084062 -0.5886047
vn 0.0009775162 -0.9999995 0
vn 0.0009775162 -0.8084062 -0.5886242
vn -0.004887525 -0.9999881 0
vn -0.0009775162 0.8084062 0.5886242
vn -0.0009775162 0.9999995 0
vn -0.0009775162 0.9999995 0
vn -0.0009775162 0.8084062 0.5886242
vn -0.0009775162 0.8084062 -0.5886242
vn -0.0009775162 0.3098727 0.9507775
vn -0.0009775162 0.8084062 -0.5886242
vn 0.0009775162 0.3098727 0.9507775
vn -0.0009775162 0.3098727 -0.9507775
vn 0.0009775162 -0.3098727 0.9507775
vn -0.0009775162 0.3098727 -0.9507775
vn 0.0009775162 -0.3098727 0.9507775
vn -0.0009775162 -0.3098727 -0.9507775
vn -0.0009775162 -0.8084062 0.5886242
vn 0.0009775162 -0.3098727 -0.9507775
vn -0.0009775162 -0.8084062 0.5886242
vn 0.0009775162 -0.8084062 -0.5886242
vn 0.0009775162 -0.9999995 0
vn -0.0009775162 -0.8084062 -0.5886242
vn 0.0009775162 -0.9999995 0
vn -0.0009775162 0.8084062 0.5886242
vn -0.0009775162 0.9999995 0
vn -0.0009775162 0.9999995 0
vn -0.0009775162 0.8084062 0.5886242
vn -0.0009775162 0.8084062 -0.5886242
vn -0.0009775162 0.3098727 0.9507775
vn -0.0009775162 0.8084062 -0.5886242
vn -0.0009775162 0.3098727 0.9507775
vn -0.0009775162 0.3098727 -0.9507775
vn -0.0009775162 -0.3098727 0.9507775
vn 0.0009775162 0.3098727 -0.9507775
vn 0.0009775162 -0.3098727 0.9507775
vn 0.0009775162 -0.3098727 -0.9507775
vn -0.0009775162 -0.8084062 0.5886242
vn -0.0009775162 -0.3098727 -0.9507775
vn -0.0009775162 -0.8084062 0.5886242
vn -0.0009775162 -0.8084062 -0.5886242
vn -0.0009775162 -0.9999995 0
vn -0.0009775162 -0.8084062 -0.5886242
vn 0.0009775162 -0.9999995 0
vn -0.0009775162 0.8084062 0.5886242
vn -0.0009775162 0.9999995 0
vn -0.0009775162 0.9999995 0
vn -0.0009775162 0.8084062 0.5886242
vn -0.0009775162 0.8084062 -0.5886242
vn -0.0009775162 0.3098727 0.9507775
vn -0.0009775162 0.8084062 -0.5886242
vn -0.0009775162 0.3098727 0.9507775
vn 0.0009775162 0.3098727 -0.9507775
vn -0.0009775162 -0.3098727 0.9507775
vn 0.0009775162 0.3098727 -0.9507775
vn -0.0009775162 -0.3098727 0.9507775
vn -0.0009775162 -0.3098727 -0.9507775
vn -0.0009775162 -0.8084062 0.5886242
vn -0.0009775162 -0.3098727 -0.9507775
vn -0.0009775162 -0.8084062 0.5886242
vn -0.0009775162 -0.8084062 -0.5886242
vn -0.0009775162 -0.9999995 0
vn -0.0009775162 -0.8084062 -0.5886242
vn -0.0009775162 -0.9999995 0
vn -0.0009775162 0.8084062 0.5886242
vn -0.0009775162 0.9999995 0
vn -0.0009775162 0.9999995 0
vn -0.0009775162 0.8084062 0.5886242
vn -0.0009775162 0.8084062 -0.5886242
vn -0.0009775162 0.3098727 0.9507775
vn -0.0009775162 0.8084062 -0.5886242
vn -0.0009775162 0.3098727 0.9507775
vn 0.0009775162 0.3098727 -0.9507775
vn -0.0009775162 -0.3098727 0.9507775
vn -0.0009775162 0.3098727 -0.9507775
vn -0.0009775162 -0.3098727 0.9507775
vn -0.0009775162 -0.3098727 -0.9507775
vn -0.0009775162 -0.8084062 0.5886242
vn -0.0009775162 -0.3098727 -0.9507775
vn -0.0009775162 -0.8084062 0.5886242
vn -0.0009775162 -0.8084062 -0.5886242
vn -0.0009775162 -0.9999995 0
vn -0.0009775162 -0.8084062 -0.5886242
vn -0.0009775162 -0.9999995 0
vn 0.9999995 0.0009775162 0
vn 0.9999995 0.0009775162 0
vn 0.9999995 0.0009775162 0
vn 0.9999995 0.0009775162 0
vn 0.9999995 0.0009775162 0
vn 0.9999995 0.0009775162 0
vn 0.9999995 0.0009775162 0
vn 0.9999995 0.0009775162 0
vn 0.9999995 0.0009775162 0
vn 0.9999995 0.0009775162 0
vn 0.9999995 0.0009775162 0
vn 0.9999995 0.0009775162 0
vn 0.9999995 0.0009775162 0
vn 0.9999995 0.0009775162 0
vn 0.9999995 0.0009775162 0
vn 0.9999995 0.0009775162 0
vn 0.9999995 0.0009775162 0
vn 0.9999995 0.0009775162 0
vn 0.9999995 0.0009775162 0
vn 0.9999995 0.0009775162 0
vn -0.01075268 -0.8084062 -0.5885267
vn 0.9999995 0.0009775162 0
vn -0.01075206 -0.9999422 0
vn 0.9999995 0.0009775162 0
vn 0.9999995 0.0009775162 0
vn -0.01075268 -0.3098727 -0.9507172
vn -0.01075268 -0.8084062 0.5885267
vn 0.9999995 0.0009775162 0
vn 0.9999995 0.0009775162 0
vn -0.01075268 0.3098727 -0.9507172
vn -0.01075268 -0.3098727 0.9507172
vn 0.9999995 0.0009775162 0
vn 0.9999995 0.0009775162 0
vn -0.01075268 0.8084062 -0.5885267
vn -0.01075268 0.3098727 0.9507172
vn 0.9999995 0.0009775162 0
vn 0.9999995 0.0009775162 0
vn -0.01075206 0.9999422 0
vn -0.01075268 0.8084062 0.5885267
vn 0.9999995 0.0009775162 0
vn 0.0009775162 0.9999995 0
vn 0.1104594 0.8044962 0.5835963
vn -0.0009775162 0.8084062 0.5886242
vn 0.1104315 0.9938837 0
vn 0.0009775162 0.8084062 -0.5886242
vn 0.1104594 0.3079177 0.9449791
vn -0.0009775162 0.3098727 0.9507775
vn 0.1104594 0.8044962 -0.5835963
vn 0.0009775162 0.3098727 -0.9507775
vn 0.1104594 -0.3079177 0.9449791
vn -0.0009775162 -0.3098727 0.9507775
vn 0.1104594 0.3079177 -0.9449791
vn 0.0009775162 -0.3098727 -0.9507775
vn 0.1104594 -0.8044962 0.5835963
vn -0.0009775162 -0.8084062 0.5886242
vn 0.1104594 -0.3079177 -0.9449791
vn -0.0009775162 -0.8084062 -0.5886242
vn 0.1104315 -0.9938837 0
vn -0.0009775162 -0.9999995 0
vn 0.1104594 -0.8044962 -0.5835963
vn 0.9999193 0.01270669 0
vn 0.9999193 -0.01270669 0
vn 0.9994153 -0.03419308 0
vn 0.9990339 -0.04394575 0
vn 0.9994153 -0.03419308 0
vn 0.9999193 -0.01270669 0
vn 0.9994153 0.03419308 0
vn 0.9999193 0.01270669 0
vn 0.9990339 0.04394575 0
vn 0.9994153 0.03419308 0
vn 0.9932238 0.1162179 0
vn 0.9941344 0.09286404 0.05543489
vn 0.9999995 0.0009775162 0
vn 0.9941344 0.09286404 -0.05543489
vn 0.9941344 0.0361681 0.1019246
vn 0.9941344 0.0361681 -0.1019246
vn 0.9941344 -0.0361681 0.1019246
vn 0.9941344 -0.0361681 -0.1019246
vn 0.9941344 -0.0928641 0.05543478
vn 0.9941344 -0.0928641 -0.05543478
vn 0.9932238 -0.1162179 0
vn 0.02248287 -0.9921794 -0.1227785
vn 0.08894927 -0.9960362 0
vn -0.5933526 -0.8044962 0.02680771
vn 0.02248287 -0.9921794 -0.1227785
vn -0.5933526 -0.8044962 0.02680771
vn 0.08894927 -0.9960362 0
vn -0.5933526 -0.8044962 0.02680771
vn 0.02248287 -0.9921794 -0.1227785
vn 0.3958942 -0.8826975 0.2532052
vn 0.3958942 -0.8826975 0.2532052
vn 0.3958942 -0.8826975 0.2532052
vn 0.02248287 -0.9921794 -0.1227785
vn 0.02248287 -0.9921794 -0.1227785
vn 0.08894927 -0.9960362 0
vn -0.5933526 -0.8044962 0.02680771
vn 0.02248287 -0.9921794 -0.1227785
vn -0.5933526 -0.8044962 0.02680771
vn 0.08894927 -0.9960362 0
vn -0.5933526 -0.8044962 0.02680771
vn 0.02248287 -0.9921794 -0.1227785
vn 0.3958942 -0.8826975 0.2532052
vn 0.3958942 -0.8826975 0.2532052
vn 0.3958942 -0.8826975 0.2532052
vn 0.02248287 -0.9921794 -0.1227785
vn 0.02248287 -0.9921794 -0.1227785
vn 0.3958942 -0.8826975 0.2532052
vn 0.08894927 -0.9960362 0
vn 0.02248287 -0.9921794 -0.1227785
vn 0.02248287 -0.9921794 -0.1227785
vn 0.3958942 -0.8826975 0.2532052
vn -0.2140762 -0.9765391 -0.02329721
vn 0.3958942 -0.8826975 0.2532052
vn 0.02248287 -0.9921794 -0.1227785
vn -0.5933526 -0.8044962 0.02680771
vn -0.5933526 -0.8044962 0.02680771
vn -0.5933526 -0.8044962 0.02680771
vn 0.02248287 -0.9921794 -0.1227785
vn 0.3958942 -0.8826975 0.2532052
vn 0.08894927 -0.9960362 0
vn 0.02248287 -0.9921794 -0.1227785
vn 0.02248287 -0.9921794 -0.1227785
vn 0.3958942 -0.8826975 0.2532052
vn 0.08894927 -0.9960362 0
vn 0.3958942 -0.8826975 0.2532052
vn 0.02248287 -0.9921794 -0.1227785
vn -0.5933526 -0.8044962 0.02680771
vn -0.5933526 -0.8044962 0.02680771
vn -0.5933526 -0.8044962 0.02680771
vn 0.02248287 0.9921794 -0.1227785
vn 0.08894927 0.9960362 0
vn 0.02248287 0.9921794 -0.1227785
vn -0.5933526 0.8044962 0.02680771
vn 0.08894927 0.9960362 0
vn -0.5933526 0.8044962 0.02680771
vn 0.02248287 0.9921794 -0.1227785
vn -0.5933526 0.8044962 0.02680771
vn 0.3958942 0.8826976 0.2532049
vn 0.3958942 0.8826976 0.2532049
vn 0.02248287 0.9921794 -0.1227785
vn 0.3958942 0.8826976 0.2532049
vn 0.02248287 0.9921794 -0.1227785
vn 0.08894927 0.9960362 0
vn 0.02248287 0.9921794 -0.1227785
vn -0.5933526 0.8044962 0.02680771
vn 0.08894927 0.9960362 0
vn -0.5933526 0.8044962 0.02680771
vn 0.02248287 0.9921794 -0.1227785
vn -0.5933526 0.8044962 0.02680771
vn 0.3958942 0.8826976 0.2532049
vn 0.3958942 0.8826976 0.2532049
vn 0.02248287 0.9921794 -0.1227785
vn 0.3958942 0.8826976 0.2532049
vn 0.02248287 0.9921794 -0.1227785
vn 0.3958942 0.8826976 0.2532049
vn 0.02248287 0.9921794 -0.1227785
vn 0.08894927 0.9960362 0
vn 0.3958942 0.8826976 0.2532049
vn 0.02248287 0.9921794 -0.1227785
vn 0.3958942 0.8826976 0.2532049
vn -0.2140762 0.9765391 -0.02329721
vn -0.5933526 0.8044962 0.02680771
vn 0.02248287 0.9921794 -0.1227785
vn -0.5933526 0.8044962 0.02680771
vn -0.5933526 0.8044962 0.02680771
vn 0.02248287 0.9921794 -0.1227785
vn 0.3958942 0.8826976 0.2532049
vn 0.02248287 0.9921794 -0.1227785
vn 0.08894927 0.9960362 0
vn 0.3958942 0.8826976 0.2532049
vn 0.02248287 0.9921794 -0.1227785
vn 0.3958942 0.8826976 0.2532049
vn 0.08894927 0.9960362 0
vn -0.5933526 0.8044962 0.02680771
vn 0.02248287 0.9921794 -0.1227785
vn -0.5933526 0.8044962 0.02680771
vn -0.5933526 0.8044962 0.02680771
vn -0.5249264 0.6891493 0.4995253
vn -0.004887525 0.9999881 0
vn -0.004887581 0.8084062 0.5886047
vn -0.5248061 0.8512218 0
vn -0.5249264 0.262952 0.8095113
vn -0.004887581 0.8084062 -0.5886047
vn -0.004887581 0.3098727 0.9507655
vn -0.5249264 0.6891493 -0.4995253
vn -0.5249264 -0.262952 0.8095113
vn -0.004887581 0.3098727 -0.9507655
vn -0.004887581 -0.3098727 0.9507655
vn -0.5249264 0.262952 -0.8095113
vn -0.5249264 -0.6891493 0.4995253
vn -0.004887581 -0.3098727 -0.9507655
vn -0.004887581 -0.8084062 0.5886047
vn -0.5249264 -0.262952 -0.8095113
vn -0.5248061 -0.8512218 0
vn -0.004887581 -0.8084062 -0.5886047
vn -0.004887525 -0.9999881 0
vn -0.5249264 -0.6891493 -0.4995253
vn -0.0009775162 0.8084062 0.5886242
vn 0.9999995 0.0009775162 0
vn 0.9999995 0.0009775162 0
vn -0.0009775162 0.9999995 0
vn -0.0009775162 0.3098727 0.9507775
vn 0.9999995 0.0009775162 0
vn 0.9999995 0.0009775162 0
vn -0.0009775162 0.8084062 -0.5886242
vn -0.0009775162 -0.3098727 0.9507775
vn 0.9999995 0.0009775162 0
vn 0.9999995 0.0009775162 0
vn -0.0009775162 0.3098727 -0.9507775
vn -0.0009775162 -0.8084062 0.5886242
vn 0.9999995 0.0009775162 0
vn 0.9999995 0.0009775162 0
vn -0.0009775162 -0.3098727 -0.9507775
vn -0.0009775162 -0.9999995 0
vn 0.9999995 0.0009775162 0
vn 0.9999995 0.0009775162 0
vn -0.0009775162 -0.8084062 -0.5886242
g Kayoko_Original_Weapon_0
f 3/3/3 2/2/2 1/1/1
f 5/5/5 1/1/1 4/4/4
f 4/4/4 6/6/6 5/5/5
f 7/7/7 5/5/5 6/6/6
f 1/1/1 5/5/5 8/8/8
f 5/5/5 7/7/7 9/9/9
f 9/9/9 8/8/8 5/5/5
f 10/10/10 9/9/9 7/7/7
f 8/8/8 9/9/9 11/11/11
f 9/9/9 10/10/10 11/11/11
f 12/12/12 11/11/11 10/10/10
f 14/14/14 13/13/13 8/8/8
f 14/14/14 16/16/16 15/15/15
f 17/17/17 15/15/15 16/16/16
f 20/20/20 19/19/19 18/18/18
f 22/22/22 21/21/21 18/18/18
f 23/23/23 18/18/18 21/21/21
f 26/26/26 25/25/25 24/24/24
f 29/29/29 28/28/28 27/27/27
f 32/32/32 31/31/31 30/30/30
f 35/35/35 34/34/34 33/33/33
f 38/38/38 37/37/37 36/36/36
f 41/41/41 40/40/40 39/39/39
f 44/44/44 43/43/43 42/42/42
f 47/47/47 46/46/46 45/45/45
f 50/50/50 49/49/49 48/48/48
f 53/53/53 52/52/52 51/51/51
f 56/56/56 55/55/55 54/54/54
f 59/59/59 58/58/58 57/57/57
f 59/59/59 61/61/61 60/60/60
f 62/62/62 60/60/60 61/61/61
f 60/60/60 62/62/62 63/63/63
f 64/64/64 63/63/63 62/62/62
f 66/66/66 65/65/65 63/63/63
f 67/67/67 63/63/63 65/65/65
f 65/65/65 68/68/68 67/67/67
f 69/69/69 67/67/67 68/68/68
f 71/71/71 69/69/69 70/70/70
f 74/74/74 73/73/73 72/72/72
f 77/77/77 76/76/76 75/75/75
f 80/80/80 79/79/79 78/78/78
f 83/83/83 82/82/82 81/81/81
f 86/86/86 85/85/85 84/84/84
f 89/89/89 88/88/88 87/87/87
f 92/92/92 91/91/91 90/90/90
f 95/95/95 94/94/94 93/93/93
f 98/98/98 97/97/97 96/96/96
f 101/101/101 100/100/100 99/99/99
f 104/104/104 103/103/103 102/102/102
f 107/107/107 106/106/106 105/105/105
f 108/108/108 105/105/105 106/106/106
f 108/108/108 106/106/106 109/109/109
f 110/110/110 109/109/109 106/106/106
f 109/109/109 110/110/110 111/111/111
f 112/112/112 111/111/111 110/110/110
f 115/115/115 114/114/114 113/113/113
f 116/116/116 113/113/113 114/114/114
f 119/119/119 118/118/118 117/117/117
f 120/120/120 117/117/117 118/118/118
f 120/120/120 121/121/121 117/117/117
f 122/122/122 117/117/117 121/121/121
f 125/125/125 124/124/124 123/123/123
f 126/126/126 123/123/123 124/124/124
f 126/126/126 127/127/127 123/123/123
f 127/127/127 128/128/128 123/123/123
f 129/129/129 128/128/128 127/127/127
f 130/130/130 128/128/128 129/129/129
f 131/131/131 130/130/130 129/129/129
f 131/131/131 132/132/132 130/130/130
f 133/133/133 130/130/130 132/132/132
f 136/136/136 135/135/135 134/134/134
f 137/137/137 134/134/134 135/135/135
f 134/134/134 137/137/137 138/138/138
f 139/139/139 138/138/138 137/137/137
f 139/139/139 140/140/140 138/138/138
f 141/141/141 138/138/138 140/140/140
f 144/144/144 143/143/143 142/142/142
f 145/145/145 142/142/142 143/143/143
f 145/145/145 143/143/143 146/146/146
f 145/145/145 146/146/146 147/147/147
f 143/143/143 148/148/148 146/146/146
f 149/149/149 147/147/147 146/146/146
f 147/147/147 149/149/149 150/150/150
f 151/151/151 150/150/150 149/149/149
f 151/151/151 152/152/152 150/150/150
f 153/153/153 146/146/146 148/148/148
f 154/154/154 150/150/150 152/152/152
f 148/148/148 155/155/155 153/153/153
f 155/155/155 148/148/148 156/156/156
f 157/157/157 155/155/155 156/156/156
f 158/158/158 153/153/153 155/155/155
f 153/153/153 158/158/158 159/159/159
f 160/160/160 159/159/159 158/158/158
f 159/159/159 160/160/160 161/161/161
f 162/162/162 161/161/161 160/160/160
f 161/161/161 162/162/162 163/163/163
f 164/164/164 163/163/163 162/162/162
f 163/163/163 164/164/164 165/165/165
f 163/163/163 165/165/165 152/152/152
f 166/166/166 165/165/165 164/164/164
f 166/166/166 167/167/167 165/165/165
f 167/167/167 166/166/166 168/168/168
f 169/169/169 152/152/152 165/165/165
f 169/169/169 154/154/154 152/152/152
f 154/154/154 169/169/169 170/170/170
f 171/171/171 170/170/170 169/169/169
f 168/168/168 173/173/173 172/172/172
f 172/172/172 173/173/173 174/174/174
f 175/175/175 174/174/174 173/173/173
f 172/172/172 174/174/174 176/176/176
f 174/174/174 175/175/175 177/177/177
f 178/178/178 177/177/177 175/175/175
f 177/177/177 178/178/178 179/179/179
f 180/180/180 179/179/179 178/178/178
f 179/179/179 180/180/180 181/181/181
f 182/182/182 181/181/181 180/180/180
f 183/183/183 176/176/176 174/174/174
f 181/181/181 182/182/182 184/184/184
f 185/185/185 184/184/184 182/182/182
f 184/184/184 185/185/185 186/186/186
f 184/184/184 187/187/187 181/181/181
f 188/188/188 181/181/181 187/187/187
f 183/183/183 189/189/189 176/176/176
f 190/190/190 176/176/176 189/189/189
f 176/176/176 190/190/190 191/191/191
f 192/192/192 191/191/191 190/190/190
f 189/189/189 183/183/183 193/193/193
f 194/194/194 193/193/193 183/183/183
f 193/193/193 194/194/194 195/195/195
f 196/196/196 195/195/195 194/194/194
f 195/195/195 196/196/196 197/197/197
f 188/188/188 197/197/197 196/196/196
f 197/197/197 188/188/188 198/198/198
f 187/187/187 198/198/198 188/188/188
f 198/198/198 187/187/187 199/199/199
f 200/200/200 199/199/199 187/187/187
f 203/203/203 202/202/202 201/201/201
f 201/201/201 204/204/204 203/203/203
f 205/205/205 203/203/203 204/204/204
f 208/208/208 207/207/207 206/206/206
f 208/208/208 206/206/206 209/209/209
f 210/210/210 209/209/209 206/206/206
f 211/211/211 210/210/210 206/206/206
f 214/214/214 213/213/213 212/212/212
f 215/215/215 212/212/212 213/213/213
f 215/215/215 213/213/213 216/216/216
f 217/217/217 216/216/216 213/213/213
f 216/216/216 217/217/217 218/218/218
f 219/219/219 218/218/218 217/217/217
f 222/222/222 221/221/221 220/220/220
f 223/223/223 220/220/220 221/221/221
f 225/225/225 221/221/221 224/224/224
f 224/224/224 226/226/226 225/225/225
f 227/227/227 225/225/225 226/226/226
f 228/228/228 226/226/226 224/224/224
f 231/231/231 230/230/230 229/229/229
f 232/232/232 229/229/229 230/230/230
f 230/230/230 233/233/233 232/232/232
f 234/234/234 232/232/232 233/233/233
f 237/237/237 236/236/236 235/235/235
f 238/238/238 235/235/235 236/236/236
f 236/236/236 239/239/239 238/238/238
f 235/235/235 238/238/238 240/240/240
f 241/241/241 238/238/238 239/239/239
f 242/242/242 240/240/240 238/238/238
f 238/238/238 241/241/241 242/242/242
f 240/240/240 242/242/242 243/243/243
f 244/244/244 242/242/242 241/241/241
f 245/245/245 243/243/243 242/242/242
f 244/244/244 246/246/246 242/242/242
f 245/245/245 242/242/242 246/246/246
f 249/249/249 248/248/248 247/247/247
f 250/250/250 247/247/247 248/248/248
f 250/250/250 248/248/248 251/251/251
f 252/252/252 251/251/251 248/248/248
f 252/252/252 253/253/253 251/251/251
f 254/254/254 251/251/251 253/253/253
f 251/251/251 254/254/254 255/255/255
f 256/256/256 255/255/255 254/254/254
f 253/253/253 252/252/252 257/257/257
f 258/258/258 257/257/257 252/252/252
f 257/257/257 258/258/258 259/259/259
f 260/260/260 259/259/259 258/258/258
f 259/259/259 260/260/260 261/261/261
f 262/262/262 261/261/261 260/260/260
f 261/261/261 262/262/262 263/263/263
f 264/264/264 263/263/263 262/262/262
f 263/263/263 264/264/264 265/265/265
f 266/266/266 265/265/265 264/264/264
f 262/262/262 267/267/267 264/264/264
f 268/268/268 264/264/264 267/267/267
f 267/267/267 269/269/269 268/268/268
f 270/270/270 268/268/268 269/269/269
f 273/273/273 272/272/272 271/271/271
f 274/274/274 271/271/271 272/272/272
f 272/272/272 275/275/275 274/274/274
f 276/276/276 274/274/274 275/275/275
f 275/275/275 277/277/277 276/276/276
f 278/278/278 276/276/276 277/277/277
f 277/277/277 279/279/279 278/278/278
f 280/280/280 278/278/278 279/279/279
f 279/279/279 281/281/281 280/280/280
f 282/282/282 280/280/280 281/281/281
f 282/282/282 281/281/281 283/283/283
f 284/284/284 283/283/283 281/281/281
f 283/283/283 284/284/284 285/285/285
f 286/286/286 285/285/285 284/284/284
f 286/286/286 287/287/287 285/285/285
f 288/288/288 285/285/285 287/287/287
f 291/291/291 290/290/290 289/289/289
f 292/292/292 289/289/289 290/290/290
f 290/290/290 293/293/293 292/292/292
f 295/295/295 294/294/294 290/290/290
f 296/296/296 290/290/290 294/294/294
f 294/294/294 297/297/297 296/296/296
f 298/298/298 296/296/296 297/297/297
f 297/297/297 299/299/299 298/298/298
f 299/299/299 300/300/300 298/298/298
f 301/301/301 298/298/298 300/300/300
f 300/300/300 302/302/302 301/301/301
f 303/303/303 301/301/301 302/302/302
f 304/304/304 303/303/303 302/302/302
f 290/290/290 306/306/306 305/305/305
f 293/293/293 306/306/306 307/307/307
f 307/307/307 308/308/308 293/293/293
f 309/309/309 307/307/307 306/306/306
f 310/310/310 309/309/309 306/306/306
f 310/310/310 311/311/311 309/309/309
f 307/307/307 312/312/312 308/308/308
f 313/313/313 308/308/308 312/312/312
f 314/314/314 309/309/309 311/311/311
f 311/311/311 315/315/315 314/314/314
f 312/312/312 316/316/316 313/313/313
f 315/315/315 316/316/316 314/314/314
f 312/312/312 317/317/317 316/316/316
f 317/317/317 314/314/314 316/316/316
f 320/320/320 319/319/319 318/318/318
f 321/321/321 318/318/318 319/319/319
f 321/321/321 319/319/319 322/322/322
f 323/323/323 322/322/322 319/319/319
f 323/323/323 324/324/324 322/322/322
f 325/325/325 322/322/322 324/324/324
f 324/324/324 323/323/323 326/326/326
f 327/327/327 326/326/326 323/323/323
f 326/326/326 327/327/327 328/328/328
f 329/329/329 328/328/328 327/327/327
f 330/330/330 328/328/328 329/329/329
f 330/330/330 329/329/329 331/331/331
f 332/332/332 331/331/331 329/329/329
f 331/331/331 332/332/332 333/333/333
f 334/334/334 333/333/333 332/332/332
f 334/334/334 335/335/335 333/333/333
f 338/338/338 337/337/337 336/336/336
f 339/339/339 336/336/336 337/337/337
f 342/342/342 341/341/341 340/340/340
f 343/343/343 340/340/340 341/341/341
f 344/344/344 340/340/340 343/343/343
f 344/344/344 343/343/343 345/345/345
f 346/346/346 345/345/345 343/343/343
f 346/346/346 343/343/343 347/347/347
f 348/348/348 347/347/347 343/343/343
f 343/343/343 341/341/341 348/348/348
f 349/349/349 348/348/348 341/341/341
f 352/352/352 351/351/351 350/350/350
f 352/352/352 350/350/350 353/353/353
f 354/354/354 353/353/353 350/350/350
f 355/355/355 353/353/353 354/354/354
f 356/356/356 353/353/353 355/355/355
f 357/357/357 356/356/356 355/355/355
f 357/357/357 358/358/358 356/356/356
f 359/359/359 356/356/356 358/358/358
f 360/360/360 359/359/359 358/358/358
f 360/360/360 358/358/358 361/361/361
f 362/362/362 361/361/361 358/358/358
f 363/363/363 361/361/361 362/362/362
f 363/363/363 362/362/362 364/364/364
f 365/365/365 364/364/364 362/362/362
f 364/364/364 365/365/365 366/366/366
f 367/367/367 364/364/364 366/366/366
f 367/367/367 366/366/366 368/368/368
f 368/368/368 369/369/369 367/367/367
f 370/370/370 367/367/367 369/369/369
f 371/371/371 370/370/370 369/369/369
f 374/374/374 373/373/373 372/372/372
f 375/375/375 372/372/372 373/373/373
f 375/375/375 376/376/376 372/372/372
f 379/379/379 378/378/378 377/377/377
f 380/380/380 377/377/377 378/378/378
f 378/378/378 381/381/381 380/380/380
f 381/381/381 382/382/382 380/380/380
f 383/383/383 380/380/380 382/382/382
f 383/383/383 384/384/384 380/380/380
f 385/385/385 380/380/380 384/384/384
f 380/380/380 385/385/385 377/377/377
f 386/386/386 377/377/377 385/385/385
f 389/389/389 388/388/388 387/387/387
f 388/388/388 389/389/389 390/390/390
f 391/391/391 390/390/390 389/389/389
f 390/390/390 392/392/392 388/388/388
f 393/393/393 388/388/388 392/392/392
f 392/392/392 390/390/390 394/394/394
f 390/390/390 391/391/391 394/394/394
f 395/395/395 394/394/394 391/391/391
f 398/398/398 397/397/397 396/396/396
f 397/397/397 399/399/399 396/396/396
f 400/400/400 396/396/396 399/399/399
f 399/399/399 401/401/401 400/400/400
f 402/402/402 400/400/400 401/401/401
f 403/403/403 402/402/402 401/401/401
f 401/401/401 404/404/404 403/403/403
f 405/405/405 403/403/403 404/404/404
f 404/404/404 406/406/406 405/405/405
f 407/407/407 405/405/405 406/406/406
f 410/410/410 409/409/409 408/408/408
f 409/409/409 411/411/411 408/408/408
f 412/412/412 408/408/408 411/411/411
f 411/411/411 409/409/409 413/413/413
f 414/414/414 413/413/413 409/409/409
f 413/413/413 414/414/414 415/415/415
f 416/416/416 415/415/415 414/414/414
f 417/417/417 415/415/415 416/416/416
f 417/417/417 416/416/416 418/418/418
f 419/419/419 418/418/418 416/416/416
f 418/418/418 419/419/419 420/420/420
f 421/421/421 420/420/420 419/419/419
f 421/421/421 422/422/422 420/420/420
f 420/420/420 422/422/422 423/423/423
f 420/420/420 423/423/423 424/424/424
f 423/423/423 422/422/422 425/425/425
f 426/426/426 425/425/425 422/422/422
f 423/423/423 427/427/427 424/424/424
f 424/424/424 427/427/427 428/428/428
f 426/426/426 429/429/429 425/425/425
f 428/428/428 427/427/427 430/430/430
f 425/425/425 429/429/429 431/431/431
f 431/431/431 430/430/430 427/427/427
f 431/431/431 429/429/429 430/430/430
f 432/432/432 430/430/430 429/429/429
f 435/435/435 434/434/434 433/433/433
f 436/436/436 433/433/433 434/434/434
f 439/439/439 438/438/438 437/437/437
f 439/439/439 440/440/440 438/438/438
f 441/441/441 438/438/438 440/440/440
f 439/439/439 442/442/442 440/440/440
f 440/440/440 443/443/443 441/441/441
f 444/444/444 441/441/441 443/443/443
f 440/440/440 445/445/445 443/443/443
f 445/445/445 440/440/440 442/442/442
f 446/446/446 445/445/445 442/442/442
f 449/449/449 448/448/448 447/447/447
f 450/450/450 447/447/447 448/448/448
f 453/453/453 452/452/452 451/451/451
f 454/454/454 451/451/451 452/452/452
f 452/452/452 455/455/455 454/454/454
f 456/456/456 454/454/454 455/455/455
f 459/459/459 458/458/458 457/457/457
f 457/457/457 458/458/458 460/460/460
f 463/463/463 462/462/462 461/461/461
f 464/464/464 461/461/461 462/462/462
f 467/467/467 466/466/466 465/465/465
f 468/468/468 465/465/465 466/466/466
f 471/471/471 470/470/470 469/469/469
f 472/472/472 469/469/469 470/470/470
f 472/472/472 473/473/473 469/469/469
f 474/474/474 469/469/469 473/473/473
f 474/474/474 473/473/473 475/475/475
f 476/476/476 475/475/475 473/473/473
f 476/476/476 477/477/477 475/475/475
f 478/478/478 475/475/475 477/477/477
f 481/481/481 480/480/480 479/479/479
f 482/482/482 479/479/479 480/480/480
f 482/482/482 483/483/483 479/479/479
f 484/484/484 479/479/479 483/483/483
f 484/484/484 483/483/483 485/485/485
f 486/486/486 485/485/485 483/483/483
f 486/486/486 487/487/487 485/485/485
f 488/488/488 485/485/485 487/487/487
f 491/491/491 490/490/490 489/489/489
f 492/492/492 489/489/489 490/490/490
f 489/489/489 492/492/492 493/493/493
f 494/494/494 493/493/493 492/492/492
f 494/494/494 495/495/495 493/493/493
f 496/496/496 493/493/493 495/495/495
f 495/495/495 497/497/497 496/496/496
f 498/498/498 496/496/496 497/497/497
f 501/501/501 500/500/500 499/499/499
f 502/502/502 499/499/499 500/500/500
f 499/499/499 502/502/502 503/503/503
f 504/504/504 503/503/503 502/502/502
f 504/504/504 505/505/505 503/503/503
f 506/506/506 503/503/503 505/505/505
f 505/505/505 507/507/507 506/506/506
f 508/508/508 506/506/506 507/507/507
f 511/511/511 510/510/510 509/509/509
f 512/512/512 509/509/509 510/510/510
f 510/510/510 513/513/513 512/512/512
f 514/514/514 512/512/512 513/513/513
f 513/513/513 515/515/515 514/514/514
f 516/516/516 514/514/514 515/515/515
f 515/515/515 517/517/517 516/516/516
f 518/518/518 516/516/516 517/517/517
f 521/521/521 520/520/520 519/519/519
f 522/522/522 519/519/519 520/520/520
f 522/522/522 523/523/523 519/519/519
f 519/519/519 523/523/523 524/524/524
f 525/525/525 519/519/519 524/524/524
f 525/525/525 524/524/524 526/526/526
f 523/523/523 527/527/527 524/524/524
f 528/528/528 526/526/526 524/524/524
f 529/529/529 524/524/524 527/527/527
f 524/524/524 529/529/529 528/528/528
f 528/528/528 529/529/529 530/530/530
f 527/527/527 531/531/531 529/529/529
f 532/532/532 529/529/529 531/531/531
f 529/529/529 532/532/532 530/530/530
f 533/533/533 528/528/528 530/530/530
f 532/532/532 534/534/534 530/530/530
f 533/533/533 530/530/530 535/535/535
f 534/534/534 536/536/536 530/530/530
f 537/537/537 535/535/535 530/530/530
f 536/536/536 537/537/537 530/530/530
f 536/536/536 534/534/534 538/538/538
f 537/537/537 536/536/536 538/538/538
f 539/539/539 538/538/538 534/534/534
f 537/537/537 540/540/540 535/535/535
f 541/541/541 535/535/535 540/540/540
f 537/537/537 538/538/538 542/542/542
f 540/540/540 543/543/543 541/541/541
f 541/541/541 543/543/543 544/544/544
f 544/544/544 543/543/543 545/545/545
f 546/546/546 545/545/545 543/543/543
f 545/545/545 546/546/546 547/547/547
f 548/548/548 547/547/547 546/546/546
f 547/547/547 548/548/548 549/549/549
f 550/550/550 549/549/549 548/548/548
f 549/549/549 550/550/550 551/551/551
f 552/552/552 551/551/551 550/550/550
f 552/552/552 553/553/553 551/551/551
f 554/554/554 551/551/551 553/553/553
f 553/553/553 555/555/555 554/554/554
f 556/556/556 554/554/554 555/555/555
f 556/556/556 555/555/555 557/557/557
f 558/558/558 557/557/557 555/555/555
f 558/558/558 559/559/559 557/557/557
f 560/560/560 557/557/557 559/559/559
f 560/560/560 559/559/559 561/561/561
f 561/561/561 559/559/559 562/562/562
f 559/559/559 563/563/563 562/562/562
f 562/562/562 563/563/563 564/564/564
f 564/564/564 563/563/563 565/565/565
f 559/559/559 566/566/566 563/563/563
f 567/567/567 565/565/565 563/563/563
f 568/568/568 563/563/563 566/566/566
f 563/563/563 568/568/568 567/567/567
f 566/566/566 569/569/569 568/568/568
f 570/570/570 569/569/569 566/566/566
f 568/568/568 569/569/569 571/571/571
f 572/572/572 568/568/568 571/571/571
f 573/573/573 567/567/567 568/568/568
f 573/573/573 568/568/568 572/572/572
f 573/573/573 574/574/574 567/567/567
f 572/572/572 575/575/575 573/573/573
f 575/575/575 574/574/574 573/573/573
f 575/575/575 576/576/576 574/574/574
f 577/577/577 576/576/576 575/575/575
f 574/574/574 576/576/576 578/578/578
f 579/579/579 576/576/576 577/577/577
f 576/576/576 579/579/579 578/578/578
f 579/579/579 577/577/577 580/580/580
f 581/581/581 579/579/579 580/580/580
f 582/582/582 578/578/578 579/579/579
f 578/578/578 582/582/582 583/583/583
f 584/584/584 583/583/583 582/582/582
f 582/582/582 585/585/585 584/584/584
f 586/586/586 579/579/579 581/581/581
f 579/579/579 586/586/586 582/582/582
f 587/587/587 586/586/586 581/581/581
f 588/588/588 582/582/582 586/586/586
f 582/582/582 588/588/588 585/585/585
f 588/588/588 589/589/589 585/585/585
f 588/588/588 590/590/590 589/589/589
f 590/590/590 588/588/588 591/591/591
f 592/592/592 591/591/591 588/588/588
f 592/592/592 593/593/593 591/591/591
f 594/594/594 591/591/591 593/593/593
f 594/594/594 593/593/593 595/595/595
f 596/596/596 595/595/595 593/593/593
f 595/595/595 596/596/596 597/597/597
f 598/598/598 597/597/597 596/596/596
f 598/598/598 599/599/599 597/597/597
f 600/600/600 597/597/597 599/599/599
f 599/599/599 601/601/601 600/600/600
f 602/602/602 600/600/600 601/601/601
f 601/601/601 603/603/603 602/602/602
f 604/604/604 602/602/602 603/603/603
f 603/603/603 605/605/605 604/604/604
f 606/606/606 604/604/604 605/605/605
f 605/605/605 607/607/607 606/606/606
f 605/605/605 608/608/608 607/607/607
f 607/607/607 608/608/608 609/609/609
f 610/610/610 609/609/609 608/608/608
f 610/610/610 611/611/611 609/609/609
f 612/612/612 609/609/609 611/611/611
f 613/613/613 612/612/612 611/611/611
f 610/610/610 614/614/614 611/611/611
f 614/614/614 610/610/610 615/615/615
f 610/610/610 542/542/542 615/615/615
f 614/614/614 616/616/616 611/611/611
f 614/614/614 615/615/615 616/616/616
f 616/616/616 617/617/617 611/611/611
f 618/618/618 616/616/616 615/615/615
f 619/619/619 615/615/615 542/542/542
f 615/615/615 619/619/619 618/618/618
f 619/619/619 542/542/542 538/538/538
f 620/620/620 618/618/618 619/619/619
f 538/538/538 539/539/539 619/619/619
f 620/620/620 619/619/619 539/539/539
f 617/617/617 621/621/621 611/611/611
f 621/621/621 613/613/613 611/611/611
f 617/617/617 622/622/622 621/621/621
f 623/623/623 621/621/621 622/622/622
f 624/624/624 613/613/613 621/621/621
f 621/621/621 623/623/623 624/624/624
f 613/613/613 624/624/624 625/625/625
f 626/626/626 625/625/625 624/624/624
f 627/627/627 624/624/624 623/623/623
f 628/628/628 626/626/626 624/624/624
f 627/627/627 628/628/628 624/624/624
f 629/629/629 628/628/628 627/627/627
f 629/629/629 630/630/630 628/628/628
f 631/631/631 628/628/628 630/630/630
f 634/634/634 633/633/633 632/632/632
f 635/635/635 632/632/632 633/633/633
f 638/638/638 637/637/637 636/636/636
f 639/639/639 636/636/636 637/637/637
f 637/637/637 640/640/640 639/639/639
f 636/636/636 639/639/639 641/641/641
f 642/642/642 639/639/639 640/640/640
f 640/640/640 643/643/643 642/642/642
f 644/644/644 641/641/641 639/639/639
f 639/639/639 642/642/642 644/644/644
f 641/641/641 644/644/644 645/645/645
f 646/646/646 645/645/645 644/644/644
f 647/647/647 644/644/644 642/642/642
f 645/645/645 646/646/646 648/648/648
f 649/649/649 642/642/642 643/643/643
f 642/642/642 649/649/649 647/647/647
f 643/643/643 650/650/650 649/649/649
f 651/651/651 649/649/649 650/650/650
f 652/652/652 647/647/647 649/649/649
f 647/647/647 652/652/652 653/653/653
f 654/654/654 648/648/648 646/646/646
f 646/646/646 653/653/653 654/654/654
f 655/655/655 653/653/653 652/652/652
f 652/652/652 656/656/656 655/655/655
f 657/657/657 655/655/655 656/656/656
f 653/653/653 655/655/655 658/658/658
f 658/658/658 654/654/654 653/653/653
f 655/655/655 657/657/657 659/659/659
f 659/659/659 658/658/658 655/655/655
f 660/660/660 659/659/659 657/657/657
f 659/659/659 661/661/661 658/658/658
f 654/654/654 662/662/662 648/648/648
f 663/663/663 648/648/648 662/662/662
f 663/663/663 662/662/662 664/664/664
f 658/658/658 665/665/665 654/654/654
f 662/662/662 654/654/654 665/665/665
f 665/665/665 658/658/658 661/661/661
f 666/666/666 664/664/664 662/662/662
f 662/662/662 665/665/665 666/666/666
f 664/664/664 666/666/666 667/667/667
f 668/668/668 667/667/667 666/666/666
f 667/667/667 668/668/668 669/669/669
f 670/670/670 666/666/666 665/665/665
f 666/666/666 670/670/670 668/668/668
f 661/661/661 671/671/671 665/665/665
f 670/670/670 665/665/665 671/671/671
f 671/671/671 661/661/661 672/672/672
f 673/673/673 672/672/672 661/661/661
f 672/672/672 674/674/674 671/671/671
f 675/675/675 671/671/671 674/674/674
f 671/671/671 675/675/675 670/670/670
f 674/674/674 676/676/676 675/675/675
f 677/677/677 668/668/668 670/670/670
f 677/677/677 670/670/670 675/675/675
f 678/678/678 669/669/669 668/668/668
f 668/668/668 677/677/677 678/678/678
f 677/677/677 675/675/675 679/679/679
f 679/679/679 678/678/678 677/677/677
f 680/680/680 675/675/675 676/676/676
f 680/680/680 679/679/679 675/675/675
f 680/680/680 676/676/676 681/681/681
f 680/680/680 681/681/681 679/679/679
f 682/682/682 681/681/681 676/676/676
f 678/678/678 683/683/683 669/669/669
f 684/684/684 669/669/669 683/683/683
f 679/679/679 685/685/685 678/678/678
f 685/685/685 679/679/679 681/681/681
f 683/683/683 678/678/678 685/685/685
f 681/681/681 682/682/682 686/686/686
f 687/687/687 686/686/686 682/682/682
f 685/685/685 681/681/681 688/688/688
f 685/685/685 688/688/688 683/683/683
f 686/686/686 688/688/688 681/681/681
f 683/683/683 689/689/689 684/684/684
f 689/689/689 683/683/683 688/688/688
f 690/690/690 684/684/684 689/689/689
f 689/689/689 691/691/691 690/690/690
f 692/692/692 690/690/690 691/691/691
f 688/688/688 686/686/686 693/693/693
f 692/692/692 691/691/691 694/694/694
f 686/686/686 687/687/687 695/695/695
f 695/695/695 693/693/693 686/686/686
f 696/696/696 695/695/695 687/687/687
f 697/697/697 694/694/694 691/691/691
f 691/691/691 693/693/693 697/697/697
f 693/693/693 695/695/695 698/698/698
f 698/698/698 697/697/697 693/693/693
f 695/695/695 696/696/696 699/699/699
f 699/699/699 698/698/698 695/695/695
f 700/700/700 699/699/699 696/696/696
f 700/700/700 701/701/701 699/699/699
f 702/702/702 699/699/699 701/701/701
f 699/699/699 702/702/702 698/698/698
f 701/701/701 703/703/703 702/702/702
f 704/704/704 702/702/702 703/703/703
f 705/705/705 698/698/698 702/702/702
f 698/698/698 705/705/705 697/697/697
f 702/702/702 704/704/704 705/705/705
f 697/697/697 706/706/706 694/694/694
f 706/706/706 697/697/697 705/705/705
f 707/707/707 694/694/694 706/706/706
f 708/708/708 705/705/705 704/704/704
f 705/705/705 708/708/708 706/706/706
f 704/704/704 709/709/709 708/708/708
f 706/706/706 710/710/710 707/707/707
f 710/710/710 706/706/706 708/708/708
f 711/711/711 707/707/707 710/710/710
f 708/708/708 712/712/712 710/710/710
f 712/712/712 708/708/708 709/709/709
f 713/713/713 710/710/710 712/712/712
f 709/709/709 714/714/714 712/712/712
f 714/714/714 709/709/709 715/715/715
f 716/716/716 715/715/715 709/709/709
f 717/717/717 712/712/712 714/714/714
f 712/712/712 717/717/717 713/713/713
f 718/718/718 713/713/713 717/717/717
f 713/713/713 718/718/718 719/719/719
f 720/720/720 719/719/719 718/718/718
f 723/723/723 722/722/722 721/721/721
f 724/724/724 721/721/721 722/722/722
f 724/724/724 722/722/722 725/725/725
f 726/726/726 725/725/725 722/722/722
f 725/725/725 726/726/726 727/727/727
f 728/728/728 727/727/727 726/726/726
f 728/728/728 729/729/729 727/727/727
f 730/730/730 727/727/727 729/729/729
f 730/730/730 729/729/729 731/731/731
f 732/732/732 731/731/731 729/729/729
f 732/732/732 733/733/733 731/731/731
f 734/734/734 731/731/731 733/733/733
f 733/733/733 735/735/735 734/734/734
f 736/736/736 734/734/734 735/735/735
f 736/736/736 735/735/735 737/737/737
f 738/738/738 737/737/737 735/735/735
f 738/738/738 739/739/739 737/737/737
f 740/740/740 737/737/737 739/739/739
f 739/739/739 741/741/741 740/740/740
f 742/742/742 740/740/740 741/741/741
f 741/741/741 743/743/743 742/742/742
f 744/744/744 742/742/742 743/743/743
f 745/745/745 744/744/744 743/743/743
f 745/745/745 746/746/746 744/744/744
f 745/745/745 747/747/747 746/746/746
f 748/748/748 747/747/747 745/745/745
f 748/748/748 749/749/749 747/747/747
f 750/750/750 747/747/747 749/749/749
f 749/749/749 751/751/751 750/750/750
f 750/750/750 751/751/751 752/752/752
f 753/753/753 750/750/750 752/752/752
f 753/753/753 752/752/752 754/754/754
f 751/751/751 755/755/755 752/752/752
f 756/756/756 755/755/755 751/751/751
f 755/755/755 757/757/757 752/752/752
f 755/755/755 756/756/756 758/758/758
f 759/759/759 758/758/758 756/756/756
f 758/758/758 759/759/759 760/760/760
f 758/758/758 760/760/760 761/761/761
f 761/761/761 760/760/760 762/762/762
f 762/762/762 760/760/760 763/763/763
f 762/762/762 763/763/763 764/764/764
f 765/765/765 764/764/764 763/763/763
f 764/764/764 765/765/765 766/766/766
f 767/767/767 766/766/766 765/765/765
f 766/766/766 767/767/767 768/768/768
f 769/769/769 768/768/768 767/767/767
f 769/769/769 770/770/770 768/768/768
f 771/771/771 768/768/768 770/770/770
f 771/771/771 770/770/770 772/772/772
f 773/773/773 772/772/772 770/770/770
f 772/772/772 773/773/773 774/774/774
f 775/775/775 774/774/774 773/773/773
f 775/775/775 776/776/776 774/774/774
f 777/777/777 774/774/774 776/776/776
f 777/777/777 776/776/776 778/778/778
f 779/779/779 778/778/778 776/776/776
f 779/779/779 780/780/780 778/778/778
f 781/781/781 778/778/778 780/780/780
f 780/780/780 782/782/782 781/781/781
f 783/783/783 781/781/781 782/782/782
f 783/783/783 782/782/782 784/784/784
f 785/785/785 784/784/784 782/782/782
f 788/788/788 787/787/787 786/786/786
f 789/789/789 787/787/787 788/788/788
f 791/791/791 790/790/790 788/788/788
f 791/791/791 792/792/792 790/790/790
f 793/793/793 788/788/788 790/790/790
f 793/793/793 794/794/794 788/788/788
f 795/795/795 794/794/794 793/793/793
f 790/790/790 795/795/795 793/793/793
f 790/790/790 796/796/796 795/795/795
f 790/790/790 797/797/797 796/796/796
f 798/798/798 790/790/790 792/792/792
f 798/798/798 797/797/797 790/790/790
f 792/792/792 799/799/799 798/798/798
f 798/798/798 800/800/800 797/797/797
f 800/800/800 798/798/798 799/799/799
f 801/801/801 797/797/797 800/800/800
f 801/801/801 800/800/800 802/802/802
f 800/800/800 799/799/799 803/803/803
f 803/803/803 802/802/802 800/800/800
f 804/804/804 803/803/803 799/799/799
f 804/804/804 805/805/805 803/803/803
f 803/803/803 806/806/806 802/802/802
f 806/806/806 803/803/803 805/805/805
f 807/807/807 802/802/802 806/806/806
f 807/807/807 806/806/806 808/808/808
f 806/806/806 805/805/805 809/809/809
f 809/809/809 808/808/808 806/806/806
f 808/808/808 809/809/809 810/810/810
f 811/811/811 809/809/809 805/805/805
f 809/809/809 811/811/811 810/810/810
f 808/808/808 810/810/810 812/812/812
f 813/813/813 810/810/810 811/811/811
f 812/812/812 810/810/810 814/814/814
f 813/813/813 815/815/815 810/810/810
f 814/814/814 810/810/810 816/816/816
f 816/816/816 810/810/810 815/815/815
f 817/817/817 814/814/814 816/816/816
f 817/817/817 816/816/816 815/815/815
f 819/819/819 815/815/815 818/818/818
f 819/819/819 820/820/820 815/815/815
f 823/823/823 822/822/822 821/821/821
f 824/824/824 821/821/821 822/822/822
f 824/824/824 825/825/825 821/821/821
f 821/821/821 825/825/825 826/826/826
f 827/827/827 826/826/826 825/825/825
f 825/825/825 824/824/824 828/828/828
f 829/829/829 828/828/828 824/824/824
f 832/832/832 831/831/831 830/830/830
f 831/831/831 833/833/833 830/830/830
f 833/833/833 834/834/834 830/830/830
f 835/835/835 830/830/830 834/834/834
f 835/835/835 834/834/834 836/836/836
f 837/837/837 835/835/835 836/836/836
f 833/833/833 838/838/838 834/834/834
f 838/838/838 833/833/833 839/839/839
f 833/833/833 831/831/831 840/840/840
f 833/833/833 840/840/840 839/839/839
f 831/831/831 841/841/841 840/840/840
f 842/842/842 839/839/839 840/840/840
f 839/839/839 842/842/842 843/843/843
f 842/842/842 844/844/844 843/843/843
f 847/847/847 846/846/846 845/845/845
f 848/848/848 845/845/845 846/846/846
f 851/851/851 850/850/850 849/849/849
f 852/852/852 849/849/849 850/850/850
f 855/855/855 854/854/854 853/853/853
f 853/853/853 856/856/856 855/855/855
f 857/857/857 855/855/855 856/856/856
f 857/857/857 856/856/856 858/858/858
f 858/858/858 856/856/856 859/859/859
f 860/860/860 859/859/859 856/856/856
f 861/861/861 860/860/860 856/856/856
f 859/859/859 860/860/860 862/862/862
f 861/861/861 862/862/862 860/860/860
f 862/862/862 863/863/863 859/859/859
f 864/864/864 859/859/859 863/863/863
f 864/864/864 863/863/863 865/865/865
f 862/862/862 861/861/861 866/866/866
f 863/863/863 867/867/867 865/865/865
f 868/868/868 866/866/866 861/861/861
f 868/868/868 869/869/869 866/866/866
f 869/869/869 870/870/870 866/866/866
f 871/871/871 865/865/865 867/867/867
f 872/872/872 866/866/866 870/870/870
f 867/867/867 873/873/873 871/871/871
f 871/871/871 873/873/873 874/874/874
f 867/867/867 875/875/875 873/873/873
f 876/876/876 873/873/873 875/875/875
f 876/876/876 875/875/875 877/877/877
f 878/878/878 874/874/874 873/873/873
f 879/879/879 877/877/877 875/875/875
f 870/870/870 880/880/880 872/872/872
f 870/870/870 881/881/881 880/880/880
f 882/882/882 880/880/880 881/881/881
f 881/881/881 883/883/883 882/882/882
f 884/884/884 882/882/882 883/883/883
f 883/883/883 885/885/885 884/884/884
f 886/886/886 884/884/884 885/885/885
f 885/885/885 887/887/887 886/886/886
f 888/888/888 886/886/886 887/887/887
f 887/887/887 889/889/889 888/888/888
f 890/890/890 888/888/888 889/889/889
f 889/889/889 891/891/891 890/890/890
f 892/892/892 890/890/890 891/891/891
f 891/891/891 893/893/893 892/892/892
f 894/894/894 892/892/892 893/893/893
f 893/893/893 895/895/895 894/894/894
f 896/896/896 894/894/894 895/895/895
f 895/895/895 897/897/897 896/896/896
f 898/898/898 896/896/896 897/897/897
f 899/899/899 898/898/898 897/897/897
f 897/897/897 900/900/900 899/899/899
f 898/898/898 899/899/899 901/901/901
f 902/902/902 901/901/901 899/899/899
f 903/903/903 899/899/899 900/900/900
f 902/902/902 904/904/904 901/901/901
f 902/902/902 903/903/903 904/904/904
f 901/901/901 904/904/904 905/905/905
f 906/906/906 904/904/904 903/903/903
f 906/906/906 903/903/903 900/900/900
f 906/906/906 900/900/900 907/907/907
f 908/908/908 907/907/907 900/900/900
f 908/908/908 909/909/909 907/907/907
f 910/910/910 905/905/905 904/904/904
f 911/911/911 907/907/907 909/909/909
f 905/905/905 910/910/910 912/912/912
f 910/910/910 913/913/913 912/912/912
f 912/912/912 877/877/877 905/905/905
f 914/914/914 905/905/905 877/877/877
f 877/877/877 879/879/879 914/914/914
f 879/879/879 915/915/915 914/914/914
f 916/916/916 914/914/914 915/915/915
f 915/915/915 872/872/872 916/916/916
f 917/917/917 916/916/916 872/872/872
f 918/918/918 912/912/912 913/913/913
f 918/918/918 913/913/913 919/919/919
f 918/918/918 919/919/919 920/920/920
f 920/920/920 919/919/919 921/921/921
f 921/921/921 922/922/922 920/920/920
f 922/922/922 923/923/923 920/920/920
f 924/924/924 920/920/920 923/923/923
f 923/923/923 925/925/925 924/924/924
f 923/923/923 926/926/926 925/925/925
f 927/927/927 925/925/925 926/926/926
f 925/925/925 928/928/928 924/924/924
f 929/929/929 924/924/924 928/928/928
f 928/928/928 930/930/930 929/929/929
f 928/928/928 931/931/931 930/930/930
f 932/932/932 930/930/930 931/931/931
f 931/931/931 933/933/933 932/932/932
f 934/934/934 932/932/932 933/933/933
f 933/933/933 935/935/935 934/934/934
f 936/936/936 934/934/934 935/935/935
f 930/930/930 937/937/937 929/929/929
f 878/878/878 929/929/929 937/937/937
f 937/937/937 874/874/874 878/878/878
f 937/937/937 938/938/938 874/874/874
f 939/939/939 874/874/874 938/938/938
f 938/938/938 940/940/940 939/939/939
f 941/941/941 939/939/939 940/940/940
f 940/940/940 942/942/942 941/941/941
f 943/943/943 941/941/941 942/942/942
f 935/935/935 944/944/944 936/936/936
f 942/942/942 945/945/945 943/943/943
f 946/946/946 936/936/936 944/944/944
f 947/947/947 943/943/943 945/945/945
f 946/946/946 944/944/944 948/948/948
f 948/948/948 949/949/949 946/946/946
f 945/945/945 946/946/946 949/949/949
f 947/947/947 945/945/945 949/949/949
f 949/949/949 950/950/950 947/947/947
f 951/951/951 947/947/947 950/950/950
f 950/950/950 952/952/952 951/951/951
f 953/953/953 951/951/951 952/952/952
f 952/952/952 954/954/954 953/953/953
f 955/955/955 953/953/953 954/954/954
f 954/954/954 956/956/956 955/955/955
f 957/957/957 955/955/955 956/956/956
f 957/957/957 956/956/956 958/958/958
f 959/959/959 958/958/958 956/956/956
f 958/958/958 959/959/959 960/960/960
f 961/961/961 960/960/960 959/959/959
f 960/960/960 961/961/961 962/962/962
f 963/963/963 962/962/962 961/961/961
f 962/962/962 963/963/963 964/964/964
f 965/965/965 964/964/964 963/963/963
f 966/966/966 964/964/964 965/965/965
f 964/964/964 966/966/966 967/967/967
f 968/968/968 967/967/967 966/966/966
f 967/967/967 968/968/968 969/969/969
f 970/970/970 969/969/969 968/968/968
f 969/969/969 970/970/970 971/971/971
f 972/972/972 971/971/971 970/970/970
f 966/966/966 965/965/965 973/973/973
f 974/974/974 973/973/973 965/965/965
f 971/971/971 972/972/972 975/975/975
f 976/976/976 973/973/973 974/974/974
f 973/973/973 976/976/976 977/977/977
f 978/978/978 975/975/975 972/972/972
f 979/979/979 977/977/977 976/976/976
f 977/977/977 979/979/979 980/980/980
f 981/981/981 980/980/980 979/979/979
f 980/980/980 981/981/981 982/982/982
f 983/983/983 982/982/982 981/981/981
f 982/982/982 983/983/983 984/984/984
f 985/985/985 984/984/984 983/983/983
f 984/984/984 986/986/986 978/978/978
f 984/984/984 985/985/985 986/986/986
f 987/987/987 978/978/978 986/986/986
f 975/975/975 978/978/978 987/987/987
f 986/986/986 985/985/985 988/988/988
f 987/987/987 989/989/989 975/975/975
f 990/990/990 988/988/988 985/985/985
f 991/991/991 975/975/975 989/989/989
f 990/990/990 992/992/992 988/988/988
f 988/988/988 992/992/992 993/993/993
f 992/992/992 990/990/990 994/994/994
f 995/995/995 994/994/994 990/990/990
f 996/996/996 993/993/993 992/992/992
f 996/996/996 997/997/997 993/993/993
f 998/998/998 993/993/993 997/997/997
f 999/999/999 993/993/993 998/998/998
f 1000/1000/1000 999/999/999 998/998/998
f 999/999/999 1000/1000/1000 1001/1001/1001
f 1002/1002/1002 1001/1001/1001 1000/1000/1000
f 1002/1002/1002 1003/1003/1003 1001/1001/1001
f 1001/1001/1001 1003/1003/1003 1004/1004/1004
f 1002/1002/1002 1005/1005/1005 1003/1003/1003
f 1006/1006/1006 1004/1004/1004 1003/1003/1003
f 1007/1007/1007 1003/1003/1003 1005/1005/1005
f 1008/1008/1008 1004/1004/1004 1006/1006/1006
f 1008/1008/1008 1006/1006/1006 1009/1009/1009
f 1010/1010/1010 1009/1009/1009 1006/1006/1006
f 1008/1008/1008 1011/1011/1011 1004/1004/1004
f 1012/1012/1012 1004/1004/1004 1011/1011/1011
f 1012/1012/1012 1011/1011/1011 989/989/989
f 1009/1009/1009 1010/1010/1010 1013/1013/1013
f 1014/1014/1014 1013/1013/1013 1010/1010/1010
f 1015/1015/1015 989/989/989 1011/1011/1011
f 989/989/989 1015/1015/1015 991/991/991
f 991/991/991 1015/1015/1015 1016/1016/1016
f 1017/1017/1017 1016/1016/1016 1015/1015/1015
f 1017/1017/1017 1018/1018/1018 1016/1016/1016
f 1018/1018/1018 1017/1017/1017 1019/1019/1019
f 1020/1020/1020 1019/1019/1019 1017/1017/1017
f 1019/1019/1019 1020/1020/1020 1021/1021/1021
f 1021/1021/1021 1022/1022/1022 1019/1019/1019
f 1023/1023/1023 1019/1019/1019 1022/1022/1022
f 1022/1022/1022 1024/1024/1024 1023/1023/1023
f 1024/1024/1024 1022/1022/1022 1025/1025/1025
f 1026/1026/1026 1025/1025/1025 1022/1022/1022
f 1027/1027/1027 1025/1025/1025 1026/1026/1026
f 1021/1021/1021 1028/1028/1028 1022/1022/1022
f 1028/1028/1028 1021/1021/1021 1020/1020/1020
f 1020/1020/1020 1029/1029/1029 1028/1028/1028
f 1030/1030/1030 1028/1028/1028 1029/1029/1029
f 1031/1031/1031 1030/1030/1030 1029/1029/1029
f 1031/1031/1031 1029/1029/1029 1032/1032/1032
f 1013/1013/1013 1032/1032/1032 1029/1029/1029
f 1032/1032/1032 1013/1013/1013 1033/1033/1033
f 1032/1032/1032 1033/1033/1033 1034/1034/1034
f 1035/1035/1035 1034/1034/1034 1033/1033/1033
f 1034/1034/1034 1035/1035/1035 1036/1036/1036
f 1037/1037/1037 1036/1036/1036 1035/1035/1035
f 1036/1036/1036 1037/1037/1037 1038/1038/1038
f 1039/1039/1039 1038/1038/1038 1037/1037/1037
f 1038/1038/1038 1039/1039/1039 1040/1040/1040
f 1041/1041/1041 1040/1040/1040 1039/1039/1039
f 1040/1040/1040 1041/1041/1041 1042/1042/1042
f 1043/1043/1043 1042/1042/1042 1041/1041/1041
f 1042/1042/1042 1043/1043/1043 1044/1044/1044
f 1045/1045/1045 1044/1044/1044 1043/1043/1043
f 1044/1044/1044 1045/1045/1045 1046/1046/1046
f 1047/1047/1047 1046/1046/1046 1045/1045/1045
f 1046/1046/1046 1047/1047/1047 1048/1048/1048
f 1049/1049/1049 1048/1048/1048 1047/1047/1047
f 1048/1048/1048 1049/1049/1049 1050/1050/1050
f 1051/1051/1051 1050/1050/1050 1049/1049/1049
f 1051/1051/1051 1052/1052/1052 1050/1050/1050
f 1050/1050/1050 1052/1052/1052 909/909/909
f 1051/1051/1051 1007/1007/1007 1052/1052/1052
f 1053/1053/1053 1052/1052/1052 1007/1007/1007
f 1005/1005/1005 1053/1053/1053 1007/1007/1007
f 1054/1054/1054 909/909/909 1052/1052/1052
f 1053/1053/1053 1005/1005/1005 1054/1054/1054
f 1054/1054/1054 911/911/911 909/909/909
f 911/911/911 1054/1054/1054 1005/1005/1005
f 1057/1057/1057 1056/1056/1056 1055/1055/1055
f 1058/1058/1058 1055/1055/1055 1056/1056/1056
f 1056/1056/1056 1059/1059/1059 1058/1058/1058
f 1060/1060/1060 1058/1058/1058 1059/1059/1059
f 1059/1059/1059 1061/1061/1061 1060/1060/1060
f 1062/1062/1062 1060/1060/1060 1061/1061/1061
f 1061/1061/1061 1063/1063/1063 1062/1062/1062
f 1064/1064/1064 1062/1062/1062 1063/1063/1063
f 1063/1063/1063 1065/1065/1065 1064/1064/1064
f 1066/1066/1066 1064/1064/1064 1065/1065/1065
f 1065/1065/1065 1067/1067/1067 1066/1066/1066
f 1068/1068/1068 1066/1066/1066 1067/1067/1067
f 1067/1067/1067 1069/1069/1069 1068/1068/1068
f 1070/1070/1070 1068/1068/1068 1069/1069/1069
f 1069/1069/1069 1071/1071/1071 1070/1070/1070
f 1072/1072/1072 1070/1070/1070 1071/1071/1071
f 1071/1071/1071 1073/1073/1073 1072/1072/1072
f 1074/1074/1074 1072/1072/1072 1073/1073/1073
f 1073/1073/1073 1075/1075/1075 1074/1074/1074
f 1076/1076/1076 1074/1074/1074 1075/1075/1075
f 1075/1075/1075 1077/1077/1077 1076/1076/1076
f 1078/1078/1078 1076/1076/1076 1077/1077/1077
f 1077/1077/1077 1079/1079/1079 1078/1078/1078
f 1080/1080/1080 1078/1078/1078 1079/1079/1079
f 1079/1079/1079 1081/1081/1081 1080/1080/1080
f 1082/1082/1082 1080/1080/1080 1081/1081/1081
f 1081/1081/1081 1083/1083/1083 1082/1082/1082
f 1084/1084/1084 1082/1082/1082 1083/1083/1083
f 1087/1087/1087 1086/1086/1086 1085/1085/1085
f 1086/1086/1086 1088/1088/1088 1085/1085/1085
f 1088/1088/1088 1089/1089/1089 1085/1085/1085
f 1085/1085/1085 1089/1089/1089 1090/1090/1090
f 1085/1085/1085 1090/1090/1090 1091/1091/1091
f 1092/1092/1092 1091/1091/1091 1090/1090/1090
f 1093/1093/1093 1091/1091/1091 1092/1092/1092
f 1094/1094/1094 1091/1091/1091 1093/1093/1093
f 1095/1095/1095 1091/1091/1091 1094/1094/1094
f 1096/1096/1096 1091/1091/1091 1095/1095/1095
f 1099/1099/1099 1098/1098/1098 1097/1097/1097
f 1100/1100/1100 1097/1097/1097 1098/1098/1098
f 1103/1103/1103 1102/1102/1102 1101/1101/1101
f 1104/1104/1104 1101/1101/1101 1102/1102/1102
f 1101/1101/1101 1104/1104/1104 1105/1105/1105
f 1106/1106/1106 1105/1105/1105 1104/1104/1104
f 1109/1109/1109 1108/1108/1108 1107/1107/1107
f 1107/1107/1107 1108/1108/1108 1110/1110/1110
f 1113/1113/1113 1112/1112/1112 1111/1111/1111
f 1114/1114/1114 1111/1111/1111 1112/1112/1112
f 1117/1117/1117 1116/1116/1116 1115/1115/1115
f 1118/1118/1118 1115/1115/1115 1116/1116/1116
f 1121/1121/1121 1120/1120/1120 1119/1119/1119
f 1122/1122/1122 1119/1119/1119 1120/1120/1120
f 1119/1119/1119 1122/1122/1122 1123/1123/1123
f 1124/1124/1124 1123/1123/1123 1122/1122/1122
f 1123/1123/1123 1124/1124/1124 1125/1125/1125
f 1126/1126/1126 1125/1125/1125 1124/1124/1124
f 1125/1125/1125 1126/1126/1126 1127/1127/1127
f 1128/1128/1128 1127/1127/1127 1126/1126/1126
f 1131/1131/1131 1130/1130/1130 1129/1129/1129
f 1132/1132/1132 1129/1129/1129 1130/1130/1130
f 1135/1135/1135 1134/1134/1134 1133/1133/1133
f 1136/1136/1136 1133/1133/1133 1134/1134/1134
f 1137/1137/1137 1136/1136/1136 1134/1134/1134
f 1134/1134/1134 1138/1138/1138 1137/1137/1137
f 1139/1139/1139 1137/1137/1137 1138/1138/1138
f 1137/1137/1137 1140/1140/1140 1136/1136/1136
f 1141/1141/1141 1136/1136/1136 1140/1140/1140
f 1144/1144/1144 1143/1143/1143 1142/1142/1142
f 1145/1145/1145 1142/1142/1142 1143/1143/1143
f 1148/1148/1148 1147/1147/1147 1146/1146/1146
f 1149/1149/1149 1146/1146/1146 1147/1147/1147
f 1146/1146/1146 1149/1149/1149 1150/1150/1150
f 1151/1151/1151 1150/1150/1150 1149/1149/1149
f 1150/1150/1150 1151/1151/1151 1152/1152/1152
f 1153/1153/1153 1152/1152/1152 1151/1151/1151
f 1152/1152/1152 1153/1153/1153 1154/1154/1154
f 1155/1155/1155 1154/1154/1154 1153/1153/1153
f 1154/1154/1154 1155/1155/1155 1156/1156/1156
f 1157/1157/1157 1156/1156/1156 1155/1155/1155
f 1156/1156/1156 1157/1157/1157 1158/1158/1158
f 1159/1159/1159 1158/1158/1158 1157/1157/1157
f 1158/1158/1158 1159/1159/1159 1160/1160/1160
f 1161/1161/1161 1160/1160/1160 1159/1159/1159
f 1160/1160/1160 1161/1161/1161 1162/1162/1162
f 1163/1163/1163 1162/1162/1162 1161/1161/1161
f 1162/1162/1162 1163/1163/1163 1164/1164/1164
f 1165/1165/1165 1164/1164/1164 1163/1163/1163
f 1164/1164/1164 1165/1165/1165 1166/1166/1166
f 1167/1167/1167 1166/1166/1166 1165/1165/1165
f 1166/1166/1166 1167/1167/1167 1168/1168/1168
f 1169/1169/1169 1168/1168/1168 1167/1167/1167
f 1168/1168/1168 1169/1169/1169 1170/1170/1170
f 1171/1171/1171 1170/1170/1170 1169/1169/1169
f 1170/1170/1170 1171/1171/1171 1172/1172/1172
f 1173/1173/1173 1172/1172/1172 1171/1171/1171
f 1172/1172/1172 1173/1173/1173 1174/1174/1174
f 1175/1175/1175 1174/1174/1174 1173/1173/1173
f 1178/1178/1178 1177/1177/1177 1176/1176/1176
f 1179/1179/1179 1176/1176/1176 1177/1177/1177
f 1179/1179/1179 1180/1180/1180 1176/1176/1176
f 1176/1176/1176 1180/1180/1180 1181/1181/1181
f 1180/1180/1180 1179/1179/1179 1182/1182/1182
f 976/976/976 1182/1182/1182 1179/1179/1179
f 1183/1183/1183 1181/1181/1181 1180/1180/1180
f 1181/1181/1181 1183/1183/1183 1184/1184/1184
f 1184/1184/1184 1183/1183/1183 1185/1185/1185
f 1186/1186/1186 1185/1185/1185 1183/1183/1183
f 1185/1185/1185 1186/1186/1186 1187/1187/1187
f 1188/1188/1188 1187/1187/1187 1186/1186/1186
f 1187/1187/1187 1188/1188/1188 1189/1189/1189
f 1187/1187/1187 1189/1189/1189 1190/1190/1190
f 1191/1191/1191 1190/1190/1190 1189/1189/1189
f 1190/1190/1190 1191/1191/1191 1192/1192/1192
f 1193/1193/1193 1192/1192/1192 1191/1191/1191
f 1193/1193/1193 1194/1194/1194 1192/1192/1192
f 1195/1195/1195 1192/1192/1192 1194/1194/1194
f 1194/1194/1194 1196/1196/1196 1195/1195/1195
f 1197/1197/1197 1195/1195/1195 1196/1196/1196
f 1198/1198/1198 1197/1197/1197 1196/1196/1196
f 1198/1198/1198 1199/1199/1199 1197/1197/1197
f 1200/1200/1200 1197/1197/1197 1199/1199/1199
f 1199/1199/1199 1201/1201/1201 1200/1200/1200
f 1202/1202/1202 1200/1200/1200 1201/1201/1201
f 1201/1201/1201 1203/1203/1203 1202/1202/1202
f 1201/1201/1201 1204/1204/1204 1203/1203/1203
f 1205/1205/1205 1203/1203/1203 1204/1204/1204
f 1204/1204/1204 1206/1206/1206 1205/1205/1205
f 1204/1204/1204 1207/1207/1207 1206/1206/1206
f 944/944/944 1206/1206/1206 1207/1207/1207
f 1210/1210/1210 1209/1209/1209 1208/1208/1208
f 1211/1211/1211 1210/1210/1210 1208/1208/1208
f 1212/1212/1212 1211/1211/1211 1208/1208/1208
f 1212/1212/1212 1208/1208/1208 1213/1213/1213
f 1208/1208/1208 1214/1214/1214 1213/1213/1213
f 1215/1215/1215 1213/1213/1213 1214/1214/1214
f 1214/1214/1214 1216/1216/1216 1215/1215/1215
f 1214/1214/1214 1217/1217/1217 1216/1216/1216
f 1214/1214/1214 1218/1218/1218 1217/1217/1217
f 1214/1214/1214 1219/1219/1219 1218/1218/1218
f 1222/1222/1222 1221/1221/1221 1220/1220/1220
f 1223/1223/1223 1220/1220/1220 1221/1221/1221
f 1220/1220/1220 1223/1223/1223 1224/1224/1224
f 1225/1225/1225 1224/1224/1224 1223/1223/1223
f 1224/1224/1224 1225/1225/1225 1226/1226/1226
f 1227/1227/1227 1226/1226/1226 1225/1225/1225
f 1230/1230/1230 1229/1229/1229 1228/1228/1228
f 1231/1231/1231 1228/1228/1228 1229/1229/1229
f 1232/1232/1232 1231/1231/1231 1229/1229/1229
f 1233/1233/1233 1232/1232/1232 1229/1229/1229
f 1234/1234/1234 1232/1232/1232 1233/1233/1233
f 1233/1233/1233 1235/1235/1235 1234/1234/1234
f 1236/1236/1236 1234/1234/1234 1235/1235/1235
f 1239/1239/1239 1238/1238/1238 1237/1237/1237
f 1240/1240/1240 1237/1237/1237 1238/1238/1238
f 1243/1243/1243 1242/1242/1242 1241/1241/1241
f 1244/1244/1244 1241/1241/1241 1242/1242/1242
f 1241/1241/1241 1244/1244/1244 1245/1245/1245
f 1246/1246/1246 1245/1245/1245 1244/1244/1244
f 1245/1245/1245 1246/1246/1246 1247/1247/1247
f 1248/1248/1248 1247/1247/1247 1246/1246/1246
f 1242/1242/1242 1250/1250/1250 1249/1249/1249
f 1251/1251/1251 1249/1249/1249 1250/1250/1250
f 1250/1250/1250 1253/1253/1253 1252/1252/1252
f 1254/1254/1254 1252/1252/1252 1253/1253/1253
f 1257/1257/1257 1256/1256/1256 1255/1255/1255
f 1258/1258/1258 1255/1255/1255 1256/1256/1256
f 1259/1259/1259 1258/1258/1258 1256/1256/1256
f 1260/1260/1260 1258/1258/1258 1259/1259/1259
f 1261/1261/1261 1258/1258/1258 1260/1260/1260
f 1262/1262/1262 1258/1258/1258 1261/1261/1261
f 1263/1263/1263 1258/1258/1258 1262/1262/1262
f 1264/1264/1264 1258/1258/1258 1263/1263/1263
f 1265/1265/1265 1258/1258/1258 1264/1264/1264
f 1258/1258/1258 1265/1265/1265 1266/1266/1266
f 1267/1267/1267 1266/1266/1266 1265/1265/1265
f 1270/1270/1270 1269/1269/1269 1268/1268/1268
f 1271/1271/1271 1268/1268/1268 1269/1269/1269
f 1271/1271/1271 1272/1272/1272 1268/1268/1268
f 1273/1273/1273 1268/1268/1268 1272/1272/1272
f 1275/1275/1275 1274/1274/1274 1272/1272/1272
f 1276/1276/1276 1272/1272/1272 1274/1274/1274
f 1274/1274/1274 1275/1275/1275 1277/1277/1277
f 1278/1278/1278 1277/1277/1277 1275/1275/1275
f 1276/1276/1276 1274/1274/1274 1279/1279/1279
f 1276/1276/1276 1279/1279/1279 1280/1280/1280
f 1276/1276/1276 1280/1280/1280 1281/1281/1281
f 1282/1282/1282 1281/1281/1281 1280/1280/1280
f 1280/1280/1280 1283/1283/1283 1282/1282/1282
f 1284/1284/1284 1282/1282/1282 1283/1283/1283
f 1285/1285/1285 1279/1279/1279 1274/1274/1274
f 1286/1286/1286 1280/1280/1280 1279/1279/1279
f 1285/1285/1285 1274/1274/1274 1287/1287/1287
f 1287/1287/1287 1274/1274/1274 1288/1288/1288
f 1289/1289/1289 1288/1288/1288 1274/1274/1274
f 1287/1287/1287 1288/1288/1288 1290/1290/1290
f 1287/1287/1287 1291/1291/1291 1285/1285/1285
f 1287/1287/1287 1290/1290/1290 1291/1291/1291
f 1292/1292/1292 1285/1285/1285 1291/1291/1291
f 1293/1293/1293 1291/1291/1291 1290/1290/1290
f 1280/1280/1280 1286/1286/1286 1294/1294/1294
f 1294/1294/1294 1295/1295/1295 1280/1280/1280
f 1296/1296/1296 1280/1280/1280 1295/1295/1295
f 1295/1295/1295 1294/1294/1294 1297/1297/1297
f 1294/1294/1294 1286/1286/1286 1298/1298/1298
f 1294/1294/1294 1298/1298/1298 1297/1297/1297
f 1299/1299/1299 1298/1298/1298 1286/1286/1286
f 1300/1300/1300 1297/1297/1297 1298/1298/1298
f 1303/1303/1303 1302/1302/1302 1301/1301/1301
f 1304/1304/1304 1301/1301/1301 1302/1302/1302
f 1305/1305/1305 1304/1304/1304 1302/1302/1302
f 1306/1306/1306 1304/1304/1304 1305/1305/1305
f 1307/1307/1307 1304/1304/1304 1306/1306/1306
f 1308/1308/1308 1304/1304/1304 1307/1307/1307
f 1309/1309/1309 1304/1304/1304 1308/1308/1308
f 1310/1310/1310 1304/1304/1304 1309/1309/1309
f 1311/1311/1311 1304/1304/1304 1310/1310/1310
f 1304/1304/1304 1311/1311/1311 1312/1312/1312
f 1313/1313/1313 1312/1312/1312 1311/1311/1311
f 1316/1316/1316 1315/1315/1315 1314/1314/1314
f 1317/1317/1317 1314/1314/1314 1315/1315/1315
f 1319/1319/1319 1318/1318/1318 1314/1314/1314
f 1320/1320/1320 1314/1314/1314 1318/1318/1318
f 1323/1323/1323 1322/1322/1322 1321/1321/1321
f 1324/1324/1324 1321/1321/1321 1322/1322/1322
f 1322/1322/1322 1325/1325/1325 1324/1324/1324
f 1326/1326/1326 1324/1324/1324 1325/1325/1325
f 1326/1326/1326 1327/1327/1327 1324/1324/1324
f 1328/1328/1328 1324/1324/1324 1327/1327/1327
f 1328/1328/1328 1327/1327/1327 1329/1329/1329
f 1331/1331/1331 1330/1330/1330 1329/1329/1329
f 1332/1332/1332 1329/1329/1329 1330/1330/1330
f 1328/1328/1328 1334/1334/1334 1333/1333/1333
f 1334/1334/1334 1335/1335/1335 1333/1333/1333
f 1336/1336/1336 1333/1333/1333 1335/1335/1335
f 1339/1339/1339 1338/1338/1338 1337/1337/1337
f 1340/1340/1340 1337/1337/1337 1338/1338/1338
f 1343/1343/1343 1342/1342/1342 1341/1341/1341
f 1341/1341/1341 1342/1342/1342 1344/1344/1344
f 1345/1345/1345 1344/1344/1344 1342/1342/1342
f 1345/1345/1345 1346/1346/1346 1344/1344/1344
f 1347/1347/1347 1344/1344/1344 1346/1346/1346
f 1346/1346/1346 1348/1348/1348 1347/1347/1347
f 1351/1351/1351 1350/1350/1350 1349/1349/1349
f 1350/1350/1350 1352/1352/1352 1349/1349/1349
f 1353/1353/1353 1352/1352/1352 1350/1350/1350
f 1353/1353/1353 1354/1354/1354 1352/1352/1352
f 1352/1352/1352 1355/1355/1355 1349/1349/1349
f 1356/1356/1356 1349/1349/1349 1355/1355/1355
f 1357/1357/1357 1356/1356/1356 1355/1355/1355
f 1358/1358/1358 1352/1352/1352 1354/1354/1354
f 1358/1358/1358 1354/1354/1354 1359/1359/1359
f 1360/1360/1360 1359/1359/1359 1354/1354/1354
f 1360/1360/1360 1361/1361/1361 1359/1359/1359
f 1359/1359/1359 1361/1361/1361 1362/1362/1362
f 1361/1361/1361 1363/1363/1363 1362/1362/1362
f 1359/1359/1359 1362/1362/1362 1364/1364/1364
f 1365/1365/1365 1364/1364/1364 1362/1362/1362
f 1365/1365/1365 1366/1366/1366 1364/1364/1364
f 1352/1352/1352 1368/1368/1368 1367/1367/1367
f 1359/1359/1359 1369/1369/1369 1368/1368/1368
f 1367/1367/1367 1368/1368/1368 1370/1370/1370
f 1371/1371/1371 1367/1367/1367 1370/1370/1370
f 1370/1370/1370 1368/1368/1368 1372/1372/1372
f 1368/1368/1368 1373/1373/1373 1372/1372/1372
f 1369/1369/1369 1373/1373/1373 1368/1368/1368
f 1374/1374/1374 1373/1373/1373 1369/1369/1369
f 1377/1377/1377 1376/1376/1376 1375/1375/1375
f 1378/1378/1378 1375/1375/1375 1376/1376/1376
f 1381/1381/1381 1380/1380/1380 1379/1379/1379
f 1382/1382/1382 1379/1379/1379 1380/1380/1380
f 1385/1385/1385 1384/1384/1384 1383/1383/1383
f 1386/1386/1386 1383/1383/1383 1384/1384/1384
f 1389/1389/1389 1388/1388/1388 1387/1387/1387
f 1390/1390/1390 1387/1387/1387 1388/1388/1388
f 1393/1393/1393 1392/1392/1392 1391/1391/1391
f 1394/1394/1394 1391/1391/1391 1392/1392/1392
f 1397/1397/1397 1396/1396/1396 1395/1395/1395
f 1398/1398/1398 1395/1395/1395 1396/1396/1396
f 1401/1401/1401 1400/1400/1400 1399/1399/1399
f 1402/1402/1402 1399/1399/1399 1400/1400/1400
f 1405/1405/1405 1404/1404/1404 1403/1403/1403
f 1406/1406/1406 1403/1403/1403 1404/1404/1404
f 1409/1409/1409 1408/1408/1408 1407/1407/1407
f 1410/1410/1410 1407/1407/1407 1408/1408/1408
f 1413/1413/1413 1412/1412/1412 1411/1411/1411
f 1414/1414/1414 1412/1412/1412 1413/1413/1413
f 1417/1417/1417 1416/1416/1416 1415/1415/1415
f 1418/1418/1418 1415/1415/1415 1416/1416/1416
f 1415/1415/1415 1418/1418/1418 1419/1419/1419
f 1418/1418/1418 1416/1416/1416 1420/1420/1420
f 1421/1421/1421 1420/1420/1420 1416/1416/1416
f 1422/1422/1422 1419/1419/1419 1418/1418/1418
f 1418/1418/1418 1420/1420/1420 1422/1422/1422
f 1423/1423/1423 1419/1419/1419 1422/1422/1422
f 1423/1423/1423 1422/1422/1422 1424/1424/1424
f 1425/1425/1425 1424/1424/1424 1422/1422/1422
f 1425/1425/1425 1422/1422/1422 1420/1420/1420
f 1424/1424/1424 1425/1425/1425 1426/1426/1426
f 1427/1427/1427 1426/1426/1426 1425/1425/1425
f 1425/1425/1425 1420/1420/1420 1427/1427/1427
f 1426/1426/1426 1427/1427/1427 1428/1428/1428
f 1420/1420/1420 1421/1421/1421 1429/1429/1429
f 1429/1429/1429 1427/1427/1427 1420/1420/1420
f 1430/1430/1430 1429/1429/1429 1421/1421/1421
f 1431/1431/1431 1428/1428/1428 1427/1427/1427
f 1427/1427/1427 1429/1429/1429 1431/1431/1431
f 1428/1428/1428 1431/1431/1431 1432/1432/1432
f 1429/1429/1429 1430/1430/1430 1433/1433/1433
f 1433/1433/1433 1431/1431/1431 1429/1429/1429
f 1434/1434/1434 1433/1433/1433 1430/1430/1430
f 1434/1434/1434 1435/1435/1435 1433/1433/1433
f 1436/1436/1436 1432/1432/1432 1431/1431/1431
f 1431/1431/1431 1433/1433/1433 1436/1436/1436
f 1437/1437/1437 1433/1433/1433 1435/1435/1435
f 1437/1437/1437 1436/1436/1436 1433/1433/1433
f 1437/1437/1437 1435/1435/1435 1438/1438/1438
f 1437/1437/1437 1438/1438/1438 1436/1436/1436
f 1439/1439/1439 1438/1438/1438 1435/1435/1435
f 1439/1439/1439 1440/1440/1440 1438/1438/1438
f 1436/1436/1436 1441/1441/1441 1432/1432/1432
f 1441/1441/1441 1436/1436/1436 1438/1438/1438
f 1442/1442/1442 1432/1432/1432 1441/1441/1441
f 1443/1443/1443 1438/1438/1438 1440/1440/1440
f 1438/1438/1438 1443/1443/1443 1441/1441/1441
f 1440/1440/1440 1444/1444/1444 1443/1443/1443
f 1441/1441/1441 1445/1445/1445 1442/1442/1442
f 1445/1445/1445 1441/1441/1441 1443/1443/1443
f 1446/1446/1446 1442/1442/1442 1445/1445/1445
f 1447/1447/1447 1443/1443/1443 1444/1444/1444
f 1443/1443/1443 1447/1447/1447 1445/1445/1445
f 1444/1444/1444 1448/1448/1448 1447/1447/1447
f 1445/1445/1445 1449/1449/1449 1446/1446/1446
f 1449/1449/1449 1445/1445/1445 1447/1447/1447
f 1450/1450/1450 1446/1446/1446 1449/1449/1449
f 1449/1449/1449 1451/1451/1451 1450/1450/1450
f 1449/1449/1449 1447/1447/1447 1451/1451/1451
f 1452/1452/1452 1450/1450/1450 1451/1451/1451
f 1453/1453/1453 1452/1452/1452 1451/1451/1451
f 1454/1454/1454 1451/1451/1451 1447/1447/1447
f 1451/1451/1451 1454/1454/1454 1453/1453/1453
f 1454/1454/1454 1447/1447/1447 1448/1448/1448
f 1455/1455/1455 1453/1453/1453 1454/1454/1454
f 1454/1454/1454 1448/1448/1448 1455/1455/1455
f 1456/1456/1456 1455/1455/1455 1448/1448/1448
f 1459/1459/1459 1458/1458/1458 1457/1457/1457
f 1458/1458/1458 1460/1460/1460 1457/1457/1457
f 1461/1461/1461 1460/1460/1460 1458/1458/1458
f 1457/1457/1457 1460/1460/1460 1462/1462/1462
f 1462/1462/1462 1463/1463/1463 1457/1457/1457
f 1464/1464/1464 1457/1457/1457 1463/1463/1463
f 1464/1464/1464 1463/1463/1463 1465/1465/1465
f 1466/1466/1466 1465/1465/1465 1463/1463/1463
f 1469/1469/1469 1468/1468/1468 1467/1467/1467
f 1468/1468/1468 1470/1470/1470 1467/1467/1467
f 1467/1467/1467 1470/1470/1470 1471/1471/1471
f 1468/1468/1468 1472/1472/1472 1470/1470/1470
f 1470/1470/1470 1472/1472/1472 1473/1473/1473
f 1474/1474/1474 1472/1472/1472 1468/1468/1468
f 1477/1477/1477 1476/1476/1476 1475/1475/1475
f 1478/1478/1478 1475/1475/1475 1476/1476/1476
f 1481/1481/1481 1480/1480/1480 1479/1479/1479
f 1482/1482/1482 1479/1479/1479 1480/1480/1480
f 1480/1480/1480 1483/1483/1483 1482/1482/1482
f 1484/1484/1484 1482/1482/1482 1483/1483/1483
f 1485/1485/1485 1483/1483/1483 1480/1480/1480
f 1483/1483/1483 1485/1485/1485 1486/1486/1486
f 1487/1487/1487 1483/1483/1483 1486/1486/1486
f 1486/1486/1486 1485/1485/1485 1488/1488/1488
f 1488/1488/1488 1489/1489/1489 1486/1486/1486
f 1490/1490/1490 1486/1486/1486 1489/1489/1489
f 1488/1488/1488 1491/1491/1491 1489/1489/1489
f 1485/1485/1485 1491/1491/1491 1488/1488/1488
f 1492/1492/1492 1489/1489/1489 1491/1491/1491
f 1493/1493/1493 1491/1491/1491 1485/1485/1485
f 1493/1493/1493 1485/1485/1485 1480/1480/1480
f 1494/1494/1494 1491/1491/1491 1493/1493/1493
f 1480/1480/1480 1495/1495/1495 1493/1493/1493
f 1496/1496/1496 1493/1493/1493 1495/1495/1495
f 1495/1495/1495 1480/1480/1480 1497/1497/1497
f 1498/1498/1498 1497/1497/1497 1480/1480/1480
f 1501/1501/1501 1500/1500/1500 1499/1499/1499
f 1502/1502/1502 1499/1499/1499 1500/1500/1500
f 1502/1502/1502 1500/1500/1500 1503/1503/1503
f 1503/1503/1503 1500/1500/1500 1504/1504/1504
f 1505/1505/1505 1502/1502/1502 1503/1503/1503
f 1502/1502/1502 1505/1505/1505 1506/1506/1506
f 1507/1507/1507 1506/1506/1506 1505/1505/1505
f 1505/1505/1505 1503/1503/1503 1508/1508/1508
f 1503/1503/1503 1504/1504/1504 1509/1509/1509
f 1503/1503/1503 1509/1509/1509 1508/1508/1508
f 1510/1510/1510 1509/1509/1509 1504/1504/1504
f 1511/1511/1511 1508/1508/1508 1509/1509/1509
f 1514/1514/1514 1513/1513/1513 1512/1512/1512
f 1515/1515/1515 1512/1512/1512 1513/1513/1513
f 1515/1515/1515 1516/1516/1516 1512/1512/1512
f 1517/1517/1517 1512/1512/1512 1516/1516/1516
f 1520/1520/1520 1519/1519/1519 1518/1518/1518
f 1521/1521/1521 1518/1518/1518 1519/1519/1519
f 1519/1519/1519 1522/1522/1522 1521/1521/1521
f 1523/1523/1523 1521/1521/1521 1522/1522/1522
f 1526/1526/1526 1525/1525/1525 1524/1524/1524
f 1527/1527/1527 1524/1524/1524 1525/1525/1525
f 1530/1530/1530 1529/1529/1529 1528/1528/1528
f 1528/1528/1528 1529/1529/1529 1531/1531/1531
f 1532/1532/1532 1531/1531/1531 1529/1529/1529
f 1533/1533/1533 1532/1532/1532 1529/1529/1529
f 1531/1531/1531 1532/1532/1532 1534/1534/1534
f 1532/1532/1532 1535/1535/1535 1534/1534/1534
f 1536/1536/1536 1534/1534/1534 1535/1535/1535
f 1537/1537/1537 1534/1534/1534 1536/1536/1536
f 1540/1540/1540 1539/1539/1539 1538/1538/1538
f 1538/1538/1538 1541/1541/1541 1540/1540/1540
f 1542/1542/1542 1540/1540/1540 1541/1541/1541
f 1542/1542/1542 1541/1541/1541 1543/1543/1543
f 1544/1544/1544 1543/1543/1543 1541/1541/1541
f 1545/1545/1545 1543/1543/1543 1544/1544/1544
f 1548/1548/1548 1547/1547/1547 1546/1546/1546
f 1549/1549/1549 1546/1546/1546 1547/1547/1547
f 1552/1552/1552 1551/1551/1551 1550/1550/1550
f 1553/1553/1553 1550/1550/1550 1551/1551/1551
f 1551/1551/1551 1554/1554/1554 1553/1553/1553
f 1551/1551/1551 1555/1555/1555 1554/1554/1554
f 1556/1556/1556 1554/1554/1554 1555/1555/1555
f 1555/1555/1555 1557/1557/1557 1556/1556/1556
f 1558/1558/1558 1556/1556/1556 1557/1557/1557
f 1557/1557/1557 1559/1559/1559 1558/1558/1558
f 1560/1560/1560 1558/1558/1558 1559/1559/1559
f 1559/1559/1559 1561/1561/1561 1560/1560/1560
f 1562/1562/1562 1560/1560/1560 1561/1561/1561
f 1562/1562/1562 1561/1561/1561 1563/1563/1563
f 1564/1564/1564 1563/1563/1563 1561/1561/1561
f 1563/1563/1563 1564/1564/1564 1565/1565/1565
f 1566/1566/1566 1565/1565/1565 1564/1564/1564
f 1565/1565/1565 1566/1566/1566 1567/1567/1567
f 1568/1568/1568 1567/1567/1567 1566/1566/1566
f 1567/1567/1567 1568/1568/1568 1569/1569/1569
f 1570/1570/1570 1569/1569/1569 1568/1568/1568
f 1570/1570/1570 1571/1571/1571 1569/1569/1569
f 1571/1571/1571 1570/1570/1570 1572/1572/1572
f 1573/1573/1573 1572/1572/1572 1570/1570/1570
f 1574/1574/1574 1569/1569/1569 1571/1571/1571
f 1569/1569/1569 1574/1574/1574 1575/1575/1575
f 1576/1576/1576 1575/1575/1575 1574/1574/1574
f 1574/1574/1574 1571/1571/1571 1577/1577/1577
f 1576/1576/1576 1578/1578/1578 1575/1575/1575
f 1554/1554/1554 1575/1575/1575 1578/1578/1578
f 1578/1578/1578 1553/1553/1553 1554/1554/1554
f 1578/1578/1578 1579/1579/1579 1553/1553/1553
f 1580/1580/1580 1577/1577/1577 1571/1571/1571
f 1581/1581/1581 1553/1553/1553 1579/1579/1579
f 1580/1580/1580 1582/1582/1582 1577/1577/1577
f 1583/1583/1583 1577/1577/1577 1582/1582/1582
f 1582/1582/1582 1580/1580/1580 1584/1584/1584
f 1582/1582/1582 1585/1585/1585 1583/1583/1583
f 1586/1586/1586 1583/1583/1583 1585/1585/1585
f 1586/1586/1586 1585/1585/1585 1587/1587/1587
f 1588/1588/1588 1587/1587/1587 1585/1585/1585
f 1587/1587/1587 1588/1588/1588 1579/1579/1579
f 1581/1581/1581 1579/1579/1579 1588/1588/1588
f 1588/1588/1588 1589/1589/1589 1581/1581/1581
f 1590/1590/1590 1584/1584/1584 1580/1580/1580
f 1591/1591/1591 1581/1581/1581 1589/1589/1589
f 1590/1590/1590 1592/1592/1592 1584/1584/1584
f 1592/1592/1592 1590/1590/1590 1593/1593/1593
f 1594/1594/1594 1593/1593/1593 1590/1590/1590
f 1593/1593/1593 1594/1594/1594 1595/1595/1595
f 1596/1596/1596 1595/1595/1595 1594/1594/1594
f 1595/1595/1595 1596/1596/1596 1597/1597/1597
f 1598/1598/1598 1597/1597/1597 1596/1596/1596
f 1598/1598/1598 1599/1599/1599 1597/1597/1597
f 1600/1600/1600 1597/1597/1597 1599/1599/1599
f 1601/1601/1601 1584/1584/1584 1592/1592/1592
f 1584/1584/1584 1601/1601/1601 1602/1602/1602
f 1601/1601/1601 1592/1592/1592 1603/1603/1603
f 1604/1604/1604 1602/1602/1602 1601/1601/1601
f 1605/1605/1605 1603/1603/1603 1592/1592/1592
f 1602/1602/1602 1604/1604/1604 1606/1606/1606
f 1607/1607/1607 1606/1606/1606 1604/1604/1604
f 1607/1607/1607 1608/1608/1608 1606/1606/1606
f 1609/1609/1609 1606/1606/1606 1608/1608/1608
f 1603/1603/1603 1605/1605/1605 1610/1610/1610
f 1608/1608/1608 1611/1611/1611 1609/1609/1609
f 1589/1589/1589 1609/1609/1609 1611/1611/1611
f 1612/1612/1612 1610/1610/1610 1605/1605/1605
f 1611/1611/1611 1613/1613/1613 1589/1589/1589
f 1591/1591/1591 1589/1589/1589 1613/1613/1613
f 1611/1611/1611 1614/1614/1614 1613/1613/1613
f 1613/1613/1613 1615/1615/1615 1591/1591/1591
f 1616/1616/1616 1613/1613/1613 1614/1614/1614
f 1617/1617/1617 1591/1591/1591 1615/1615/1615
f 1615/1615/1615 1618/1618/1618 1617/1617/1617
f 1619/1619/1619 1617/1617/1617 1618/1618/1618
f 1614/1614/1614 1620/1620/1620 1616/1616/1616
f 1618/1618/1618 1621/1621/1621 1619/1619/1619
f 1622/1622/1622 1619/1619/1619 1621/1621/1621
f 1622/1622/1622 1621/1621/1621 1623/1623/1623
f 1624/1624/1624 1623/1623/1623 1621/1621/1621
f 1625/1625/1625 1616/1616/1616 1620/1620/1620
f 1626/1626/1626 1623/1623/1623 1624/1624/1624
f 1624/1624/1624 1627/1627/1627 1626/1626/1626
f 1628/1628/1628 1626/1626/1626 1627/1627/1627
f 1627/1627/1627 1629/1629/1629 1628/1628/1628
f 1630/1630/1630 1628/1628/1628 1629/1629/1629
f 1629/1629/1629 1631/1631/1631 1630/1630/1630
f 1632/1632/1632 1630/1630/1630 1631/1631/1631
f 1631/1631/1631 1633/1633/1633 1632/1632/1632
f 1634/1634/1634 1632/1632/1632 1633/1633/1633
f 1626/1626/1626 1635/1635/1635 1623/1623/1623
f 1636/1636/1636 1623/1623/1623 1635/1635/1635
f 1635/1635/1635 1637/1637/1637 1636/1636/1636
f 1635/1635/1635 1638/1638/1638 1637/1637/1637
f 1639/1639/1639 1637/1637/1637 1638/1638/1638
f 1638/1638/1638 1640/1640/1640 1639/1639/1639
f 1641/1641/1641 1639/1639/1639 1640/1640/1640
f 1640/1640/1640 1642/1642/1642 1641/1641/1641
f 1643/1643/1643 1641/1641/1641 1642/1642/1642
f 1637/1637/1637 1644/1644/1644 1636/1636/1636
f 1645/1645/1645 1636/1636/1636 1644/1644/1644
f 1645/1645/1645 1644/1644/1644 1646/1646/1646
f 1644/1644/1644 1647/1647/1647 1646/1646/1646
f 1648/1648/1648 1646/1646/1646 1647/1647/1647
f 1647/1647/1647 1649/1649/1649 1648/1648/1648
f 1650/1650/1650 1648/1648/1648 1649/1649/1649
f 1649/1649/1649 1651/1651/1651 1650/1650/1650
f 1652/1652/1652 1650/1650/1650 1651/1651/1651
f 1655/1655/1655 1654/1654/1654 1653/1653/1653
f 1654/1654/1654 1656/1656/1656 1653/1653/1653
f 1657/1657/1657 1653/1653/1653 1656/1656/1656
f 1653/1653/1653 1657/1657/1657 1658/1658/1658
f 1658/1658/1658 1657/1657/1657 1659/1659/1659
f 1657/1657/1657 1660/1660/1660 1659/1659/1659
f 1660/1660/1660 1662/1662/1662 1661/1661/1661
f 1662/1662/1662 1663/1663/1663 1661/1661/1661
f 1662/1662/1662 1664/1664/1664 1663/1663/1663
f 1662/1662/1662 1665/1665/1665 1664/1664/1664
f 1666/1666/1666 1664/1664/1664 1665/1665/1665
f 1666/1666/1666 1667/1667/1667 1664/1664/1664
f 1670/1670/1670 1669/1669/1669 1668/1668/1668
f 1671/1671/1671 1668/1668/1668 1669/1669/1669
f 1669/1669/1669 1672/1672/1672 1671/1671/1671
f 1673/1673/1673 1671/1671/1671 1672/1672/1672
f 1672/1672/1672 1674/1674/1674 1673/1673/1673
f 1674/1674/1674 1672/1672/1672 1675/1675/1675
f 1676/1676/1676 1675/1675/1675 1672/1672/1672
f 1674/1674/1674 1677/1677/1677 1673/1673/1673
f 1678/1678/1678 1673/1673/1673 1677/1677/1677
f 1678/1678/1678 1677/1677/1677 1679/1679/1679
f 1680/1680/1680 1679/1679/1679 1677/1677/1677
f 1681/1681/1681 1679/1679/1679 1680/1680/1680
f 1680/1680/1680 1682/1682/1682 1681/1681/1681
f 1620/1620/1620 1681/1681/1681 1682/1682/1682
f 1682/1682/1682 1683/1683/1683 1620/1620/1620
f 1625/1625/1625 1620/1620/1620 1683/1683/1683
f 1683/1683/1683 1684/1684/1684 1625/1625/1625
f 1685/1685/1685 1625/1625/1625 1684/1684/1684
f 1684/1684/1684 1686/1686/1686 1685/1685/1685
f 1687/1687/1687 1685/1685/1685 1686/1686/1686
f 1686/1686/1686 1688/1688/1688 1687/1687/1687
f 1689/1689/1689 1687/1687/1687 1688/1688/1688
f 1688/1688/1688 1690/1690/1690 1689/1689/1689
f 1691/1691/1691 1689/1689/1689 1690/1690/1690
f 1690/1690/1690 1692/1692/1692 1691/1691/1691
f 1693/1693/1693 1691/1691/1691 1692/1692/1692
f 1694/1694/1694 1692/1692/1692 1690/1690/1690
f 1692/1692/1692 1694/1694/1694 1693/1693/1693
f 1695/1695/1695 1693/1693/1693 1694/1694/1694
f 1694/1694/1694 1697/1697/1697 1696/1696/1696
f 1698/1698/1698 1696/1696/1696 1697/1697/1697
f 1699/1699/1699 1698/1698/1698 1697/1697/1697
f 1697/1697/1697 1700/1700/1700 1699/1699/1699
f 1699/1699/1699 1701/1701/1701 1698/1698/1698
f 1702/1702/1702 1699/1699/1699 1700/1700/1700
f 1703/1703/1703 1698/1698/1698 1701/1701/1701
f 1702/1702/1702 1700/1700/1700 1704/1704/1704
f 1701/1701/1701 1704/1704/1704 1703/1703/1703
f 1705/1705/1705 1704/1704/1704 1700/1700/1700
f 1705/1705/1705 1703/1703/1703 1704/1704/1704
f 1708/1708/1708 1707/1707/1707 1706/1706/1706
f 1709/1709/1709 1706/1706/1706 1707/1707/1707
f 1709/1709/1709 1707/1707/1707 1710/1710/1710
f 1709/1709/1709 1710/1710/1710 1711/1711/1711
f 1707/1707/1707 1712/1712/1712 1710/1710/1710
f 1713/1713/1713 1711/1711/1711 1710/1710/1710
f 1713/1713/1713 1714/1714/1714 1711/1711/1711
f 1715/1715/1715 1711/1711/1711 1714/1714/1714
f 1716/1716/1716 1715/1715/1715 1714/1714/1714
f 1714/1714/1714 1717/1717/1717 1716/1716/1716
f 1718/1718/1718 1716/1716/1716 1717/1717/1717
f 1717/1717/1717 1719/1719/1719 1718/1718/1718
f 1720/1720/1720 1718/1718/1718 1719/1719/1719
f 1719/1719/1719 1721/1721/1721 1720/1720/1720
f 1722/1722/1722 1720/1720/1720 1721/1721/1721
f 1722/1722/1722 1721/1721/1721 1723/1723/1723
f 1724/1724/1724 1723/1723/1723 1721/1721/1721
f 1724/1724/1724 1725/1725/1725 1723/1723/1723
f 1726/1726/1726 1723/1723/1723 1725/1725/1725
f 1726/1726/1726 1725/1725/1725 1727/1727/1727
f 1728/1728/1728 1727/1727/1727 1725/1725/1725
f 1727/1727/1727 1728/1728/1728 1729/1729/1729
f 1730/1730/1730 1729/1729/1729 1728/1728/1728
f 1729/1729/1729 1730/1730/1730 1731/1731/1731
f 1732/1732/1732 1731/1731/1731 1730/1730/1730
f 1733/1733/1733 1731/1731/1731 1732/1732/1732
f 1733/1733/1733 1732/1732/1732 1734/1734/1734
f 1735/1735/1735 1734/1734/1734 1732/1732/1732
f 1735/1735/1735 1736/1736/1736 1734/1734/1734
f 1737/1737/1737 1734/1734/1734 1736/1736/1736
f 1738/1738/1738 1737/1737/1737 1736/1736/1736
f 1737/1737/1737 1738/1738/1738 1739/1739/1739
f 1740/1740/1740 1739/1739/1739 1738/1738/1738
f 1738/1738/1738 1736/1736/1736 1741/1741/1741
f 1742/1742/1742 1741/1741/1741 1736/1736/1736
f 1741/1741/1741 1742/1742/1742 1743/1743/1743
f 1741/1741/1741 1743/1743/1743 1744/1744/1744
f 1745/1745/1745 1744/1744/1744 1743/1743/1743
f 1743/1743/1743 1742/1742/1742 1746/1746/1746
f 1743/1743/1743 1746/1746/1746 1747/1747/1747
f 1746/1746/1746 1748/1748/1748 1747/1747/1747
f 1747/1747/1747 1748/1748/1748 1749/1749/1749
f 1750/1750/1750 1749/1749/1749 1748/1748/1748
f 1748/1748/1748 1746/1746/1746 1751/1751/1751
f 1752/1752/1752 1751/1751/1751 1746/1746/1746
f 1751/1751/1751 1752/1752/1752 1753/1753/1753
f 1754/1754/1754 1753/1753/1753 1752/1752/1752
f 1753/1753/1753 1754/1754/1754 1755/1755/1755
f 1756/1756/1756 1755/1755/1755 1754/1754/1754
f 1756/1756/1756 1757/1757/1757 1755/1755/1755
f 1756/1756/1756 1758/1758/1758 1757/1757/1757
f 1759/1759/1759 1757/1757/1757 1758/1758/1758
f 1759/1759/1759 1758/1758/1758 1760/1760/1760
f 1761/1761/1761 1760/1760/1760 1758/1758/1758
f 1760/1760/1760 1761/1761/1761 1762/1762/1762
f 1761/1761/1761 1763/1763/1763 1762/1762/1762
f 1764/1764/1764 1762/1762/1762 1763/1763/1763
f 1763/1763/1763 1765/1765/1765 1764/1764/1764
f 1766/1766/1766 1764/1764/1764 1765/1765/1765
f 1765/1765/1765 1767/1767/1767 1766/1766/1766
f 1768/1768/1768 1766/1766/1766 1767/1767/1767
f 1768/1768/1768 1767/1767/1767 1769/1769/1769
f 1769/1769/1769 1770/1770/1770 1768/1768/1768
f 1771/1771/1771 1768/1768/1768 1770/1770/1770
f 1767/1767/1767 1772/1772/1772 1769/1769/1769
f 1773/1773/1773 1772/1772/1772 1767/1767/1767
f 1773/1773/1773 1712/1712/1712 1772/1772/1772
f 1773/1773/1773 1710/1710/1710 1712/1712/1712
f 1712/1712/1712 1774/1774/1774 1772/1772/1772
f 1775/1775/1775 1772/1772/1772 1774/1774/1774
f 1778/1778/1778 1777/1777/1777 1776/1776/1776
f 1777/1777/1777 1779/1779/1779 1776/1776/1776
f 1782/1782/1782 1781/1781/1781 1780/1780/1780
f 1783/1783/1783 1780/1780/1780 1781/1781/1781
f 1781/1781/1781 1784/1784/1784 1783/1783/1783
f 1785/1785/1785 1783/1783/1783 1784/1784/1784
f 1784/1784/1784 1786/1786/1786 1785/1785/1785
f 1787/1787/1787 1785/1785/1785 1786/1786/1786
f 1790/1790/1790 1789/1789/1789 1788/1788/1788
f 1791/1791/1791 1788/1788/1788 1789/1789/1789
f 1791/1791/1791 1792/1792/1792 1788/1788/1788
f 1792/1792/1792 1793/1793/1793 1788/1788/1788
f 1792/1792/1792 1794/1794/1794 1793/1793/1793
f 1793/1793/1793 1794/1794/1794 1795/1795/1795
f 1796/1796/1796 1795/1795/1795 1794/1794/1794
f 1799/1799/1799 1798/1798/1798 1797/1797/1797
f 1800/1800/1800 1797/1797/1797 1798/1798/1798
f 1803/1803/1803 1802/1802/1802 1801/1801/1801
f 1804/1804/1804 1801/1801/1801 1802/1802/1802
f 1802/1802/1802 1805/1805/1805 1804/1804/1804
f 1806/1806/1806 1804/1804/1804 1805/1805/1805
f 1805/1805/1805 1807/1807/1807 1806/1806/1806
f 1808/1808/1808 1806/1806/1806 1807/1807/1807
f 1801/1801/1801 1810/1810/1810 1809/1809/1809
f 1811/1811/1811 1809/1809/1809 1810/1810/1810
f 1809/1809/1809 1813/1813/1813 1812/1812/1812
f 1814/1814/1814 1812/1812/1812 1813/1813/1813
f 1817/1817/1817 1816/1816/1816 1815/1815/1815
f 1818/1818/1818 1815/1815/1815 1816/1816/1816
f 1818/1818/1818 1819/1819/1819 1815/1815/1815
f 1818/1818/1818 1820/1820/1820 1819/1819/1819
f 1818/1818/1818 1821/1821/1821 1820/1820/1820
f 1818/1818/1818 1822/1822/1822 1821/1821/1821
f 1818/1818/1818 1823/1823/1823 1822/1822/1822
f 1818/1818/1818 1824/1824/1824 1823/1823/1823
f 1818/1818/1818 1825/1825/1825 1824/1824/1824
f 1818/1818/1818 1826/1826/1826 1825/1825/1825
f 1827/1827/1827 1825/1825/1825 1826/1826/1826
f 1830/1830/1830 1829/1829/1829 1828/1828/1828
f 1831/1831/1831 1828/1828/1828 1829/1829/1829
f 1834/1834/1834 1833/1833/1833 1832/1832/1832
f 1835/1835/1835 1832/1832/1832 1833/1833/1833
f 1835/1835/1835 1836/1836/1836 1832/1832/1832
f 1835/1835/1835 1837/1837/1837 1836/1836/1836
f 1835/1835/1835 1838/1838/1838 1837/1837/1837
f 1835/1835/1835 1839/1839/1839 1838/1838/1838
f 1835/1835/1835 1840/1840/1840 1839/1839/1839
f 1835/1835/1835 1841/1841/1841 1840/1840/1840
f 1835/1835/1835 1842/1842/1842 1841/1841/1841
f 1835/1835/1835 1843/1843/1843 1842/1842/1842
f 1844/1844/1844 1842/1842/1842 1843/1843/1843
f 1847/1847/1847 1846/1846/1846 1845/1845/1845
f 1848/1848/1848 1845/1845/1845 1846/1846/1846
f 1850/1850/1850 1849/1849/1849 1845/1845/1845
f 1851/1851/1851 1845/1845/1845 1849/1849/1849
f 1854/1854/1854 1853/1853/1853 1852/1852/1852
f 1855/1855/1855 1852/1852/1852 1853/1853/1853
f 1852/1852/1852 1855/1855/1855 1856/1856/1856
f 1857/1857/1857 1856/1856/1856 1855/1855/1855
f 1857/1857/1857 1855/1855/1855 1858/1858/1858
f 1859/1859/1859 1858/1858/1858 1855/1855/1855
f 1858/1858/1858 1859/1859/1859 1860/1860/1860
f 1862/1862/1862 1861/1861/1861 1860/1860/1860
f 1863/1863/1863 1860/1860/1860 1861/1861/1861
f 1865/1865/1865 1859/1859/1859 1864/1864/1864
f 1865/1865/1865 1864/1864/1864 1866/1866/1866
f 1867/1867/1867 1866/1866/1866 1864/1864/1864
f 1870/1870/1870 1869/1869/1869 1868/1868/1868
f 1871/1871/1871 1868/1868/1868 1869/1869/1869
f 1874/1874/1874 1873/1873/1873 1872/1872/1872
f 1875/1875/1875 1872/1872/1872 1873/1873/1873
f 1878/1878/1878 1877/1877/1877 1876/1876/1876
f 1879/1879/1879 1876/1876/1876 1877/1877/1877
f 1882/1882/1882 1881/1881/1881 1880/1880/1880
f 1883/1883/1883 1880/1880/1880 1881/1881/1881
f 1886/1886/1886 1885/1885/1885 1884/1884/1884
f 1887/1887/1887 1884/1884/1884 1885/1885/1885
f 1890/1890/1890 1889/1889/1889 1888/1888/1888
f 1891/1891/1891 1888/1888/1888 1889/1889/1889
f 1894/1894/1894 1893/1893/1893 1892/1892/1892
f 1895/1895/1895 1892/1892/1892 1893/1893/1893
f 1898/1898/1898 1897/1897/1897 1896/1896/1896
f 1899/1899/1899 1896/1896/1896 1897/1897/1897
f 1902/1902/1902 1901/1901/1901 1900/1900/1900
f 1903/1903/1903 1900/1900/1900 1901/1901/1901
f 1906/1906/1906 1905/1905/1905 1904/1904/1904
f 1907/1907/1907 1904/1904/1904 1905/1905/1905
f 1910/1910/1910 1909/1909/1909 1908/1908/1908
f 1910/1910/1910 1911/1911/1911 1909/1909/1909
f 1914/1914/1914 1913/1913/1913 1912/1912/1912
f 1913/1913/1913 1915/1915/1915 1912/1912/1912
f 1916/1916/1916 1915/1915/1915 1913/1913/1913
f 1912/1912/1912 1915/1915/1915 1917/1917/1917
f 1917/1917/1917 1915/1915/1915 1918/1918/1918
f 1919/1919/1919 1918/1918/1918 1915/1915/1915
f 1919/1919/1919 1920/1920/1920 1918/1918/1918
f 1921/1921/1921 1918/1918/1918 1920/1920/1920
f 1924/1924/1924 1923/1923/1923 1922/1922/1922
f 1925/1925/1925 1922/1922/1922 1923/1923/1923
f 1928/1928/1928 1927/1927/1927 1926/1926/1926
f 1929/1929/1929 1926/1926/1926 1927/1927/1927
f 1926/1926/1926 1929/1929/1929 1930/1930/1930
f 1931/1931/1931 1930/1930/1930 1929/1929/1929
f 1934/1934/1934 1933/1933/1933 1932/1932/1932
f 1935/1935/1935 1932/1932/1932 1933/1933/1933
f 1938/1938/1938 1937/1937/1937 1936/1936/1936
f 1936/1936/1936 1939/1939/1939 1938/1938/1938
f 1940/1940/1940 1938/1938/1938 1939/1939/1939
f 1940/1940/1940 1941/1941/1941 1938/1938/1938
f 1940/1940/1940 1939/1939/1939 1942/1942/1942
f 1940/1940/1940 1942/1942/1942 1943/1943/1943
f 1944/1944/1944 1943/1943/1943 1942/1942/1942
f 1942/1942/1942 1945/1945/1945 1944/1944/1944
f 1948/1948/1948 1947/1947/1947 1946/1946/1946
f 1949/1949/1949 1946/1946/1946 1947/1947/1947
f 1952/1952/1952 1951/1951/1951 1950/1950/1950
f 1953/1953/1953 1950/1950/1950 1951/1951/1951
f 1950/1950/1950 1953/1953/1953 1954/1954/1954
f 1955/1955/1955 1954/1954/1954 1953/1953/1953
f 1954/1954/1954 1955/1955/1955 1956/1956/1956
f 1957/1957/1957 1956/1956/1956 1955/1955/1955
f 1957/1957/1957 1958/1958/1958 1956/1956/1956
f 1958/1958/1958 1957/1957/1957 1959/1959/1959
f 1960/1960/1960 1959/1959/1959 1957/1957/1957
f 1960/1960/1960 1961/1961/1961 1959/1959/1959
f 1959/1959/1959 1961/1961/1961 1599/1599/1599
f 1961/1961/1961 1960/1960/1960 1962/1962/1962
f 1963/1963/1963 1962/1962/1962 1960/1960/1960
f 1962/1962/1962 1963/1963/1963 1964/1964/1964
f 1965/1965/1965 1964/1964/1964 1963/1963/1963
f 1964/1964/1964 1965/1965/1965 1966/1966/1966
f 1967/1967/1967 1966/1966/1966 1965/1965/1965
f 1968/1968/1968 1599/1599/1599 1961/1961/1961
f 1599/1599/1599 1968/1968/1968 1600/1600/1600
f 1600/1600/1600 1968/1968/1968 1969/1969/1969
f 1970/1970/1970 1969/1969/1969 1968/1968/1968
f 1969/1969/1969 1970/1970/1970 1971/1971/1971
f 1972/1972/1972 1971/1971/1971 1970/1970/1970
f 1971/1971/1971 1972/1972/1972 1973/1973/1973
f 1974/1974/1974 1973/1973/1973 1972/1972/1972
f 1973/1973/1973 1974/1974/1974 1975/1975/1975
f 1976/1976/1976 1975/1975/1975 1974/1974/1974
f 1979/1979/1979 1978/1978/1978 1977/1977/1977
f 1980/1980/1980 1977/1977/1977 1978/1978/1978
f 1977/1977/1977 1980/1980/1980 1981/1981/1981
f 1980/1980/1980 1978/1978/1978 1982/1982/1982
f 1982/1982/1982 1981/1981/1981 1980/1980/1980
f 1981/1981/1981 1982/1982/1982 1983/1983/1983
f 1984/1984/1984 1983/1983/1983 1982/1982/1982
f 1983/1983/1983 1984/1984/1984 1985/1985/1985
f 1986/1986/1986 1985/1985/1985 1984/1984/1984
f 1985/1985/1985 1986/1986/1986 1987/1987/1987
f 1988/1988/1988 1987/1987/1987 1986/1986/1986
f 1987/1987/1987 1988/1988/1988 1612/1612/1612
f 1989/1989/1989 1612/1612/1612 1988/1988/1988
f 1612/1612/1612 1989/1989/1989 1610/1610/1610
f 1990/1990/1990 1610/1610/1610 1989/1989/1989
f 1610/1610/1610 1990/1990/1990 1991/1991/1991
f 1992/1992/1992 1991/1991/1991 1990/1990/1990
f 1993/1993/1993 1991/1991/1991 1992/1992/1992
f 1992/1992/1992 1994/1994/1994 1993/1993/1993
f 1995/1995/1995 1993/1993/1993 1994/1994/1994
f 1995/1995/1995 1994/1994/1994 1996/1996/1996
f 1997/1997/1997 1996/1996/1996 1994/1994/1994
f 1997/1997/1997 1998/1998/1998 1996/1996/1996
f 1996/1996/1996 1998/1998/1998 1999/1999/1999
f 1997/1997/1997 2000/2000/2000 1998/1998/1998
f 2001/2001/2001 1999/1999/1999 1998/1998/1998
f 2002/2002/2002 1998/1998/1998 2000/2000/2000
f 1999/1999/1999 2001/2001/2001 2003/2003/2003
f 2000/2000/2000 2003/2003/2003 2002/2002/2002
f 2004/2004/2004 2003/2003/2003 2001/2001/2001
f 2004/2004/2004 2002/2002/2002 2003/2003/2003
f 2007/2007/2007 2006/2006/2006 2005/2005/2005
f 2008/2008/2008 2005/2005/2005 2006/2006/2006
f 2005/2005/2005 2008/2008/2008 2009/2009/2009
f 2010/2010/2010 2009/2009/2009 2008/2008/2008
f 2009/2009/2009 2010/2010/2010 2011/2011/2011
f 2012/2012/2012 2011/2011/2011 2010/2010/2010
f 2011/2011/2011 2012/2012/2012 2013/2013/2013
f 2014/2014/2014 2013/2013/2013 2012/2012/2012
f 2013/2013/2013 2014/2014/2014 2015/2015/2015
f 2016/2016/2016 2015/2015/2015 2014/2014/2014
f 2015/2015/2015 2016/2016/2016 2017/2017/2017
f 2018/2018/2018 2017/2017/2017 2016/2016/2016
f 2017/2017/2017 2018/2018/2018 2019/2019/2019
f 2020/2020/2020 2019/2019/2019 2018/2018/2018
f 2019/2019/2019 2020/2020/2020 2021/2021/2021
f 2022/2022/2022 2021/2021/2021 2020/2020/2020
f 2021/2021/2021 2022/2022/2022 2023/2023/2023
f 2024/2024/2024 2023/2023/2023 2022/2022/2022
f 2010/2010/2010 2025/2025/2025 2012/2012/2012
f 2012/2012/2012 2026/2026/2026 2014/2014/2014
f 2026/2026/2026 2012/2012/2012 2025/2025/2025
f 2025/2025/2025 2027/2027/2027 2026/2026/2026
f 2026/2026/2026 2027/2027/2027 2028/2028/2028
f 2028/2028/2028 2014/2014/2014 2026/2026/2026
f 2014/2014/2014 2028/2028/2028 2016/2016/2016
f 2029/2029/2029 2027/2027/2027 2025/2025/2025
f 2025/2025/2025 2010/2010/2010 2029/2029/2029
f 2008/2008/2008 2029/2029/2029 2010/2010/2010
f 2030/2030/2030 2016/2016/2016 2028/2028/2028
f 2028/2028/2028 2027/2027/2027 2030/2030/2030
f 2016/2016/2016 2030/2030/2030 2018/2018/2018
f 2029/2029/2029 2008/2008/2008 2031/2031/2031
f 2031/2031/2031 2027/2027/2027 2029/2029/2029
f 2006/2006/2006 2031/2031/2031 2008/2008/2008
f 2032/2032/2032 2018/2018/2018 2030/2030/2030
f 2030/2030/2030 2027/2027/2027 2032/2032/2032
f 2018/2018/2018 2032/2032/2032 2020/2020/2020
f 2031/2031/2031 2006/2006/2006 2033/2033/2033
f 2033/2033/2033 2027/2027/2027 2031/2031/2031
f 2024/2024/2024 2033/2033/2033 2006/2006/2006
f 2034/2034/2034 2020/2020/2020 2032/2032/2032
f 2032/2032/2032 2027/2027/2027 2034/2034/2034
f 2020/2020/2020 2034/2034/2034 2022/2022/2022
f 2033/2033/2033 2024/2024/2024 2035/2035/2035
f 2035/2035/2035 2027/2027/2027 2033/2033/2033
f 2022/2022/2022 2035/2035/2035 2024/2024/2024
f 2035/2035/2035 2022/2022/2022 2034/2034/2034
f 2034/2034/2034 2027/2027/2027 2035/2035/2035
f 2038/2038/2038 2037/2037/2037 2036/2036/2036
f 2039/2039/2039 2036/2036/2036 2037/2037/2037
f 2042/2042/2042 2041/2041/2041 2040/2040/2040
f 2043/2043/2043 2040/2040/2040 2041/2041/2041
f 2044/2044/2044 2043/2043/2043 2041/2041/2041
f 2040/2040/2040 2043/2043/2043 2045/2045/2045
f 2046/2046/2046 2044/2044/2044 2041/2041/2041
f 2044/2044/2044 2046/2046/2046 2047/2047/2047
f 2048/2048/2048 2047/2047/2047 2046/2046/2046
f 2047/2047/2047 2049/2049/2049 2044/2044/2044
f 2045/2045/2045 2043/2043/2043 2050/2050/2050
f 2045/2045/2045 2050/2050/2050 2051/2051/2051
f 2051/2051/2051 2050/2050/2050 2052/2052/2052
f 2052/2052/2052 2053/2053/2053 2049/2049/2049
f 2053/2053/2053 2044/2044/2044 2049/2049/2049
f 2050/2050/2050 2053/2053/2053 2052/2052/2052
f 2050/2050/2050 2043/2043/2043 2054/2054/2054
f 2043/2043/2043 2044/2044/2044 2055/2055/2055
f 2055/2055/2055 2054/2054/2054 2043/2043/2043
f 2053/2053/2053 2050/2050/2050 2056/2056/2056
f 2054/2054/2054 2056/2056/2056 2050/2050/2050
f 2044/2044/2044 2053/2053/2053 2057/2057/2057
f 2057/2057/2057 2055/2055/2055 2044/2044/2044
f 2056/2056/2056 2057/2057/2057 2053/2053/2053
f 2055/2055/2055 2058/2058/2058 2054/2054/2054
f 2057/2057/2057 2059/2059/2059 2055/2055/2055
f 2058/2058/2058 2055/2055/2055 2059/2059/2059
f 2054/2054/2054 2060/2060/2060 2056/2056/2056
f 2060/2060/2060 2054/2054/2054 2058/2058/2058
f 2056/2056/2056 2061/2061/2061 2057/2057/2057
f 2059/2059/2059 2057/2057/2057 2061/2061/2061
f 2061/2061/2061 2056/2056/2056 2060/2060/2060
f 2060/2060/2060 2058/2058/2058 2062/2062/2062
f 2058/2058/2058 2059/2059/2059 2063/2063/2063
f 2063/2063/2063 2062/2062/2062 2058/2058/2058
f 2061/2061/2061 2060/2060/2060 2064/2064/2064
f 2062/2062/2062 2064/2064/2064 2060/2060/2060
f 2059/2059/2059 2061/2061/2061 2065/2065/2065
f 2065/2065/2065 2063/2063/2063 2059/2059/2059
f 2064/2064/2064 2065/2065/2065 2061/2061/2061
f 2065/2065/2065 2066/2066/2066 2063/2063/2063
f 2063/2063/2063 2067/2067/2067 2062/2062/2062
f 2067/2067/2067 2063/2063/2063 2066/2066/2066
f 2062/2062/2062 2068/2068/2068 2064/2064/2064
f 2068/2068/2068 2062/2062/2062 2067/2067/2067
f 2064/2064/2064 2069/2069/2069 2065/2065/2065
f 2066/2066/2066 2065/2065/2065 2069/2069/2069
f 2069/2069/2069 2064/2064/2064 2068/2068/2068
f 2069/2069/2069 2070/2070/2070 2066/2066/2066
f 2069/2069/2069 2071/2071/2071 2070/2070/2070
f 2069/2069/2069 2068/2068/2068 2071/2071/2071
f 2068/2068/2068 2072/2072/2072 2071/2071/2071
f 2068/2068/2068 2073/2073/2073 2072/2072/2072
f 2067/2067/2067 2073/2073/2073 2068/2068/2068
f 2067/2067/2067 2074/2074/2074 2073/2073/2073
f 2075/2075/2075 2066/2066/2066 2070/2070/2070
f 2067/2067/2067 2076/2076/2076 2074/2074/2074
f 2067/2067/2067 2066/2066/2066 2076/2076/2076
f 2077/2077/2077 2074/2074/2074 2076/2076/2076
f 2066/2066/2066 2078/2078/2078 2076/2076/2076
f 2066/2066/2066 2075/2075/2075 2078/2078/2078
f 2079/2079/2079 2078/2078/2078 2075/2075/2075
f 2082/2082/2082 2081/2081/2081 2080/2080/2080
f 2083/2083/2083 2081/2081/2081 2082/2082/2082
f 2081/2081/2081 2083/2083/2083 2084/2084/2084
f 2084/2084/2084 2085/2085/2085 2081/2081/2081
f 2086/2086/2086 2081/2081/2081 2085/2085/2085
f 2085/2085/2085 2087/2087/2087 2086/2086/2086
f 2088/2088/2088 2086/2086/2086 2087/2087/2087
f 2084/2084/2084 2083/2083/2083 2089/2089/2089
f 2087/2087/2087 2090/2090/2090 2088/2088/2088
f 2091/2091/2091 2089/2089/2089 2083/2083/2083
f 2092/2092/2092 2088/2088/2088 2090/2090/2090
f 2091/2091/2091 2093/2093/2093 2089/2089/2089
f 2093/2093/2093 2091/2091/2091 2094/2094/2094
f 2093/2093/2093 2094/2094/2094 2095/2095/2095
f 2089/2089/2089 2093/2093/2093 2096/2096/2096
f 2097/2097/2097 2096/2096/2096 2093/2093/2093
f 2096/2096/2096 2097/2097/2097 2098/2098/2098
f 2099/2099/2099 2098/2098/2098 2097/2097/2097
f 2098/2098/2098 2099/2099/2099 2100/2100/2100
f 2101/2101/2101 2100/2100/2100 2099/2099/2099
f 2092/2092/2092 2090/2090/2090 2102/2102/2102
f 2090/2090/2090 2100/2100/2100 2102/2102/2102
f 2102/2102/2102 2103/2103/2103 2092/2092/2092
f 2104/2104/2104 2102/2102/2102 2100/2100/2100
f 2100/2100/2100 2101/2101/2101 2104/2104/2104
f 2105/2105/2105 2092/2092/2092 2103/2103/2103
f 2104/2104/2104 2101/2101/2101 2106/2106/2106
f 2103/2103/2103 2107/2107/2107 2105/2105/2105
f 2108/2108/2108 2106/2106/2106 2101/2101/2101
f 2105/2105/2105 2107/2107/2107 2109/2109/2109
f 2107/2107/2107 2110/2110/2110 2109/2109/2109
f 2111/2111/2111 2109/2109/2109 2110/2110/2110
f 2112/2112/2112 2106/2106/2106 2108/2108/2108
f 2112/2112/2112 2108/2108/2108 2113/2113/2113
f 2112/2112/2112 2113/2113/2113 2114/2114/2114
f 2115/2115/2115 2114/2114/2114 2113/2113/2113
f 2118/2118/2118 2117/2117/2117 2116/2116/2116
f 2119/2119/2119 2116/2116/2116 2117/2117/2117
f 2116/2116/2116 2119/2119/2119 2120/2120/2120
f 2121/2121/2121 2120/2120/2120 2119/2119/2119
f 2120/2120/2120 2121/2121/2121 2122/2122/2122
f 2123/2123/2123 2122/2122/2122 2121/2121/2121
f 2126/2126/2126 2125/2125/2125 2124/2124/2124
f 2127/2127/2127 2124/2124/2124 2125/2125/2125
f 2127/2127/2127 2125/2125/2125 2128/2128/2128
f 2129/2129/2129 2128/2128/2128 2125/2125/2125
f 2129/2129/2129 2130/2130/2130 2128/2128/2128
f 2131/2131/2131 2128/2128/2128 2130/2130/2130
f 2134/2134/2134 2133/2133/2133 2132/2132/2132
f 2135/2135/2135 2132/2132/2132 2133/2133/2133
f 2138/2138/2138 2137/2137/2137 2136/2136/2136
f 2139/2139/2139 2136/2136/2136 2137/2137/2137
f 2137/2137/2137 2140/2140/2140 2139/2139/2139
f 2141/2141/2141 2139/2139/2139 2140/2140/2140
f 2142/2142/2142 2139/2139/2139 2141/2141/2141
f 2139/2139/2139 2142/2142/2142 2136/2136/2136
f 2143/2143/2143 2136/2136/2136 2142/2142/2142
f 2146/2146/2146 2145/2145/2145 2144/2144/2144
f 2147/2147/2147 2144/2144/2144 2145/2145/2145
f 2144/2144/2144 2147/2147/2147 2148/2148/2148
f 2149/2149/2149 2148/2148/2148 2147/2147/2147
f 2149/2149/2149 2147/2147/2147 2150/2150/2150
f 2147/2147/2147 2145/2145/2145 2150/2150/2150
f 2151/2151/2151 2150/2150/2150 2145/2145/2145
f 2154/2154/2154 2153/2153/2153 2152/2152/2152
f 2152/2152/2152 2153/2153/2153 2155/2155/2155
f 2152/2152/2152 2155/2155/2155 2156/2156/2156
f 2155/2155/2155 2153/2153/2153 2157/2157/2157
f 2158/2158/2158 2156/2156/2156 2155/2155/2155
f 2156/2156/2156 2158/2158/2158 2159/2159/2159
f 2160/2160/2160 2159/2159/2159 2158/2158/2158
f 2153/2153/2153 2161/2161/2161 2157/2157/2157
f 2162/2162/2162 2157/2157/2157 2161/2161/2161
f 2163/2163/2163 2162/2162/2162 2161/2161/2161
f 2164/2164/2164 2163/2163/2163 2161/2161/2161
f 2165/2165/2165 2162/2162/2162 2163/2163/2163
f 2165/2165/2165 2163/2163/2163 2166/2166/2166
f 2167/2167/2167 2166/2166/2166 2163/2163/2163
f 2166/2166/2166 2167/2167/2167 2168/2168/2168
f 2169/2169/2169 2168/2168/2168 2167/2167/2167
f 2172/2172/2172 2171/2171/2171 2170/2170/2170
f 2171/2171/2171 2173/2173/2173 2170/2170/2170
f 2173/2173/2173 2174/2174/2174 2170/2170/2170
f 2175/2175/2175 2173/2173/2173 2171/2171/2171
f 2171/2171/2171 2176/2176/2176 2175/2175/2175
f 2177/2177/2177 2175/2175/2175 2176/2176/2176
f 2178/2178/2178 2170/2170/2170 2174/2174/2174
f 2174/2174/2174 2179/2179/2179 2178/2178/2178
f 2178/2178/2178 2179/2179/2179 2180/2180/2180
f 2181/2181/2181 2178/2178/2178 2180/2180/2180
f 2180/2180/2180 2179/2179/2179 2182/2182/2182
f 2183/2183/2183 2182/2182/2182 2179/2179/2179
f 2186/2186/2186 2185/2185/2185 2184/2184/2184
f 2187/2187/2187 2184/2184/2184 2185/2185/2185
f 2185/2185/2185 2188/2188/2188 2187/2187/2187
f 2189/2189/2189 2187/2187/2187 2188/2188/2188
f 2188/2188/2188 2190/2190/2190 2189/2189/2189
f 2191/2191/2191 2189/2189/2189 2190/2190/2190
f 2191/2191/2191 2190/2190/2190 2192/2192/2192
f 2193/2193/2193 2192/2192/2192 2190/2190/2190
f 2196/2196/2196 2195/2195/2195 2194/2194/2194
f 2197/2197/2197 2194/2194/2194 2195/2195/2195
f 2195/2195/2195 2198/2198/2198 2197/2197/2197
f 2199/2199/2199 2197/2197/2197 2198/2198/2198
f 2198/2198/2198 2200/2200/2200 2199/2199/2199
f 2198/2198/2198 2201/2201/2201 2200/2200/2200
f 2200/2200/2200 2202/2202/2202 2199/2199/2199
f 2203/2203/2203 2199/2199/2199 2202/2202/2202
f 2202/2202/2202 2204/2204/2204 2203/2203/2203
f 2205/2205/2205 2203/2203/2203 2204/2204/2204
f 2204/2204/2204 2206/2206/2206 2205/2205/2205
f 2207/2207/2207 2205/2205/2205 2206/2206/2206
f 2208/2208/2208 2200/2200/2200 2201/2201/2201
f 2209/2209/2209 2208/2208/2208 2201/2201/2201
f 2201/2201/2201 2210/2210/2210 2209/2209/2209
f 2209/2209/2209 2211/2211/2211 2208/2208/2208
f 2212/2212/2212 2209/2209/2209 2210/2210/2210
f 2213/2213/2213 2208/2208/2208 2211/2211/2211
f 2210/2210/2210 2214/2214/2214 2212/2212/2212
f 2215/2215/2215 2212/2212/2212 2214/2214/2214
f 2214/2214/2214 2216/2216/2216 2215/2215/2215
f 2211/2211/2211 2217/2217/2217 2213/2213/2213
f 2218/2218/2218 2213/2213/2213 2217/2217/2217
f 2217/2217/2217 2219/2219/2219 2218/2218/2218
f 2220/2220/2220 2215/2215/2215 2216/2216/2216
f 2221/2221/2221 2220/2220/2220 2216/2216/2216
f 2217/2217/2217 2222/2222/2222 2219/2219/2219
f 2223/2223/2223 2219/2219/2219 2222/2222/2222
f 2221/2221/2221 2224/2224/2224 2220/2220/2220
f 2223/2223/2223 2222/2222/2222 2225/2225/2225
f 2226/2226/2226 2225/2225/2225 2222/2222/2222
f 2226/2226/2226 2227/2227/2227 2225/2225/2225
f 2228/2228/2228 2225/2225/2225 2227/2227/2227
f 2227/2227/2227 2229/2229/2229 2228/2228/2228
f 2229/2229/2229 2220/2220/2220 2224/2224/2224
f 2230/2230/2230 2228/2228/2228 2229/2229/2229
f 2229/2229/2229 2224/2224/2224 2230/2230/2230
f 2224/2224/2224 2231/2231/2231 2230/2230/2230
f 2232/2232/2232 2230/2230/2230 2231/2231/2231
f 2231/2231/2231 2233/2233/2233 2232/2232/2232
f 2231/2231/2231 2234/2234/2234 2233/2233/2233
f 2233/2233/2233 2235/2235/2235 2232/2232/2232
f 2236/2236/2236 2233/2233/2233 2234/2234/2234
f 2234/2234/2234 2237/2237/2237 2236/2236/2236
f 2238/2238/2238 2236/2236/2236 2237/2237/2237
f 2239/2239/2239 2232/2232/2232 2235/2235/2235
f 2235/2235/2235 2240/2240/2240 2239/2239/2239
f 2241/2241/2241 2239/2239/2239 2240/2240/2240
f 2240/2240/2240 2242/2242/2242 2241/2241/2241
f 2243/2243/2243 2241/2241/2241 2242/2242/2242
f 2246/2246/2246 2245/2245/2245 2244/2244/2244
f 2247/2247/2247 2244/2244/2244 2245/2245/2245
f 2247/2247/2247 2248/2248/2248 2244/2244/2244
f 2249/2249/2249 2244/2244/2244 2248/2248/2248
f 2249/2249/2249 2248/2248/2248 2250/2250/2250
f 2251/2251/2251 2250/2250/2250 2248/2248/2248
f 2254/2254/2254 2253/2253/2253 2252/2252/2252
f 2255/2255/2255 2252/2252/2252 2253/2253/2253
f 2258/2258/2258 2257/2257/2257 2256/2256/2256
f 2259/2259/2259 2256/2256/2256 2257/2257/2257
f 2262/2262/2262 2261/2261/2261 2260/2260/2260
f 2263/2263/2263 2260/2260/2260 2261/2261/2261
f 2266/2266/2266 2265/2265/2265 2264/2264/2264
f 2265/2265/2265 2267/2267/2267 2264/2264/2264
f 2264/2264/2264 2267/2267/2267 2268/2268/2268
f 2269/2269/2269 2267/2267/2267 2265/2265/2265
f 2270/2270/2270 2267/2267/2267 2269/2269/2269
f 2271/2271/2271 2269/2269/2269 2265/2265/2265
f 2271/2271/2271 2265/2265/2265 2272/2272/2272
f 2273/2273/2273 2272/2272/2272 2265/2265/2265
f 2273/2273/2273 2274/2274/2274 2272/2272/2272
f 2275/2275/2275 2272/2272/2272 2274/2274/2274
f 2278/2278/2278 2277/2277/2277 2276/2276/2276
f 2276/2276/2276 2277/2277/2277 2279/2279/2279
f 2277/2277/2277 2280/2280/2280 2279/2279/2279
f 2281/2281/2281 2280/2280/2280 2277/2277/2277
f 2284/2284/2284 2283/2283/2283 2282/2282/2282
f 2285/2285/2285 2282/2282/2282 2283/2283/2283
f 2282/2282/2282 2285/2285/2285 2286/2286/2286
f 2287/2287/2287 2286/2286/2286 2285/2285/2285
f 2286/2286/2286 2287/2287/2287 2288/2288/2288
f 2289/2289/2289 2288/2288/2288 2287/2287/2287
f 2288/2288/2288 2289/2289/2289 2290/2290/2290
f 2291/2291/2291 2290/2290/2290 2289/2289/2289
f 2290/2290/2290 2291/2291/2291 2292/2292/2292
f 2293/2293/2293 2292/2292/2292 2291/2291/2291
f 2292/2292/2292 2293/2293/2293 2294/2294/2294
f 2295/2295/2295 2294/2294/2294 2293/2293/2293
f 2295/2295/2295 2296/2296/2296 2294/2294/2294
f 2297/2297/2297 2294/2294/2294 2296/2296/2296
f 2300/2300/2300 2299/2299/2299 2298/2298/2298
f 2301/2301/2301 2298/2298/2298 2299/2299/2299
f 2302/2302/2302 2301/2301/2301 2299/2299/2299
f 2303/2303/2303 2302/2302/2302 2299/2299/2299
f 2304/2304/2304 2301/2301/2301 2302/2302/2302
f 2305/2305/2305 2304/2304/2304 2302/2302/2302
f 2308/2308/2308 2307/2307/2307 2306/2306/2306
f 2309/2309/2309 2306/2306/2306 2307/2307/2307
f 2309/2309/2309 2307/2307/2307 2310/2310/2310
f 2311/2311/2311 2310/2310/2310 2307/2307/2307
f 2307/2307/2307 2312/2312/2312 2311/2311/2311
f 2313/2313/2313 2311/2311/2311 2312/2312/2312
f 2312/2312/2312 2314/2314/2314 2313/2313/2313
f 2315/2315/2315 2313/2313/2313 2314/2314/2314
f 2314/2314/2314 2316/2316/2316 2315/2315/2315
f 2317/2317/2317 2315/2315/2315 2316/2316/2316
f 2316/2316/2316 2318/2318/2318 2317/2317/2317
f 2319/2319/2319 2317/2317/2317 2318/2318/2318
f 2318/2318/2318 2320/2320/2320 2319/2319/2319
f 2321/2321/2321 2319/2319/2319 2320/2320/2320
f 2320/2320/2320 2322/2322/2322 2321/2321/2321
f 2323/2323/2323 2321/2321/2321 2322/2322/2322
f 2311/2311/2311 2324/2324/2324 2310/2310/2310
f 2322/2322/2322 2325/2325/2325 2323/2323/2323
f 2324/2324/2324 2323/2323/2323 2325/2325/2325
f 2326/2326/2326 2310/2310/2310 2324/2324/2324
f 2326/2326/2326 2324/2324/2324 2327/2327/2327
f 2325/2325/2325 2327/2327/2327 2324/2324/2324
f 2325/2325/2325 2328/2328/2328 2327/2327/2327
f 2329/2329/2329 2327/2327/2327 2328/2328/2328
f 2332/2332/2332 2331/2331/2331 2330/2330/2330
f 2333/2333/2333 2330/2330/2330 2331/2331/2331
f 2330/2330/2330 2333/2333/2333 2334/2334/2334
f 2335/2335/2335 2334/2334/2334 2333/2333/2333
f 2334/2334/2334 2335/2335/2335 2336/2336/2336
f 2337/2337/2337 2336/2336/2336 2335/2335/2335
f 2336/2336/2336 2337/2337/2337 2338/2338/2338
f 2339/2339/2339 2338/2338/2338 2337/2337/2337
f 2339/2339/2339 2340/2340/2340 2338/2338/2338
f 2341/2341/2341 2338/2338/2338 2340/2340/2340
f 2341/2341/2341 2340/2340/2340 2342/2342/2342
f 2343/2343/2343 2342/2342/2342 2340/2340/2340
f 2346/2346/2346 2345/2345/2345 2344/2344/2344
f 2347/2347/2347 2344/2344/2344 2345/2345/2345
f 2344/2344/2344 2347/2347/2347 2348/2348/2348
f 2349/2349/2349 2348/2348/2348 2347/2347/2347
f 2349/2349/2349 2350/2350/2350 2348/2348/2348
f 2351/2351/2351 2348/2348/2348 2350/2350/2350
f 2351/2351/2351 2350/2350/2350 2352/2352/2352
f 2353/2353/2353 2352/2352/2352 2350/2350/2350
f 2353/2353/2353 2354/2354/2354 2352/2352/2352
f 2355/2355/2355 2352/2352/2352 2354/2354/2354
f 2355/2355/2355 2354/2354/2354 2356/2356/2356
f 2357/2357/2357 2356/2356/2356 2354/2354/2354
f 2356/2356/2356 2357/2357/2357 2358/2358/2358
f 2359/2359/2359 2358/2358/2358 2357/2357/2357
f 2358/2358/2358 2359/2359/2359 2360/2360/2360
f 2361/2361/2361 2360/2360/2360 2359/2359/2359
f 2361/2361/2361 2362/2362/2362 2360/2360/2360
f 2363/2363/2363 2360/2360/2360 2362/2362/2362
f 2363/2363/2363 2362/2362/2362 2364/2364/2364
f 2365/2365/2365 2364/2364/2364 2362/2362/2362
f 2367/2367/2367 2366/2366/2366 2365/2365/2365
f 2366/2366/2366 2367/2367/2367 2368/2368/2368
f 2369/2369/2369 2368/2368/2368 2367/2367/2367
f 2367/2367/2367 2370/2370/2370 2369/2369/2369
f 2371/2371/2371 2369/2369/2369 2370/2370/2370
f 2370/2370/2370 2372/2372/2372 2371/2371/2371
f 2373/2373/2373 2371/2371/2371 2372/2372/2372
f 2374/2374/2374 2373/2373/2373 2372/2372/2372
f 2373/2373/2373 2374/2374/2374 2375/2375/2375
f 2376/2376/2376 2375/2375/2375 2374/2374/2374
f 2375/2375/2375 2376/2376/2376 2377/2377/2377
f 2378/2378/2378 2377/2377/2377 2376/2376/2376
f 2377/2377/2377 2378/2378/2378 2379/2379/2379
f 2380/2380/2380 2379/2379/2379 2378/2378/2378
f 2380/2380/2380 2381/2381/2381 2379/2379/2379
f 2382/2382/2382 2381/2381/2381 2380/2380/2380
f 2385/2385/2385 2384/2384/2384 2383/2383/2383
f 2386/2386/2386 2383/2383/2383 2384/2384/2384
f 2386/2386/2386 2364/2364/2364 2383/2383/2383
f 2386/2386/2386 2384/2384/2384 2387/2387/2387
f 2388/2388/2388 2387/2387/2387 2384/2384/2384
f 2387/2387/2387 2388/2388/2388 2389/2389/2389
f 2390/2390/2390 2389/2389/2389 2388/2388/2388
f 2390/2390/2390 2391/2391/2391 2389/2389/2389
f 2390/2390/2390 2392/2392/2392 2391/2391/2391
f 2393/2393/2393 2391/2391/2391 2392/2392/2392
f 2392/2392/2392 2394/2394/2394 2393/2393/2393
f 2395/2395/2395 2393/2393/2393 2394/2394/2394
f 2395/2395/2395 2394/2394/2394 2396/2396/2396
f 2394/2394/2394 2397/2397/2397 2396/2396/2396
f 2396/2396/2396 2397/2397/2397 2398/2398/2398
f 2398/2398/2398 2397/2397/2397 2399/2399/2399
f 2402/2402/2402 2401/2401/2401 2400/2400/2400
f 2403/2403/2403 2400/2400/2400 2401/2401/2401
f 2401/2401/2401 2404/2404/2404 2403/2403/2403
f 2405/2405/2405 2403/2403/2403 2404/2404/2404
f 2404/2404/2404 2406/2406/2406 2405/2405/2405
f 2407/2407/2407 2405/2405/2405 2406/2406/2406
f 2406/2406/2406 2408/2408/2408 2407/2407/2407
f 2409/2409/2409 2407/2407/2407 2408/2408/2408
f 2408/2408/2408 2410/2410/2410 2409/2409/2409
f 2411/2411/2411 2409/2409/2409 2410/2410/2410
f 2410/2410/2410 2412/2412/2412 2411/2411/2411
f 2413/2413/2413 2411/2411/2411 2412/2412/2412
f 2412/2412/2412 2414/2414/2414 2413/2413/2413
f 2415/2415/2415 2413/2413/2413 2414/2414/2414
f 2414/2414/2414 2416/2416/2416 2415/2415/2415
f 2417/2417/2417 2415/2415/2415 2416/2416/2416
f 2416/2416/2416 2418/2418/2418 2417/2417/2417
f 2419/2419/2419 2417/2417/2417 2418/2418/2418
f 2418/2418/2418 2420/2420/2420 2419/2419/2419
f 2421/2421/2421 2419/2419/2419 2420/2420/2420
f 2420/2420/2420 2422/2422/2422 2421/2421/2421
f 2423/2423/2423 2421/2421/2421 2422/2422/2422
f 2422/2422/2422 2424/2424/2424 2423/2423/2423
f 2425/2425/2425 2423/2423/2423 2424/2424/2424
f 2424/2424/2424 2426/2426/2426 2425/2425/2425
f 2427/2427/2427 2425/2425/2425 2426/2426/2426
f 2430/2430/2430 2429/2429/2429 2428/2428/2428
f 2431/2431/2431 2428/2428/2428 2429/2429/2429
f 2429/2429/2429 2432/2432/2432 2431/2431/2431
f 2433/2433/2433 2431/2431/2431 2432/2432/2432
f 2432/2432/2432 2434/2434/2434 2433/2433/2433
f 2435/2435/2435 2433/2433/2433 2434/2434/2434
f 2434/2434/2434 2436/2436/2436 2435/2435/2435
f 2436/2436/2436 2437/2437/2437 2435/2435/2435
f 2438/2438/2438 2435/2435/2435 2437/2437/2437
f 2437/2437/2437 2439/2439/2439 2438/2438/2438
f 2440/2440/2440 2438/2438/2438 2439/2439/2439
f 2439/2439/2439 2441/2441/2441 2440/2440/2440
f 2442/2442/2442 2440/2440/2440 2441/2441/2441
f 2441/2441/2441 2443/2443/2443 2442/2442/2442
f 2444/2444/2444 2442/2442/2442 2443/2443/2443
f 2445/2445/2445 2444/2444/2444 2443/2443/2443
f 2445/2445/2445 2446/2446/2446 2444/2444/2444
f 2447/2447/2447 2444/2444/2444 2446/2446/2446
f 2446/2446/2446 2448/2448/2448 2447/2447/2447
f 2449/2449/2449 2447/2447/2447 2448/2448/2448
f 2448/2448/2448 2450/2450/2450 2449/2449/2449
f 2451/2451/2451 2449/2449/2449 2450/2450/2450
f 2451/2451/2451 2450/2450/2450 2452/2452/2452
f 2452/2452/2452 2453/2453/2453 2451/2451/2451
f 2454/2454/2454 2451/2451/2451 2453/2453/2453
f 2453/2453/2453 2455/2455/2455 2454/2454/2454
f 2456/2456/2456 2454/2454/2454 2455/2455/2455
f 2455/2455/2455 2457/2457/2457 2456/2456/2456
f 2458/2458/2458 2456/2456/2456 2457/2457/2457
f 2457/2457/2457 2459/2459/2459 2458/2458/2458
f 2460/2460/2460 2458/2458/2458 2459/2459/2459
f 2460/2460/2460 2459/2459/2459 2461/2461/2461
f 2461/2461/2461 2462/2462/2462 2460/2460/2460
f 2463/2463/2463 2460/2460/2460 2462/2462/2462
f 2462/2462/2462 2464/2464/2464 2463/2463/2463
f 2465/2465/2465 2463/2463/2463 2464/2464/2464
f 2464/2464/2464 2466/2466/2466 2465/2465/2465
f 2467/2467/2467 2465/2465/2465 2466/2466/2466
f 2470/2470/2470 2469/2469/2469 2468/2468/2468
f 2468/2468/2468 2469/2469/2469 2471/2471/2471
f 2472/2472/2472 2471/2471/2471 2469/2469/2469
f 2472/2472/2472 2473/2473/2473 2471/2471/2471
f 2474/2474/2474 2471/2471/2471 2473/2473/2473
f 2475/2475/2475 2474/2474/2474 2473/2473/2473
f 2478/2478/2478 2477/2477/2477 2476/2476/2476
f 2476/2476/2476 2477/2477/2477 2479/2479/2479
f 2480/2480/2480 2479/2479/2479 2477/2477/2477
f 2480/2480/2480 2481/2481/2481 2479/2479/2479
f 2482/2482/2482 2479/2479/2479 2481/2481/2481
f 2483/2483/2483 2482/2482/2482 2481/2481/2481
f 2486/2486/2486 2485/2485/2485 2484/2484/2484
f 2484/2484/2484 2487/2487/2487 2486/2486/2486
f 2488/2488/2488 2486/2486/2486 2487/2487/2487
f 2488/2488/2488 2487/2487/2487 2489/2489/2489
f 2490/2490/2490 2489/2489/2489 2487/2487/2487
f 2490/2490/2490 2491/2491/2491 2489/2489/2489
f 2494/2494/2494 2493/2493/2493 2492/2492/2492
f 2492/2492/2492 2495/2495/2495 2494/2494/2494
f 2496/2496/2496 2494/2494/2494 2495/2495/2495
f 2496/2496/2496 2495/2495/2495 2497/2497/2497
f 2498/2498/2498 2497/2497/2497 2495/2495/2495
f 2498/2498/2498 2499/2499/2499 2497/2497/2497
f 2502/2502/2502 2501/2501/2501 2500/2500/2500
f 2503/2503/2503 2500/2500/2500 2501/2501/2501
f 2503/2503/2503 2504/2504/2504 2500/2500/2500
f 2501/2501/2501 2505/2505/2505 2503/2503/2503
f 2505/2505/2505 2504/2504/2504 2503/2503/2503
f 2506/2506/2506 2500/2500/2500 2504/2504/2504
f 2505/2505/2505 2507/2507/2507 2504/2504/2504
f 2507/2507/2507 2508/2508/2508 2504/2504/2504
f 2506/2506/2506 2504/2504/2504 2509/2509/2509
f 2504/2504/2504 2508/2508/2508 2510/2510/2510
f 2510/2510/2510 2509/2509/2509 2504/2504/2504
f 2508/2508/2508 2511/2511/2511 2510/2510/2510
f 2510/2510/2510 2511/2511/2511 2509/2509/2509
f 2512/2512/2512 2509/2509/2509 2511/2511/2511
f 2515/2515/2515 2514/2514/2514 2513/2513/2513
f 2516/2516/2516 2513/2513/2513 2514/2514/2514
f 2513/2513/2513 2516/2516/2516 2517/2517/2517
f 2518/2518/2518 2517/2517/2517 2516/2516/2516
f 2518/2518/2518 2519/2519/2519 2517/2517/2517
f 2520/2520/2520 2517/2517/2517 2519/2519/2519
f 2519/2519/2519 2521/2521/2521 2520/2520/2520
f 2522/2522/2522 2520/2520/2520 2521/2521/2521
f 2521/2521/2521 2523/2523/2523 2522/2522/2522
f 2524/2524/2524 2522/2522/2522 2523/2523/2523
f 2527/2527/2527 2526/2526/2526 2525/2525/2525
f 2526/2526/2526 2528/2528/2528 2525/2525/2525
f 2528/2528/2528 2529/2529/2529 2525/2525/2525
f 2529/2529/2529 2530/2530/2530 2525/2525/2525
f 2531/2531/2531 2529/2529/2529 2528/2528/2528
f 2529/2529/2529 2531/2531/2531 2532/2532/2532
f 2533/2533/2533 2532/2532/2532 2531/2531/2531
f 2533/2533/2533 2534/2534/2534 2532/2532/2532
f 2532/2532/2532 2534/2534/2534 2535/2535/2535
f 2536/2536/2536 2532/2532/2532 2535/2535/2535
f 2534/2534/2534 2537/2537/2537 2535/2535/2535
f 2537/2537/2537 2538/2538/2538 2535/2535/2535
f 2541/2541/2541 2540/2540/2540 2539/2539/2539
f 2542/2542/2542 2539/2539/2539 2540/2540/2540
f 2545/2545/2545 2544/2544/2544 2543/2543/2543
f 2543/2543/2543 2544/2544/2544 2546/2546/2546
f 2546/2546/2546 2544/2544/2544 2547/2547/2547
f 2547/2547/2547 2544/2544/2544 2548/2548/2548
f 2544/2544/2544 2549/2549/2549 2548/2548/2548
f 2549/2549/2549 2550/2550/2550 2548/2548/2548
f 2549/2549/2549 2551/2551/2551 2550/2550/2550
f 2552/2552/2552 2550/2550/2550 2551/2551/2551
f 2550/2550/2550 2553/2553/2553 2548/2548/2548
f 2548/2548/2548 2553/2553/2553 2554/2554/2554
f 2551/2551/2551 2555/2555/2555 2552/2552/2552
f 2556/2556/2556 2552/2552/2552 2555/2555/2555
f 2554/2554/2554 2553/2553/2553 2557/2557/2557
f 2558/2558/2558 2557/2557/2557 2553/2553/2553
f 2558/2558/2558 2559/2559/2559 2557/2557/2557
f 2560/2560/2560 2557/2557/2557 2559/2559/2559
f 2559/2559/2559 2561/2561/2561 2560/2560/2560
f 2562/2562/2562 2560/2560/2560 2561/2561/2561
f 2561/2561/2561 2563/2563/2563 2562/2562/2562
f 2564/2564/2564 2562/2562/2562 2563/2563/2563
f 2563/2563/2563 2565/2565/2565 2564/2564/2564
f 2566/2566/2566 2564/2564/2564 2565/2565/2565
f 2556/2556/2556 2555/2555/2555 2567/2567/2567
f 2568/2568/2568 2567/2567/2567 2555/2555/2555
f 2565/2565/2565 2569/2569/2569 2566/2566/2566
f 2570/2570/2570 2566/2566/2566 2569/2569/2569
f 2568/2568/2568 2571/2571/2571 2567/2567/2567
f 2570/2570/2570 2569/2569/2569 2571/2571/2571
f 2572/2572/2572 2567/2567/2567 2571/2571/2571
f 2572/2572/2572 2571/2571/2571 2569/2569/2569
f 2575/2575/2575 2574/2574/2574 2573/2573/2573
f 2574/2574/2574 2576/2576/2576 2573/2573/2573
f 2573/2573/2573 2576/2576/2576 2577/2577/2577
f 2579/2579/2579 2578/2578/2578 2573/2573/2573
f 2580/2580/2580 2573/2573/2573 2578/2578/2578
f 2578/2578/2578 2581/2581/2581 2580/2580/2580
f 2582/2582/2582 2580/2580/2580 2581/2581/2581
f 2581/2581/2581 2583/2583/2583 2582/2582/2582
f 2584/2584/2584 2582/2582/2582 2583/2583/2583
f 2583/2583/2583 2585/2585/2585 2584/2584/2584
f 2586/2586/2586 2584/2584/2584 2585/2585/2585
f 2585/2585/2585 2587/2587/2587 2586/2586/2586
f 2588/2588/2588 2586/2586/2586 2587/2587/2587
f 2587/2587/2587 2589/2589/2589 2588/2588/2588
f 2590/2590/2590 2588/2588/2588 2589/2589/2589
f 2589/2589/2589 2591/2591/2591 2590/2590/2590
f 2592/2592/2592 2590/2590/2590 2591/2591/2591
f 2592/2592/2592 2591/2591/2591 2593/2593/2593
f 2594/2594/2594 2593/2593/2593 2591/2591/2591
f 2594/2594/2594 2595/2595/2595 2593/2593/2593
f 2596/2596/2596 2593/2593/2593 2595/2595/2595
f 2595/2595/2595 2597/2597/2597 2596/2596/2596
f 2598/2598/2598 2596/2596/2596 2597/2597/2597
f 2597/2597/2597 2599/2599/2599 2598/2598/2598
f 2600/2600/2600 2598/2598/2598 2599/2599/2599
f 2599/2599/2599 2601/2601/2601 2600/2600/2600
f 2602/2602/2602 2600/2600/2600 2601/2601/2601
f 2605/2605/2605 2604/2604/2604 2603/2603/2603
f 2606/2606/2606 2603/2603/2603 2604/2604/2604
f 2609/2609/2609 2608/2608/2608 2607/2607/2607
f 2610/2610/2610 2607/2607/2607 2608/2608/2608
f 2613/2613/2613 2612/2612/2612 2611/2611/2611
f 2612/2612/2612 2614/2614/2614 2611/2611/2611
f 2611/2611/2611 2614/2614/2614 2615/2615/2615
f 2618/2618/2618 2617/2617/2617 2616/2616/2616
f 2619/2619/2619 2616/2616/2616 2617/2617/2617
f 541/541/541 2621/2621/2621 2620/2620/2620
f 2622/2622/2622 2620/2620/2620 2621/2621/2621
f 2621/2621/2621 2623/2623/2623 2622/2622/2622
f 2620/2620/2620 2622/2622/2622 2624/2624/2624
f 2625/2625/2625 2620/2620/2620 2624/2624/2624
f 2625/2625/2625 2624/2624/2624 2626/2626/2626
f 2627/2627/2627 2626/2626/2626 2624/2624/2624
f 2627/2627/2627 2624/2624/2624 2628/2628/2628
f 2629/2629/2629 2627/2627/2627 2628/2628/2628
f 2622/2622/2622 2623/2623/2623 2630/2630/2630
f 2631/2631/2631 2630/2630/2630 2623/2623/2623
f 2631/2631/2631 2632/2632/2632 2630/2630/2630
f 2622/2622/2622 2633/2633/2633 2624/2624/2624
f 2628/2628/2628 2624/2624/2624 2633/2633/2633
f 2622/2622/2622 2630/2630/2630 2634/2634/2634
f 2633/2633/2633 2622/2622/2622 2634/2634/2634
f 2635/2635/2635 2630/2630/2630 2632/2632/2632
f 2630/2630/2630 2635/2635/2635 2634/2634/2634
f 2632/2632/2632 2636/2636/2636 2635/2635/2635
f 2634/2634/2634 2637/2637/2637 2633/2633/2633
f 2628/2628/2628 2633/2633/2633 2637/2637/2637
f 2628/2628/2628 2638/2638/2638 2629/2629/2629
f 2639/2639/2639 2629/2629/2629 2638/2638/2638
f 2635/2635/2635 2640/2640/2640 2634/2634/2634
f 2634/2634/2634 2640/2640/2640 2637/2637/2637
f 2635/2635/2635 2636/2636/2636 2641/2641/2641
f 607/607/607 2641/2641/2641 2636/2636/2636
f 2635/2635/2635 2641/2641/2641 2642/2642/2642
f 2640/2640/2640 2635/2635/2635 2642/2642/2642
f 2641/2641/2641 2643/2643/2643 2642/2642/2642
f 2643/2643/2643 2644/2644/2644 2642/2642/2642
f 2645/2645/2645 2642/2642/2642 2644/2644/2644
f 2642/2642/2642 2646/2646/2646 2640/2640/2640
f 2645/2645/2645 2646/2646/2646 2642/2642/2642
f 2646/2646/2646 2637/2637/2637 2640/2640/2640
f 2647/2647/2647 2646/2646/2646 2645/2645/2645
f 2637/2637/2637 2646/2646/2646 2648/2648/2648
f 2637/2637/2637 2648/2648/2648 2628/2628/2628
f 2638/2638/2638 2628/2628/2628 2648/2648/2648
f 2648/2648/2648 2649/2649/2649 2638/2638/2638
f 2646/2646/2646 2647/2647/2647 2650/2650/2650
f 2650/2650/2650 2648/2648/2648 2646/2646/2646
f 2648/2648/2648 2650/2650/2650 2649/2649/2649
f 2651/2651/2651 2650/2650/2650 2647/2647/2647
f 2650/2650/2650 2651/2651/2651 2652/2652/2652
f 2652/2652/2652 2649/2649/2649 2650/2650/2650
f 2653/2653/2653 2652/2652/2652 2651/2651/2651
f 2654/2654/2654 2652/2652/2652 2653/2653/2653
f 2654/2654/2654 2649/2649/2649 2652/2652/2652
f 2649/2649/2649 2654/2654/2654 2655/2655/2655
f 2656/2656/2656 2649/2649/2649 2655/2655/2655
f 2657/2657/2657 2638/2638/2638 2649/2649/2649
f 2649/2649/2649 2656/2656/2656 2657/2657/2657
f 2638/2638/2638 2657/2657/2657 2639/2639/2639
f 2657/2657/2657 2656/2656/2656 2658/2658/2658
f 2658/2658/2658 2639/2639/2639 2657/2657/2657
f 752/752/752 757/757/757 2659/2659/2659
f 2660/2660/2660 752/752/752 2659/2659/2659
f 752/752/752 2660/2660/2660 754/754/754
f 2660/2660/2660 2659/2659/2659 2661/2661/2661
f 2660/2660/2660 2661/2661/2661 754/754/754
f 2662/2662/2662 2661/2661/2661 2659/2659/2659
f 2661/2661/2661 2662/2662/2662 2663/2663/2663
f 2664/2664/2664 754/754/754 2661/2661/2661
f 2661/2661/2661 2663/2663/2663 2664/2664/2664
f 2665/2665/2665 2663/2663/2663 2662/2662/2662
f 2666/2666/2666 2664/2664/2664 2663/2663/2663
f 2665/2665/2665 2667/2667/2667 2663/2663/2663
f 2666/2666/2666 2663/2663/2663 2668/2668/2668
f 2669/2669/2669 2663/2663/2663 2667/2667/2667
f 2669/2669/2669 2668/2668/2668 2663/2663/2663
f 2667/2667/2667 2670/2670/2670 2669/2669/2669
f 2668/2668/2668 2669/2669/2669 2671/2671/2671
f 2672/2672/2672 2669/2669/2669 2670/2670/2670
f 2672/2672/2672 2671/2671/2671 2669/2669/2669
f 2670/2670/2670 2673/2673/2673 2672/2672/2672
f 2671/2671/2671 2672/2672/2672 2674/2674/2674
f 2675/2675/2675 2672/2672/2672 2673/2673/2673
f 2675/2675/2675 2674/2674/2674 2672/2672/2672
f 2673/2673/2673 2676/2676/2676 2675/2675/2675
f 2674/2674/2674 2675/2675/2675 2677/2677/2677
f 2678/2678/2678 2675/2675/2675 2676/2676/2676
f 2678/2678/2678 2677/2677/2677 2675/2675/2675
f 2676/2676/2676 2679/2679/2679 2678/2678/2678
f 2677/2677/2677 2678/2678/2678 2680/2680/2680
f 2681/2681/2681 2678/2678/2678 2679/2679/2679
f 2681/2681/2681 2680/2680/2680 2678/2678/2678
f 2679/2679/2679 2682/2682/2682 2681/2681/2681
f 2680/2680/2680 2681/2681/2681 2683/2683/2683
f 2684/2684/2684 2681/2681/2681 2682/2682/2682
f 2684/2684/2684 2683/2683/2683 2681/2681/2681
f 2682/2682/2682 2685/2685/2685 2684/2684/2684
f 2683/2683/2683 2684/2684/2684 2686/2686/2686
f 2687/2687/2687 2684/2684/2684 2685/2685/2685
f 2687/2687/2687 2686/2686/2686 2684/2684/2684
f 2685/2685/2685 2688/2688/2688 2687/2687/2687
f 2686/2686/2686 2687/2687/2687 2689/2689/2689
f 2690/2690/2690 2687/2687/2687 2688/2688/2688
f 2690/2690/2690 2689/2689/2689 2687/2687/2687
f 2688/2688/2688 2691/2691/2691 2690/2690/2690
f 2689/2689/2689 2690/2690/2690 2692/2692/2692
f 2693/2693/2693 2690/2690/2690 2691/2691/2691
f 2693/2693/2693 2692/2692/2692 2690/2690/2690
f 2691/2691/2691 2694/2694/2694 2693/2693/2693
f 2692/2692/2692 2693/2693/2693 2695/2695/2695
f 2696/2696/2696 2693/2693/2693 2694/2694/2694
f 2696/2696/2696 2695/2695/2695 2693/2693/2693
f 2694/2694/2694 2697/2697/2697 2696/2696/2696
f 2695/2695/2695 2696/2696/2696 2698/2698/2698
f 2699/2699/2699 2696/2696/2696 2697/2697/2697
f 2699/2699/2699 2698/2698/2698 2696/2696/2696
f 913/913/913 2701/2701/2701 2700/2700/2700
f 2701/2701/2701 2702/2702/2702 2700/2700/2700
f 2701/2701/2701 2703/2703/2703 2702/2702/2702
f 2704/2704/2704 2702/2702/2702 2703/2703/2703
f 2703/2703/2703 2705/2705/2705 2704/2704/2704
f 2706/2706/2706 2704/2704/2704 2705/2705/2705
f 2706/2706/2706 2705/2705/2705 2707/2707/2707
f 2708/2708/2708 2707/2707/2707 2705/2705/2705
f 2707/2707/2707 2708/2708/2708 2709/2709/2709
f 2710/2710/2710 2709/2709/2709 2708/2708/2708
f 2709/2709/2709 2710/2710/2710 2711/2711/2711
f 2710/2710/2710 1000/1000/1000 2711/2711/2711
f 1978/1978/1978 2713/2713/2713 2712/2712/2712
f 2714/2714/2714 2712/2712/2712 2713/2713/2713
f 2714/2714/2714 2715/2715/2715 2712/2712/2712
f 2712/2712/2712 2715/2715/2715 2716/2716/2716
f 2715/2715/2715 2714/2714/2714 2717/2717/2717
f 2718/2718/2718 2716/2716/2716 2715/2715/2715
f 2719/2719/2719 2717/2717/2717 2714/2714/2714
f 2718/2718/2718 2720/2720/2720 2716/2716/2716
f 2717/2717/2717 2719/2719/2719 2720/2720/2720
f 2721/2721/2721 2716/2716/2716 2720/2720/2720
f 2721/2721/2721 2720/2720/2720 2719/2719/2719
f 2724/2724/2724 2723/2723/2723 2722/2722/2722
f 2724/2724/2724 2722/2722/2722 2725/2725/2725
f 2726/2726/2726 2725/2725/2725 2722/2722/2722
f 2725/2725/2725 2726/2726/2726 2727/2727/2727
f 2728/2728/2728 2727/2727/2727 2726/2726/2726
f 2728/2728/2728 2726/2726/2726 2729/2729/2729
f 2730/2730/2730 2722/2722/2722 2723/2723/2723
f 2723/2723/2723 2731/2731/2731 2730/2730/2730
f 2732/2732/2732 2730/2730/2730 2731/2731/2731
f 2732/2732/2732 2731/2731/2731 2733/2733/2733
f 2733/2733/2733 2734/2734/2734 2732/2732/2732
f 2734/2734/2734 2735/2735/2735 2732/2732/2732
f 2722/2722/2722 2730/2730/2730 2736/2736/2736
f 2722/2722/2722 2736/2736/2736 2726/2726/2726
f 2737/2737/2737 2736/2736/2736 2730/2730/2730
f 2737/2737/2737 2730/2730/2730 2732/2732/2732
f 2736/2736/2736 2738/2738/2738 2726/2726/2726
f 2736/2736/2736 2737/2737/2737 2738/2738/2738
f 2726/2726/2726 2739/2739/2739 2729/2729/2729
f 2739/2739/2739 2726/2726/2726 2738/2738/2738
f 2737/2737/2737 2732/2732/2732 2740/2740/2740
f 2740/2740/2740 2738/2738/2738 2737/2737/2737
f 2732/2732/2732 2735/2735/2735 2741/2741/2741
f 2741/2741/2741 2740/2740/2740 2732/2732/2732
f 2729/2729/2729 2739/2739/2739 2742/2742/2742
f 2742/2742/2742 2743/2743/2743 2729/2729/2729
f 2743/2743/2743 2742/2742/2742 2744/2744/2744
f 2739/2739/2739 2738/2738/2738 2745/2745/2745
f 2739/2739/2739 2745/2745/2745 2742/2742/2742
f 2745/2745/2745 2744/2744/2744 2742/2742/2742
f 2746/2746/2746 2745/2745/2745 2738/2738/2738
f 2744/2744/2744 2745/2745/2745 2747/2747/2747
f 2746/2746/2746 2747/2747/2747 2745/2745/2745
f 2741/2741/2741 2735/2735/2735 2748/2748/2748
f 2749/2749/2749 2748/2748/2748 2735/2735/2735
f 2749/2749/2749 2750/2750/2750 2748/2748/2748
f 2741/2741/2741 2751/2751/2751 2740/2740/2740
f 2751/2751/2751 2741/2741/2741 2748/2748/2748
f 2751/2751/2751 2748/2748/2748 2750/2750/2750
f 2752/2752/2752 2740/2740/2740 2751/2751/2751
f 2750/2750/2750 2753/2753/2753 2751/2751/2751
f 2752/2752/2752 2751/2751/2751 2753/2753/2753
f 2756/2756/2756 2755/2755/2755 2754/2754/2754
f 2754/2754/2754 2757/2757/2757 2756/2756/2756
f 2758/2758/2758 2757/2757/2757 2754/2754/2754
f 2757/2757/2757 2758/2758/2758 2759/2759/2759
f 2758/2758/2758 2760/2760/2760 2759/2759/2759
f 2761/2761/2761 2754/2754/2754 2755/2755/2755
f 2754/2754/2754 2761/2761/2761 2758/2758/2758
f 2755/2755/2755 2762/2762/2762 2761/2761/2761
f 2762/2762/2762 2763/2763/2763 2761/2761/2761
f 2763/2763/2763 2758/2758/2758 2761/2761/2761
f 2762/2762/2762 2764/2764/2764 2763/2763/2763
f 2764/2764/2764 2765/2765/2765 2763/2763/2763
f 2763/2763/2763 2765/2765/2765 2766/2766/2766
f 2763/2763/2763 2766/2766/2766 2758/2758/2758
f 2765/2765/2765 2767/2767/2767 2766/2766/2766
f 2760/2760/2760 2758/2758/2758 2768/2768/2768
f 2768/2768/2768 2758/2758/2758 2766/2766/2766
f 2766/2766/2766 2767/2767/2767 2768/2768/2768
f 2760/2760/2760 2768/2768/2768 2769/2769/2769
f 2769/2769/2769 2768/2768/2768 2767/2767/2767
f 2772/2772/2772 2771/2771/2771 2770/2770/2770
f 2770/2770/2770 2773/2773/2773 2772/2772/2772
f 2774/2774/2774 2770/2770/2770 2771/2771/2771
f 2774/2774/2774 2775/2775/2775 2770/2770/2770
f 2771/2771/2771 2776/2776/2776 2774/2774/2774
f 2776/2776/2776 2775/2775/2775 2774/2774/2774
f 2776/2776/2776 2777/2777/2777 2775/2775/2775
f 2777/2777/2777 2778/2778/2778 2775/2775/2775
f 2779/2779/2779 2773/2773/2773 2770/2770/2770
f 2779/2779/2779 2770/2770/2770 2775/2775/2775
f 2773/2773/2773 2779/2779/2779 2780/2780/2780
f 2779/2779/2779 2781/2781/2781 2780/2780/2780
f 2781/2781/2781 2779/2779/2779 2782/2782/2782
f 2779/2779/2779 2775/2775/2775 2782/2782/2782
f 2781/2781/2781 2782/2782/2782 2783/2783/2783
f 2783/2783/2783 2782/2782/2782 2784/2784/2784
f 2778/2778/2778 2784/2784/2784 2785/2785/2785
f 2775/2775/2775 2778/2778/2778 2785/2785/2785
f 2785/2785/2785 2784/2784/2784 2782/2782/2782
f 2785/2785/2785 2782/2782/2782 2775/2775/2775
f 2788/2788/2788 2787/2787/2787 2786/2786/2786
f 2788/2788/2788 2786/2786/2786 2789/2789/2789
f 2790/2790/2790 2786/2786/2786 2787/2787/2787
f 2791/2791/2791 2790/2790/2790 2787/2787/2787
f 2786/2786/2786 2792/2792/2792 2789/2789/2789
f 2789/2789/2789 2792/2792/2792 2793/2793/2793
f 2790/2790/2790 2791/2791/2791 2794/2794/2794
f 2795/2795/2795 2794/2794/2794 2791/2791/2791
f 2795/2795/2795 2796/2796/2796 2794/2794/2794
f 2797/2797/2797 2794/2794/2794 2796/2796/2796
f 2797/2797/2797 2796/2796/2796 2798/2798/2798
f 2794/2794/2794 2799/2799/2799 2790/2790/2790
f 2794/2794/2794 2797/2797/2797 2799/2799/2799
f 2800/2800/2800 2790/2790/2790 2799/2799/2799
f 2790/2790/2790 2800/2800/2800 2786/2786/2786
f 2800/2800/2800 2801/2801/2801 2786/2786/2786
f 2786/2786/2786 2801/2801/2801 2792/2792/2792
f 2802/2802/2802 2799/2799/2799 2797/2797/2797
f 2801/2801/2801 2803/2803/2803 2792/2792/2792
f 2797/2797/2797 2798/2798/2798 2804/2804/2804
f 2802/2802/2802 2797/2797/2797 2804/2804/2804
f 2805/2805/2805 2804/2804/2804 2798/2798/2798
f 2806/2806/2806 2802/2802/2802 2804/2804/2804
f 2804/2804/2804 2805/2805/2805 2807/2807/2807
f 2792/2792/2792 2803/2803/2803 2808/2808/2808
f 2809/2809/2809 2808/2808/2808 2803/2803/2803
f 2808/2808/2808 2793/2793/2793 2792/2792/2792
f 2809/2809/2809 2810/2810/2810 2808/2808/2808
f 2810/2810/2810 2806/2806/2806 2811/2811/2811
f 2806/2806/2806 2804/2804/2804 2811/2811/2811
f 2811/2811/2811 2804/2804/2804 2807/2807/2807
f 2807/2807/2807 2793/2793/2793 2811/2811/2811
f 2808/2808/2808 2811/2811/2811 2793/2793/2793
f 2811/2811/2811 2808/2808/2808 2810/2810/2810
f 2814/2814/2814 2813/2813/2813 2812/2812/2812
f 2814/2814/2814 2815/2815/2815 2813/2813/2813
f 2816/2816/2816 2812/2812/2812 2813/2813/2813
f 2817/2817/2817 2813/2813/2813 2815/2815/2815
f 2812/2812/2812 2816/2816/2816 2818/2818/2818
f 2815/2815/2815 2819/2819/2819 2817/2817/2817
f 2820/2820/2820 2818/2818/2818 2816/2816/2816
f 2821/2821/2821 2817/2817/2817 2819/2819/2819
f 2818/2818/2818 2820/2820/2820 2822/2822/2822
f 2819/2819/2819 2823/2823/2823 2821/2821/2821
f 2824/2824/2824 2822/2822/2822 2820/2820/2820
f 2825/2825/2825 2821/2821/2821 2823/2823/2823
f 2822/2822/2822 2824/2824/2824 2826/2826/2826
f 2823/2823/2823 2826/2826/2826 2825/2825/2825
f 2827/2827/2827 2826/2826/2826 2824/2824/2824
f 2827/2827/2827 2825/2825/2825 2826/2826/2826
f 2830/2830/2830 2829/2829/2829 2828/2828/2828
f 2830/2830/2830 2828/2828/2828 2831/2831/2831
f 2832/2832/2832 2831/2831/2831 2828/2828/2828
f 2831/2831/2831 2832/2832/2832 2833/2833/2833
f 2834/2834/2834 2833/2833/2833 2832/2832/2832
f 2832/2832/2832 2828/2828/2828 2834/2834/2834
f 2833/2833/2833 2834/2834/2834 2835/2835/2835
f 2836/2836/2836 2828/2828/2828 2829/2829/2829
f 2836/2836/2836 2829/2829/2829 2837/2837/2837
f 2838/2838/2838 2837/2837/2837 2829/2829/2829
f 2839/2839/2839 2828/2828/2828 2836/2836/2836
f 2834/2834/2834 2828/2828/2828 2839/2839/2839
f 2839/2839/2839 2836/2836/2836 2837/2837/2837
f 2840/2840/2840 2834/2834/2834 2839/2839/2839
f 2839/2839/2839 2837/2837/2837 2841/2841/2841
f 2841/2841/2841 2840/2840/2840 2839/2839/2839
f 2837/2837/2837 2838/2838/2838 2842/2842/2842
f 2837/2837/2837 2842/2842/2842 2841/2841/2841
f 2843/2843/2843 2842/2842/2842 2838/2838/2838
f 2844/2844/2844 2835/2835/2835 2834/2834/2834
f 2844/2844/2844 2834/2834/2834 2840/2840/2840
f 2844/2844/2844 2840/2840/2840 2835/2835/2835
f 2845/2845/2845 2835/2835/2835 2840/2840/2840
f 2845/2845/2845 2840/2840/2840 2846/2846/2846
f 2847/2847/2847 2846/2846/2846 2840/2840/2840
f 2847/2847/2847 2840/2840/2840 2841/2841/2841
f 2846/2846/2846 2847/2847/2847 2848/2848/2848
f 2849/2849/2849 2848/2848/2848 2847/2847/2847
f 2847/2847/2847 2841/2841/2841 2849/2849/2849
f 2848/2848/2848 2849/2849/2849 2850/2850/2850
f 2851/2851/2851 2850/2850/2850 2849/2849/2849
f 2849/2849/2849 2841/2841/2841 2851/2851/2851
f 2850/2850/2850 2851/2851/2851 2852/2852/2852
f 2842/2842/2842 2843/2843/2843 2853/2853/2853
f 2854/2854/2854 2853/2853/2853 2843/2843/2843
f 2842/2842/2842 2855/2855/2855 2841/2841/2841
f 2853/2853/2853 2855/2855/2855 2842/2842/2842
f 2853/2853/2853 2854/2854/2854 2855/2855/2855
f 2841/2841/2841 2855/2855/2855 2851/2851/2851
f 2856/2856/2856 2855/2855/2855 2854/2854/2854
f 2857/2857/2857 2852/2852/2852 2851/2851/2851
f 2851/2851/2851 2855/2855/2855 2857/2857/2857
f 2855/2855/2855 2856/2856/2856 2857/2857/2857
f 2852/2852/2852 2857/2857/2857 2856/2856/2856
f 2860/2860/2860 2859/2859/2859 2858/2858/2858
f 2860/2860/2860 2858/2858/2858 2861/2861/2861
f 2862/2862/2862 2858/2858/2858 2859/2859/2859
f 2859/2859/2859 2863/2863/2863 2862/2862/2862
f 2861/2861/2861 2864/2864/2864 2863/2863/2863
f 2864/2864/2864 2861/2861/2861 2858/2858/2858
f 2865/2865/2865 2862/2862/2862 2863/2863/2863
f 2865/2865/2865 2863/2863/2863 2864/2864/2864
f 2865/2865/2865 2866/2866/2866 2862/2862/2862
f 2865/2865/2865 2864/2864/2864 2866/2866/2866
f 2862/2862/2862 2867/2867/2867 2858/2858/2858
f 2867/2867/2867 2862/2862/2862 2866/2866/2866
f 2868/2868/2868 2866/2866/2866 2864/2864/2864
f 2864/2864/2864 2858/2858/2858 2868/2868/2868
f 2869/2869/2869 2858/2858/2858 2867/2867/2867
f 2869/2869/2869 2868/2868/2868 2858/2858/2858
f 2866/2866/2866 2868/2868/2868 2870/2870/2870
f 2866/2866/2866 2870/2870/2870 2867/2867/2867
f 2868/2868/2868 2869/2869/2869 2871/2871/2871
f 2871/2871/2871 2870/2870/2870 2868/2868/2868
f 2872/2872/2872 2867/2867/2867 2870/2870/2870
f 2867/2867/2867 2872/2872/2872 2869/2869/2869
f 2870/2870/2870 2871/2871/2871 2873/2873/2873
f 2872/2872/2872 2870/2870/2870 2873/2873/2873
f 2874/2874/2874 2871/2871/2871 2869/2869/2869
f 2871/2871/2871 2874/2874/2874 2873/2873/2873
f 2874/2874/2874 2872/2872/2872 2873/2873/2873
f 2874/2874/2874 2869/2869/2869 2872/2872/2872
f 2877/2877/2877 2876/2876/2876 2875/2875/2875
f 2875/2875/2875 2878/2878/2878 2877/2877/2877
f 2879/2879/2879 2875/2875/2875 2876/2876/2876
f 2879/2879/2879 2880/2880/2880 2875/2875/2875
f 2876/2876/2876 2881/2881/2881 2879/2879/2879
f 2881/2881/2881 2880/2880/2880 2879/2879/2879
f 2881/2881/2881 2882/2882/2882 2880/2880/2880
f 2882/2882/2882 2883/2883/2883 2880/2880/2880
f 2884/2884/2884 2878/2878/2878 2875/2875/2875
f 2884/2884/2884 2875/2875/2875 2880/2880/2880
f 2878/2878/2878 2884/2884/2884 2885/2885/2885
f 2884/2884/2884 2886/2886/2886 2885/2885/2885
f 2886/2886/2886 2884/2884/2884 2887/2887/2887
f 2884/2884/2884 2880/2880/2880 2887/2887/2887
f 2886/2886/2886 2887/2887/2887 2888/2888/2888
f 2888/2888/2888 2887/2887/2887 2889/2889/2889
f 2883/2883/2883 2889/2889/2889 2890/2890/2890
f 2880/2880/2880 2883/2883/2883 2890/2890/2890
f 2890/2890/2890 2889/2889/2889 2887/2887/2887
f 2890/2890/2890 2887/2887/2887 2880/2880/2880
f 2893/2893/2893 2892/2892/2892 2891/2891/2891
f 2894/2894/2894 2892/2892/2892 2893/2893/2893
f 2894/2894/2894 2893/2893/2893 2895/2895/2895
f 2893/2893/2893 2891/2891/2891 2896/2896/2896
f 2896/2896/2896 2895/2895/2895 2893/2893/2893
f 2897/2897/2897 2896/2896/2896 2891/2891/2891
f 2895/2895/2895 2896/2896/2896 2898/2898/2898
f 2897/2897/2897 2899/2899/2899 2896/2896/2896
f 2900/2900/2900 2898/2898/2898 2896/2896/2896
f 2900/2900/2900 2896/2896/2896 2899/2899/2899
f 2900/2900/2900 2901/2901/2901 2898/2898/2898
f 2900/2900/2900 2902/2902/2902 2901/2901/2901
f 2901/2901/2901 2902/2902/2902 2903/2903/2903
f 2900/2900/2900 2899/2899/2899 2904/2904/2904
f 2902/2902/2902 2900/2900/2900 2904/2904/2904
f 2902/2902/2902 2905/2905/2905 2903/2903/2903
f 2906/2906/2906 2902/2902/2902 2904/2904/2904
f 2905/2905/2905 2902/2902/2902 2907/2907/2907
f 2902/2902/2902 2906/2906/2906 2908/2908/2908
f 2909/2909/2909 2907/2907/2907 2902/2902/2902
f 2909/2909/2909 2902/2902/2902 2908/2908/2908
f 2912/2912/2912 2911/2911/2911 2910/2910/2910
f 2912/2912/2912 2913/2913/2913 2911/2911/2911
f 2914/2914/2914 2910/2910/2910 2911/2911/2911
f 2910/2910/2910 2914/2914/2914 2915/2915/2915
f 2916/2916/2916 2915/2915/2915 2914/2914/2914
f 2915/2915/2915 2916/2916/2916 2917/2917/2917
f 2914/2914/2914 2918/2918/2918 2916/2916/2916
f 2918/2918/2918 2917/2917/2917 2916/2916/2916
f 2911/2911/2911 2918/2918/2918 2914/2914/2914
f 2917/2917/2917 2918/2918/2918 2919/2919/2919
f 2920/2920/2920 2919/2919/2919 2918/2918/2918
f 2920/2920/2920 2918/2918/2918 2911/2911/2911
f 2920/2920/2920 2921/2921/2921 2919/2919/2919
f 2920/2920/2920 2911/2911/2911 2921/2921/2921
f 2922/2922/2922 2919/2919/2919 2921/2921/2921
f 2923/2923/2923 2911/2911/2911 2913/2913/2913
f 2911/2911/2911 2923/2923/2923 2921/2921/2921
f 2913/2913/2913 2924/2924/2924 2923/2923/2923
f 2921/2921/2921 2925/2925/2925 2922/2922/2922
f 2921/2921/2921 2923/2923/2923 2925/2925/2925
f 2924/2924/2924 2922/2922/2922 2925/2925/2925
f 2925/2925/2925 2923/2923/2923 2924/2924/2924
f 2928/2928/2928 2927/2927/2927 2926/2926/2926
f 2928/2928/2928 2929/2929/2929 2927/2927/2927
f 2929/2929/2929 2930/2930/2930 2927/2927/2927
f 2927/2927/2927 2931/2931/2931 2926/2926/2926
f 2931/2931/2931 2927/2927/2927 2930/2930/2930
f 2932/2932/2932 2926/2926/2926 2931/2931/2931
f 2930/2930/2930 2933/2933/2933 2931/2931/2931
f 2932/2932/2932 2931/2931/2931 2934/2934/2934
f 2935/2935/2935 2931/2931/2931 2933/2933/2933
f 2935/2935/2935 2934/2934/2934 2931/2931/2931
f 2936/2936/2936 2935/2935/2935 2933/2933/2933
f 2937/2937/2937 2935/2935/2935 2936/2936/2936
f 2937/2937/2937 2936/2936/2936 2938/2938/2938
f 2934/2934/2934 2935/2935/2935 2939/2939/2939
f 2935/2935/2935 2937/2937/2937 2939/2939/2939
f 2940/2940/2940 2937/2937/2937 2938/2938/2938
f 2937/2937/2937 2941/2941/2941 2939/2939/2939
f 2937/2937/2937 2940/2940/2940 2942/2942/2942
f 2941/2941/2941 2937/2937/2937 2943/2943/2943
f 2942/2942/2942 2944/2944/2944 2937/2937/2937
f 2937/2937/2937 2944/2944/2944 2943/2943/2943
f 2947/2947/2947 2946/2946/2946 2945/2945/2945
f 2947/2947/2947 2948/2948/2948 2946/2946/2946
f 2949/2949/2949 2945/2945/2945 2946/2946/2946
f 2949/2949/2949 2950/2950/2950 2945/2945/2945
f 2951/2951/2951 2945/2945/2945 2950/2950/2950
f 2950/2950/2950 2952/2952/2952 2951/2951/2951
f 2953/2953/2953 2951/2951/2951 2952/2952/2952
f 2952/2952/2952 2954/2954/2954 2953/2953/2953
f 2955/2955/2955 2953/2953/2953 2954/2954/2954
f 2954/2954/2954 2956/2956/2956 2955/2955/2955
f 2957/2957/2957 2955/2955/2955 2956/2956/2956
f 2956/2956/2956 2958/2958/2958 2957/2957/2957
f 2959/2959/2959 2957/2957/2957 2958/2958/2958
f 2958/2958/2958 2960/2960/2960 2959/2959/2959
f 2961/2961/2961 2959/2959/2959 2960/2960/2960
f 2960/2960/2960 2962/2962/2962 2961/2961/2961
f 2963/2963/2963 2961/2961/2961 2962/2962/2962
f 2962/2962/2962 2964/2964/2964 2963/2963/2963
f 2965/2965/2965 2963/2963/2963 2964/2964/2964
f 2964/2964/2964 2966/2966/2966 2965/2965/2965
f 2967/2967/2967 2965/2965/2965 2966/2966/2966
f 2966/2966/2966 2968/2968/2968 2967/2967/2967
f 2966/2966/2966 2969/2969/2969 2968/2968/2968
f 2970/2970/2970 2968/2968/2968 2969/2969/2969
f 2970/2970/2970 2969/2969/2969 2948/2948/2948
f 2969/2969/2969 2946/2946/2946 2948/2948/2948
f 2973/2973/2973 2972/2972/2972 2971/2971/2971
f 2971/2971/2971 2972/2972/2972 2974/2974/2974
f 2975/2975/2975 2972/2972/2972 2973/2973/2973
f 2974/2974/2974 2972/2972/2972 2976/2976/2976
f 2977/2977/2977 2972/2972/2972 2975/2975/2975
f 2976/2976/2976 2972/2972/2972 2978/2978/2978
f 2979/2979/2979 2972/2972/2972 2977/2977/2977
f 2978/2978/2978 2972/2972/2972 2980/2980/2980
f 2981/2981/2981 2972/2972/2972 2979/2979/2979
f 2980/2980/2980 2972/2972/2972 2981/2981/2981
f 2984/2984/2984 2983/2983/2983 2982/2982/2982
f 2984/2984/2984 2985/2985/2985 2983/2983/2983
f 2986/2986/2986 2982/2982/2982 2983/2983/2983
f 2987/2987/2987 2983/2983/2983 2985/2985/2985
f 2986/2986/2986 2988/2988/2988 2982/2982/2982
f 2985/2985/2985 2989/2989/2989 2987/2987/2987
f 2990/2990/2990 2982/2982/2982 2988/2988/2988
f 2991/2991/2991 2987/2987/2987 2989/2989/2989
f 2988/2988/2988 2992/2992/2992 2990/2990/2990
f 2989/2989/2989 2993/2993/2993 2991/2991/2991
f 2994/2994/2994 2990/2990/2990 2992/2992/2992
f 2995/2995/2995 2991/2991/2991 2993/2993/2993
f 2992/2992/2992 2996/2996/2996 2994/2994/2994
f 2993/2993/2993 2997/2997/2997 2995/2995/2995
f 2998/2998/2998 2994/2994/2994 2996/2996/2996
f 2999/2999/2999 2995/2995/2995 2997/2997/2997
f 2996/2996/2996 3000/3000/3000 2998/2998/2998
f 2997/2997/2997 3001/3001/3001 2999/2999/2999
f 3002/3002/3002 2998/2998/2998 3000/3000/3000
f 3003/3003/3003 2999/2999/2999 3001/3001/3001
f 3000/3000/3000 3004/3004/3004 3002/3002/3002
f 3001/3001/3001 3005/3005/3005 3003/3003/3003
f 3005/3005/3005 3002/3002/3002 3004/3004/3004
f 3004/3004/3004 3003/3003/3003 3005/3005/3005
f 3008/3008/3008 3007/3007/3007 3006/3006/3006
f 3009/3009/3009 3006/3006/3006 3007/3007/3007
f 3006/3006/3006 3009/3009/3009 3010/3010/3010
f 3007/3007/3007 3011/3011/3011 3009/3009/3009
f 3009/3009/3009 3011/3011/3011 3012/3012/3012
f 3012/3012/3012 3010/3010/3010 3009/3009/3009
f 3013/3013/3013 3011/3011/3011 3007/3007/3007
f 3007/3007/3007 3008/3008/3008 3013/3013/3013
f 3010/3010/3010 3012/3012/3012 3014/3014/3014
f 3015/3015/3015 3013/3013/3013 3008/3008/3008
f 3016/3016/3016 3014/3014/3014 3012/3012/3012
f 3012/3012/3012 3011/3011/3011 3016/3016/3016
f 3014/3014/3014 3016/3016/3016 3017/3017/3017
f 3013/3013/3013 3015/3015/3015 3018/3018/3018
f 3018/3018/3018 3011/3011/3011 3013/3013/3013
f 3019/3019/3019 3018/3018/3018 3015/3015/3015
f 3020/3020/3020 3017/3017/3017 3016/3016/3016
f 3016/3016/3016 3011/3011/3011 3020/3020/3020
f 3017/3017/3017 3020/3020/3020 3021/3021/3021
f 3018/3018/3018 3019/3019/3019 3022/3022/3022
f 3022/3022/3022 3011/3011/3011 3018/3018/3018
f 3023/3023/3023 3022/3022/3022 3019/3019/3019
f 3024/3024/3024 3021/3021/3021 3020/3020/3020
f 3020/3020/3020 3011/3011/3011 3024/3024/3024
f 3021/3021/3021 3024/3024/3024 3025/3025/3025
f 3022/3022/3022 3023/3023/3023 3026/3026/3026
f 3026/3026/3026 3011/3011/3011 3022/3022/3022
f 3025/3025/3025 3026/3026/3026 3023/3023/3023
f 3026/3026/3026 3025/3025/3025 3024/3024/3024
f 3024/3024/3024 3011/3011/3011 3026/3026/3026
f 3029/3029/3029 3028/3028/3028 3027/3027/3027
f 3030/3030/3030 3027/3027/3027 3028/3028/3028
f 3028/3028/3028 3029/3029/3029 3031/3031/3031
f 3027/3027/3027 3030/3030/3030 3032/3032/3032
f 3033/3033/3033 3031/3031/3031 3029/3029/3029
f 3034/3034/3034 3032/3032/3032 3030/3030/3030
f 3031/3031/3031 3033/3033/3033 3035/3035/3035
f 3032/3032/3032 3034/3034/3034 3036/3036/3036
f 3037/3037/3037 3035/3035/3035 3033/3033/3033
f 3038/3038/3038 3036/3036/3036 3034/3034/3034
f 3035/3035/3035 3037/3037/3037 3039/3039/3039
f 3036/3036/3036 3038/3038/3038 3040/3040/3040
f 3041/3041/3041 3039/3039/3039 3037/3037/3037
f 3042/3042/3042 3040/3040/3040 3038/3038/3038
f 3039/3039/3039 3041/3041/3041 3043/3043/3043
f 3040/3040/3040 3042/3042/3042 3044/3044/3044
f 3045/3045/3045 3043/3043/3043 3041/3041/3041
f 3046/3046/3046 3044/3044/3044 3042/3042/3042
f 3043/3043/3043 3045/3045/3045 3046/3046/3046
f 3044/3044/3044 3046/3046/3046 3045/3045/3045
f 3049/3049/3049 3048/3048/3048 3047/3047/3047
f 3050/3050/3050 3047/3047/3047 3048/3048/3048
f 3048/3048/3048 3049/3049/3049 3051/3051/3051
f 3047/3047/3047 3050/3050/3050 3052/3052/3052
f 3053/3053/3053 3051/3051/3051 3049/3049/3049
f 3054/3054/3054 3052/3052/3052 3050/3050/3050
f 3051/3051/3051 3053/3053/3053 3055/3055/3055
f 3052/3052/3052 3054/3054/3054 3056/3056/3056
f 3057/3057/3057 3055/3055/3055 3053/3053/3053
f 3058/3058/3058 3056/3056/3056 3054/3054/3054
f 3055/3055/3055 3057/3057/3057 3059/3059/3059
f 3056/3056/3056 3058/3058/3058 3060/3060/3060
f 3061/3061/3061 3059/3059/3059 3057/3057/3057
f 3062/3062/3062 3060/3060/3060 3058/3058/3058
f 3059/3059/3059 3061/3061/3061 3063/3063/3063
f 3060/3060/3060 3062/3062/3062 3064/3064/3064
f 3065/3065/3065 3063/3063/3063 3061/3061/3061
f 3066/3066/3066 3064/3064/3064 3062/3062/3062
f 3063/3063/3063 3065/3065/3065 3066/3066/3066
f 3064/3064/3064 3066/3066/3066 3065/3065/3065
f 3069/3069/3069 3068/3068/3068 3067/3067/3067
f 3070/3070/3070 3067/3067/3067 3068/3068/3068
f 3068/3068/3068 3069/3069/3069 3071/3071/3071
f 3067/3067/3067 3070/3070/3070 3072/3072/3072
f 3073/3073/3073 3071/3071/3071 3069/3069/3069
f 3074/3074/3074 3072/3072/3072 3070/3070/3070
f 3071/3071/3071 3073/3073/3073 3075/3075/3075
f 3072/3072/3072 3074/3074/3074 3076/3076/3076
f 3077/3077/3077 3075/3075/3075 3073/3073/3073
f 3078/3078/3078 3076/3076/3076 3074/3074/3074
f 3075/3075/3075 3077/3077/3077 3079/3079/3079
f 3076/3076/3076 3078/3078/3078 3080/3080/3080
f 3081/3081/3081 3079/3079/3079 3077/3077/3077
f 3082/3082/3082 3080/3080/3080 3078/3078/3078
f 3079/3079/3079 3081/3081/3081 3083/3083/3083
f 3080/3080/3080 3082/3082/3082 3084/3084/3084
f 3085/3085/3085 3083/3083/3083 3081/3081/3081
f 3086/3086/3086 3084/3084/3084 3082/3082/3082
f 3083/3083/3083 3085/3085/3085 3086/3086/3086
f 3084/3084/3084 3086/3086/3086 3085/3085/3085
f 3089/3089/3089 3088/3088/3088 3087/3087/3087
f 3090/3090/3090 3087/3087/3087 3088/3088/3088
f 3088/3088/3088 3089/3089/3089 3091/3091/3091
f 3087/3087/3087 3090/3090/3090 3092/3092/3092
f 3093/3093/3093 3091/3091/3091 3089/3089/3089
f 3094/3094/3094 3092/3092/3092 3090/3090/3090
f 3091/3091/3091 3093/3093/3093 3095/3095/3095
f 3092/3092/3092 3094/3094/3094 3096/3096/3096
f 3097/3097/3097 3095/3095/3095 3093/3093/3093
f 3098/3098/3098 3096/3096/3096 3094/3094/3094
f 3095/3095/3095 3097/3097/3097 3099/3099/3099
f 3096/3096/3096 3098/3098/3098 3100/3100/3100
f 3101/3101/3101 3099/3099/3099 3097/3097/3097
f 3102/3102/3102 3100/3100/3100 3098/3098/3098
f 3099/3099/3099 3101/3101/3101 3103/3103/3103
f 3100/3100/3100 3102/3102/3102 3104/3104/3104
f 3105/3105/3105 3103/3103/3103 3101/3101/3101
f 3106/3106/3106 3104/3104/3104 3102/3102/3102
f 3103/3103/3103 3105/3105/3105 3106/3106/3106
f 3104/3104/3104 3106/3106/3106 3105/3105/3105
f 3109/3109/3109 3108/3108/3108 3107/3107/3107
f 3110/3110/3110 3107/3107/3107 3108/3108/3108
f 3108/3108/3108 3109/3109/3109 3111/3111/3111
f 3107/3107/3107 3110/3110/3110 3112/3112/3112
f 3113/3113/3113 3111/3111/3111 3109/3109/3109
f 3114/3114/3114 3112/3112/3112 3110/3110/3110
f 3111/3111/3111 3113/3113/3113 3115/3115/3115
f 3112/3112/3112 3114/3114/3114 3116/3116/3116
f 3117/3117/3117 3115/3115/3115 3113/3113/3113
f 3118/3118/3118 3116/3116/3116 3114/3114/3114
f 3115/3115/3115 3117/3117/3117 3119/3119/3119
f 3116/3116/3116 3118/3118/3118 3120/3120/3120
f 3121/3121/3121 3119/3119/3119 3117/3117/3117
f 3122/3122/3122 3120/3120/3120 3118/3118/3118
f 3119/3119/3119 3121/3121/3121 3123/3123/3123
f 3120/3120/3120 3122/3122/3122 3124/3124/3124
f 3125/3125/3125 3123/3123/3123 3121/3121/3121
f 3126/3126/3126 3124/3124/3124 3122/3122/3122
f 3123/3123/3123 3125/3125/3125 3126/3126/3126
f 3124/3124/3124 3126/3126/3126 3125/3125/3125
f 3129/3129/3129 3128/3128/3128 3127/3127/3127
f 3130/3130/3130 3127/3127/3127 3128/3128/3128
f 3127/3127/3127 3131/3131/3131 3129/3129/3129
f 3128/3128/3128 3132/3132/3132 3130/3130/3130
f 3133/3133/3133 3129/3129/3129 3131/3131/3131
f 3134/3134/3134 3130/3130/3130 3132/3132/3132
f 3131/3131/3131 3135/3135/3135 3133/3133/3133
f 3132/3132/3132 3136/3136/3136 3134/3134/3134
f 3137/3137/3137 3133/3133/3133 3135/3135/3135
f 3138/3138/3138 3134/3134/3134 3136/3136/3136
f 3135/3135/3135 3139/3139/3139 3137/3137/3137
f 3136/3136/3136 3140/3140/3140 3138/3138/3138
f 3141/3141/3141 3137/3137/3137 3139/3139/3139
f 3142/3142/3142 3138/3138/3138 3140/3140/3140
f 3139/3139/3139 3143/3143/3143 3141/3141/3141
f 3140/3140/3140 3144/3144/3144 3142/3142/3142
f 3145/3145/3145 3141/3141/3141 3143/3143/3143
f 3146/3146/3146 3142/3142/3142 3144/3144/3144
f 3143/3143/3143 3146/3146/3146 3145/3145/3145
f 3144/3144/3144 3145/3145/3145 3146/3146/3146
f 3149/3149/3149 3148/3148/3148 3147/3147/3147
f 3150/3150/3150 3147/3147/3147 3148/3148/3148
f 3148/3148/3148 3149/3149/3149 3151/3151/3151
f 3147/3147/3147 3150/3150/3150 3152/3152/3152
f 3153/3153/3153 3151/3151/3151 3149/3149/3149
f 3154/3154/3154 3152/3152/3152 3150/3150/3150
f 3151/3151/3151 3153/3153/3153 3155/3155/3155
f 3152/3152/3152 3154/3154/3154 3156/3156/3156
f 3157/3157/3157 3155/3155/3155 3153/3153/3153
f 3158/3158/3158 3156/3156/3156 3154/3154/3154
f 3155/3155/3155 3157/3157/3157 3159/3159/3159
f 3156/3156/3156 3158/3158/3158 3160/3160/3160
f 3161/3161/3161 3159/3159/3159 3157/3157/3157
f 3162/3162/3162 3160/3160/3160 3158/3158/3158
f 3159/3159/3159 3161/3161/3161 3163/3163/3163
f 3160/3160/3160 3162/3162/3162 3164/3164/3164
f 3165/3165/3165 3163/3163/3163 3161/3161/3161
f 3166/3166/3166 3164/3164/3164 3162/3162/3162
f 3163/3163/3163 3165/3165/3165 3166/3166/3166
f 3164/3164/3164 3166/3166/3166 3165/3165/3165
f 3169/3169/3169 3168/3168/3168 3167/3167/3167
f 3170/3170/3170 3167/3167/3167 3168/3168/3168
f 3167/3167/3167 3170/3170/3170 3171/3171/3171
f 3168/3168/3168 3169/3169/3169 3172/3172/3172
f 3173/3173/3173 3172/3172/3172 3169/3169/3169
f 3174/3174/3174 3171/3171/3171 3170/3170/3170
f 3171/3171/3171 3174/3174/3174 3175/3175/3175
f 3172/3172/3172 3173/3173/3173 3176/3176/3176
f 3177/3177/3177 3176/3176/3176 3173/3173/3173
f 3178/3178/3178 3175/3175/3175 3174/3174/3174
f 3175/3175/3175 3178/3178/3178 3179/3179/3179
f 3176/3176/3176 3177/3177/3177 3180/3180/3180
f 3181/3181/3181 3180/3180/3180 3177/3177/3177
f 3182/3182/3182 3179/3179/3179 3178/3178/3178
f 3179/3179/3179 3182/3182/3182 3183/3183/3183
f 3180/3180/3180 3181/3181/3181 3184/3184/3184
f 3185/3185/3185 3184/3184/3184 3181/3181/3181
f 3183/3183/3183 3186/3186/3186 3185/3185/3185
f 3186/3186/3186 3183/3183/3183 3182/3182/3182
f 3184/3184/3184 3185/3185/3185 3186/3186/3186
f 3172/3172/3172 3176/3176/3176 3187/3187/3187
f 3176/3176/3176 3180/3180/3180 3188/3188/3188
f 3188/3188/3188 3187/3187/3187 3176/3176/3176
f 3180/3180/3180 3184/3184/3184 3189/3189/3189
f 3189/3189/3189 3188/3188/3188 3180/3180/3180
f 3184/3184/3184 3186/3186/3186 3190/3190/3190
f 3190/3190/3190 3189/3189/3189 3184/3184/3184
f 3186/3186/3186 3182/3182/3182 3191/3191/3191
f 3191/3191/3191 3190/3190/3190 3186/3186/3186
f 3182/3182/3182 3178/3178/3178 3192/3192/3192
f 3192/3192/3192 3191/3191/3191 3182/3182/3182
f 3187/3187/3187 3193/3193/3193 3172/3172/3172
f 3168/3168/3168 3172/3172/3172 3193/3193/3193
f 3194/3194/3194 3192/3192/3192 3178/3178/3178
f 3178/3178/3178 3174/3174/3174 3194/3194/3194
f 3193/3193/3193 3195/3195/3195 3168/3168/3168
f 3170/3170/3170 3168/3168/3168 3195/3195/3195
f 3174/3174/3174 3170/3170/3170 3196/3196/3196
f 3196/3196/3196 3194/3194/3194 3174/3174/3174
f 3195/3195/3195 3196/3196/3196 3170/3170/3170
f 3190/3190/3190 3197/3197/3197 3189/3189/3189
f 3191/3191/3191 3198/3198/3198 3190/3190/3190
f 3197/3197/3197 3190/3190/3190 3198/3198/3198
f 3198/3198/3198 3199/3199/3199 3197/3197/3197
f 3197/3197/3197 3199/3199/3199 3200/3200/3200
f 3200/3200/3200 3189/3189/3189 3197/3197/3197
f 3201/3201/3201 3199/3199/3199 3198/3198/3198
f 3198/3198/3198 3191/3191/3191 3201/3201/3201
f 3189/3189/3189 3200/3200/3200 3188/3188/3188
f 3192/3192/3192 3201/3201/3201 3191/3191/3191
f 3202/3202/3202 3188/3188/3188 3200/3200/3200
f 3200/3200/3200 3199/3199/3199 3202/3202/3202
f 3188/3188/3188 3202/3202/3202 3187/3187/3187
f 3201/3201/3201 3192/3192/3192 3203/3203/3203
f 3203/3203/3203 3199/3199/3199 3201/3201/3201
f 3194/3194/3194 3203/3203/3203 3192/3192/3192
f 3204/3204/3204 3187/3187/3187 3202/3202/3202
f 3202/3202/3202 3199/3199/3199 3204/3204/3204
f 3187/3187/3187 3204/3204/3204 3193/3193/3193
f 3203/3203/3203 3194/3194/3194 3205/3205/3205
f 3205/3205/3205 3199/3199/3199 3203/3203/3203
f 3196/3196/3196 3205/3205/3205 3194/3194/3194
f 3206/3206/3206 3193/3193/3193 3204/3204/3204
f 3204/3204/3204 3199/3199/3199 3206/3206/3206
f 3193/3193/3193 3206/3206/3206 3195/3195/3195
f 3205/3205/3205 3196/3196/3196 3207/3207/3207
f 3207/3207/3207 3199/3199/3199 3205/3205/3205
f 3195/3195/3195 3207/3207/3207 3196/3196/3196
f 3207/3207/3207 3195/3195/3195 3206/3206/3206
f 3206/3206/3206 3199/3199/3199 3207/3207/3207
f 3210/3210/3210 3209/3209/3209 3208/3208/3208
f 3211/3211/3211 3208/3208/3208 3209/3209/3209
f 3208/3208/3208 3212/3212/3212 3210/3210/3210
f 3209/3209/3209 3213/3213/3213 3211/3211/3211
f 3214/3214/3214 3210/3210/3210 3212/3212/3212
f 3215/3215/3215 3211/3211/3211 3213/3213/3213
f 3212/3212/3212 3216/3216/3216 3214/3214/3214
f 3213/3213/3213 3217/3217/3217 3215/3215/3215
f 3218/3218/3218 3214/3214/3214 3216/3216/3216
f 3219/3219/3219 3215/3215/3215 3217/3217/3217
f 3216/3216/3216 3219/3219/3219 3218/3218/3218
f 3217/3217/3217 3218/3218/3218 3219/3219/3219
f 3222/3222/3222 3221/3221/3221 3220/3220/3220
f 3223/3223/3223 3220/3220/3220 3221/3221/3221
f 3220/3220/3220 3224/3224/3224 3222/3222/3222
f 3221/3221/3221 3225/3225/3225 3223/3223/3223
f 3226/3226/3226 3222/3222/3222 3224/3224/3224
f 3227/3227/3227 3223/3223/3223 3225/3225/3225
f 3224/3224/3224 3228/3228/3228 3226/3226/3226
f 3225/3225/3225 3229/3229/3229 3227/3227/3227
f 3230/3230/3230 3226/3226/3226 3228/3228/3228
f 3231/3231/3231 3227/3227/3227 3229/3229/3229
f 3228/3228/3228 3231/3231/3231 3230/3230/3230
f 3229/3229/3229 3230/3230/3230 3231/3231/3231
f 3234/3234/3234 3233/3233/3233 3232/3232/3232
f 3235/3235/3235 3232/3232/3232 3233/3233/3233
f 3232/3232/3232 3236/3236/3236 3234/3234/3234
f 3233/3233/3233 3237/3237/3237 3235/3235/3235
f 3238/3238/3238 3234/3234/3234 3236/3236/3236
f 3239/3239/3239 3235/3235/3235 3237/3237/3237
f 3236/3236/3236 3240/3240/3240 3238/3238/3238
f 3237/3237/3237 3241/3241/3241 3239/3239/3239
f 3242/3242/3242 3238/3238/3238 3240/3240/3240
f 3243/3243/3243 3239/3239/3239 3241/3241/3241
f 3240/3240/3240 3243/3243/3243 3242/3242/3242
f 3241/3241/3241 3242/3242/3242 3243/3243/3243
f 3246/3246/3246 3245/3245/3245 3244/3244/3244
f 3247/3247/3247 3244/3244/3244 3245/3245/3245
f 3244/3244/3244 3248/3248/3248 3246/3246/3246
f 3245/3245/3245 3249/3249/3249 3247/3247/3247
f 3250/3250/3250 3246/3246/3246 3248/3248/3248
f 3251/3251/3251 3247/3247/3247 3249/3249/3249
f 3248/3248/3248 3252/3252/3252 3250/3250/3250
f 3249/3249/3249 3253/3253/3253 3251/3251/3251
f 3254/3254/3254 3250/3250/3250 3252/3252/3252
f 3255/3255/3255 3251/3251/3251 3253/3253/3253
f 3252/3252/3252 3255/3255/3255 3254/3254/3254
f 3253/3253/3253 3254/3254/3254 3255/3255/3255
f 3258/3258/3258 3257/3257/3257 3256/3256/3256
f 3259/3259/3259 3256/3256/3256 3257/3257/3257
f 3257/3257/3257 3258/3258/3258 3260/3260/3260
f 3256/3256/3256 3259/3259/3259 3261/3261/3261
f 3262/3262/3262 3260/3260/3260 3258/3258/3258
f 3263/3263/3263 3261/3261/3261 3259/3259/3259
f 3260/3260/3260 3262/3262/3262 3264/3264/3264
f 3261/3261/3261 3263/3263/3263 3265/3265/3265
f 3266/3266/3266 3264/3264/3264 3262/3262/3262
f 3267/3267/3267 3265/3265/3265 3263/3263/3263
f 3264/3264/3264 3266/3266/3266 3267/3267/3267
f 3265/3265/3265 3267/3267/3267 3266/3266/3266
f 3270/3270/3270 3269/3269/3269 3268/3268/3268
f 3271/3271/3271 3268/3268/3268 3269/3269/3269
f 3269/3269/3269 3270/3270/3270 3272/3272/3272
f 3268/3268/3268 3271/3271/3271 3273/3273/3273
f 3274/3274/3274 3272/3272/3272 3270/3270/3270
f 3275/3275/3275 3273/3273/3273 3271/3271/3271
f 3272/3272/3272 3274/3274/3274 3276/3276/3276
f 3273/3273/3273 3275/3275/3275 3277/3277/3277
f 3278/3278/3278 3276/3276/3276 3274/3274/3274
f 3279/3279/3279 3277/3277/3277 3275/3275/3275
f 3276/3276/3276 3278/3278/3278 3279/3279/3279
f 3277/3277/3277 3279/3279/3279 3278/3278/3278
f 3282/3282/3282 3281/3281/3281 3280/3280/3280
f 3283/3283/3283 3280/3280/3280 3281/3281/3281
f 3281/3281/3281 3282/3282/3282 3284/3284/3284
f 3280/3280/3280 3283/3283/3283 3285/3285/3285
f 3286/3286/3286 3284/3284/3284 3282/3282/3282
f 3287/3287/3287 3285/3285/3285 3283/3283/3283
f 3284/3284/3284 3286/3286/3286 3288/3288/3288
f 3285/3285/3285 3287/3287/3287 3289/3289/3289
f 3290/3290/3290 3288/3288/3288 3286/3286/3286
f 3291/3291/3291 3289/3289/3289 3287/3287/3287
f 3288/3288/3288 3290/3290/3290 3291/3291/3291
f 3289/3289/3289 3291/3291/3291 3290/3290/3290
f 3294/3294/3294 3293/3293/3293 3292/3292/3292
f 3295/3295/3295 3292/3292/3292 3293/3293/3293
f 3293/3293/3293 3294/3294/3294 3296/3296/3296
f 3292/3292/3292 3295/3295/3295 3297/3297/3297
f 3298/3298/3298 3296/3296/3296 3294/3294/3294
f 3299/3299/3299 3297/3297/3297 3295/3295/3295
f 3296/3296/3296 3298/3298/3298 3300/3300/3300
f 3297/3297/3297 3299/3299/3299 3301/3301/3301
f 3302/3302/3302 3300/3300/3300 3298/3298/3298
f 3303/3303/3303 3301/3301/3301 3299/3299/3299
f 3300/3300/3300 3302/3302/3302 3303/3303/3303
f 3301/3301/3301 3303/3303/3303 3302/3302/3302
f 3306/3306/3306 3305/3305/3305 3304/3304/3304
f 3307/3307/3307 3304/3304/3304 3305/3305/3305
f 3304/3304/3304 3308/3308/3308 3306/3306/3306
f 3305/3305/3305 3309/3309/3309 3307/3307/3307
f 3310/3310/3310 3306/3306/3306 3308/3308/3308
f 3311/3311/3311 3307/3307/3307 3309/3309/3309
f 3308/3308/3308 3312/3312/3312 3310/3310/3310
f 3309/3309/3309 3313/3313/3313 3311/3311/3311
f 3314/3314/3314 3310/3310/3310 3312/3312/3312
f 3315/3315/3315 3311/3311/3311 3313/3313/3313
f 3312/3312/3312 3316/3316/3316 3314/3314/3314
f 3313/3313/3313 3317/3317/3317 3315/3315/3315
f 3318/3318/3318 3314/3314/3314 3316/3316/3316
f 3319/3319/3319 3315/3315/3315 3317/3317/3317
f 3316/3316/3316 3320/3320/3320 3318/3318/3318
f 3317/3317/3317 3321/3321/3321 3319/3319/3319
f 3322/3322/3322 3318/3318/3318 3320/3320/3320
f 3323/3323/3323 3319/3319/3319 3321/3321/3321
f 3320/3320/3320 3323/3323/3323 3322/3322/3322
f 3321/3321/3321 3322/3322/3322 3323/3323/3323
f 3326/3326/3326 3325/3325/3325 3324/3324/3324
f 3327/3327/3327 3324/3324/3324 3325/3325/3325
f 3324/3324/3324 3328/3328/3328 3326/3326/3326
f 3325/3325/3325 3329/3329/3329 3327/3327/3327
f 3330/3330/3330 3326/3326/3326 3328/3328/3328
f 3331/3331/3331 3327/3327/3327 3329/3329/3329
f 3328/3328/3328 3332/3332/3332 3330/3330/3330
f 3329/3329/3329 3333/3333/3333 3331/3331/3331
f 3334/3334/3334 3330/3330/3330 3332/3332/3332
f 3335/3335/3335 3331/3331/3331 3333/3333/3333
f 3332/3332/3332 3336/3336/3336 3334/3334/3334
f 3333/3333/3333 3337/3337/3337 3335/3335/3335
f 3338/3338/3338 3334/3334/3334 3336/3336/3336
f 3339/3339/3339 3335/3335/3335 3337/3337/3337
f 3336/3336/3336 3340/3340/3340 3338/3338/3338
f 3337/3337/3337 3341/3341/3341 3339/3339/3339
f 3342/3342/3342 3338/3338/3338 3340/3340/3340
f 3343/3343/3343 3339/3339/3339 3341/3341/3341
f 3340/3340/3340 3343/3343/3343 3342/3342/3342
f 3341/3341/3341 3342/3342/3342 3343/3343/3343
