g Kayoko_Original_Body
v 0.1285793 -0.1059666 0.3629141
v 0.1358359 -0.07149011 0.350051
v 0.1124819 -0.1060942 0.3457047
v 0.1073751 -0.1073339 0.3693814
v 0.1493923 -0.07765123 0.3704274
v 0.1021735 -0.1114564 0.3823543
v 0.1500238 -0.009497285 0.3695186
v 0.1380763 -0.006529272 0.3489528
v 0.1506965 -0.07870415 0.3838658
v 0.09637071 -0.107894 0.4041626
v 0.1288484 0.03358662 0.3649651
v 0.1211909 0.02545142 0.3474701
v 0.1423732 -0.0712238 0.4061092
v 0.105228 -0.09680176 0.4383206
v 0.1434316 -0.01033467 0.4038029
v 0.1280055 -0.06015217 0.4416935
v 0.09786019 -0.08917175 0.4786493
v 0.08203045 0.05716443 0.361194
v 0.08177373 0.03957614 0.3451474
v 2.682209E-07 0.0649935 0.3582191
v 2.682209E-07 0.04713753 0.3433943
v -0.08177459 0.03957614 0.3451474
v 0.1181007 0.03318715 0.4026978
v 0.1132328 -0.05638522 0.4805822
v 0.08904134 -0.07804796 0.539294
v 0.1267576 -0.0127961 0.4422014
v 0.1002598 0.0287036 0.4361666
v 0.07430571 0.05207136 0.3968703
v 0.1118943 -0.01359096 0.4793782
v -0.08202994 0.05716443 0.361194
v -0.1211904 0.02545142 0.3474701
v 0.1047942 -0.05261686 0.519026
v -0.1288479 0.03358662 0.3649651
v -0.1380758 -0.006529272 0.3489528
v -0.07430658 0.05207136 0.3968703
v 2.682209E-07 0.06096709 0.3899555
v 2.682209E-07 0.04906493 0.4210233
v 0.0643543 0.04502752 0.4246214
v -0.1181002 0.03318715 0.4026978
v -0.1002593 0.0287036 0.4361666
v -0.06435379 0.04502752 0.4246214
v 2.682209E-07 0.0388774 0.4322336
v 0.06087425 0.03405201 0.4334485
v -0.06087375 0.03405201 0.4334485
v 2.682209E-07 0.03777641 0.4685866
v 0.06015766 0.03563759 0.472344
v -0.06015715 0.03563759 0.472344
v 0.08913468 0.02405253 0.477308
v 0.08491059 0.03479606 0.511768
v 2.682209E-07 0.04985154 0.5024151
v 0.1008721 -0.01262587 0.5161184
v 0.06054616 0.0452815 0.5051965
v 0.07487956 0.05467555 0.5545595
v 2.682209E-07 0.06485897 0.5491013
v -0.06054565 0.0452815 0.5051965
v -0.07488042 0.05467555 0.5545595
v -0.08491006 0.03479606 0.511768
v 0.1014638 -0.05040666 0.5480936
v 0.09513655 -0.01569819 0.539979
v 0.08672267 0.0248515 0.5468361
v 2.682209E-07 0.06576502 0.5917583
v -0.08913419 0.02405253 0.477308
v -0.1118938 -0.01359096 0.4793782
v 0.08557914 -0.06842601 0.5670232
v 0.04842985 -0.09645307 0.5383152
v -0.1267571 -0.0127961 0.4422014
v 0.04866597 -0.08496138 0.565568
v 2.682209E-07 -0.1002571 0.5377111
v -0.1434325 -0.01033467 0.4038029
v -0.1500233 -0.009497285 0.3695186
v -0.1493932 -0.07765123 0.3704274
v -0.1358533 -0.07085311 0.3500153
v -0.1073759 -0.1061807 0.3690739
v -0.1506973 -0.07870415 0.3838658
v -0.1021785 -0.1103032 0.3820454
v -0.09638119 -0.1067408 0.4038551
v -0.142374 -0.0712238 0.4061092
v -0.1052385 -0.09631167 0.4380528
v -0.128005 -0.06015217 0.4416935
v -0.09786105 -0.08917175 0.4786493
v -0.1132323 -0.05638522 0.4805822
v -0.08904219 -0.07804796 0.539294
v -0.1047937 -0.05261686 0.519026
v -0.100873 -0.01262587 0.5161184
v -0.1014647 -0.05040666 0.5480936
v -0.09513605 -0.01569819 0.539979
v -0.08672354 0.0248515 0.5468361
v -0.08557862 -0.06842601 0.5670232
v -0.04842934 -0.09645307 0.5383152
v -0.04866683 -0.08496138 0.565568
v 2.682209E-07 -0.08885464 0.5649818
v -0.05075073 -0.07677948 0.579981
v -0.08622247 -0.05283514 0.5967484
v 0.05074987 -0.07677948 0.579981
v -0.06328988 -0.0495528 0.5991878
v 0.08622161 -0.05283514 0.5967484
v 0.06329039 -0.0495528 0.5991878
v -0.07310677 -0.02633876 0.6151137
v 0.0731059 -0.02633876 0.6151137
v -0.09363285 -0.04975459 0.5705375
v -0.09895518 -0.03622705 0.5482858
v -0.09863806 -0.0446876 0.5697056
v 0.09363334 -0.04975459 0.5705375
v 0.09895569 -0.03622705 0.5482858
v 0.09863719 -0.0446876 0.5697056
v -0.101628 -0.03481168 0.5496243
v 0.1016285 -0.03481168 0.5496243
v -0.1052769 -0.01508868 0.5342915
v -0.1061926 -0.03310803 0.5469913
v -0.1055213 0.02298725 0.5358853
v -0.1205424 -0.03470597 0.5679718
v -0.09322375 0.02546379 0.5449101
v -0.1168249 0.04674491 0.5540763
v -0.09550807 0.04718283 0.5686705
v -0.1296194 0.04339254 0.5754137
v -0.1064177 0.04134294 0.5971904
v -0.1387965 0.01368105 0.5926602
v -0.09861472 -0.04271349 0.586521
v -0.08459571 0.05601129 0.5979825
v -0.1090425 0.01132533 0.6142694
v -0.1326835 -0.0204179 0.5887395
v -0.1063422 -0.02338177 0.6069249
v -0.08584771 -0.02317309 0.6189603
v -0.08695555 0.008679956 0.6289926
v -0.1034648 0.0265373 0.6072681
v -0.06985459 0.04058516 0.6281662
v 0.06985509 0.04058516 0.6281662
v 0.08459485 0.05601129 0.5979825
v 0.08695468 0.008679956 0.6289926
v 0.1034639 0.0265373 0.6072681
v 0.08584683 -0.02317309 0.6189603
v 0.09861523 -0.04271349 0.586521
v 0.1063427 -0.02338177 0.6069249
v 0.1090416 0.01132533 0.6142694
v 0.1064169 0.04134294 0.5971904
v 0.124509 -0.03470597 0.5672318
v 0.1113795 -0.03310803 0.5459466
v 0.1352017 -0.0204179 0.5883318
v 0.138797 0.01368105 0.5926602
v 0.099535 -0.01508868 0.5354831
v 0.1296199 0.04339254 0.5754137
v 0.09987821 0.02298725 0.5370522
v 0.09550722 0.04718283 0.5686705
v 0.1168254 0.04674491 0.5540763
v 0.09322426 0.02546379 0.5449101
v 0.110354 -0.1114495 0.4053611
v 0.09637071 -0.107894 0.4041626
v 0.1178124 -0.11608 0.3825698
v -0.128576 -0.1053035 0.3628757
v -0.1124814 -0.1060942 0.3457047
v 0.04410279 -0.01945144 0.623544
v 0.05809298 0.002337635 0.6312962
v 0.05469528 0.00226897 0.6380737
v 0.0276649 0.03605217 0.6348188
v 0.05246723 0.02359128 0.6374642
v 0.04674131 0.02255893 0.6351647
v -0.04410225 -0.01945144 0.623544
v -0.05469614 0.00226897 0.6380737
v -0.05809245 0.002337635 0.6312962
v -0.02766576 0.03605217 0.6348188
v -0.04674077 0.02255893 0.6351647
v -0.05246672 0.02359128 0.6374642
v 0.01169786 -0.09705162 0.5467455
v 2.682209E-07 -0.1064759 0.5505523
v 0.0001732409 -0.09058848 0.5631148
v 0.01169786 -0.09705162 0.5467455
v -0.0001727045 -0.1036905 0.5305095
v 2.682209E-07 -0.1064759 0.5505523
v 2.682209E-07 -0.1064759 0.5505523
v -0.01169735 -0.09722733 0.5468787
v 0.0001732409 -0.09058848 0.5631148
v -0.0001727045 -0.1036905 0.5305095
v -0.01169735 -0.09722733 0.5468787
v 2.682209E-07 -0.1064759 0.5505523
v 0.01613888 -0.1095798 0.5070607
v -8.621812E-05 -0.1230373 0.5112601
v 0.0001540184 -0.102492 0.5304189
v -8.621812E-05 -0.1230373 0.5112601
v -0.01630998 -0.1098379 0.507224
v 0.0001540184 -0.102492 0.5304189
v -0.1057436 -0.08429007 0.5407052
v -0.1076477 -0.08550501 0.5447729
v -0.1045644 -0.08342385 0.5457366
v -0.1045644 -0.08342385 0.5457366
v -0.1076477 -0.08550501 0.5447729
v -0.1078537 -0.08194396 0.5475376
v -0.1309249 -0.0733434 0.5514419
v -0.1325805 -0.07023537 0.5485672
v -0.1304142 -0.06993884 0.553044
v -0.1269534 -0.07198706 0.5529067
v -0.1309249 -0.0733434 0.5514419
v -0.1304142 -0.06993884 0.553044
v -0.1195485 -0.08012363 0.5082825
v -0.1179561 -0.08390021 0.5101728
v -0.1158488 -0.08166665 0.507861
v -0.1179561 -0.08390021 0.5101728
v -0.1141081 -0.08298731 0.5126246
v -0.1158488 -0.08166665 0.507861
v -0.1405166 -0.06899849 0.5219253
v -0.1407802 -0.07180861 0.5183616
v -0.1411413 -0.06826815 0.5170382
v -0.1407802 -0.07180861 0.5183616
v -0.13822 -0.07023263 0.5150874
v -0.1411413 -0.06826815 0.5170382
v -0.1045644 -0.08342385 0.5457366
v -0.1047292 -0.08038446 0.5440878
v -0.1057436 -0.08429007 0.5407052
v -0.1078537 -0.08194396 0.5475376
v -0.1047292 -0.08038446 0.5440878
v -0.1045644 -0.08342385 0.5457366
v -0.1325805 -0.07023537 0.5485672
v -0.1286625 -0.06788513 0.5509216
v -0.1304142 -0.06993884 0.553044
v -0.1304142 -0.06993884 0.553044
v -0.1286625 -0.06788513 0.5509216
v -0.1269534 -0.07198706 0.5529067
v -0.1158488 -0.08166665 0.507861
v -0.1150087 -0.07878378 0.5095839
v -0.1195485 -0.08012363 0.5082825
v -0.1141081 -0.08298731 0.5126246
v -0.1150087 -0.07878378 0.5095839
v -0.1158488 -0.08166665 0.507861
v -0.1411413 -0.06826815 0.5170382
v -0.1384629 -0.0663586 0.5180238
v -0.1405166 -0.06899849 0.5219253
v -0.13822 -0.07023263 0.5150874
v -0.1384629 -0.0663586 0.5180238
v -0.1411413 -0.06826815 0.5170382
v -0.1377532 0.175998 0.3630226
v -0.1384904 0.1695046 0.3588396
v -0.1414117 0.1749355 0.3584978
v -0.1377532 0.175998 0.3630226
v -0.1414117 0.1749355 0.3584978
v -0.1385577 0.179732 0.3564496
v -0.1414117 0.1749355 0.3584978
v -0.1384904 0.1695046 0.3588396
v -0.1393649 0.1731343 0.3523545
v -0.1385577 0.179732 0.3564496
v -0.1414117 0.1749355 0.3584978
v -0.1393649 0.1731343 0.3523545
v 0.06080425 0.07604727 0.2800259
v 0.05976367 0.06543556 0.3078333
v 0.07427689 0.08377889 0.2959325
v 0.02616167 0.2220403 0.4369148
v 0.02787492 0.2248065 0.4502364
v 0.0253078 0.2269384 0.4385141
v -0.1036007 0.1914942 0.4600533
v -0.1044573 0.1963923 0.4616526
v -0.1018916 0.194259 0.4733763
v 0.07777891 0.1591661 0.4353223
v 0.07535866 0.1628589 0.4258047
v 0.08120266 0.1579677 0.428737
v 0.07777891 0.1591661 0.4353223
v 0.08120266 0.1579677 0.428737
v 0.07964042 0.1508552 0.4307551
v 0.08120266 0.1579677 0.428737
v 0.07535866 0.1628589 0.4258047
v 0.076855 0.1549475 0.4197026
v 0.07964042 0.1508552 0.4307551
v 0.08120266 0.1579677 0.428737
v 0.076855 0.1549475 0.4197026
v 0.02862036 0.2150322 0.329529
v 0.02757704 0.216129 0.3247201
v 0.03077289 0.2141 0.3256001
v 0.02862036 0.2150322 0.329529
v 0.03077289 0.2141 0.3256001
v 0.02947974 0.2106543 0.3260146
v 0.03077289 0.2141 0.3256001
v 0.02757704 0.216129 0.3247201
v 0.02823323 0.2119598 0.3203381
v 0.02947974 0.2106543 0.3260146
v 0.03077289 0.2141 0.3256001
v 0.02823323 0.2119598 0.3203381
v 0.02752897 0.2130347 0.3258389
v 0.02721462 0.2171902 0.3090249
v 0.02910769 0.2116276 0.3084676
v 0.02752897 0.2130347 0.3258389
v 0.02910769 0.2116276 0.3084676
v 0.02732307 0.2111704 0.3084401
v 0.02752897 0.2130347 0.3258389
v 0.02542996 0.216733 0.3089975
v 0.02721462 0.2171902 0.3090249
v 0.02357396 0.2214568 0.4364673
v 0.02138984 0.2240006 0.4190904
v 0.02659822 0.2229285 0.4191687
v 0.02357396 0.2214568 0.4364673
v 0.02659822 0.2229285 0.4191687
v 0.02616578 0.2210972 0.4190533
v 0.02357396 0.2214568 0.4364673
v 0.02095878 0.222168 0.4189751
v 0.02138984 0.2240006 0.4190904
v -0.1191257 0.1137141 0.4702724
v -0.1195046 0.1056489 0.4646137
v -0.1241433 0.111972 0.4649528
v -0.1191257 0.1137141 0.4702724
v -0.1241433 0.111972 0.4649528
v -0.1216777 0.1186233 0.46235
v -0.1241433 0.111972 0.4649528
v -0.1195046 0.1056489 0.4646137
v -0.1221156 0.1104084 0.4568039
v -0.1216777 0.1186233 0.46235
v -0.1241433 0.111972 0.4649528
v -0.1221156 0.1104084 0.4568039
v 0.024782 0.2234899 0.4371674
v 0.02155593 0.2229463 0.4346538
v 0.02441135 0.2250453 0.4341226
v 0.024782 0.2234899 0.4371674
v 0.02441135 0.2250453 0.4341226
v 0.02709243 0.2228173 0.4339166
v 0.02441135 0.2250453 0.4341226
v 0.02155593 0.2229463 0.4346538
v 0.02380458 0.2223368 0.4314263
v 0.02709243 0.2228173 0.4339166
v 0.02441135 0.2250453 0.4341226
v 0.02380458 0.2223368 0.4314263
v 0.01450935 0.2266323 0.4107342
v 0.004032165 0.2283112 0.4212649
v 0.005026072 0.2283112 0.4099036
v -0.09786105 -0.08917175 0.4786493
v -0.04788706 -0.1242852 0.4361159
v -0.1052385 -0.09631167 0.4380528
v -0.04418188 -0.114342 0.4764651
v -0.08904219 -0.07804796 0.539294
v -0.04842934 -0.09645307 0.5383152
v 2.682209E-07 -0.1186526 0.4757952
v 2.682209E-07 -0.1002571 0.5377111
v 0.04842985 -0.09645307 0.5383152
v 2.682209E-07 -0.1302308 0.43531
v 0.04418102 -0.114342 0.4764651
v 0.08904134 -0.07804796 0.539294
v 0.09786019 -0.08917175 0.4786493
v 0.04788622 -0.1242852 0.4361159
v 0.105228 -0.09680176 0.4383206
v 2.682209E-07 -0.1416058 0.3982843
v 0.09626774 -0.1230524 0.4026814
v 0.1106766 -0.1148266 0.4051483
v 0.1176436 -0.1194625 0.382077
v 0.05391279 -0.137578 0.3999261
v -0.05391365 -0.137578 0.3999261
v 2.682209E-07 -0.1482639 0.3736892
v 2.682209E-07 -0.1482639 0.3736892
v 0.05893448 -0.144037 0.3756344
v 0.1023149 -0.1287454 0.3779202
v 0.06159359 -0.1434522 0.3599571
v 2.682209E-07 -0.1477985 0.3577332
v 0.1058224 -0.1274824 0.3619326
v 0.1285793 -0.1059666 0.3629141
v 0.1124819 -0.1060942 0.3457047
v 0.06142062 -0.1259325 0.3410687
v 2.682209E-07 -0.1316887 0.3392608
v -0.06159309 -0.1434522 0.3599571
v -0.06142011 -0.1259325 0.3410687
v -0.1058219 -0.1274824 0.3619326
v -0.1124814 -0.1060942 0.3457047
v -0.128576 -0.1053035 0.3628757
v -0.1176417 -0.1183094 0.3817681
v -0.05893397 -0.144037 0.3756344
v -0.1023144 -0.1287454 0.3779202
v -0.09626722 -0.1230524 0.4026814
v -0.1106844 -0.1136735 0.404838
v -0.1052385 -0.09631167 0.4380528
v -0.09863943 -0.1225321 0.2781562
v -0.1181867 -0.1069289 0.3127383
v -0.06333244 -0.1307401 0.3086638
v -0.1247377 -0.1103952 0.2801083
v -0.1426266 -0.07044128 0.3174759
v -0.1375871 -0.1173402 0.2505053
v -0.1372192 -0.091975 0.2826521
v 0.1358359 -0.07149011 0.350051
v 0.1285793 -0.1059666 0.3629141
v 0.1278064 -0.1043961 0.3654305
v 0.1073751 -0.1073339 0.3693814
v 0.1178124 -0.11608 0.3825698
v 0.1285793 -0.1059666 0.3629141
v 0.1176436 -0.1194625 0.382077
v 0.1021735 -0.1114564 0.3823543
v 0.09637071 -0.107894 0.4041626
v 0.1176436 -0.1194625 0.382077
v 0.110354 -0.1114495 0.4053611
v 0.105228 -0.09680176 0.4383206
v 0.1106766 -0.1148266 0.4051483
v -0.128576 -0.1053035 0.3628757
v -0.1358533 -0.07085311 0.3500153
v -0.1278045 -0.1037316 0.365392
v -0.1073759 -0.1061807 0.3690739
v -0.1178105 -0.1149268 0.3822623
v -0.1021785 -0.1103032 0.3820454
v -0.09638119 -0.1067408 0.4038551
v -0.1176417 -0.1183094 0.3817681
v -0.128576 -0.1053035 0.3628757
v -0.1103618 -0.110295 0.4050508
v -0.1052385 -0.09631167 0.4380528
v -0.1106844 -0.1136735 0.404838
v -0.1176417 -0.1183094 0.3817681
v 0.01230741 -0.0190849 0.3305119
v 0.01322579 -0.05348724 0.3304131
v 0.01553211 -0.02228901 0.3040183
v 0.02397618 -0.07817701 0.3050589
v 0.01431441 -0.08335382 0.3313342
v 0.03274012 -0.07317179 0.273733
v 0.02417386 -0.02194718 0.2756385
v 0.02342707 -0.1018756 0.3390686
v 0.02383065 -0.103431 0.3502967
v 0.0415878 -0.1135019 0.3523463
v 0.03797048 -0.1155418 0.3727269
v 0.05332249 -0.1074533 0.3064399
v 0.08422694 -0.1065294 0.3656968
v 0.07943586 -0.1067463 0.3937472
v 0.05932575 -0.09923024 0.2707829
v 0.08651951 -0.1029903 0.3155814
v 0.1063715 -0.08601432 0.371107
v 0.09887332 -0.08402789 0.4037741
v 0.04478231 -0.0643653 0.2140355
v 0.04041132 -0.02170694 0.2179617
v 0.06668395 -0.08240247 0.2164654
v 0.05095029 -0.05819729 0.1976292
v 0.04557443 -0.01899019 0.2017283
v 0.05172867 -0.0145478 0.1829073
v 0.1185208 -0.04478642 0.3754821
v 0.1091954 -0.04407945 0.4082357
v 0.1066338 0.0002495944 0.3756812
v 0.09784921 -0.001994938 0.4083263
v 0.07673696 0.02237087 0.3756921
v 0.1239557 -0.04347128 0.3278624
v 0.1109485 -7.57575E-05 0.3253502
v 0.1089208 -0.08420084 0.3219114
v 0.07672048 -0.07185665 0.1933762
v 0.08044899 0.01824287 0.3241023
v 0.02837875 0.01666689 0.343176
v 0.12582 -0.03845784 0.2810692
v 0.08978677 -0.09480572 0.2728736
v 0.09360039 -0.07815367 0.2192741
v 0.1114495 -0.07720643 0.2763647
v 0.09611125 -0.06763393 0.1961424
v 0.1102318 -0.0009227693 0.281201
v 0.08261663 -0.06371456 0.1765773
v 0.05910471 -0.05212128 0.180045
v 0.05619714 0.00202325 0.155196
v 0.06219488 -0.03308195 0.1474452
v 0.05825222 0.009618938 0.1251358
v 0.08712079 -0.04660401 0.1429177
v 0.1112463 -0.05806687 0.2011092
v 0.1120439 -0.05165318 0.1847057
v 0.1130104 -0.03476912 0.1455933
v 0.1121483 -0.06216195 0.2210271
v 0.1215519 -0.03302017 0.2300615
v 0.1197206 -0.0267863 0.2119667
v 0.1077663 0.003698051 0.2209832
v 0.109356 0.0007561445 0.237185
v 0.1213268 -0.02145848 0.1957663
v 0.08013326 0.01375932 0.2804323
v 0.1254081 -0.01334387 0.1731083
v 0.1093189 0.008073181 0.2044231
v 0.07130477 0.009170026 0.2373909
v 0.03857452 0.01326784 0.3184848
v 0.01553211 -0.02228901 0.3040183
v 0.01230741 -0.0190849 0.3305119
v 0.02417386 -0.02194718 0.2756385
v 0.05081302 0.006958455 0.2781081
v 0.04041132 -0.02170694 0.2179617
v 0.07303175 0.01131022 0.2204258
v 0.04557443 -0.01899019 0.2017283
v 0.07401881 0.01499072 0.2026166
v 0.05172867 -0.0145478 0.1829073
v 0.07919562 0.03297573 0.1619556
v 0.05619714 0.00202325 0.155196
v 0.1145699 0.02566147 0.1599184
v 0.07970905 0.03807706 0.1303195
v 0.05825222 0.009618938 0.1251358
v 0.1265023 -0.00755477 0.1516267
v 0.1136103 0.03080946 0.1277016
v 0.1250636 0.0007534027 0.1201704
v 0.0804188 0.03653952 0.0979338
v 0.0619272 0.01074326 0.0946295
v 0.1106094 0.03111559 0.0963743
v 0.08151427 0.03416595 0.04604065
v 0.06597832 0.01435784 0.05055991
v 0.103269 0.03244585 0.0451552
v 0.1126164 0.01022023 0.05015767
v 0.1204235 0.00498575 0.09269795
v 0.1071129 -0.01248312 0.05137125
v 0.1110844 -0.02093682 0.0912675
v 0.0879582 -0.02252513 0.05180642
v 0.1130241 -0.02695653 0.11881
v 0.08813803 -0.03136185 0.09125653
v 0.08718394 -0.03855392 0.1176856
v 0.06326568 -0.02505794 0.1201773
v 0.06632289 -0.01912746 0.09203491
v 0.06895044 -0.01164022 0.05045283
v 0.0619272 0.01074326 0.0946295
v 0.06597832 0.01435784 0.05055991
v 0.1091954 -0.04407945 0.4082357
v 0.09934007 -0.04501569 0.4297557
v 0.08596626 -0.005923867 0.4355035
v 0.09784921 -0.001994938 0.4083263
v 0.07064721 0.02045032 0.4039457
v 0.0614275 0.009958029 0.4348721
v 0.07673696 0.02237087 0.3756921
v 0.02798063 0.01879749 0.4317957
v 0.03567791 0.0287022 0.401174
v 2.682209E-07 0.02735549 0.4015323
v 2.682209E-07 0.01978588 0.4312643
v -0.02798149 0.01879749 0.4317957
v 0.03711936 0.02858827 0.366725
v 0.02837875 0.01666689 0.343176
v 2.682209E-07 0.02783048 0.3663228
v 2.682209E-07 0.01138026 0.3435823
v 0.01230741 -0.0190849 0.3305119
v 2.682209E-07 -0.02045909 0.3319396
v -0.01230687 -0.0190849 0.3305119
v -0.02837962 0.01666689 0.343176
v -0.03711885 0.02858827 0.366725
v -0.07673642 0.02237087 0.3756921
v -0.03567877 0.0287022 0.401174
v -0.07064807 0.02045032 0.4039457
v -0.061427 0.009958029 0.4348721
v -0.09784868 -0.001994938 0.4083263
v -0.08596575 -0.005923867 0.4355035
v -0.1091962 -0.04407945 0.4082357
v -0.09934092 -0.04501569 0.4297557
v 0.09887332 -0.08402789 0.4037741
v 0.09934007 -0.04501569 0.4297557
v 0.1091954 -0.04407945 0.4082357
v 0.0917279 -0.0821636 0.4218771
v 0.07943586 -0.1067463 0.3937472
v 0.07374835 -0.1034255 0.4147098
v 0.03916618 -0.1139823 0.4048558
v 0.03797048 -0.1155418 0.3727269
v 2.682209E-07 -0.1155075 0.3711344
v 2.682209E-07 -0.1160031 0.4019647
v -0.03916568 -0.1139823 0.4048558
v 2.682209E-07 -0.109448 0.3486535
v 0.02383065 -0.103431 0.3502967
v -0.03796998 -0.1155418 0.3727269
v -0.07943535 -0.1067463 0.3937472
v -0.07374784 -0.1034255 0.4147098
v -0.09172738 -0.0821636 0.4218771
v -0.09887418 -0.08402789 0.4037741
v -0.09934092 -0.04501569 0.4297557
v -0.1091962 -0.04407945 0.4082357
v -0.02383152 -0.103431 0.3502967
v 2.682209E-07 -0.1022532 0.3366662
v 0.01431441 -0.08335382 0.3313342
v -0.01431528 -0.08335382 0.3313342
v 2.682209E-07 -0.08188906 0.329713
v 2.682209E-07 -0.05433014 0.329518
v 0.01322579 -0.05348724 0.3304131
v -0.01322529 -0.05348724 0.3304131
v 0.01230741 -0.0190849 0.3305119
v -0.01230687 -0.0190849 0.3305119
v 2.682209E-07 -0.02045909 0.3319396
v 0.1418776 -0.1050742 0.2850847
v 0.1390071 -0.1095386 0.2943799
v 0.1375313 -0.105714 0.2942879
v 0.1430582 -0.1089428 0.2858027
v 0.1375313 -0.105714 0.2942879
v 0.1312686 -0.1131889 0.298512
v 0.1292259 -0.1096319 0.2987234
v 0.1390071 -0.1095386 0.2943799
v 0.1292259 -0.1096319 0.2987234
v 0.124071 -0.1181378 0.2947698
v 0.1215011 -0.1149419 0.2947066
v 0.1312686 -0.1131889 0.298512
v 0.1215011 -0.1149419 0.2947066
v 0.1211881 -0.1215327 0.2863737
v 0.1184082 -0.1185853 0.2856969
v 0.124071 -0.1181378 0.2947698
v 0.1184082 -0.1185853 0.2856969
v 0.1252379 -0.1209369 0.2777979
v 0.1227545 -0.1179456 0.2764937
v 0.1211881 -0.1215327 0.2863737
v 0.1227545 -0.1179456 0.2764937
v 0.1329778 -0.1172867 0.2736644
v 0.1310613 -0.114029 0.2720582
v 0.1252379 -0.1209369 0.2777979
v 0.1310613 -0.114029 0.2720582
v 0.1401753 -0.1123377 0.277408
v 0.1387847 -0.1087177 0.276075
v 0.1329778 -0.1172867 0.2736644
v 0.1387847 -0.1087177 0.276075
v 0.1430582 -0.1089428 0.2858027
v 0.1418776 -0.1050742 0.2850847
v 0.1401753 -0.1123377 0.277408
v 0.1409208 -0.1127839 0.28629
v 0.1359265 -0.1122361 0.2906198
v 0.1380832 -0.1132012 0.2922974
v 0.1381299 -0.1119108 0.2859536
v 0.1380832 -0.1132012 0.2922974
v 0.1317148 -0.1142212 0.2928684
v 0.1326606 -0.1157587 0.295194
v 0.1359265 -0.1122361 0.2906198
v 0.1326606 -0.1157587 0.295194
v 0.1277996 -0.1169133 0.2908312
v 0.1276183 -0.1192264 0.2925705
v 0.1317148 -0.1142212 0.2928684
v 0.1276183 -0.1192264 0.2925705
v 0.1262318 -0.118761 0.2862639
v 0.125599 -0.1216041 0.2866895
v 0.1277996 -0.1169133 0.2908312
v 0.125599 -0.1216041 0.2866895
v 0.1284352 -0.1184371 0.2815992
v 0.1284365 -0.1211868 0.2806821
v 0.1262318 -0.118761 0.2862639
v 0.1284365 -0.1211868 0.2806821
v 0.1326455 -0.1164506 0.2793505
v 0.1338591 -0.1186293 0.2777855
v 0.1284352 -0.1184371 0.2815992
v 0.1338591 -0.1186293 0.2777855
v 0.1365608 -0.1137586 0.2813864
v 0.1389014 -0.1151629 0.2804075
v 0.1326455 -0.1164506 0.2793505
v 0.1389014 -0.1151629 0.2804075
v 0.1381299 -0.1119108 0.2859536
v 0.1409208 -0.1127839 0.28629
v 0.1365608 -0.1137586 0.2813864
v 0.1381299 -0.1119108 0.2859536
v 0.1365608 -0.1137586 0.2813864
v 0.1359265 -0.1122361 0.2906198
v 0.1317148 -0.1142212 0.2928684
v 0.1326455 -0.1164506 0.2793505
v 0.1277996 -0.1169133 0.2908312
v 0.1284352 -0.1184371 0.2815992
v 0.1262318 -0.118761 0.2862639
v 0.099535 -0.01508868 0.5354831
v 0.1261041 0.02488446 0.507268
v 0.09987821 0.02298725 0.5370522
v 0.1250896 -0.01681292 0.5061217
v 0.1425791 -0.01822689 0.4815637
v 0.1438338 0.02641103 0.4828665
v 0.1755386 0.02838099 0.4419818
v 0.1337369 -0.03656337 0.5174679
v 0.1113795 -0.03310803 0.5459466
v 0.1523438 -0.0393323 0.4937871
v 0.1516725 -0.0382835 0.5401506
v 0.124509 -0.03470597 0.5672318
v 0.1731678 -0.04115126 0.5187212
v 0.1675352 -0.02267066 0.5602909
v 0.1352017 -0.0204179 0.5883318
v 0.1908316 -0.02437016 0.5404074
v 0.1721808 0.0147436 0.5642899
v 0.138797 0.01368105 0.5926602
v 0.1296199 0.04339254 0.5754137
v 0.1958231 0.01553434 0.5446905
v 0.223345 -0.03268111 0.5125368
v 0.2017234 -0.05290517 0.4895781
v 0.1592078 0.04730502 0.5474114
v 0.1168254 0.04674491 0.5540763
v 0.1814101 0.05031419 0.526619
v 0.1430582 0.0505352 0.5289404
v 0.09987821 0.02298725 0.5370522
v 0.1261041 0.02488446 0.507268
v 0.1438338 0.02641103 0.4828665
v 0.1636488 0.05385187 0.5067587
v 0.2321295 0.01547256 0.5146962
v 0.198419 0.06206396 0.4666936
v 0.1755386 0.02838099 0.4419818
v 0.1850096 0.02582344 0.4339372
v 0.21893 0.05741978 0.4918185
v 0.20673 0.05976316 0.4572102
v 0.2280921 0.05516291 0.4829708
v 0.2258942 0.04633856 0.4422605
v 0.2087164 0.01721188 0.4241121
v 0.2457806 0.04335546 0.4684727
v 0.2415579 0.01349986 0.5055794
v 0.2591338 0.008726627 0.489136
v 0.2331591 -0.03438061 0.5035573
v 0.2535218 -0.03216767 0.4868435
v 0.2117887 -0.05462801 0.4810338
v 0.2354777 -0.05013072 0.4656763
v 0.2152303 -0.04920548 0.4392952
v 0.1791752 -0.05094343 0.4592214
v 0.189257 -0.05284613 0.4512674
v 0.2061891 -0.02822363 0.4255425
v 0.1700268 -0.02548489 0.4439723
v 0.1799371 -0.02771157 0.4361419
v 0.2087164 0.01721188 0.4241121
v 0.1850096 0.02582344 0.4339372
v 0.2112479 -0.02835128 0.4234682
v 0.2251557 0.01263773 0.4141524
v 0.2135761 0.01544371 0.4220062
v 0.2214299 -0.02966779 0.4166811
v 0.2200228 -0.04852319 0.4367528
v 0.2295486 -0.04920685 0.4298024
v 0.2489422 -0.05008405 0.4538785
v 0.2395151 -0.04933864 0.4620782
v 0.2668187 -0.0334183 0.4727078
v 0.2568659 -0.03197685 0.4824258
v 0.2733821 0.004595876 0.4737223
v 0.2621924 0.007429332 0.4845866
v 0.2615197 0.0368937 0.4539649
v 0.2492414 0.04077324 0.4646536
v 0.2300428 0.04360119 0.439357
v 0.2420795 0.03996739 0.4311298
v 0.2135761 0.01544371 0.4220062
v 0.2251557 0.01263773 0.4141524
v 0.2214299 -0.02966779 0.4166811
v 0.2539433 0.00808689 0.3900598
v 0.2251557 0.01263773 0.4141524
v 0.2509561 -0.03383836 0.3921218
v 0.2295486 -0.04920685 0.4298024
v 0.2592505 -0.05320582 0.4042848
v 0.2782926 -0.05406243 0.4269263
v 0.2489422 -0.05008405 0.4538785
v 0.2956036 -0.03753942 0.4447123
v 0.2668187 -0.0334183 0.4727078
v 0.3014338 0.0001548827 0.4459258
v 0.2733821 0.004595876 0.4737223
v 0.2892516 0.03216028 0.4276223
v 0.2615197 0.0368937 0.4539649
v 0.2717663 0.034991 0.4076042
v 0.2420795 0.03996739 0.4311298
v 0.2251557 0.01263773 0.4141524
v 0.2539433 0.00808689 0.3900598
v 0.2087164 0.01721188 0.4241121
v 0.2112479 -0.02835128 0.4234682
v 0.2135761 0.01544371 0.4220062
v 0.2061891 -0.02822363 0.4255425
v 0.2200228 -0.04852319 0.4367528
v 0.2152303 -0.04920548 0.4392952
v 0.2395151 -0.04933864 0.4620782
v 0.2354777 -0.05013072 0.4656763
v 0.2568659 -0.03197685 0.4824258
v 0.2535218 -0.03216767 0.4868435
v 0.2621924 0.007429332 0.4845866
v 0.2591338 0.008726627 0.489136
v 0.2492414 0.04077324 0.4646536
v 0.2457806 0.04335546 0.4684727
v 0.2300428 0.04360119 0.439357
v 0.2258942 0.04633856 0.4422605
v 0.2135761 0.01544371 0.4220062
v 0.2087164 0.01721188 0.4241121
v 2.682209E-07 -0.05231899 0.6025636
v 0.02733129 -0.04132834 0.6116789
v 2.682209E-07 -0.05424088 0.6034147
v 0.02783924 -0.03862944 0.6104214
v 0.04410279 -0.01945144 0.623544
v 0.04569796 -0.02331173 0.6253726
v 0.05469528 0.00226897 0.6380737
v 0.04674131 0.02255893 0.6351647
v 0.05469528 0.00226897 0.6380737
v 0.05809298 0.002337635 0.6312962
v 0.05246723 0.02359128 0.6374642
v 0.05246723 0.02359128 0.6374642
v 0.0276649 0.03605217 0.6348188
v 0.0783582 0.02889302 0.63289
v 0.05469528 0.00226897 0.6380737
v 0.07770064 -0.003877044 0.6312591
v 0.04569796 -0.02331173 0.6253726
v 0.06997317 -0.0216836 0.6168667
v 0.05437407 -0.05370826 0.5886379
v 0.02733129 -0.04132834 0.6116789
v 0.02968702 -0.07579246 0.5681282
v 2.682209E-07 -0.05424088 0.6034147
v 2.682209E-07 -0.08918273 0.5613658
v -0.02968651 -0.07579246 0.5681282
v -0.02733079 -0.04132834 0.6116789
v -0.05437353 -0.05370826 0.5886379
v -0.04569882 -0.02331173 0.6253726
v -0.06997404 -0.0216836 0.6168667
v -0.07770151 -0.003877044 0.6312591
v -0.05469614 0.00226897 0.6380737
v -0.07835907 0.02889302 0.63289
v -0.05246672 0.02359128 0.6374642
v -0.02766576 0.03605217 0.6348188
v 0.01794821 0.02407864 0.6499676
v 0.03211689 0.02485701 0.6414165
v 0.0231525 0.002340376 0.6419725
v 0.03366539 0.002340376 0.6363783
v 0.04674131 0.02255893 0.6351647
v 0.01714513 -0.01684999 0.6351799
v 0.05809298 0.002337635 0.6312962
v 0.02525836 -0.01874444 0.6280385
v 0.04410279 -0.01945144 0.623544
v 2.682209E-07 -0.02474359 0.6315172
v 0.02713773 -0.02778432 0.6218376
v 0.02783924 -0.03862944 0.6104214
v 2.682209E-07 -0.05231899 0.6025636
v 2.682209E-07 -0.03433257 0.6197757
v -0.02525923 -0.01874444 0.6280385
v -0.01714462 -0.01684999 0.6351799
v -0.03366488 0.002340376 0.6363783
v -0.02315336 0.002340376 0.6419725
v -0.03211635 0.02485701 0.6414165
v -0.0179477 0.02407864 0.6499676
v -0.04674077 0.02255893 0.6351647
v -0.05809245 0.002337635 0.6312962
v -0.04410225 -0.01945144 0.623544
v -0.02713722 -0.02778432 0.6218376
v -0.02783874 -0.03862944 0.6104214
v 2.682209E-07 -0.03435591 0.6197606
v 2.682209E-07 -0.03863493 0.6156724
v 0.03211689 0.02485701 0.6414165
v 0.0276649 0.03605217 0.6348188
v 0.04674131 0.02255893 0.6351647
v 0.02128825 0.03048548 0.6423898
v 0.01794821 0.02407864 0.6499676
v 2.682209E-07 0.02836862 0.6499457
v 2.682209E-07 0.03290847 0.6432162
v 2.682209E-07 0.04019392 0.6324493
v -0.02766576 0.03605217 0.6348188
v -0.02153209 0.0304237 0.6423582
v -0.0179477 0.02407864 0.6499676
v -0.03211635 0.02485701 0.6414165
v -0.04674077 0.02255893 0.6351647
v 0.0783582 0.02889302 0.63289
v 0.0276649 0.03605217 0.6348188
v 0.03597307 0.04913905 0.6115856
v 2.682209E-07 0.04019392 0.6324493
v 2.682209E-07 0.04726246 0.6176218
v 2.682209E-07 0.05388346 0.6037222
v -0.03597394 0.04913905 0.6115856
v -0.02766576 0.03605217 0.6348188
v -0.07835907 0.02889302 0.63289
v 0.01804981 -0.09050062 0.571725
v 0.006963104 -0.09255981 0.5631793
v 0.006779134 -0.09258865 0.5715095
v 0.0185495 -0.09041825 0.5636721
v 0.03472245 -0.08641928 0.5722645
v 0.02065951 -0.09013134 0.5631793
v 0.02047554 -0.08870225 0.5715095
v 0.03522214 -0.08779345 0.564213
v 0.05030233 -0.08320695 0.5732296
v 0.03771928 -0.0876905 0.564143
v 0.03753531 -0.08499157 0.5724732
v 0.05080202 -0.08584958 0.5651767
v 0.06510112 -0.07713369 0.574612
v 0.05299851 -0.08404711 0.5652907
v 0.05281454 -0.0825384 0.5722
v 0.06560218 -0.07858747 0.5664617
v 0.08290219 -0.06921265 0.5761536
v 0.06889552 -0.07724214 0.5672854
v 0.06871155 -0.07573342 0.5737416
v 0.08340326 -0.07066643 0.5683026
v 0.2333376 -0.02993414 0.4598941
v 0.2466976 -0.01942536 0.4366828
v 0.2288238 -0.0166578 0.4518769
v 0.2510851 -0.03203452 0.4448935
v 0.2399503 -0.03066719 0.4691221
v 0.2581797 -0.03949705 0.4296005
v 0.2531388 -0.02791885 0.4214022
v 0.262931 -0.0446066 0.4199182
v 0.2587385 -0.03692853 0.4122044
v 0.2649572 -0.04285353 0.405118
v 0.2590007 -0.03284582 0.4549643
v 0.2499663 -0.0180251 0.4789568
v 0.2708726 -0.03925544 0.4331643
v 0.2700325 -0.04862341 0.4123307
v 0.2723305 -0.04726022 0.3986536
v 0.2675889 -0.02019548 0.4635526
v 0.2521902 3.954768E-05 0.4799204
v 0.2774799 -0.03952724 0.4433656
v 0.2744913 -0.04529849 0.4225705
v 0.2811466 -0.05070868 0.4054503
v 0.2764516 -0.04867145 0.3951364
v 0.2772424 -0.04625532 0.4165081
v 0.28043 -0.04440618 0.4198797
v 0.2828722 -0.05134153 0.4009969
v 0.2822435 -0.05098462 0.3893322
v 0.283744 -0.04400805 0.4041187
v 0.2827171 -0.04061037 0.4111858
v 0.2847104 -0.04494706 0.3998424
v 0.2876647 -0.04302239 0.4130858
v 0.2853625 -0.04617572 0.425257
v 0.2864923 -0.05252764 0.3927931
v 0.287143 -0.04662734 0.3930416
v 0.287143 -0.04662734 0.3930416
v 0.2836094 -0.04546461 0.3901367
v 0.2931133 -0.04669186 0.4173923
v 0.2999169 -0.04504451 0.4072788
v 0.2937366 -0.04576662 0.4333771
v 0.3018429 -0.02937266 0.4367185
v 0.3023564 -0.04759517 0.4240956
v 0.2863083 -0.02390617 0.4508418
v 0.2880285 -0.00410217 0.4504616
v 0.3091119 -0.04880461 0.4162254
v 0.3098107 -0.04743046 0.3968964
v 0.2696975 -0.001050442 0.4642706
v 0.278714 0.01640743 0.4403454
v 0.2479702 0.01529822 0.4720777
v 0.2650286 0.01486167 0.4571005
v 0.2573354 0.01363575 0.446022
v 0.240439 0.01433039 0.4612655
v 0.2315831 0.006208897 0.4523656
v 0.2495476 0.007001013 0.4374585
v 0.2626495 0.01073366 0.4256606
v 0.2479894 -0.008500636 0.4370631
v 0.2288238 -0.0166578 0.4518769
v 0.2466976 -0.01942536 0.4366828
v 0.2531388 -0.02791885 0.4214022
v 0.2614058 -0.01023859 0.4224483
v 0.2713874 -0.03272641 0.404547
v 0.2587385 -0.03692853 0.4122044
v 0.2649572 -0.04285353 0.405118
v 0.2723305 -0.04726022 0.3986536
v 0.2814116 -0.01430756 0.4139506
v 0.281958 0.0006284714 0.4140673
v 0.2810423 -0.03352264 0.4061916
v 0.2824165 -0.03999811 0.4011369
v 0.2765848 -0.03977847 0.3972464
v 0.2764516 -0.04867145 0.3951364
v 0.2836094 -0.04546461 0.3901367
v 0.2822435 -0.05098462 0.3893322
v 0.287143 -0.04662734 0.3930416
v 0.2847104 -0.04494706 0.3998424
v 0.283744 -0.04400805 0.4041187
v 0.2827171 -0.04061037 0.4111858
v 0.2876386 -0.03264403 0.4112572
v 0.2876647 -0.04302239 0.4130858
v 0.2999169 -0.04504451 0.4072788
v 0.302679 -0.03514114 0.40398
v 0.3098107 -0.04743046 0.3968964
v 0.3127896 -0.03900421 0.3960425
v 0.3206036 -0.04357424 0.3842694
v 0.3183371 -0.04988226 0.3845906
v 0.3045515 -0.02917635 0.4049863
v 0.3065256 -0.01917961 0.4046115
v 0.3138055 -0.03064385 0.3983611
v 0.3149971 -0.02197051 0.3979576
v 0.3256953 -0.03263855 0.3845755
v 0.3266521 -0.02569631 0.3841128
v 0.3067685 -0.01355252 0.4038963
v 0.3051473 -0.003650516 0.4032373
v 0.3165525 -0.01330817 0.3952119
v 0.3159965 -0.0062657 0.3940396
v 0.3261593 -0.01396984 0.3846743
v 0.3259726 -0.008095652 0.3836036
v 0.3031663 0.001450777 0.4035915
v 0.3001983 0.01150241 0.4032785
v 0.3098944 0.001955986 0.3942441
v 0.2848916 0.01244006 0.4134262
v 0.3077858 0.01009256 0.393566
v 0.3170398 0.002689064 0.3852894
v 0.3158784 0.008804888 0.3835829
v 0.3210745 0.01081052 0.3846167
v 0.2930652 0.01665866 0.4239295
v 0.306343 0.01474223 0.4113396
v 0.3135735 0.01317036 0.3999316
v 0.3000569 0.008095145 0.4314964
v 0.3071996 0.01102057 0.4214599
v 0.3032762 -0.005362421 0.4363067
v 0.3125686 0.005798459 0.4140906
v 0.3095677 0.003346622 0.4241766
v 0.3155476 0.01244965 0.3966094
v 0.3180804 0.004697472 0.4027129
v 0.3090227 0.000423938 0.4083524
v 0.3152854 0.001203686 0.4154347
v 0.3120222 -0.007760674 0.4258624
v 0.3116653 -0.02107134 0.4261905
v 0.3191086 0.004495651 0.3988238
v 0.3169877 -0.01109108 0.4170257
v 0.3235812 -0.002561897 0.4034885
v 0.3095855 -0.03415686 0.4256579
v 0.314518 -0.03745842 0.4173126
v 0.3155531 -0.03233516 0.4176379
v 0.3091297 -0.03361735 0.4115016
v 0.3212557 -0.04177177 0.4036464
v 0.3172553 -0.01779857 0.4174156
v 0.3136874 -0.01475647 0.4110581
v 0.3242621 -0.03293094 0.4049314
v 0.3243678 -0.01273432 0.4045126
v 0.316941 -0.05054945 0.4033375
v 0.3260234 -0.02147356 0.4045936
v 0.3228687 -0.04258445 0.3998314
v 0.3188286 -0.05085695 0.3999509
v 0.3247288 -0.05224758 0.386761
v 0.3183371 -0.04988226 0.3845906
v 0.3275019 -0.04652441 0.3866635
v 0.3183371 -0.04988226 0.3845906
v 0.3206036 -0.04357424 0.3842694
v 0.3206036 -0.04357424 0.3842694
v 0.3127896 -0.03900421 0.3960425
v 0.302679 -0.03514114 0.40398
v 0.3045515 -0.02917635 0.4049863
v 0.3138055 -0.03064385 0.3983611
v 0.3265259 -0.03288701 0.4009296
v 0.3256953 -0.03263855 0.3845755
v 0.3331359 -0.03413901 0.3861734
v 0.334149 -0.02571139 0.3856902
v 0.3256953 -0.03263855 0.3845755
v 0.3266521 -0.02569631 0.3841128
v 0.3280085 -0.02283126 0.4004162
v 0.3266521 -0.02569631 0.3841128
v 0.3149971 -0.02197051 0.3979576
v 0.3065256 -0.01917961 0.4046115
v 0.3067685 -0.01355252 0.4038963
v 0.3165525 -0.01330817 0.3952119
v 0.3262884 -0.01264235 0.4007787
v 0.3261593 -0.01396984 0.3846743
v 0.3326554 -0.01438993 0.3864617
v 0.3253535 -0.003514618 0.4003187
v 0.3317795 -0.006409854 0.3858948
v 0.3259726 -0.008095652 0.3836036
v 0.3261593 -0.01396984 0.3846743
v 0.3259726 -0.008095652 0.3836036
v 0.3159965 -0.0062657 0.3940396
v 0.3051473 -0.003650516 0.4032373
v 0.3031663 0.001450777 0.4035915
v 0.3098944 0.001955986 0.3942441
v 0.3170398 0.002689064 0.3852894
v 0.3239477 0.003908098 0.3869697
v 0.3170398 0.002689064 0.3852894
v 0.3158784 0.008804888 0.3835829
v 0.003266156 -0.02340373 0.635578
v 0.003266156 -0.02829775 0.6404706
v 0.003266156 -0.02483693 0.6390374
v 0.003266156 -0.02829775 0.630684
v 0.003266156 -0.02483693 0.6321172
v 0.003266156 -0.0331904 0.635578
v 0.003266156 -0.03175721 0.6390374
v 0.003266156 -0.03175721 0.6321172
v -0.01230687 -0.0190849 0.3305119
v -0.0155316 -0.02228901 0.3040183
v -0.01322529 -0.05348724 0.3304131
v -0.02397567 -0.07817701 0.3050589
v -0.01431528 -0.08335382 0.3313342
v -0.03273961 -0.07317179 0.273733
v -0.02417335 -0.02194718 0.2756385
v -0.02342793 -0.1018756 0.3390672
v -0.02383152 -0.103431 0.3502967
v -0.04158729 -0.1135019 0.3523463
v -0.03796998 -0.1155418 0.3727269
v -0.05332199 -0.1074533 0.3064399
v -0.08422643 -0.1065294 0.3656968
v -0.07943535 -0.1067463 0.3937472
v -0.05932659 -0.09923024 0.2707829
v -0.08652037 -0.1029903 0.3155814
v -0.106371 -0.08601432 0.371107
v -0.09887418 -0.08402789 0.4037741
v -0.0447818 -0.0643653 0.2140369
v -0.04041219 -0.02170694 0.2179617
v -0.06668344 -0.08240247 0.2164654
v -0.05094978 -0.05819729 0.1976292
v -0.04557529 -0.01899019 0.2017283
v -0.05172953 -0.0145478 0.1829073
v -0.1185203 -0.04478642 0.3754821
v -0.1091962 -0.04407945 0.4082357
v -0.1066346 0.0002495944 0.3756812
v -0.09784868 -0.001994938 0.4083263
v -0.07673642 0.02237087 0.3756921
v -0.1239566 -0.04347128 0.3278624
v -0.1109493 -7.57575E-05 0.3253502
v -0.1089217 -0.08420084 0.3219114
v -0.07671997 -0.07185665 0.1933762
v -0.0591042 -0.05212128 0.180045
v -0.056198 0.00202325 0.155196
v -0.08261749 -0.06371456 0.1765773
v -0.0961121 -0.06763393 0.1961424
v -0.06219438 -0.03308195 0.1474452
v -0.05825171 0.009618938 0.1251358
v -0.1258195 -0.03845784 0.2810692
v -0.08978626 -0.09480572 0.2728736
v -0.09360126 -0.07815367 0.2192741
v -0.1114504 -0.07720643 0.2763647
v -0.08712167 -0.04660401 0.1429177
v -0.1120448 -0.05165318 0.1847057
v -0.1112458 -0.05806687 0.2011092
v -0.1121478 -0.06216195 0.2210271
v -0.1215528 -0.03302017 0.2300615
v -0.1197215 -0.0267863 0.2119667
v -0.1077672 0.003698051 0.2209832
v -0.1213263 -0.02145848 0.1957663
v -0.1130099 -0.03476912 0.1455933
v -0.1093555 0.0007561445 0.237185
v -0.125409 -0.01334387 0.1731083
v -0.1102313 -0.0009227693 0.281201
v -0.08044848 0.01824287 0.3241023
v -0.02837962 0.01666689 0.343176
v -0.08013272 0.01375932 0.2804323
v -0.03857538 0.01326784 0.3184848
v -0.07130426 0.009170026 0.2373909
v -0.0155316 -0.02228901 0.3040183
v -0.01230687 -0.0190849 0.3305119
v -0.02417335 -0.02194718 0.2756385
v -0.05081251 0.006958455 0.2781081
v -0.04041219 -0.02170694 0.2179617
v -0.07303125 0.01131022 0.2204258
v -0.04557529 -0.01899019 0.2017283
v -0.07401967 0.01499072 0.2026166
v -0.05172953 -0.0145478 0.1829073
v -0.1093184 0.008073181 0.2044231
v -0.07919511 0.03297573 0.1619556
v -0.056198 0.00202325 0.155196
v -0.1145708 0.02566147 0.1599184
v -0.07970992 0.03807706 0.1303195
v -0.05825171 0.009618938 0.1251358
v -0.1265017 -0.00755477 0.1516267
v -0.1136098 0.03080946 0.1277016
v -0.1250631 0.0007534027 0.1201704
v -0.08041966 0.03653952 0.0979338
v -0.06192669 0.01074326 0.0946295
v -0.1106088 0.03111559 0.0963743
v -0.08151513 0.03416595 0.04604065
v -0.06597781 0.01435784 0.05055991
v -0.1032699 0.03244585 0.0451552
v -0.1126173 0.01022023 0.05015767
v -0.1204244 0.00498575 0.09269795
v -0.1071123 -0.01248312 0.05137125
v -0.1110838 -0.02093682 0.0912675
v -0.08795768 -0.02252513 0.05180642
v -0.1130236 -0.02695653 0.11881
v -0.08813751 -0.03136185 0.09125653
v -0.08718479 -0.03855392 0.1176856
v -0.06326514 -0.02505794 0.1201773
v -0.06632239 -0.01912746 0.09203491
v -0.06895128 -0.01164022 0.05045283
v -0.06192669 0.01074326 0.0946295
v -0.06597781 0.01435784 0.05055991
v -0.1418785 -0.1050742 0.2850847
v -0.1390079 -0.1095386 0.2943799
v -0.1430577 -0.1089428 0.2858027
v -0.1375322 -0.105714 0.2942879
v -0.1375322 -0.105714 0.2942879
v -0.1312681 -0.1131889 0.298512
v -0.1390079 -0.1095386 0.2943799
v -0.1292254 -0.1096319 0.2987234
v -0.1292254 -0.1096319 0.2987234
v -0.1240705 -0.1181378 0.2947698
v -0.1312681 -0.1131889 0.298512
v -0.121502 -0.1149419 0.2947066
v -0.121502 -0.1149419 0.2947066
v -0.1211877 -0.1215327 0.2863737
v -0.1240705 -0.1181378 0.2947698
v -0.1184091 -0.1185853 0.2856969
v -0.1184091 -0.1185853 0.2856969
v -0.1252388 -0.1209369 0.2777979
v -0.1211877 -0.1215327 0.2863737
v -0.1227554 -0.1179456 0.2764937
v -0.1227554 -0.1179456 0.2764937
v -0.1329786 -0.1172867 0.2736644
v -0.1252388 -0.1209369 0.2777979
v -0.1310608 -0.114029 0.2720582
v -0.1310608 -0.114029 0.2720582
v -0.1401762 -0.1123377 0.277408
v -0.1329786 -0.1172867 0.2736644
v -0.1387855 -0.1087177 0.276075
v -0.1387855 -0.1087177 0.276075
v -0.1430577 -0.1089428 0.2858027
v -0.1401762 -0.1123377 0.277408
v -0.1418785 -0.1050742 0.2850847
v -0.1409203 -0.1127839 0.28629
v -0.135926 -0.1122361 0.2906198
v -0.1381294 -0.1119108 0.2859536
v -0.1380841 -0.1132012 0.2922974
v -0.1380841 -0.1132012 0.2922974
v -0.1317156 -0.1142212 0.2928684
v -0.135926 -0.1122361 0.2906198
v -0.1326615 -0.1157587 0.295194
v -0.1326615 -0.1157587 0.295194
v -0.127799 -0.1169133 0.2908312
v -0.1317156 -0.1142212 0.2928684
v -0.1276192 -0.1192264 0.2925705
v -0.1276192 -0.1192264 0.2925705
v -0.1262313 -0.118761 0.2862639
v -0.127799 -0.1169133 0.2908312
v -0.1255998 -0.1216041 0.2866895
v -0.1255998 -0.1216041 0.2866895
v -0.1284347 -0.1184371 0.2815992
v -0.1262313 -0.118761 0.2862639
v -0.1284374 -0.1211868 0.2806821
v -0.1284374 -0.1211868 0.2806821
v -0.132645 -0.1164506 0.2793505
v -0.1284347 -0.1184371 0.2815992
v -0.1338586 -0.1186293 0.2777855
v -0.1338586 -0.1186293 0.2777855
v -0.1365616 -0.1137586 0.2813864
v -0.132645 -0.1164506 0.2793505
v -0.1389022 -0.1151629 0.2804075
v -0.1389022 -0.1151629 0.2804075
v -0.1381294 -0.1119108 0.2859536
v -0.1365616 -0.1137586 0.2813864
v -0.1409203 -0.1127839 0.28629
v -0.1381294 -0.1119108 0.2859536
v -0.132645 -0.1164506 0.2793505
v -0.1365616 -0.1137586 0.2813864
v -0.1317156 -0.1142212 0.2928684
v -0.135926 -0.1122361 0.2906198
v -0.1262313 -0.118761 0.2862639
v -0.1284347 -0.1184371 0.2815992
v -0.127799 -0.1169133 0.2908312
v -0.126105 0.02488446 0.507268
v -0.1052769 -0.01508868 0.5342915
v -0.1055213 0.02298725 0.5358853
v -0.1250891 -0.01681292 0.5061217
v -0.1337378 -0.03656337 0.5174679
v -0.1061926 -0.03310803 0.5469913
v -0.1425786 -0.01822689 0.4815637
v -0.1438333 0.02641103 0.4828665
v -0.1755395 0.02838099 0.4419818
v -0.151672 -0.0382835 0.5401506
v -0.1205424 -0.03470597 0.5679718
v -0.1523447 -0.0393323 0.4937871
v -0.1675361 -0.02267066 0.5602909
v -0.1326835 -0.0204179 0.5887395
v -0.1731687 -0.04115126 0.5187212
v -0.1721802 0.0147436 0.5642899
v -0.1387965 0.01368105 0.5926602
v -0.1296194 0.04339254 0.5754137
v -0.1908311 -0.02437016 0.5404074
v -0.1958226 0.01553434 0.5446905
v -0.1592087 0.04730502 0.5474114
v -0.1168249 0.04674491 0.5540763
v -0.2233458 -0.03268111 0.5125368
v -0.2017242 -0.05290517 0.4895781
v -0.1814095 0.05031419 0.526619
v -0.1430577 0.0505352 0.5289404
v -0.1055213 0.02298725 0.5358853
v -0.126105 0.02488446 0.507268
v -0.1438333 0.02641103 0.4828665
v -0.1636497 0.05385187 0.5067587
v -0.232129 0.01547256 0.5146962
v -0.1984186 0.06206396 0.4666936
v -0.1755395 0.02838099 0.4419818
v -0.1850104 0.02582344 0.4339372
v -0.2189309 0.05741978 0.4918185
v -0.2067308 0.05976316 0.4572102
v -0.228093 0.05516291 0.4829708
v -0.2258937 0.04633856 0.4422605
v -0.2087173 0.01721188 0.4241121
v -0.2457801 0.04335546 0.4684727
v -0.2415574 0.01349986 0.5055794
v -0.2591347 0.008726627 0.489136
v -0.2331586 -0.03438061 0.5035573
v -0.2535227 -0.03216767 0.4868435
v -0.2117882 -0.05462801 0.4810338
v -0.2354786 -0.05013072 0.4656763
v -0.2152312 -0.04920548 0.4392952
v -0.1791747 -0.05094343 0.4592214
v -0.1892565 -0.05284613 0.4512674
v -0.2061899 -0.02822363 0.4255425
v -0.1700263 -0.02548489 0.4439723
v -0.1799379 -0.02771157 0.4361419
v -0.2087173 0.01721188 0.4241121
v -0.1850104 0.02582344 0.4339372
v -0.2251552 0.01263773 0.4141524
v -0.2112473 -0.02835128 0.4234682
v -0.213577 0.01544371 0.4220062
v -0.2214308 -0.02966779 0.4166811
v -0.2200223 -0.04852319 0.4367528
v -0.2295495 -0.04920685 0.4298024
v -0.2489417 -0.05008405 0.4538785
v -0.2395146 -0.04933864 0.4620782
v -0.2668196 -0.0334183 0.4727078
v -0.2568668 -0.03197685 0.4824258
v -0.2733816 0.004595876 0.4737223
v -0.2621919 0.007429332 0.4845866
v -0.2615206 0.0368937 0.4539649
v -0.2492409 0.04077324 0.4646536
v -0.2300423 0.04360119 0.439357
v -0.242079 0.03996739 0.4311298
v -0.213577 0.01544371 0.4220062
v -0.2251552 0.01263773 0.4141524
v -0.2539427 0.00808689 0.3900598
v -0.2214308 -0.02966779 0.4166811
v -0.2251552 0.01263773 0.4141524
v -0.2509555 -0.03383836 0.3921218
v -0.2295495 -0.04920685 0.4298024
v -0.2592514 -0.05320582 0.4042848
v -0.2782934 -0.05406243 0.4269263
v -0.2489417 -0.05008405 0.4538785
v -0.2956044 -0.03753942 0.4447123
v -0.2668196 -0.0334183 0.4727078
v -0.3014333 0.0001548827 0.4459258
v -0.2733816 0.004595876 0.4737223
v -0.2892511 0.03216028 0.4276223
v -0.2615206 0.0368937 0.4539649
v -0.2717671 0.034991 0.4076042
v -0.242079 0.03996739 0.4311298
v -0.2251552 0.01263773 0.4141524
v -0.2539427 0.00808689 0.3900598
v -0.2112473 -0.02835128 0.4234682
v -0.2087173 0.01721188 0.4241121
v -0.213577 0.01544371 0.4220062
v -0.2061899 -0.02822363 0.4255425
v -0.2200223 -0.04852319 0.4367528
v -0.2152312 -0.04920548 0.4392952
v -0.2395146 -0.04933864 0.4620782
v -0.2354786 -0.05013072 0.4656763
v -0.2568668 -0.03197685 0.4824258
v -0.2535227 -0.03216767 0.4868435
v -0.2621919 0.007429332 0.4845866
v -0.2591347 0.008726627 0.489136
v -0.2492409 0.04077324 0.4646536
v -0.2457801 0.04335546 0.4684727
v -0.2300423 0.04360119 0.439357
v -0.2258937 0.04633856 0.4422605
v -0.213577 0.01544371 0.4220062
v -0.2087173 0.01721188 0.4241121
v -0.02733079 -0.04132834 0.6116789
v 2.682209E-07 -0.05231899 0.6025636
v 2.682209E-07 -0.05424088 0.6034147
v -0.02783874 -0.03862944 0.6104214
v -0.04410225 -0.01945144 0.623544
v -0.04569882 -0.02331173 0.6253726
v -0.05469614 0.00226897 0.6380737
v -0.04674077 0.02255893 0.6351647
v -0.05469614 0.00226897 0.6380737
v -0.05246672 0.02359128 0.6374642
v -0.05809245 0.002337635 0.6312962
v -0.0180493 -0.09050062 0.571725
v -0.006963938 -0.09255981 0.5631793
v -0.01855037 -0.09041825 0.5636721
v -0.006779999 -0.09258865 0.5715095
v -0.03472194 -0.08641928 0.5722645
v -0.020659 -0.09013134 0.5631793
v -0.03522164 -0.08779345 0.564213
v -0.02047503 -0.08870225 0.5715095
v -0.05030182 -0.08320695 0.5732296
v -0.03772011 -0.0876905 0.564143
v -0.05080289 -0.08584958 0.5651767
v -0.03753617 -0.08499157 0.5724732
v -0.06510195 -0.07713369 0.574612
v -0.05299801 -0.08404711 0.5652907
v -0.06560168 -0.07858747 0.5664617
v -0.05281404 -0.0825384 0.5722
v -0.08290303 -0.06921265 0.5761536
v -0.06889638 -0.07724214 0.5672854
v -0.08340275 -0.07066643 0.5683026
v -0.06871241 -0.07573342 0.5737416
v -0.2466985 -0.01942536 0.4366828
v -0.2333384 -0.02993414 0.4598941
v -0.2288233 -0.0166578 0.4518769
v -0.2510846 -0.03203452 0.4448935
v -0.2399498 -0.03066719 0.4691221
v -0.2581806 -0.03949705 0.4296005
v -0.2531397 -0.02791885 0.4214022
v -0.2629305 -0.0446066 0.4199182
v -0.2587379 -0.03692853 0.4122044
v -0.2649567 -0.04285353 0.405118
v -0.2590001 -0.03284582 0.4549643
v -0.2499671 -0.0180251 0.4789568
v -0.2708735 -0.03925544 0.4331643
v -0.2700333 -0.04862341 0.4123307
v -0.2723314 -0.04726022 0.3986536
v -0.2675884 -0.02019548 0.4635526
v -0.2521897 3.954768E-05 0.4799204
v -0.2774794 -0.03952724 0.4433656
v -0.2744908 -0.04529849 0.4225705
v -0.2811461 -0.05070868 0.4054503
v -0.2764525 -0.04867145 0.3951364
v -0.2772433 -0.04625532 0.4165081
v -0.2804295 -0.04440618 0.4198797
v -0.2828717 -0.05134153 0.4009969
v -0.282243 -0.05098462 0.3893322
v -0.2837434 -0.04400805 0.4041187
v -0.2827166 -0.04061037 0.4111858
v -0.2847113 -0.04494706 0.3998424
v -0.2876642 -0.04302239 0.4130858
v -0.285362 -0.04617572 0.425257
v -0.2864918 -0.05252764 0.3927931
v -0.2871425 -0.04662734 0.3930416
v -0.2871425 -0.04662734 0.3930416
v -0.2836089 -0.04546461 0.3901367
v -0.2931128 -0.04669186 0.4173923
v -0.2999164 -0.04504451 0.4072788
v -0.293736 -0.04576662 0.4333771
v -0.3018425 -0.02937266 0.4367185
v -0.3023572 -0.04759517 0.4240956
v -0.2863078 -0.02390617 0.4508418
v -0.2880279 -0.00410217 0.4504616
v -0.3091114 -0.04880461 0.4162254
v -0.3098102 -0.04743046 0.3968964
v -0.2696983 -0.001050442 0.4642706
v -0.2787135 0.01640743 0.4403454
v -0.2479697 0.01529822 0.4720777
v -0.2650281 0.01486167 0.4571005
v -0.2573349 0.01363575 0.446022
v -0.2404385 0.01433039 0.4612655
v -0.2315826 0.006208897 0.4523656
v -0.2495484 0.007001013 0.4374585
v -0.2626491 0.01073366 0.4256606
v -0.2479889 -0.008500636 0.4370631
v -0.2288233 -0.0166578 0.4518769
v -0.2466985 -0.01942536 0.4366828
v -0.2531397 -0.02791885 0.4214022
v -0.2614067 -0.01023859 0.4224483
v -0.2713883 -0.03272641 0.404547
v -0.2587379 -0.03692853 0.4122044
v -0.2649567 -0.04285353 0.405118
v -0.2723314 -0.04726022 0.3986536
v -0.2814124 -0.01430756 0.4139506
v -0.2819574 0.0006284714 0.4140673
v -0.2810418 -0.03352264 0.4061916
v -0.2824174 -0.03999811 0.4011369
v -0.2765843 -0.03977847 0.3972464
v -0.2764525 -0.04867145 0.3951364
v -0.2836089 -0.04546461 0.3901367
v -0.282243 -0.05098462 0.3893322
v -0.2871425 -0.04662734 0.3930416
v -0.2847113 -0.04494706 0.3998424
v -0.2837434 -0.04400805 0.4041187
v -0.2827166 -0.04061037 0.4111858
v -0.2876381 -0.03264403 0.4112572
v -0.2876642 -0.04302239 0.4130858
v -0.2999164 -0.04504451 0.4072788
v -0.3026785 -0.03514114 0.40398
v -0.3098102 -0.04743046 0.3968964
v -0.3127905 -0.03900421 0.3960425
v -0.3206044 -0.04357424 0.3842694
v -0.3183366 -0.04988226 0.3845906
v -0.3045509 -0.02917635 0.4049863
v -0.3065264 -0.01917961 0.4046115
v -0.313805 -0.03064385 0.3983611
v -0.3149966 -0.02197051 0.3979576
v -0.3256948 -0.03263855 0.3845755
v -0.3266516 -0.02569631 0.3841128
v -0.306768 -0.01355252 0.4038963
v -0.3051468 -0.003650516 0.4032373
v -0.3165534 -0.01330817 0.3952119
v -0.315996 -0.0062657 0.3940396
v -0.3261602 -0.01396984 0.3846743
v -0.3259735 -0.008095652 0.3836036
v -0.3031672 0.001450777 0.4035915
v -0.3001978 0.01150241 0.4032785
v -0.3098939 0.001955986 0.3942441
v -0.2848911 0.01244006 0.4134262
v -0.3077866 0.01009256 0.393566
v -0.3170407 0.002689064 0.3852894
v -0.3158793 0.008804888 0.3835829
v -0.3210753 0.01081052 0.3846167
v -0.2930648 0.01665866 0.4239295
v -0.3063425 0.01474223 0.4113396
v -0.3135744 0.01317036 0.3999316
v -0.3000564 0.008095145 0.4314964
v -0.3072004 0.01102057 0.4214599
v -0.3032756 -0.005362421 0.4363067
v -0.3125695 0.005798459 0.4140906
v -0.3095685 0.003346622 0.4241766
v -0.315547 0.01244965 0.3966094
v -0.3180799 0.004697472 0.4027129
v -0.3090236 0.000423938 0.4083524
v -0.3152862 0.001203686 0.4154347
v -0.3120217 -0.007760674 0.4258624
v -0.3116648 -0.02107134 0.4261905
v -0.3191095 0.004495651 0.3988238
v -0.3169885 -0.01109108 0.4170257
v -0.3235807 -0.002561897 0.4034885
v -0.309585 -0.03415686 0.4256579
v -0.3145175 -0.03745842 0.4173126
v -0.3155526 -0.03233516 0.4176379
v -0.3091306 -0.03361735 0.4115016
v -0.3212565 -0.04177177 0.4036464
v -0.3172562 -0.01779857 0.4174156
v -0.3136869 -0.01475647 0.4110581
v -0.3242616 -0.03293094 0.4049314
v -0.3243687 -0.01273432 0.4045126
v -0.3169405 -0.05054945 0.4033375
v -0.3260243 -0.02147356 0.4045936
v -0.3228696 -0.04258445 0.3998314
v -0.318828 -0.05085695 0.3999509
v -0.3247284 -0.05224758 0.386761
v -0.3183366 -0.04988226 0.3845906
v -0.3275014 -0.04652441 0.3866635
v -0.3183366 -0.04988226 0.3845906
v -0.3206044 -0.04357424 0.3842694
v -0.3206044 -0.04357424 0.3842694
v -0.3127905 -0.03900421 0.3960425
v -0.3026785 -0.03514114 0.40398
v -0.3045509 -0.02917635 0.4049863
v -0.313805 -0.03064385 0.3983611
v -0.3265253 -0.03288701 0.4009296
v -0.3256948 -0.03263855 0.3845755
v -0.3331354 -0.03413901 0.3861734
v -0.3341485 -0.02571139 0.3856902
v -0.3256948 -0.03263855 0.3845755
v -0.3266516 -0.02569631 0.3841128
v -0.3280079 -0.02283126 0.4004162
v -0.3266516 -0.02569631 0.3841128
v -0.3149966 -0.02197051 0.3979576
v -0.3065264 -0.01917961 0.4046115
v -0.306768 -0.01355252 0.4038963
v -0.3165534 -0.01330817 0.3952119
v -0.3262892 -0.01264235 0.4007787
v -0.3261602 -0.01396984 0.3846743
v -0.3326563 -0.01438993 0.3864617
v -0.3253543 -0.003514618 0.4003187
v -0.3317791 -0.006409854 0.3858948
v -0.3259735 -0.008095652 0.3836036
v -0.3261602 -0.01396984 0.3846743
v -0.3259735 -0.008095652 0.3836036
v -0.315996 -0.0062657 0.3940396
v -0.3051468 -0.003650516 0.4032373
v -0.3031672 0.001450777 0.4035915
v -0.3098939 0.001955986 0.3942441
v -0.3170407 0.002689064 0.3852894
v -0.3239486 0.003908098 0.3869697
v -0.3170407 0.002689064 0.3852894
v -0.3158793 0.008804888 0.3835829
v -0.00326699 -0.02829775 0.630684
v -0.00326699 -0.0331904 0.635578
v -0.00326699 -0.03175721 0.6321172
v -0.00326699 -0.02829775 0.6404706
v -0.00326699 -0.03175721 0.6390374
v -0.00326699 -0.02340373 0.635578
v -0.00326699 -0.02483693 0.6321172
v -0.00326699 -0.02483693 0.6390374
v 0.003266156 -0.02483693 0.6390374
v -0.00326699 -0.02340373 0.635578
v 0.003266156 -0.02340373 0.635578
v -0.00326699 -0.02483693 0.6390374
v 0.003266156 -0.02829775 0.6404706
v -0.00326699 -0.02829775 0.6404706
v 0.003266156 -0.03175721 0.6390374
v -0.00326699 -0.03175721 0.6390374
v 0.003266156 -0.0331904 0.635578
v -0.00326699 -0.0331904 0.635578
v 0.003266156 -0.03175721 0.6321172
v -0.00326699 -0.03175721 0.6321172
v 0.003266156 -0.02829775 0.630684
v -0.00326699 -0.02829775 0.630684
v 0.003266156 -0.02483693 0.6321172
v -0.00326699 -0.02483693 0.6321172
v 0.003266156 -0.02340373 0.635578
v -0.00326699 -0.02340373 0.635578
v 0.01613888 -0.1095798 0.5070607
v -0.0003250837 -0.1160333 0.5074465
v -8.621812E-05 -0.1230373 0.5112601
v -0.01630998 -0.1098379 0.507224
v 0.290958 -0.08027327 0.1311089
v 0.2869343 -0.06396991 0.173748
v 0.283431 -0.001228899 0.1662402
v 0.27709 -0.05524442 0.2073211
v 0.2705322 -0.01055846 0.2061611
v 0.2608443 -0.04955554 0.2390067
v 0.2537511 -0.01033056 0.2352288
v 0.2395563 -0.04574051 0.2699715
v 0.2247644 -0.01924139 0.2766337
v 0.2368931 0.005117536 0.2451198
v 0.2131245 -0.03866237 0.3012288
v 0.2228947 0.02059034 0.2387239
v 0.2039253 0.001187205 0.2669336
v 0.2028353 0.03343835 0.2295001
v 0.2169381 0.03856164 0.213194
v 0.1897992 0.025877 0.2420914
v 0.2017865 0.04251394 0.2059579
v 0.2111257 0.04869565 0.1743877
v 0.1975212 0.03917256 0.1986808
v 0.181535 0.03200379 0.2386416
v 0.1600205 0.01476008 0.2666974
v 0.1759203 0.0264577 0.2329527
v 0.1541889 0.02099121 0.2679988
v 0.1326126 0.003688455 0.3010599
v 0.1511275 0.01545608 0.2646204
v 0.128987 0.009566784 0.3010599
v 0.1055698 -0.009802043 0.3470446
v 0.1247135 0.003688455 0.3010599
v 0.1027323 -0.00351873 0.3455262
v 0.08520436 -0.01957774 0.3959546
v 0.09924947 -0.008957773 0.3440079
v 0.07966924 -0.01742518 0.3991821
v 0.07934663 -0.02326232 0.3991821
v 0.2869343 -0.06396991 0.173748
v 0.290958 -0.08027327 0.1311089
v 0.2815777 -0.06562003 0.1712275
v 0.2718638 -0.05756307 0.2042323
v 0.27709 -0.05524442 0.2073211
v 0.2608443 -0.04955554 0.2390067
v 0.2564459 -0.05257568 0.2361513
v 0.2363234 -0.04864949 0.266162
v 0.2395563 -0.04574051 0.2699715
v 0.2131245 -0.03866237 0.3012288
v 0.2093218 -0.03974003 0.2950073
v 0.2039253 0.001187205 0.2669336
v 0.2050895 -0.004836619 0.2636924
v 0.1949074 0.01833484 0.2359179
v 0.1897992 0.025877 0.2420914
v 0.1823903 0.01739174 0.2351011
v 0.1600205 0.01476008 0.2666974
v 0.1555328 0.007999033 0.2656596
v 0.1326126 0.003688455 0.3010599
v 0.1298437 -0.001066923 0.2987344
v 0.1055698 -0.009802043 0.3470446
v 0.1024865 -0.01362666 0.3455674
v 0.08520436 -0.01957774 0.3959546
v 0.0823462 -0.02545056 0.3976226
v 0.09924947 -0.008957773 0.3440079
v 0.07934663 -0.02326232 0.3991821
v 0.290958 -0.08027327 0.1311089
v 0.283431 -0.001228899 0.1662402
v 0.2815777 -0.06562003 0.1712275
v 0.2705322 -0.01055846 0.2061611
v 0.2718638 -0.05756307 0.2042323
v 0.2537511 -0.01033056 0.2352288
v 0.2564459 -0.05257568 0.2361513
v 0.2363234 -0.04864949 0.266162
v 0.2243636 -0.01664269 0.2683489
v 0.2368931 0.005117536 0.2451198
v 0.2093218 -0.03974003 0.2950073
v 0.2050895 -0.004836619 0.2636924
v 0.2228947 0.02059034 0.2387239
v 0.1949074 0.01833484 0.2359179
v 0.2169381 0.03856164 0.213194
v 0.1823903 0.01739174 0.2351011
v 0.2017989 0.0323827 0.2033812
v 0.2111257 0.04869565 0.1743877
v 0.1975212 0.03917256 0.1986808
v 0.1759203 0.0264577 0.2329527
v 0.1555328 0.007999033 0.2656596
v 0.1511275 0.01545608 0.2646204
v 0.1298437 -0.001066923 0.2987344
v 0.1247135 0.003688455 0.3010599
v 0.1024865 -0.01362666 0.3455674
v 0.09924947 -0.008957773 0.3440079
v 0.1379569 -0.03080723 0.3267752
v 0.1491726 -0.02763194 0.2864987
v 0.1403483 -0.03026909 0.2905965
v 0.1494348 -0.03320003 0.2850105
v 0.121891 0.02075782 0.3264979
v 0.1247231 0.01138711 0.2868872
v 0.1300688 0.01919147 0.2868309
v 0.1287866 0.02566832 0.2856461
v 0.03332356 0.04404324 0.3265597
v 2.682209E-07 0.05454239 0.2821181
v 0.03308469 0.05370498 0.2826548
v 2.682209E-07 0.04575649 0.3267574
v -0.03332305 0.04404324 0.3265597
v -0.03308418 0.05370498 0.2826548
v 0.08533752 0.0379329 0.3266805
v 0.0850355 0.03677428 0.2885043
v 0.09255981 0.04614225 0.284018
v 0.0874887 0.04525679 0.2837174
v 0.03506154 -0.1249469 0.3264018
v 0.04225773 -0.1328899 0.2784801
v 0.04711059 -0.12406 0.2814276
v 0.02659959 -0.125113 0.2814948
v 0.0335336 -0.1331494 0.2785199
v 0.03332356 0.04404324 0.3265597
v 0.03136322 0.04178497 0.2876504
v 0.03530589 0.05158126 0.2809965
v 0.03308469 0.05370498 0.2826548
v 0.03506154 -0.1249469 0.3264018
v 0.0335336 -0.1331494 0.2785199
v 2.682209E-07 -0.1302431 0.3264169
v 2.682209E-07 -0.1361475 0.2787053
v -0.03353447 -0.1331494 0.2785199
v -0.0350624 -0.1249469 0.3264018
v 0.09218505 -0.1103142 0.3270003
v 0.04225773 -0.1328899 0.2784801
v 0.03506154 -0.1249469 0.3264018
v 0.09939635 -0.1164671 0.2792723
v 0.09218505 -0.1103142 0.3270003
v 0.1340307 -0.08648244 0.2839699
v 0.1019621 -0.113635 0.2793779
v 0.1253779 -0.08372998 0.3271472
v 0.1379569 -0.03080723 0.3267752
v 0.1494348 -0.03320003 0.2850105
v 0.1359801 -0.08404022 0.2845383
v 0.1253779 -0.08372998 0.3271472
v 0.09218505 -0.1103142 0.3270003
v 0.08818471 -0.1115703 0.282081
v 0.09939635 -0.1164671 0.2792723
v 0.09995508 -0.1069605 0.2823185
v 0.1019621 -0.113635 0.2793779
v 0.1253779 -0.08372998 0.3271472
v 0.1255962 -0.08673778 0.2854869
v 0.1340307 -0.08648244 0.2839699
v 0.1334871 -0.07452947 0.2864136
v 0.1359801 -0.08404022 0.2845383
v 0.1491726 -0.02763194 0.2864987
v 0.1379569 -0.03080723 0.3267752
v 0.1373199 -0.00471583 0.3266324
v 0.1463406 -0.003229082 0.2863628
v 0.1300688 0.01919147 0.2868309
v 0.121891 0.02075782 0.3264979
v 0.08533752 0.0379329 0.3266805
v 0.03530589 0.05158126 0.2809965
v 0.0874887 0.04525679 0.2837174
v 0.03332356 0.04404324 0.3265597
v 0.121891 0.02075782 0.3264979
v 0.09255981 0.04614225 0.284018
v 0.1287866 0.02566832 0.2856461
v 0.08533752 0.0379329 0.3266805
v -0.1379578 -0.03080723 0.3267752
v -0.1403478 -0.03026909 0.2905965
v -0.1491735 -0.02763194 0.2864987
v -0.1494344 -0.03320003 0.2850105
v -0.1195375 0.01572376 0.3264979
v -0.1300696 0.01919147 0.2868309
v -0.124724 0.01138711 0.2868872
v -0.1287861 0.02566832 0.2856461
v -0.08533838 0.0379329 0.3266805
v -0.09255931 0.04614225 0.284018
v -0.085035 0.03677428 0.2885043
v -0.08748958 0.04525679 0.2837174
v -0.0350624 -0.1249469 0.3264018
v -0.04711008 -0.12406 0.2814276
v -0.04225722 -0.1328899 0.2784801
v -0.02660045 -0.125113 0.2814948
v -0.03353447 -0.1331494 0.2785199
v -0.03332305 0.04404324 0.3265597
v -0.03530538 0.05158126 0.2809965
v -0.03136268 0.04178497 0.2876504
v -0.03308418 0.05370498 0.2826548
v -0.09218454 -0.1103142 0.3270003
v -0.04225722 -0.1328899 0.2784801
v -0.09810403 -0.1153194 0.2792723
v -0.0350624 -0.1249469 0.3264018
v -0.09218454 -0.1103142 0.3270003
v -0.1310526 -0.08387274 0.2839699
v -0.1253774 -0.08372998 0.3271472
v -0.1006712 -0.1124874 0.2793779
v -0.1379578 -0.03080723 0.3267752
v -0.133002 -0.08142915 0.2845383
v -0.1494344 -0.03320003 0.2850105
v -0.1253774 -0.08372998 0.3271472
v -0.09218454 -0.1103142 0.3270003
v -0.09810403 -0.1153194 0.2792723
v -0.08705437 -0.1112381 0.282081
v -0.09882477 -0.1066269 0.2823185
v -0.1006712 -0.1124874 0.2793779
v -0.1253774 -0.08372998 0.3271472
v -0.1310526 -0.08387274 0.2839699
v -0.1226181 -0.08412808 0.2854869
v -0.130509 -0.07191843 0.2864136
v -0.133002 -0.08142915 0.2845383
v -0.1491735 -0.02763194 0.2864987
v -0.1373194 -0.00471583 0.3266324
v -0.1379578 -0.03080723 0.3267752
v -0.1463414 -0.003229082 0.2863628
v -0.1300696 0.01919147 0.2868309
v -0.1195375 0.01572376 0.3264979
v -0.08533838 0.0379329 0.3266805
v -0.03530538 0.05158126 0.2809965
v -0.03332305 0.04404324 0.3265597
v -0.08748958 0.04525679 0.2837174
v -0.1195375 0.01572376 0.3264979
v -0.09255931 0.04614225 0.284018
v -0.08533838 0.0379329 0.3266805
v -0.1287861 0.02566832 0.2856461
v 0.1011673 0.0416683 -2.682209E-07
v 0.1143804 0.03403965 0.009577751
v 0.1017397 0.04240549 0.009595603
v 0.1143736 0.03383785 -2.682209E-07
v 0.1180266 0.01892513 0.009568155
v 0.1176848 0.01865882 -2.682209E-07
v 0.1200474 -0.001603693 0.009551674
v 0.1196685 -0.0018906 -2.682209E-07
v 0.1144601 -0.03978533 0.009532452
v 0.1142651 -0.03884497 1.102686E-06
v 0.101667 -0.05604613 -2.682209E-07
v 0.1035106 -0.05636463 0.009543449
v 0.09754308 -0.05900726 0.01604089
v 0.0799287 -0.06007254 -2.682209E-07
v 0.07985732 -0.06043634 0.01607934
v 0.06351277 -0.05351058 0.01599011
v 0.06019884 -0.04960495 -2.682209E-07
v 0.05883428 -0.0500662 0.009581864
v 0.0558306 -0.02968428 1.102686E-06
v 0.05449897 -0.03029105 0.009575009
v 0.05966619 0.004013807 0.009507746
v 0.05957285 0.002787888 -2.682209E-07
v 0.06500775 0.02262759 -2.682209E-07
v 0.06449983 0.02211964 0.009531081
v 0.07428101 0.03892544 -2.682209E-07
v 0.07407233 0.03930572 0.009564042
v 0.09238958 0.04495478 0.009590119
v 0.09240744 0.04400206 -2.682209E-07
v 0.1011673 0.0416683 -2.682209E-07
v 0.1017397 0.04240549 0.009595603
v 0.1095372 -0.03237495 0.02798012
v 0.1119067 -0.02349296 0.03565133
v 0.1163861 -0.01927024 0.03486469
v 0.1168995 -0.0162487 0.0202252
v 0.1209218 0.01657355 0.03320774
v 0.1074739 -0.04820469 0.01963076
v 0.1182257 -0.001517206 0.009607971
v 0.1127551 -0.03918129 0.009602457
v 0.1165357 0.01866156 0.02216494
v 0.1025181 -0.05443582 0.009602457
v 0.1142569 0.03525871 0.03190634
v 0.1127015 0.03305674 0.02217731
v 0.1071993 0.03780386 0.02222261
v 0.101807 0.04093796 0.0322358
v 0.1014185 0.04044789 0.00959149
v 0.1006648 -0.05467331 0.02282116
v 0.09724517 -0.05673254 0.01603815
v 0.08018541 -0.05854186 0.01607659
v 0.08034328 -0.05749443 0.02482542
v 0.06347707 -0.04952669 0.02296939
v 0.06415114 -0.05142802 0.015986
v 0.06023592 -0.04847103 0.009650528
v 0.05820966 -0.03970158 0.01991355
v 0.05632481 -0.03019634 0.009639531
v 0.05819592 -0.01088655 0.02037621
v 0.06142062 0.00360471 0.0095599
v 0.0614824 -0.02754408 0.02849492
v 0.05812728 -0.0156076 0.03532323
v 0.06252849 -0.01849735 0.03611943
v 0.06275088 0.01906654 0.03356466
v 0.06652743 0.02239558 0.02160347
v 0.07499349 0.03945121 0.03190771
v 0.07555497 0.038261 0.02199745
v 0.08394003 0.04174104 0.02212238
v 0.09169221 0.04327583 0.03230581
v 0.09204777 0.04311797 0.009588748
v 0.0614824 -0.02754408 0.02849492
v 0.06252849 -0.01849735 0.03611943
v 0.06663176 -0.03054503 0.03673857
v 0.06757352 -0.02598184 0.05414703
v 0.08386725 -0.03798011 0.03957203
v 0.06475654 -0.01727417 0.05302134
v 0.06849605 -0.02026689 0.05979884
v 0.08538283 -0.02923125 0.06232616
v 0.0847733 -0.03263441 0.05627212
v 0.108218 -0.02324036 0.05912891
v 0.1077773 -0.02725992 0.05343455
v 0.1113328 -0.01856598 0.05332747
v 0.1119067 -0.02349296 0.03565133
v 0.1040378 -0.03354046 0.03604257
v 0.1095372 -0.03237495 0.02798012
v 0.06446138 -0.04512551 0.0299089
v 0.066246 -0.03228709 0.03572133
v 0.08108735 -0.05280495 0.03186241
v 0.1009023 -0.04976696 0.02988693
v 0.1038126 -0.03528118 0.03516671
v 0.09238958 0.04495478 0.009590119
v 0.08355427 0.04338428 0.0221059
v 0.07407233 0.03930572 0.009564042
v 0.07443887 0.03971207 0.02194941
v 0.06480595 0.02302843 0.02160209
v 0.06449983 0.02211964 0.009531081
v 0.05966619 0.004013807 0.009507746
v 0.07428101 0.03892544 -2.682209E-07
v 0.1011673 0.0416683 -2.682209E-07
v 0.09240744 0.04400206 -2.682209E-07
v 0.1143736 0.03383785 -2.682209E-07
v 0.1176848 0.01865882 -2.682209E-07
v 0.06500775 0.02262759 -2.682209E-07
v 0.1196685 -0.0018906 -2.682209E-07
v 0.05957285 0.002787888 -2.682209E-07
v 0.1142651 -0.03884497 1.102686E-06
v 0.0558306 -0.02968428 1.102686E-06
v 0.101667 -0.05604613 -2.682209E-07
v 0.0799287 -0.06007254 -2.682209E-07
v 0.06019884 -0.04960495 -2.682209E-07
v 0.1017397 0.04240549 0.009595603
v 0.1143804 0.03403965 0.009577751
v 0.1081411 0.03936473 0.02224046
v 0.1142336 0.03431559 0.0221732
v 0.1183327 0.01902398 0.0221279
v 0.1180266 0.01892513 0.009568155
v 0.1200474 -0.001603693 0.009551674
v 0.06475654 -0.01727417 0.05302134
v 0.06252849 -0.01849735 0.03611943
v 0.05812728 -0.0156076 0.03532323
v 0.05538443 -0.0125792 0.05259851
v 0.06052831 -0.01194361 0.05932248
v 0.06275088 0.01906654 0.03356466
v 0.05803257 0.01527074 0.04685062
v 0.06220862 0.01405308 0.05367479
v 0.07499349 0.03945121 0.03190771
v 0.07108375 0.04144728 0.04358885
v 0.07429612 0.03873324 0.05039242
v 0.09216857 0.04551762 0.04300952
v 0.09169221 0.04327583 0.03230581
v 0.09143138 0.04172045 0.04994765
v 0.101807 0.04093796 0.0322358
v 0.1023657 0.04372612 0.0431715
v 0.1017658 0.03990975 0.05004373
v 0.1142569 0.03525871 0.03190634
v 0.1164081 0.03799057 0.04351333
v 0.1140098 0.03593549 0.05017141
v 0.1246407 0.01442373 0.04635915
v 0.1209218 0.01657355 0.03320774
v 0.1210495 0.01273519 0.05270696
v 0.1215904 -0.01727968 0.04976919
v 0.1163861 -0.01927024 0.03486469
v 0.1174734 -0.01493904 0.0577012
v 0.1119067 -0.02349296 0.03565133
v 0.1113328 -0.01856598 0.05332747
v 0.1025181 -0.05443582 0.009602457
v 0.09754308 -0.05900726 0.01604089
v 0.09724517 -0.05673254 0.01603815
v 0.1035106 -0.05636463 0.009543449
v 0.07985732 -0.06043634 0.01607934
v 0.09724517 -0.05673254 0.01603815
v 0.09754308 -0.05900726 0.01604089
v 0.08018541 -0.05854186 0.01607659
v 0.06351277 -0.05351058 0.01599011
v 0.06415114 -0.05142802 0.015986
v 0.06415114 -0.05142802 0.015986
v 0.06351277 -0.05351058 0.01599011
v 0.05883428 -0.0500662 0.009581864
v 0.06023592 -0.04847103 0.009650528
v 0.05449897 -0.03029105 0.009575009
v 0.06023592 -0.04847103 0.009650528
v 0.05883428 -0.0500662 0.009581864
v 0.05632481 -0.03019634 0.009639531
v 0.05966619 0.004013807 0.009507746
v 0.06142062 0.00360471 0.0095599
v 0.06142062 0.00360471 0.0095599
v 0.06480595 0.02302843 0.02160209
v 0.06652743 0.02239558 0.02160347
v 0.05966619 0.004013807 0.009507746
v 0.07443887 0.03971207 0.02194941
v 0.06652743 0.02239558 0.02160347
v 0.06480595 0.02302843 0.02160209
v 0.07555497 0.038261 0.02199745
v 0.08355427 0.04338428 0.0221059
v 0.08394003 0.04174104 0.02212238
v 0.1014185 0.04044789 0.00959149
v 0.1081411 0.03936473 0.02224046
v 0.1071993 0.03780386 0.02222261
v 0.1017397 0.04240549 0.009595603
v 0.1127015 0.03305674 0.02217731
v 0.1183327 0.01902398 0.0221279
v 0.1165357 0.01866156 0.02216494
v 0.1142336 0.03431559 0.0221732
v 0.1081411 0.03936473 0.02224046
v 0.1071993 0.03780386 0.02222261
v 0.1165357 0.01866156 0.02216494
v 0.1200474 -0.001603693 0.009551674
v 0.1182257 -0.001517206 0.009607971
v 0.1183327 0.01902398 0.0221279
v 0.1144601 -0.03978533 0.009532452
v 0.1182257 -0.001517206 0.009607971
v 0.1200474 -0.001603693 0.009551674
v 0.1127551 -0.03918129 0.009602457
v 0.1035106 -0.05636463 0.009543449
v 0.1025181 -0.05443582 0.009602457
v 0.1038126 -0.03528118 0.03516671
v 0.1078144 -0.03511506 0.02872416
v 0.1009023 -0.04976696 0.02988693
v 0.1059034 -0.04860419 0.02291861
v 0.1005934 -0.05373982 0.02513981
v 0.08051351 -0.05652112 0.02725253
v 0.08108735 -0.05280495 0.03186241
v 0.06361163 -0.04868931 0.02538416
v 0.06446138 -0.04512551 0.0299089
v 0.05990505 -0.04072845 0.02339771
v 0.06234178 -0.03024301 0.02898639
v 0.066246 -0.03228709 0.03572133
v 0.09204777 0.04311797 0.009588748
v 0.101807 0.04093796 0.0322358
v 0.09169221 0.04327583 0.03230581
v 0.1014185 0.04044789 0.00959149
v 0.09204777 0.04311797 0.009588748
v 0.1017397 0.04240549 0.009595603
v 0.1014185 0.04044789 0.00959149
v 0.09238958 0.04495478 0.009590119
v 0.09204777 0.04311797 0.009588748
v 0.08355427 0.04338428 0.0221059
v 0.09238958 0.04495478 0.009590119
v 0.08394003 0.04174104 0.02212238
v 0.08337441 -0.03040498 0.05027986
v 0.08989933 -0.02662432 0.05207548
v 0.08375195 -0.02608618 0.05207548
v 0.08952181 -0.03094313 0.05027986
v 0.08276078 -0.03529352 0.05207548
v 0.08890818 -0.03583166 0.05207548
v 0.08284041 -0.03516725 0.05641079
v 0.0889878 -0.03570399 0.05641079
v 0.0829969 -0.03337711 0.06074744
v 0.08914429 -0.03391525 0.06074744
v 0.08337441 -0.02951542 0.06345323
v 0.08952181 -0.03005356 0.06345323
v 0.08359683 -0.02731207 0.06165761
v 0.08974558 -0.02785021 0.06165761
v 0.08375469 -0.0264129 0.05641079
v 0.08990207 -0.02695104 0.05641079
v 0.08375195 -0.02608618 0.05207548
v 0.08989933 -0.02662432 0.05207548
v 0.1128031 -0.02826342 0.03034407
v 0.106609 -0.03330022 0.04187834
v 0.1127894 -0.02478752 0.0372479
v 0.1057757 -0.03682008 0.03502396
v 0.09074773 -0.04196122 0.03834748
v 0.09132978 -0.03869119 0.04541054
v 0.07688797 -0.04094124 0.03851908
v 0.07754689 -0.03766161 0.0456796
v 0.06482792 -0.02957994 0.04255101
v 0.06356633 -0.03274426 0.03515849
v 0.06356633 -0.03274426 0.03515849
v 0.06010824 -0.02368927 0.03123367
v 0.06080836 -0.02050161 0.03915471
v 0.06482792 -0.02957994 0.04255101
v 0.1102977 -0.02722833 0.03008324
v 0.1127894 -0.02478752 0.0372479
v 0.1111557 -0.02385125 0.03699255
v 0.1128031 -0.02826342 0.03034407
v 0.106609 -0.03330022 0.04187834
v 0.1111557 -0.02385125 0.03699255
v 0.1127894 -0.02478752 0.0372479
v 0.1053543 -0.03197137 0.04136217
v 0.09132978 -0.03869119 0.04541054
v 0.09101267 -0.03698069 0.04464591
v 0.07754689 -0.03766161 0.0456796
v 0.07811797 -0.03603485 0.04488203
v 0.06482792 -0.02957994 0.04255101
v 0.06628034 -0.0285778 0.04187834
v 0.1045443 -0.03547749 0.03448445
v 0.1128031 -0.02826342 0.03034407
v 0.1102977 -0.02722833 0.03008324
v 0.1057757 -0.03682008 0.03502396
v 0.09044434 -0.04025209 0.03757462
v 0.09074773 -0.04196122 0.03834748
v 0.07747963 -0.03932545 0.03771463
v 0.07688797 -0.04094124 0.03851908
v 0.06506678 -0.03178877 0.03452975
v 0.06356633 -0.03274426 0.03515849
v 0.06628034 -0.0285778 0.04187834
v 0.06080836 -0.02050161 0.03915471
v 0.06258476 -0.01997858 0.03872365
v 0.06482792 -0.02957994 0.04255101
v 0.06258476 -0.01997858 0.03872365
v 0.06010824 -0.02368927 0.03123367
v 0.06188464 -0.02318132 0.0308575
v 0.06080836 -0.02050161 0.03915471
v 0.06188464 -0.02318132 0.0308575
v 0.06356633 -0.03274426 0.03515849
v 0.06506678 -0.03178877 0.03452975
v 0.06010824 -0.02368927 0.03123367
v 0.06849605 -0.02026689 0.05979884
v 0.108218 -0.02324036 0.05912891
v 0.08538283 -0.02923125 0.06232616
v 0.09117329 0.00495556 0.04468021
v 0.06475654 -0.01727417 0.05302134
v 0.1113328 -0.01856598 0.05332747
v 0.06052831 -0.01194361 0.05932248
v 0.1174734 -0.01493904 0.0577012
v 0.06220862 0.01405308 0.05367479
v 0.1210495 0.01273519 0.05270696
v 0.07429612 0.03873324 0.05039242
v 0.1140098 0.03593549 0.05017141
v 0.09143138 0.04172045 0.04994765
v 0.1017658 0.03990975 0.05004373
v -0.1143799 0.03403965 0.009577751
v -0.1011668 0.0416683 -2.682209E-07
v -0.1017392 0.04240549 0.009595603
v -0.1143745 0.03383785 -2.682209E-07
v -0.1180261 0.01892513 0.009568155
v -0.1176843 0.01865882 -2.682209E-07
v -0.1200469 -0.001603693 0.009551674
v -0.1196679 -0.0018906 -2.682209E-07
v -0.1144595 -0.03978533 0.009532452
v -0.114266 -0.03884497 1.102686E-06
v -0.1016665 -0.05604613 -2.682209E-07
v -0.1035101 -0.05636463 0.009543449
v -0.09754393 -0.05900726 0.01604089
v -0.07992956 -0.06007254 -2.682209E-07
v -0.07985818 -0.06043634 0.01607934
v -0.06351364 -0.05351058 0.01599011
v -0.06019834 -0.04960495 -2.682209E-07
v -0.05883378 -0.0500662 0.009581864
v -0.05583146 -0.02968428 1.102686E-06
v -0.05449983 -0.03029105 0.009575009
v -0.05966705 0.004013807 0.009507746
v -0.05957234 0.002787888 -2.682209E-07
v -0.06500724 0.02262759 -2.682209E-07
v -0.06449932 0.02211964 0.009531081
v -0.0742805 0.03892544 -2.682209E-07
v -0.0740732 0.03930572 0.009564042
v -0.09239045 0.04495478 0.009590119
v -0.09240693 0.04400206 -2.682209E-07
v -0.1011668 0.0416683 -2.682209E-07
v -0.1017392 0.04240549 0.009595603
v -0.1095367 -0.03237495 0.02798012
v -0.1163856 -0.01927024 0.03486469
v -0.1119061 -0.02349296 0.03565133
v -0.1169004 -0.0162487 0.0202252
v -0.1209213 0.01657355 0.03320774
v -0.1074734 -0.04820469 0.01963076
v -0.1182252 -0.001517206 0.009607971
v -0.1127546 -0.03918129 0.009602457
v -0.1165352 0.01866156 0.02216494
v -0.1025176 -0.05443582 0.009602457
v -0.1142564 0.03525871 0.03190634
v -0.112701 0.03305674 0.02217731
v -0.1072002 0.03780386 0.02222261
v -0.1018065 0.04093796 0.0322358
v -0.1014194 0.04044789 0.00959149
v -0.1006643 -0.05467331 0.02282116
v -0.09724468 -0.05673254 0.01603815
v -0.08018491 -0.05854186 0.01607659
v -0.08034414 -0.05749443 0.02482542
v -0.06347793 -0.04952669 0.02296939
v -0.0641506 -0.05142802 0.015986
v -0.06023538 -0.04847103 0.009650528
v -0.05820915 -0.03970158 0.01991355
v -0.0563243 -0.03019634 0.009639531
v -0.05819541 -0.01088655 0.02037621
v -0.06142148 0.00360471 0.0095599
v -0.06148326 -0.02754408 0.02849492
v -0.05812678 -0.0156076 0.03532323
v -0.06252933 -0.01849735 0.03611943
v -0.06275037 0.01906654 0.03356466
v -0.06652692 0.02239558 0.02160347
v -0.07499298 0.03945121 0.03190771
v -0.07555446 0.038261 0.02199745
v -0.08394086 0.04174104 0.02212238
v -0.0916917 0.04327583 0.03230581
v -0.09204724 0.04311797 0.009588748
v -0.06148326 -0.02754408 0.02849492
v -0.06663126 -0.03054503 0.03673857
v -0.06252933 -0.01849735 0.03611943
v -0.06757301 -0.02598184 0.05414703
v -0.08386675 -0.03798011 0.03957203
v -0.06475601 -0.01727417 0.05302134
v -0.06849551 -0.02026689 0.05979884
v -0.08538231 -0.02923125 0.06232616
v -0.0847728 -0.03263441 0.05627212
v -0.1082188 -0.02324036 0.05912891
v -0.1077768 -0.02725992 0.05343455
v -0.1113323 -0.01856598 0.05332747
v -0.1119061 -0.02349296 0.03565133
v -0.1040373 -0.03354046 0.03604257
v -0.1095367 -0.03237495 0.02798012
v -0.06446224 -0.04512414 0.0299089
v -0.0662455 -0.03228709 0.03572133
v -0.08108681 -0.05280495 0.03186241
v -0.1009018 -0.04976696 0.02988693
v -0.1038135 -0.03528118 0.03516671
v -0.09239045 0.04495478 0.009590119
v -0.0740732 0.03930572 0.009564042
v -0.08355376 0.04338428 0.0221059
v -0.07443973 0.03971207 0.02194941
v -0.06480545 0.02302843 0.02160209
v -0.06449932 0.02211964 0.009531081
v -0.05966705 0.004013807 0.009507746
v -0.1011668 0.0416683 -2.682209E-07
v -0.0742805 0.03892544 -2.682209E-07
v -0.09240693 0.04400206 -2.682209E-07
v -0.1143745 0.03383785 -2.682209E-07
v -0.1176843 0.01865882 -2.682209E-07
v -0.06500724 0.02262759 -2.682209E-07
v -0.1196679 -0.0018906 -2.682209E-07
v -0.05957234 0.002787888 -2.682209E-07
v -0.114266 -0.03884497 1.102686E-06
v -0.05583146 -0.02968428 1.102686E-06
v -0.1016665 -0.05604613 -2.682209E-07
v -0.07992956 -0.06007254 -2.682209E-07
v -0.06019834 -0.04960495 -2.682209E-07
v -0.1017392 0.04240549 0.009595603
v -0.1081406 0.03936473 0.02224046
v -0.1143799 0.03403965 0.009577751
v -0.1142344 0.03431559 0.0221732
v -0.1183322 0.01902398 0.0221279
v -0.1180261 0.01892513 0.009568155
v -0.1200469 -0.001603693 0.009551674
v -0.06475601 -0.01727417 0.05302134
v -0.05812678 -0.0156076 0.03532323
v -0.06252933 -0.01849735 0.03611943
v -0.05538392 -0.0125792 0.05259851
v -0.06052917 -0.01194361 0.05932248
v -0.06275037 0.01906654 0.03356466
v -0.05803207 0.01527074 0.04685062
v -0.06220949 0.01405308 0.05367479
v -0.07499298 0.03945121 0.03190771
v -0.07108462 0.04144728 0.04358885
v -0.07429558 0.03873324 0.05039242
v -0.09216806 0.04551762 0.04300952
v -0.0916917 0.04327583 0.03230581
v -0.09143087 0.04172045 0.04994765
v -0.1018065 0.04093796 0.0322358
v -0.1023652 0.04372612 0.0431715
v -0.1017653 0.03990975 0.05004373
v -0.1142564 0.03525871 0.03190634
v -0.1164089 0.03799057 0.04351333
v -0.1140107 0.03593549 0.05017141
v -0.1246416 0.01442373 0.04635915
v -0.1209213 0.01657355 0.03320774
v -0.121049 0.01273519 0.05270696
v -0.1215912 -0.01727968 0.04976919
v -0.1163856 -0.01927024 0.03486469
v -0.1174729 -0.01493904 0.0577012
v -0.1119061 -0.02349296 0.03565133
v -0.1113323 -0.01856598 0.05332747
v -0.1025176 -0.05443582 0.009602457
v -0.09754393 -0.05900726 0.01604089
v -0.1035101 -0.05636463 0.009543449
v -0.09724468 -0.05673254 0.01603815
v -0.09724468 -0.05673254 0.01603815
v -0.07985818 -0.06043634 0.01607934
v -0.09754393 -0.05900726 0.01604089
v -0.08018491 -0.05854186 0.01607659
v -0.06351364 -0.05351058 0.01599011
v -0.0641506 -0.05142802 0.015986
v -0.0641506 -0.05142802 0.015986
v -0.05883378 -0.0500662 0.009581864
v -0.06351364 -0.05351058 0.01599011
v -0.06023538 -0.04847103 0.009650528
v -0.06023538 -0.04847103 0.009650528
v -0.05449983 -0.03029105 0.009575009
v -0.05883378 -0.0500662 0.009581864
v -0.0563243 -0.03019634 0.009639531
v -0.05966705 0.004013807 0.009507746
v -0.06142148 0.00360471 0.0095599
v -0.06142148 0.00360471 0.0095599
v -0.06480545 0.02302843 0.02160209
v -0.05966705 0.004013807 0.009507746
v -0.06652692 0.02239558 0.02160347
v -0.06652692 0.02239558 0.02160347
v -0.07443973 0.03971207 0.02194941
v -0.06480545 0.02302843 0.02160209
v -0.07555446 0.038261 0.02199745
v -0.08355376 0.04338428 0.0221059
v -0.08394086 0.04174104 0.02212238
v -0.1014194 0.04044789 0.00959149
v -0.1081406 0.03936473 0.02224046
v -0.1017392 0.04240549 0.009595603
v -0.1072002 0.03780386 0.02222261
v -0.1183322 0.01902398 0.0221279
v -0.112701 0.03305674 0.02217731
v -0.1165352 0.01866156 0.02216494
v -0.1142344 0.03431559 0.0221732
v -0.1081406 0.03936473 0.02224046
v -0.1072002 0.03780386 0.02222261
v -0.1165352 0.01866156 0.02216494
v -0.1200469 -0.001603693 0.009551674
v -0.1183322 0.01902398 0.0221279
v -0.1182252 -0.001517206 0.009607971
v -0.1182252 -0.001517206 0.009607971
v -0.1144595 -0.03978533 0.009532452
v -0.1200469 -0.001603693 0.009551674
v -0.1127546 -0.03918129 0.009602457
v -0.1035101 -0.05636463 0.009543449
v -0.1025176 -0.05443582 0.009602457
v -0.1038135 -0.03528118 0.03516671
v -0.1009018 -0.04976696 0.02988693
v -0.1078138 -0.03511506 0.02872416
v -0.1059029 -0.04860419 0.02291861
v -0.1005929 -0.05373982 0.02513981
v -0.080513 -0.05652112 0.02725253
v -0.08108681 -0.05280495 0.03186241
v -0.06361109 -0.04868931 0.02538416
v -0.06446224 -0.04512414 0.0299089
v -0.05990455 -0.04072845 0.02339771
v -0.06234264 -0.03024301 0.02898639
v -0.0662455 -0.03228709 0.03572133
v -0.09204724 0.04311797 0.009588748
v -0.1018065 0.04093796 0.0322358
v -0.1014194 0.04044789 0.00959149
v -0.0916917 0.04327583 0.03230581
v -0.09204724 0.04311797 0.009588748
v -0.1017392 0.04240549 0.009595603
v -0.09239045 0.04495478 0.009590119
v -0.1014194 0.04044789 0.00959149
v -0.09204724 0.04311797 0.009588748
v -0.08355376 0.04338428 0.0221059
v -0.08394086 0.04174104 0.02212238
v -0.09239045 0.04495478 0.009590119
v -0.0899002 -0.02662432 0.05207548
v -0.0833739 -0.03040498 0.05027986
v -0.08375281 -0.02608618 0.05207548
v -0.08952129 -0.03094313 0.05027986
v -0.08276027 -0.03529352 0.05207548
v -0.08890766 -0.03583166 0.05207548
v -0.08283991 -0.03516725 0.05641079
v -0.08898729 -0.03570399 0.05641079
v -0.0829964 -0.03337711 0.06074744
v -0.08914378 -0.03391525 0.06074744
v -0.0833739 -0.02951542 0.06345323
v -0.08952129 -0.03005356 0.06345323
v -0.08359769 -0.02731207 0.06165761
v -0.08974507 -0.02785021 0.06165761
v -0.08375418 -0.0264129 0.05641079
v -0.08990157 -0.02695104 0.05641079
v -0.08375281 -0.02608618 0.05207548
v -0.0899002 -0.02662432 0.05207548
v -0.1066085 -0.03330022 0.04187834
v -0.112804 -0.02826342 0.03034407
v -0.1127902 -0.02478752 0.0372479
v -0.1057766 -0.03681871 0.03502396
v -0.09074721 -0.04196122 0.03834748
v -0.09133065 -0.03869119 0.04541054
v -0.07688743 -0.04094124 0.03851908
v -0.07754776 -0.03766161 0.0456796
v -0.06482878 -0.02957994 0.04255101
v -0.06356579 -0.03274426 0.03515849
v -0.06356579 -0.03274426 0.03515849
v -0.06080922 -0.02050161 0.03915471
v -0.06010911 -0.02368927 0.03123367
v -0.06482878 -0.02957994 0.04255101
v -0.1102972 -0.02722833 0.03008324
v -0.1127902 -0.02478752 0.0372479
v -0.112804 -0.02826342 0.03034407
v -0.1111566 -0.02385125 0.03699255
v -0.1111566 -0.02385125 0.03699255
v -0.1066085 -0.03330022 0.04187834
v -0.1127902 -0.02478752 0.0372479
v -0.1053538 -0.03197137 0.04136217
v -0.09133065 -0.03869119 0.04541054
v -0.09101215 -0.03698069 0.04464591
v -0.07754776 -0.03766161 0.0456796
v -0.07811746 -0.03603485 0.04488203
v -0.06482878 -0.02957994 0.04255101
v -0.0662812 -0.0285778 0.04187834
v -0.112804 -0.02826342 0.03034407
v -0.1045438 -0.03547749 0.03448445
v -0.1102972 -0.02722833 0.03008324
v -0.1057766 -0.03681871 0.03502396
v -0.09044519 -0.04025209 0.03757462
v -0.09074721 -0.04196122 0.03834748
v -0.07747912 -0.03932545 0.03771463
v -0.07688743 -0.04094124 0.03851908
v -0.06506765 -0.03178877 0.03452975
v -0.06356579 -0.03274426 0.03515849
v -0.0662812 -0.0285778 0.04187834
v -0.06080922 -0.02050161 0.03915471
v -0.06482878 -0.02957994 0.04255101
v -0.06258425 -0.01997858 0.03872365
v -0.06258425 -0.01997858 0.03872365
v -0.06010911 -0.02368927 0.03123367
v -0.06080922 -0.02050161 0.03915471
v -0.06188414 -0.02318132 0.0308575
v -0.06188414 -0.02318132 0.0308575
v -0.06356579 -0.03274426 0.03515849
v -0.06010911 -0.02368927 0.03123367
v -0.06506765 -0.03178877 0.03452975
v -0.06849551 -0.02026689 0.05979884
v -0.08538231 -0.02923125 0.06232616
v -0.1082188 -0.02324036 0.05912891
v -0.09117278 0.00495556 0.04468021
v -0.06475601 -0.01727417 0.05302134
v -0.1113323 -0.01856598 0.05332747
v -0.06052917 -0.01194361 0.05932248
v -0.1174729 -0.01493904 0.0577012
v -0.06220949 0.01405308 0.05367479
v -0.121049 0.01273519 0.05270696
v -0.07429558 0.03873324 0.05039242
v -0.1140107 0.03593549 0.05017141
v -0.09143087 0.04172045 0.04994765
v -0.1017653 0.03990975 0.05004373
v -0.1245661 -0.07968435 0.5312096
v -0.13822 -0.07023263 0.5150874
v -0.1407802 -0.07180861 0.5183616
v -0.1222516 -0.07814407 0.5274687
v -0.1057436 -0.08429007 0.5407052
v -0.1076477 -0.08550501 0.5447729
v -0.1405166 -0.06899849 0.5219253
v -0.1245661 -0.07968435 0.5312096
v -0.1407802 -0.07180861 0.5183616
v -0.1244824 -0.07633471 0.5344398
v -0.1078537 -0.08194396 0.5475376
v -0.1076477 -0.08550501 0.5447729
v -0.1195485 -0.08012363 0.5082825
v -0.1261256 -0.08283079 0.5315281
v -0.1179561 -0.08390021 0.5101728
v -0.1277496 -0.07921347 0.5290227
v -0.1325805 -0.07023537 0.5485672
v -0.1309249 -0.0733434 0.5514419
v -0.1261256 -0.08283079 0.5315281
v -0.1141081 -0.08298731 0.5126246
v -0.1179561 -0.08390021 0.5101728
v -0.1220882 -0.0815582 0.5335667
v -0.1269534 -0.07198706 0.5529067
v -0.1309249 -0.0733434 0.5514419
v -0.1222516 -0.07814407 0.5274687
v -0.1384629 -0.0663586 0.5180238
v -0.13822 -0.07023263 0.5150874
v -0.1219537 -0.07440868 0.530677
v -0.1057436 -0.08429007 0.5407052
v -0.1047292 -0.08038446 0.5440878
v -0.1219537 -0.07440868 0.530677
v -0.1405166 -0.06899849 0.5219253
v -0.1384629 -0.0663586 0.5180238
v -0.1244824 -0.07633471 0.5344398
v -0.1047292 -0.08038446 0.5440878
v -0.1078537 -0.08194396 0.5475376
v -0.1235118 -0.07755512 0.5309941
v -0.1195485 -0.08012363 0.5082825
v -0.1150087 -0.07878378 0.5095839
v -0.1277496 -0.07921347 0.5290227
v -0.1286625 -0.06788513 0.5509216
v -0.1325805 -0.07023537 0.5485672
v -0.1220882 -0.0815582 0.5335667
v -0.1150087 -0.07878378 0.5095839
v -0.1141081 -0.08298731 0.5126246
v -0.1235118 -0.07755512 0.5309941
v -0.1269534 -0.07198706 0.5529067
v -0.1286625 -0.06788513 0.5509216
v -0.09196487 -0.07716662 0.5894135
v -0.08909026 -0.06711364 0.6095374
v -0.08471787 -0.06917009 0.6088482
v -0.09470361 -0.0734944 0.594615
v -0.1175333 -0.0645808 0.5944393
v -0.1116742 -0.06521368 0.5978054
v -0.1106006 -0.0569714 0.6129584
v -0.10622 -0.05903882 0.6122569
v -0.08471787 -0.06917009 0.6088482
v -0.09063053 -0.07380739 0.5877922
v -0.09196487 -0.07716662 0.5894135
v -0.0835318 -0.06597283 0.6068329
v -0.1175333 -0.0645808 0.5944393
v -0.1094145 -0.05377415 0.6109417
v -0.1106006 -0.0569714 0.6129584
v -0.1161989 -0.06122157 0.592818
v -0.09196487 -0.07716662 0.5894135
v -0.1161989 -0.06122157 0.592818
v -0.1175333 -0.0645808 0.5944393
v -0.09063053 -0.07380739 0.5877922
v -0.09470361 -0.0734944 0.594615
v -0.08790416 -0.06391639 0.6075207
v -0.08909026 -0.06711364 0.6095374
v -0.09340221 -0.07016811 0.5929059
v -0.10622 -0.05903882 0.6122569
v -0.1103714 -0.06188738 0.5960949
v -0.1116742 -0.06521368 0.5978054
v -0.1050339 -0.05584294 0.6102402
v -0.1116742 -0.06521368 0.5978054
v -0.09340221 -0.07016811 0.5929059
v -0.09470361 -0.0734944 0.594615
v -0.1103714 -0.06188738 0.5960949
v -0.08909026 -0.06711364 0.6095374
v -0.0835318 -0.06597283 0.6068329
v -0.08471787 -0.06917009 0.6088482
v -0.08790416 -0.06391639 0.6075207
v -0.1106006 -0.0569714 0.6129584
v -0.1050339 -0.05584294 0.6102402
v -0.10622 -0.05903882 0.6122569
v -0.1094145 -0.05377415 0.6109417
v -0.04111367 0.06654751 0.6389797
v -0.05925933 0.02057937 0.6472906
v -0.05037871 0.06690994 0.6380655
v -0.0503183 0.01804107 0.6480169
v -0.07163373 -0.02567297 0.6395206
v -0.04069635 0.06420004 0.6335009
v -0.0630112 -0.0291585 0.6388837
v -0.08481124 -0.05903882 0.6165729
v -0.04950148 0.01921755 0.6420754
v -0.05912343 0.06492487 0.631682
v -0.07638088 -0.06290326 0.6153964
v -0.08980548 -0.06457257 0.6032335
v -0.06226164 -0.02632368 0.6335201
v -0.06727922 0.02426395 0.6406313
v -0.1065907 -0.07015437 0.5817491
v -0.1062681 -0.05678195 0.6059653
v -0.1229242 -0.06199309 0.5852251
v -0.101429 -0.05141979 0.6188943
v -0.1098579 -0.04755536 0.6200708
v -0.08867839 -0.01878288 0.6407809
v -0.09730095 -0.01529735 0.6414192
v -0.1081419 -0.04277527 0.6166718
v -0.07693273 0.02559695 0.6458547
v -0.08587378 0.02813661 0.6451285
v -0.06870419 0.06763065 0.6362588
v -0.07796919 0.06799445 0.6353446
v -0.09655002 -0.01245978 0.6360571
v -0.08505559 0.02931312 0.639187
v -0.0775505 0.06564972 0.6298644
v -0.07940516 -0.0193924 0.6347886
v -0.1207635 -0.05672291 0.5830066
v -0.07466489 -0.05812317 0.6119947
v -0.08809635 -0.07304549 0.5760534
v -0.09025711 -0.07831427 0.5782732
v -0.1327329 -0.06213173 0.5467455
v -0.1034168 -0.08430792 0.5382781
v -0.1353151 -0.06759 0.5476928
v -0.1008345 -0.07884967 0.5373309
v -0.07796919 0.06799445 0.6353446
v -0.05973157 0.09405154 0.6112108
v -0.06870419 0.06763065 0.6362588
v -0.06888813 0.09308782 0.6094509
v -0.0775505 0.06564972 0.6298644
v -0.06169331 0.1077768 0.5726159
v -0.06776658 0.08786434 0.6064842
v -0.03121167 0.09169444 0.613465
v -0.06103709 0.1017172 0.5721533
v -0.04069635 0.06420004 0.6335009
v -0.04111367 0.06654751 0.6389797
v -0.03233188 0.0969207 0.6164288
v -0.05037871 0.06690994 0.6380655
v -0.04172596 0.09593913 0.6146483
v -0.04331839 0.1096081 0.5747232
v -0.02428454 0.1053813 0.5763705
v -0.02494213 0.1114408 0.5768304
v -0.02210867 0.09605446 0.5181817
v -0.02118203 0.1016733 0.5159605
v -0.04012528 0.09975138 0.513101
v -0.04105052 0.09413254 0.5153208
v -0.0565604 0.09548336 0.5113795
v -0.05748567 0.08986312 0.513598
v -0.1385577 0.179732 0.3564496
v -0.1356281 0.1758758 0.3628702
v -0.1377532 0.175998 0.3630226
v -0.1364312 0.1796098 0.3562958
v -0.1384904 0.1695046 0.3588396
v -0.1372398 0.1730121 0.3522008
v -0.1393649 0.1731343 0.3523545
v -0.1363639 0.1693825 0.3586873
v -0.1393649 0.1731343 0.3523545
v -0.1364312 0.1796098 0.3562958
v -0.1385577 0.179732 0.3564496
v -0.1372398 0.1730121 0.3522008
v -0.1377532 0.175998 0.3630226
v -0.1363639 0.1693825 0.3586873
v -0.1384904 0.1695046 0.3588396
v -0.1356281 0.1758758 0.3628702
v 0.05419832 0.1345038 0.267587
v 0.04462445 0.198781 0.3627631
v 0.03685027 0.1623373 0.2580886
v 0.06292796 0.1673315 0.376476
v 0.07427689 0.08377889 0.2959325
v 0.08422557 0.1201965 0.3972821
v 0.06722209 0.188846 0.4639589
v 0.04698291 0.2182747 0.4461688
v 0.03867748 0.2231632 0.4707062
v 0.0732967 0.1595944 0.4269456
v 0.0752351 0.1554623 0.4293177
v 0.07765946 0.1660932 0.4753737
v 0.08996798 0.1387402 0.4880776
v 0.06747466 0.1686837 0.5000182
v 0.07937685 0.140507 0.5120893
v 0.04426751 0.1667755 0.5200652
v 0.05487651 0.1378658 0.5319811
v -0.002555907 0.1251591 0.5461429
v -0.01161498 0.1543435 0.533277
v -0.06824842 0.1402901 0.5401286
v -0.06092316 0.1106075 0.5526294
v -0.08916438 0.1008318 0.5421426
v -0.09512508 0.1304087 0.5290117
v -0.1051794 0.09280229 0.5228739
v -0.1106336 0.1217697 0.5089483
v -0.1223024 0.0715802 0.4341088
v -0.1191243 0.1097097 0.4639741
v -0.1200166 0.1140889 0.4614165
v -0.1310347 0.1216722 0.4110622
v -0.1323457 0.03514063 0.3327757
v -0.1454766 0.08750054 0.3031905
v -0.1152338 0.1458953 0.4964929
v -0.1114874 0.1262533 0.5066653
v -0.1334165 0.1568694 0.3945091
v -0.1456344 0.119381 0.290628
v -0.1165023 0.179791 0.4753202
v -0.1036282 0.1896656 0.4960811
v -0.1007796 0.1582601 0.5156585
v -0.09605306 0.1349774 0.5268578
v -0.07653189 0.1735695 0.5249949
v -0.06939059 0.1448808 0.5380763
v -0.08431977 0.1994234 0.501542
v -0.01303309 0.1588504 0.5311684
v -0.0221265 0.187627 0.5174088
v -0.03282472 0.2142263 0.4917114
v 0.02002665 0.2239869 0.4829351
v 0.03212512 0.1991461 0.5056206
v 0.0426023 0.171244 0.5181076
v 0.06560767 0.1730314 0.4980318
v 0.05602828 0.1951733 0.4876987
v 0.07572657 0.1703242 0.473283
v 0.0752351 0.1554623 0.4293177
v 0.07572657 0.1703242 0.473283
v 0.0732967 0.1595944 0.4269456
v 0.07765946 0.1660932 0.4753737
v 0.06560767 0.1730314 0.4980318
v 0.06747466 0.1686837 0.5000182
v 0.0426023 0.171244 0.5181076
v 0.04426751 0.1667755 0.5200652
v -0.01303309 0.1588504 0.5311684
v -0.01161498 0.1543435 0.533277
v -0.06824842 0.1402901 0.5401286
v -0.06939059 0.1448808 0.5380763
v -0.09512508 0.1304087 0.5290117
v -0.09605306 0.1349774 0.5268578
v -0.1106336 0.1217697 0.5089483
v -0.1114874 0.1262533 0.5066653
v -0.1191243 0.1097097 0.4639741
v -0.1200166 0.1140889 0.4614165
v 0.02767038 0.2121314 0.3258032
v 0.0300467 0.2179438 0.3437197
v 0.02610677 0.221752 0.3394104
v 0.02190876 0.2241119 0.346991
v 0.02586654 0.2202062 0.351222
v -8.347631E-05 0.2161537 0.3601987
v -0.003438592 0.2206812 0.3562862
v -0.05251202 0.2067899 0.37082
v -0.05431864 0.2111691 0.3664367
v -0.1044917 0.1968933 0.3743042
v -0.1040785 0.1916726 0.3787425
v -0.1303154 0.1882777 0.3741354
v -0.1305721 0.1833809 0.3791173
v -0.135576 0.1789578 0.3732513
v -0.1353165 0.183753 0.3681939
v -0.1369652 0.1733773 0.3551592
v 0.02148867 0.1711644 0.2564069
v 0.03685027 0.1623373 0.2580886
v 0.02745485 0.1731343 0.2628069
v 0.0294207 0.1808865 0.2716244
v 0.03540334 0.2056381 0.3509749
v 0.04462445 0.198781 0.3627631
v 0.03113669 0.2070479 0.3583578
v 0.04698291 0.2182747 0.4461688
v 0.02616167 0.2220403 0.4369148
v 0.02552608 0.2219154 0.4346882
v 0.004769355 0.2091387 0.367605
v 0.02787492 0.2248065 0.4502364
v 0.03867748 0.2231632 0.4707062
v 0.02002665 0.2239869 0.4829351
v -0.04016921 0.2110126 0.4458627
v -0.05111179 0.2016391 0.3788455
v -0.1062324 0.1830088 0.3873979
v -0.03830355 0.213938 0.4602689
v -0.03282472 0.2142263 0.4917114
v -0.08431977 0.1994234 0.501542
v -0.1037366 0.1914873 0.4577374
v -0.1018916 0.194259 0.4733763
v -0.1036282 0.1896656 0.4960811
v -0.1165023 0.179791 0.4753202
v -0.1036007 0.1914942 0.4600533
v -0.1270317 0.1698149 0.3865606
v -0.1334165 0.1568694 0.3945091
v -0.132435 0.1661289 0.3809019
v -0.1456344 0.119381 0.290628
v -0.1440653 0.1376969 0.3034225
v -0.1407651 0.1335346 0.2928026
v -0.1370009 0.1338558 0.2846674
v -0.0398562 0.2111842 0.4478588
v 0.02552608 0.2219154 0.4346882
v 0.02616167 0.2220403 0.4369148
v -0.04016921 0.2110126 0.4458627
v -0.1037366 0.1914873 0.4577374
v -0.1036007 0.1914942 0.4600533
v 0.0253078 0.2269384 0.4385141
v -0.0398562 0.2111842 0.4478588
v 0.02616167 0.2220403 0.4369148
v -0.04075813 0.2160027 0.4491012
v -0.1044573 0.1963923 0.4616526
v -0.1036007 0.1914942 0.4600533
v -0.03830355 0.213938 0.4602689
v 0.0253078 0.2269384 0.4385141
v 0.02787492 0.2248065 0.4502364
v -0.04075813 0.2160027 0.4491012
v -0.1044573 0.1963923 0.4616526
v -0.1018916 0.194259 0.4733763
v 0.07964042 0.1508552 0.4307551
v 0.07517606 0.1585525 0.4357864
v 0.07777891 0.1591661 0.4353223
v 0.07703757 0.1502429 0.431219
v 0.07535866 0.1628589 0.4258047
v 0.07425219 0.1543352 0.4201667
v 0.076855 0.1549475 0.4197026
v 0.07275721 0.1622467 0.4262688
v 0.076855 0.1549475 0.4197026
v 0.07703757 0.1502429 0.431219
v 0.07964042 0.1508552 0.4307551
v 0.07425219 0.1543352 0.4201667
v 0.07777891 0.1591661 0.4353223
v 0.07275721 0.1622467 0.4262688
v 0.07535866 0.1628589 0.4258047
v 0.07517606 0.1585525 0.4357864
v 0.02947974 0.2106543 0.3260146
v 0.02703202 0.2146574 0.3298118
v 0.02862036 0.2150322 0.329529
v 0.02789003 0.2102809 0.3262975
v 0.02757704 0.216129 0.3247201
v 0.02664492 0.2115864 0.3206223
v 0.02823323 0.2119598 0.3203381
v 0.0259887 0.2157556 0.3250029
v 0.02823323 0.2119598 0.3203381
v 0.02789003 0.2102809 0.3262975
v 0.02947974 0.2106543 0.3260146
v 0.02664492 0.2115864 0.3206223
v 0.02862036 0.2150322 0.329529
v 0.0259887 0.2157556 0.3250029
v 0.02757704 0.216129 0.3247201
v 0.02703202 0.2146574 0.3298118
v -0.1216777 0.1186233 0.46235
v -0.1164638 0.1139503 0.4697974
v -0.1191257 0.1137141 0.4702724
v -0.1190159 0.1188594 0.461875
v -0.1195046 0.1056489 0.4646137
v -0.1194538 0.1106432 0.4563276
v -0.1221156 0.1104084 0.4568039
v -0.1168427 0.1058837 0.4641387
v -0.1221156 0.1104084 0.4568039
v -0.1190159 0.1188594 0.461875
v -0.1216777 0.1186233 0.46235
v -0.1194538 0.1106432 0.4563276
v -0.1191257 0.1137141 0.4702724
v -0.1168427 0.1058837 0.4641387
v -0.1195046 0.1056489 0.4646137
v -0.1164638 0.1139503 0.4697974
v 0.02709243 0.2228173 0.4339166
v 0.02475181 0.2219977 0.4375271
v 0.024782 0.2234899 0.4371674
v 0.02706224 0.2213237 0.4342763
v 0.02155593 0.2229463 0.4346538
v 0.02377439 0.2208432 0.4317861
v 0.02380458 0.2223368 0.4314263
v 0.02152574 0.2214541 0.4350135
v 0.02380458 0.2223368 0.4314263
v 0.02706224 0.2213237 0.4342763
v 0.02709243 0.2228173 0.4339166
v 0.02377439 0.2208432 0.4317861
v 0.024782 0.2234899 0.4371674
v 0.02152574 0.2214541 0.4350135
v 0.02155593 0.2229463 0.4346538
v 0.02475181 0.2219977 0.4375271
v 0.02138984 0.2240006 0.4190904
v 0.02616578 0.2210972 0.4190533
v 0.02659822 0.2229285 0.4191687
v 0.02095878 0.222168 0.4189751
v 0.02721462 0.2171902 0.3090249
v 0.02732307 0.2111704 0.3084401
v 0.02910769 0.2116276 0.3084676
v 0.02542996 0.216733 0.3089975
v 0.05410773 0.1462687 0.2820453
v 0.08160353 0.1779254 0.3413941
v 0.06102937 0.1685272 0.345794
v 0.07296038 0.1549352 0.2774574
v 0.08078533 0.1515224 0.2777786
v 0.0882863 0.1743973 0.3419322
v 0.08775091 0.1339011 0.2842034
v 0.09648053 0.1553484 0.3450238
v 0.1029039 0.1374869 0.3541776
v 0.09564449 0.1165791 0.2918841
v 0.1002159 0.1310622 0.3570769
v 0.09223583 0.1096342 0.2959723
v 0.07137755 0.1054499 0.2995581
v 0.07815093 0.1263041 0.3613024
v 0.07038912 0.1788081 0.3871468
v 0.06774649 0.1566251 0.3898182
v 0.06087151 0.1742724 0.3839193
v 0.07728606 0.1611567 0.3927835
v 0.0846827 0.1828895 0.3807591
v 0.08380821 0.1435011 0.3982458
v 0.07453635 0.1390683 0.3953959
v 0.09814711 0.1471623 0.3919035
v 0.09169769 0.1650623 0.3863903
v 0.0926971 0.183186 0.368279
v 0.1066475 0.1465679 0.3797762
v 0.09989056 0.1648646 0.3740132
v 0.09361961 0.1782988 0.3473383
v 0.1082756 0.1408544 0.3594862
v 0.1012716 0.1595409 0.3531356
v 0.09260237 0.1720169 0.3264622
v 0.1076551 0.1345669 0.3392004
v 0.100522 0.1532425 0.3322513
v 0.07296038 0.1549352 0.2774574
v 0.05410773 0.1462687 0.2820453
v 0.05318108 0.1432238 0.2763042
v 0.0719198 0.1510968 0.27191
v 0.08078533 0.1515224 0.2777786
v 0.07207492 0.1463263 0.2696654
v 0.05341583 0.1388789 0.2740982
v 0.06059009 0.1221678 0.2804254
v 0.07793951 0.1485585 0.2723684
v 0.08775091 0.1339011 0.2842034
v 0.08530733 0.131205 0.2785364
v 0.07965964 0.1282575 0.2761162
v 0.0874736 0.1103494 0.2848541
v 0.06757352 0.1053813 0.2886786
v 0.06985509 0.1038121 0.2933956
v 0.09272455 0.1139557 0.2866853
v 0.09564449 0.1165791 0.2918841
v 0.09009977 0.1085524 0.2896794
v 0.09223583 0.1096342 0.2959723
v 0.07137755 0.1054499 0.2995581
v 0.0706225 0.1784127 0.3820907
v 0.08732533 0.1809909 0.3687046
v 0.08154449 0.181805 0.3769208
v 0.06369948 0.1766583 0.3797227
v 0.06171167 0.1690269 0.3527609
v 0.08788955 0.1772678 0.3481208
v 0.08160353 0.1779254 0.3413941
v 0.0882863 0.1743973 0.3419322
v 0.08788955 0.1772678 0.3481208
v 0.08223775 0.1791225 0.3478559
v 0.06171167 0.1690269 0.3527609
v 0.06102937 0.1685272 0.345794
v 0.05755895 0.1711575 0.3519592
v 0.05695766 0.1697696 0.3455262
v 0.05104503 0.1419732 0.2838451
v 0.05695766 0.1697696 0.3455262
v 0.05765504 0.1641878 0.3475566
v 0.05037373 0.1474287 0.2819259
v 0.06102937 0.1685272 0.345794
v 0.05410773 0.1462687 0.2820453
v 0.05318108 0.1432238 0.2763042
v 0.04976007 0.1423699 0.2727748
v 0.05134428 0.1373318 0.2733912
v 0.05341583 0.1388789 0.2740982
v 0.05804217 0.1208829 0.2794782
v 0.06059009 0.1221678 0.2804254
v 0.06757352 0.1053813 0.2886786
v 0.06512308 0.1046454 0.2876902
v 0.06745958 0.1004282 0.2911676
v 0.06985509 0.1038121 0.2933956
v 0.06581771 0.1069572 0.2990502
v 0.06937873 0.1024435 0.3014361
v 0.07137755 0.1054499 0.2995581
v 0.07815093 0.1263041 0.3613024
v 0.07595444 0.1230807 0.3629594
v 0.07256088 0.1276343 0.3613546
v 0.05695766 0.1697696 0.3455262
v 0.05755895 0.1711575 0.3519592
v 0.05765504 0.1641878 0.3475566
v 0.06087151 0.1742724 0.3839193
v 0.0599339 0.1791774 0.3805134
v 0.06171167 0.1690269 0.3527609
v 0.06369948 0.1766583 0.3797227
v 0.0706225 0.1784127 0.3820907
v 0.06909457 0.1829773 0.3826632
v 0.08087045 0.1862707 0.3766037
v 0.07038912 0.1788081 0.3871468
v 0.08154449 0.181805 0.3769208
v 0.0846827 0.1828895 0.3807591
v 0.08732533 0.1809909 0.3687046
v 0.0926971 0.183186 0.368279
v 0.08759578 0.1867607 0.3672261
v 0.08788955 0.1772678 0.3481208
v 0.08769187 0.1818694 0.3466862
v 0.09361961 0.1782988 0.3473383
v 0.08708647 0.1742051 0.3200114
v 0.09260237 0.1720169 0.3264622
v 0.08788955 0.1772678 0.3481208
v 0.09655604 0.150317 0.3275399
v 0.100522 0.1532425 0.3322513
v 0.09655604 0.150317 0.3275399
v 0.1062398 0.1269452 0.3363916
v 0.103199 0.1382858 0.3608755
v 0.1076551 0.1345669 0.3392004
v 0.1082756 0.1408544 0.3594862
v 0.1061642 0.1347674 0.3620108
v 0.1066475 0.1465679 0.3797762
v 0.1051539 0.1407541 0.3816693
v 0.09805788 0.1409285 0.3907902
v 0.103199 0.1382858 0.3608755
v 0.1011892 0.1447476 0.3801785
v 0.09814711 0.1471623 0.3919035
v 0.0958257 0.1442218 0.3887639
v 0.08380821 0.1435011 0.3982458
v 0.08464976 0.1417549 0.3937801
v 0.08615434 0.1382501 0.3967851
v 0.07453635 0.1390683 0.3953959
v 0.07743981 0.1340919 0.395216
v 0.0788483 0.1375857 0.3924883
v 0.07764298 0.1294574 0.3670394
v 0.07604092 0.1254145 0.3686977
v 0.07256088 0.1276343 0.3613546
v 0.07595444 0.1230807 0.3629594
v 0.1011892 0.1447476 0.3801785
v 0.08464976 0.1417549 0.3937801
v 0.0958257 0.1442218 0.3887639
v 0.0788483 0.1375857 0.3924883
v 0.07764298 0.1294574 0.3670394
v 0.103199 0.1382858 0.3608755
v 0.1002159 0.1310622 0.3570769
v 0.103199 0.1382858 0.3608755
v 0.1029039 0.1374869 0.3541776
v 0.1001692 0.1336005 0.3628757
v 0.07764298 0.1294574 0.3670394
v 0.07815093 0.1263041 0.3613024
v 0.07604092 0.1254145 0.3686977
v 0.07595444 0.1230807 0.3629594
v 0.09909983 0.1566278 0.3179907
v 0.0995556 0.1441408 0.3309115
v 0.09420305 0.1572812 0.32648
v 0.1044524 0.1435766 0.3225278
v 0.09655741 0.1547498 0.3149939
v 0.1020198 0.1417439 0.3195447
v 0.09828576 0.1407939 0.3212813
v 0.09281103 0.1537971 0.3167167
v 0.0995556 0.1441408 0.3309115
v 0.09420305 0.1572812 0.32648
v 0.04550028 0.06192806 1.01517
v 0.03176543 0.08217272 0.9956369
v 0.02165341 0.06679875 1.012842
v 0.06315172 0.0788931 0.9991196
v 0.04403964 0.09648412 0.9857445
v 0.05992702 0.06904465 1.023727
v 0.07512665 0.09247831 0.9881332
v 0.08316439 0.08938265 1.008934
v 0.06549373 0.08143416 1.034079
v 0.09415089 0.1031422 0.9965279
v 0.09040041 0.1051602 1.020976
v 0.1003587 0.1197366 1.00828
v 0.05896607 0.09445378 1.043188
v 0.08468682 0.1221816 1.029953
v 0.09322013 0.1372041 1.018651
v 0.07650632 0.1487864 1.023113
v 0.06772178 0.1327274 1.035293
v 0.04507473 0.1047827 1.048145
v 0.05487514 0.1509046 1.020269
v 0.0462361 0.1341812 1.03164
v 0.02630994 0.1072428 1.045523
v 0.03441769 0.1414104 1.011218
v 0.02460903 0.1248475 1.021916
v 0.01402614 0.1005902 1.036187
v 0.02741367 0.1155125 0.9937328
v 0.01770386 0.09936151 1.004494
v 0.009056598 0.08176225 1.021274
v 0.04403964 0.09648412 0.9857445
v 0.02165341 0.06679875 1.012842
v 0.03176543 0.08217272 0.9956369
v 0.08400866 0.1067678 0.9777356
v 0.05553955 0.1366138 0.9622958
v 0.05595139 0.1111635 0.9766717
v 0.07844746 0.1256328 0.9588445
v 0.05193323 0.1443948 0.941767
v 0.07520902 0.1639737 0.9447885
v 0.1003601 0.1166753 0.9839503
v 0.09525874 0.1366838 0.9647338
v 0.1055424 0.1325942 0.9945098
v 0.09872368 0.1470649 0.9709141
v 0.09737971 0.1493835 1.003688
v 0.09227702 0.160786 0.9773705
v 0.08221579 0.1610592 1.008829
v 0.08075923 0.1690915 0.9818004
v 0.06775883 0.1704011 0.9805773
v 0.06213447 0.1632694 1.006663
v 0.05096677 0.1595519 0.9735253
v 0.05193323 0.1443948 0.941767
v 0.04558676 0.1535637 0.9992378
v 0.05553955 0.1366138 0.9622958
v 0.0395849 0.1300326 0.9841479
v 0.05595139 0.1111635 0.9766717
v 0.02115646 0.05562964 1.059563
v 0.01969579 0.05719465 1.032344
v 0.008876771 0.07105443 1.040311
v 0.01934025 0.07389337 1.06906
v 0.01307341 0.08506933 1.052045
v 0.03511506 0.05222785 1.083939
v 0.02782688 0.07837692 1.072558
v 0.02390754 0.09011573 1.059088
v 0.03852236 0.08967781 1.06134
v 0.03525648 0.06373465 1.088799
v 0.05143353 0.0512518 1.103705
v 0.05153373 0.0546838 1.104968
v 0.03979906 0.06652692 1.08948
v 0.05514145 0.05436942 1.103264
v 0.03983748 0.07924315 1.071772
v 0.05017328 0.08052674 1.056004
v 0.04598489 0.06600115 1.088969
v 0.04803997 0.07172158 1.066833
v 0.05638245 0.06923684 1.049193
v 0.05387434 0.05197114 1.105333
v 0.05143353 0.0512518 1.103705
v 0.0548518 0.05048442 1.102502
v 0.04744279 0.04797217 1.079682
v 0.03511506 0.05222785 1.083939
v 0.05129212 0.06320477 1.087054
v 0.05183026 0.05089763 1.080689
v 0.05411047 0.05803207 1.083615
v 0.05273631 0.06291646 1.061736
v 0.04819784 0.05335081 1.055959
v 0.05082124 0.05843839 1.04036
v 0.03875986 0.05179405 1.033552
v 0.0397414 0.04803258 1.053973
v 0.02115646 0.05562964 1.059563
v 0.01969579 0.05719465 1.032344
v 0.01969579 0.05719465 1.032344
v 0.03875986 0.05179405 1.033552
v 0.02165341 0.06679875 1.012842
v 0.04550028 0.06192806 1.01517
v 0.05992702 0.06904465 1.023727
v 0.05082124 0.05843839 1.04036
v 0.06549373 0.08143416 1.034079
v 0.05638245 0.06923684 1.049193
v 0.05017328 0.08052674 1.056004
v 0.05896607 0.09445378 1.043188
v 0.04507473 0.1047827 1.048145
v 0.03852236 0.08967781 1.06134
v 0.02630994 0.1072428 1.045523
v 0.02390754 0.09011573 1.059088
v 0.01307341 0.08506933 1.052045
v 0.01402614 0.1005902 1.036187
v 0.008876771 0.07105443 1.040311
v 0.009056598 0.08176225 1.021274
v 0.01969579 0.05719465 1.032344
v 0.02165341 0.06679875 1.012842
v 0.07512665 0.09247831 0.9881332
v 0.05595139 0.1111635 0.9766717
v 0.04403964 0.09648412 0.9857445
v 0.08400866 0.1067678 0.9777356
v 0.09415089 0.1031422 0.9965279
v 0.1003601 0.1166753 0.9839503
v 0.1003587 0.1197366 1.00828
v 0.1055424 0.1325942 0.9945098
v 0.09322013 0.1372041 1.018651
v 0.09737971 0.1493835 1.003688
v 0.08221579 0.1610592 1.008829
v 0.07650632 0.1487864 1.023113
v 0.06213447 0.1632694 1.006663
v 0.05487514 0.1509046 1.020269
v 0.04558676 0.1535637 0.9992378
v 0.03441769 0.1414104 1.011218
v 0.02741367 0.1155125 0.9937328
v 0.0395849 0.1300326 0.9841479
v 0.05595139 0.1111635 0.9766717
v 0.04403964 0.09648412 0.9857445
v -0.0317663 0.08217272 0.9956369
v -0.04549977 0.06192806 1.01517
v -0.02165291 0.06679875 1.012842
v -0.06315121 0.0788931 0.9991196
v -0.0440405 0.09648412 0.9857445
v -0.05992788 0.06904465 1.023727
v -0.07512614 0.09247831 0.9881332
v -0.08316389 0.08938265 1.008934
v -0.0654946 0.08143416 1.034079
v -0.09415177 0.1031422 0.9965279
v -0.09039989 0.1051602 1.020976
v -0.1003582 0.1197366 1.00828
v -0.05896693 0.09445378 1.043188
v -0.08468631 0.1221816 1.029953
v -0.09322101 0.1372041 1.018651
v -0.07650581 0.1487864 1.023113
v -0.06772128 0.1327274 1.035293
v -0.04507419 0.1047827 1.048145
v -0.05487463 0.1509046 1.020269
v -0.04623696 0.1341812 1.03164
v -0.02630943 0.1072428 1.045523
v -0.03441718 0.1414104 1.011218
v -0.02460852 0.1248475 1.021916
v -0.014027 0.1005902 1.036187
v -0.02741453 0.1155125 0.9937328
v -0.01770473 0.09936151 1.004494
v -0.009056091 0.08176225 1.021274
v -0.0440405 0.09648412 0.9857445
v -0.02165291 0.06679875 1.012842
v -0.0317663 0.08217272 0.9956369
v -0.05553904 0.1366138 0.9622958
v -0.08400816 0.1067678 0.9777356
v -0.05595088 0.1111635 0.9766717
v -0.07844692 0.1256328 0.9588445
v -0.05193272 0.1443948 0.941767
v -0.07520851 0.1639737 0.9447885
v -0.1003596 0.1166753 0.9839503
v -0.09525824 0.1366838 0.9647338
v -0.1055432 0.1325942 0.9945098
v -0.09872454 0.1470649 0.9709141
v -0.09738058 0.1493835 1.003688
v -0.09227651 0.160786 0.9773705
v -0.08221528 0.1610592 1.008829
v -0.08076009 0.1690915 0.9818004
v -0.06775969 0.1704011 0.9805773
v -0.06213397 0.1632694 1.006663
v -0.05096763 0.1595519 0.9735253
v -0.05193272 0.1443948 0.941767
v -0.04558626 0.1535637 0.9992378
v -0.05553904 0.1366138 0.9622958
v -0.0395844 0.1300326 0.9841479
v -0.05595088 0.1111635 0.9766717
v -0.02115595 0.05562964 1.059563
v -0.008876264 0.07105443 1.040311
v -0.01969528 0.05719465 1.032344
v -0.01934111 0.07389337 1.06906
v -0.01307291 0.08506933 1.052045
v -0.03511593 0.05222785 1.083939
v -0.02782637 0.07837692 1.072558
v -0.02390704 0.09011573 1.059088
v -0.03852183 0.08967781 1.06134
v -0.03525734 0.06373465 1.088799
v -0.051433 0.0512518 1.103705
v -0.05153322 0.0546838 1.104968
v -0.03979993 0.06652692 1.08948
v -0.05514231 0.05436942 1.103264
v -0.03983834 0.07924315 1.071772
v -0.05017415 0.08052674 1.056004
v -0.04598439 0.06600115 1.088969
v -0.04803947 0.07172158 1.066833
v -0.05638194 0.06923684 1.049193
v -0.05387521 0.05197114 1.105333
v -0.051433 0.0512518 1.103705
v -0.05485266 0.05048442 1.102502
v -0.04744229 0.04797217 1.079682
v -0.03511593 0.05222785 1.083939
v -0.05129161 0.06320477 1.087054
v -0.05182976 0.05089763 1.080689
v -0.05410996 0.05803207 1.083615
v -0.05273581 0.06291646 1.061736
v -0.0481987 0.05335081 1.055959
v -0.05082211 0.05843839 1.04036
v -0.03876072 0.05179405 1.033552
v -0.03974089 0.04803258 1.053973
v -0.02115595 0.05562964 1.059563
v -0.01969528 0.05719465 1.032344
v -0.01969528 0.05719465 1.032344
v -0.02165291 0.06679875 1.012842
v -0.03876072 0.05179405 1.033552
v -0.04549977 0.06192806 1.01517
v -0.05992788 0.06904465 1.023727
v -0.05082211 0.05843839 1.04036
v -0.0654946 0.08143416 1.034079
v -0.05638194 0.06923684 1.049193
v -0.05017415 0.08052674 1.056004
v -0.05896693 0.09445378 1.043188
v -0.04507419 0.1047827 1.048145
v -0.03852183 0.08967781 1.06134
v -0.02630943 0.1072428 1.045523
v -0.02390704 0.09011573 1.059088
v -0.01307291 0.08506933 1.052045
v -0.014027 0.1005902 1.036187
v -0.008876264 0.07105443 1.040311
v -0.009056091 0.08176225 1.021274
v -0.01969528 0.05719465 1.032344
v -0.02165291 0.06679875 1.012842
v -0.05595088 0.1111635 0.9766717
v -0.07512614 0.09247831 0.9881332
v -0.0440405 0.09648412 0.9857445
v -0.08400816 0.1067678 0.9777356
v -0.09415177 0.1031422 0.9965279
v -0.1003596 0.1166753 0.9839503
v -0.1003582 0.1197366 1.00828
v -0.1055432 0.1325942 0.9945098
v -0.09322101 0.1372041 1.018651
v -0.09738058 0.1493835 1.003688
v -0.08221528 0.1610592 1.008829
v -0.07650581 0.1487864 1.023113
v -0.06213397 0.1632694 1.006663
v -0.05487463 0.1509046 1.020269
v -0.04558626 0.1535637 0.9992378
v -0.03441718 0.1414104 1.011218
v -0.02741453 0.1155125 0.9937328
v -0.0395844 0.1300326 0.9841479
v -0.05595088 0.1111635 0.9766717
v -0.0440405 0.09648412 0.9857445
v -0.05925933 0.02057937 0.6472906
v -0.05075485 0.06935352 0.6428456
v -0.05037871 0.06690994 0.6380655
v -0.05964783 0.02072626 0.6525828
v -0.07163373 -0.02567297 0.6395206
v -0.07724437 0.02599779 0.6510947
v -0.06907758 0.07013053 0.641039
v -0.06870419 0.06763065 0.6362588
v -0.07693273 0.02559695 0.6458547
v -0.08897766 -0.02044398 0.6458122
v -0.08867839 -0.01878288 0.6407809
v -0.07204419 -0.02759075 0.6444504
v -0.08481124 -0.05903882 0.6165729
v -0.1026398 -0.05518538 0.6225899
v -0.101429 -0.05141979 0.6188943
v -0.08605224 -0.06284422 0.6201752
v -0.08980548 -0.06457257 0.6032335
v -0.09144872 -0.06889004 0.60564
v -0.1062681 -0.05678195 0.6059653
v -0.1079127 -0.06109941 0.6083719
v -0.05973157 0.09405154 0.6112108
v -0.06907758 0.07013053 0.641039
v -0.06870419 0.06763065 0.6362588
v -0.06079549 0.0977636 0.6147444
v -0.04172596 0.09593913 0.6146483
v -0.04281047 0.09934232 0.618466
v -0.05075485 0.06935352 0.6428456
v -0.05037871 0.06690994 0.6380655
v 0.09863856 -0.1225321 0.2781562
v 0.1426271 -0.07044128 0.3174759
v 0.06333157 -0.1307401 0.3086638
v 0.1372197 -0.091975 0.2826521
v 0.1375862 -0.1173402 0.2505053
v -0.1372192 -0.091975 0.2826521
v -0.06333244 -0.1307401 0.3086638
v -0.1426266 -0.07044128 0.3174759
v -0.09863943 -0.1225321 0.2781562
v -0.1375871 -0.1173402 0.2505053
v 0.06862232 0.0527111 0.374517
v 0.06393972 0.04964563 0.3525413
v 0.06420603 0.05064777 0.3747476
v 0.06845623 0.05171719 0.3573748
v 0.09013683 0.06193492 0.3522598
v 0.08578917 0.05984965 0.3570358
v 0.09036608 0.06287804 0.3734256
v 0.08593607 0.06080648 0.3736425
v 0.06420603 0.05064777 0.3747476
v 0.06225941 0.05323139 0.3526264
v 0.06252024 0.05421293 0.3743797
v 0.06393972 0.04964563 0.3525413
v 0.09013683 0.06193492 0.3522598
v 0.08868028 0.06644318 0.3730577
v 0.08845653 0.06552067 0.3523436
v 0.09036608 0.06287804 0.3734256
v 0.06393972 0.04964563 0.3525413
v 0.08845653 0.06552067 0.3523436
v 0.06225941 0.05323139 0.3526264
v 0.09013683 0.06193492 0.3522598
v 0.06845623 0.05171719 0.3573748
v 0.06693652 0.0562776 0.3741505
v 0.06677318 0.05530292 0.3573598
v 0.06862232 0.0527111 0.374517
v 0.08593607 0.06080648 0.3736425
v 0.08410749 0.06343538 0.3570207
v 0.08425027 0.06437165 0.373276
v 0.08578917 0.05984965 0.3570358
v 0.08578917 0.05984965 0.3570358
v 0.06677318 0.05530292 0.3573598
v 0.08410749 0.06343538 0.3570207
v 0.06845623 0.05171719 0.3573748
v 0.06862232 0.0527111 0.374517
v 0.06252024 0.05421293 0.3743797
v 0.06693652 0.0562776 0.3741505
v 0.06420603 0.05064777 0.3747476
v 0.09036608 0.06287804 0.3734256
v 0.08425027 0.06437165 0.373276
v 0.08868028 0.06644318 0.3730577
v 0.08593607 0.06080648 0.3736425
v 0.06280166 0.06088471 0.4199951
v 0.04429221 0.06585288 0.4612394
v 0.05239037 0.0704051 0.4616306
v 0.0547598 0.05617052 0.4200363
v 0.04167843 0.07087046 0.4597636
v 0.06737173 0.05785769 0.3847622
v 0.05148295 0.06209829 0.4184493
v 0.05778408 0.07992408 0.4605448
v 0.05891252 0.05392739 0.3853704
v 0.06720561 0.05713013 0.3694994
v 0.07526255 0.05977002 0.3429934
v 0.08388647 0.0649029 0.3687732
v 0.09209444 0.06765261 0.3430868
v 0.08404848 0.06560716 0.3835651
v 0.09250765 0.06953746 0.382957
v 0.07870004 0.0702019 0.4199127
v 0.08674327 0.07491609 0.4198715
v 0.08990757 0.07499298 0.3820496
v 0.06840542 0.0794079 0.4624063
v 0.07650357 0.08396009 0.4627989
v 0.08346778 0.07990897 0.4182859
v 0.07388976 0.08897629 0.4613259
v 0.06747466 0.07053688 0.4183669
v 0.08950672 0.07317266 0.3435302
v 0.05584157 0.05740607 0.3433408
v 0.05631244 0.05938426 0.3844602
v 0.0584293 0.05188739 0.3429001
v 0.08794996 0.07417205 0.3053994
v 0.05635637 0.05358282 0.3044631
v 0.09040178 0.06863418 0.3045702
v 0.07092726 0.06664637 0.3053445
v 0.05390456 0.05912068 0.3052909
v 0.07337907 0.0611085 0.3045152
v 0.05666664 0.0932155 0.4954249
v 0.07650357 0.08396009 0.4627989
v 0.06840542 0.0794079 0.4624063
v 0.06450531 0.09833604 0.4958408
v 0.07388976 0.08897629 0.4613259
v 0.0425117 0.1283688 0.5228149
v 0.06245297 0.1018463 0.4912776
v 0.03113943 0.08144102 0.4896097
v 0.04167843 0.07087046 0.4597636
v 0.04429221 0.06585288 0.4612394
v 0.04468486 0.1264729 0.5174253
v 0.02786806 0.1170871 0.5208752
v 0.01540032 0.1039069 0.5135486
v 0.04124185 0.08316526 0.4946053
v 0.0331904 0.07793352 0.4941756
v 0.05239037 0.0704051 0.4616306
v 0.01322579 0.1058041 0.5189368
v 0.05462527 0.06612334 0.4637201
v 0.06280166 0.06088471 0.4199951
v 0.05239037 0.0704051 0.4616306
v 0.0653688 0.05649176 0.4184932
v 0.06737173 0.05785769 0.3847622
v 0.08130836 0.06574306 0.4186978
v 0.07061151 0.07517555 0.4646467
v 0.06840542 0.0794079 0.4624063
v 0.07870004 0.0702019 0.4199127
v 0.08631633 0.0609822 0.3852303
v 0.08404848 0.06560716 0.3835651
v 0.06963545 0.05322725 0.3863217
v 0.06720561 0.05713013 0.3694994
v 0.0694117 0.05241457 0.3697012
v 0.08388647 0.0649029 0.3687732
v 0.08609256 0.06018734 0.3689736
v 0.07061151 0.07517555 0.4646467
v 0.05666664 0.0932155 0.4954249
v 0.06840542 0.0794079 0.4624063
v 0.0589084 0.08953092 0.4983928
v 0.04124185 0.08316526 0.4946053
v 0.0436168 0.0793063 0.497215
v 0.05462527 0.06612334 0.4637201
v 0.05239037 0.0704051 0.4616306
v -0.1033371 0.1917399 0.289678
v -0.1287696 0.1762039 0.2865947
v -0.1027908 0.1829348 0.282626
v -0.1297937 0.1846315 0.293655
v -0.1288575 0.1876997 0.3026496
v -0.1027757 0.194458 0.2986644
v 0.01836005 0.2261738 0.3966026
v 0.00859946 0.2279007 0.3957487
v 0.01928395 0.2261738 0.3860403
v 0.02603674 0.2245923 0.4117418
v 0.03552005 0.2229134 0.4125723
v 0.02504283 0.2245923 0.4231031
v 0.04637888 0.2209914 0.4135223
v 0.03590167 0.2226704 0.4240531
v 0.03689557 0.2226704 0.4126918
v 0.03010297 0.224094 0.3976294
v 0.01984817 0.2259102 0.3967316
v 0.02621797 0.224871 0.3915411
v 0.03102687 0.224094 0.3870685
v 0.01670721 0.2268053 0.3743674
v 0.02480534 0.2248106 0.4116347
v 0.01432815 0.2264882 0.4221655
v 0.01532206 0.2264882 0.4108042
v 0.007266492 0.2281369 0.395632
v -0.002197593 0.2298089 0.394958
v 0.02592555 0.223199 0.391515
v 0.01984817 0.2259102 0.3967316
v 0.01955441 0.2242382 0.3967069
v 0.02621797 0.224871 0.3915411
v 0.01806629 0.2245017 0.3965765
v 0.01928395 0.2261738 0.3860403
v 0.01899019 0.2245017 0.3860155
v 0.01836005 0.2261738 0.3966026
v 0.01899019 0.2245017 0.3860155
v 0.00859946 0.2279007 0.3957487
v 0.008305699 0.2262287 0.3957226
v 0.01928395 0.2261738 0.3860403
v 0.01955441 0.2242382 0.3967069
v 0.03689557 0.2226704 0.4126918
v 0.03660181 0.2209983 0.4126671
v 0.01984817 0.2259102 0.3967316
v 0.04608509 0.2193194 0.4134963
v 0.03010297 0.224094 0.3976294
v 0.02980921 0.2224219 0.3976033
v 0.04637888 0.2209914 0.4135223
v 0.03660181 0.2209983 0.4126671
v 0.03590167 0.2226704 0.4240531
v 0.0356079 0.2209983 0.424027
v 0.03689557 0.2226704 0.4126918
v 0.0356079 0.2209983 0.424027
v 0.04637888 0.2209914 0.4135223
v 0.04608509 0.2193194 0.4134963
v 0.03590167 0.2226704 0.4240531
v 0.02574298 0.2229202 0.4117157
v 0.02504283 0.2245923 0.4231031
v 0.02474907 0.2229202 0.423077
v 0.02603674 0.2245923 0.4117418
v 0.02474907 0.2229202 0.423077
v 0.03552005 0.2229134 0.4125723
v 0.03522626 0.2212413 0.4125463
v 0.02504283 0.2245923 0.4231031
v 0.01502827 0.2248161 0.4107795
v 0.01432815 0.2264882 0.4221655
v 0.01403436 0.2248161 0.4221394
v 0.01532206 0.2264882 0.4108042
v 0.01403436 0.2248161 0.4221394
v 0.02480534 0.2248106 0.4116347
v 0.02451158 0.2231385 0.4116086
v 0.01432815 0.2264882 0.4221655
v 0.01421559 0.2249602 0.4107081
v 0.005026072 0.2283112 0.4099036
v 0.004732281 0.2266392 0.4098775
v 0.01450935 0.2266323 0.4107342
v 0.004732281 0.2266392 0.4098775
v 0.004032165 0.2283112 0.4212649
v 0.003738374 0.2266392 0.4212388
v 0.005026072 0.2283112 0.4099036
v 0.003738374 0.2266392 0.4212388
v 0.01450935 0.2266323 0.4107342
v 0.01421559 0.2249602 0.4107081
v 0.004032165 0.2283112 0.4212649
v 0.02980921 0.2224219 0.3976033
v 0.03102687 0.224094 0.3870685
v 0.03073448 0.2224219 0.3870424
v 0.03010297 0.224094 0.3976294
v 0.03073448 0.2224219 0.3870424
v 0.01670721 0.2268053 0.3743674
v 0.01641342 0.2251332 0.3743427
v 0.03102687 0.224094 0.3870685
v 0.01641342 0.2251332 0.3743427
v 0.02621797 0.224871 0.3915411
v 0.02592555 0.223199 0.391515
v 0.01670721 0.2268053 0.3743674
v 0.0069727 0.2264648 0.3956059
v -0.002197593 0.2298089 0.394958
v -0.002491385 0.2281369 0.3949319
v 0.007266492 0.2281369 0.395632
v 0.02451158 0.2231385 0.4116086
v 0.02480534 0.2248106 0.4116347
v -0.002491385 0.2281369 0.3949319
v 0.01532206 0.2264882 0.4108042
v 0.01502827 0.2248161 0.4107795
v -0.002197593 0.2298089 0.394958
v 0.008305699 0.2262287 0.3957226
v 0.02603674 0.2245923 0.4117418
v 0.02574298 0.2229202 0.4117157
v 0.00859946 0.2279007 0.3957487
v 0.03522626 0.2212413 0.4125463
v 0.01836005 0.2261738 0.3966026
v 0.01806629 0.2245017 0.3965765
v 0.03552005 0.2229134 0.4125723
v -0.1297347 0.02818879 0.7689632
v -0.1351216 0.02312729 0.7671208
v -0.1335442 0.02670616 0.7684237
v -0.1297347 0.01806441 0.7652786
v -0.1335442 0.01954702 0.7658181
v -0.1243478 0.02312729 0.7671208
v -0.1259252 0.02670616 0.7684237
v -0.1259252 0.01954702 0.7658181
v -0.1259252 0.02365032 0.754546
v -0.1297347 0.01806441 0.7652786
v -0.1259252 0.01954702 0.7658181
v -0.1297347 0.02216768 0.7540065
v -0.1335442 0.01954702 0.7658181
v -0.1335442 0.02365032 0.754546
v -0.1351216 0.02312729 0.7671208
v -0.1351216 0.02722919 0.7558489
v -0.1335442 0.02670616 0.7684237
v -0.1335442 0.03080946 0.7571516
v -0.1297347 0.02818879 0.7689632
v -0.1297347 0.03229207 0.7576911
v -0.1259252 0.02670616 0.7684237
v -0.1259252 0.03080946 0.7571516
v -0.1243478 0.02312729 0.7671208
v -0.1243478 0.02722919 0.7558489
v -0.1259252 0.01954702 0.7658181
v -0.1259252 0.02365032 0.754546
v -0.1243478 0.02722919 0.7558489
v -0.1297347 0.02216768 0.7540065
v -0.1259252 0.02365032 0.754546
v -0.1351216 0.02722919 0.7558489
v -0.1335442 0.02365032 0.754546
v -0.1297347 0.03229207 0.7576911
v -0.1259252 0.03080946 0.7571516
v -0.1335442 0.03080946 0.7571516
v -0.1297347 0.03367311 0.7501324
v -0.1351216 0.02828625 0.7501324
v -0.1335442 0.03209576 0.7501324
v -0.1297347 0.02289939 0.7501324
v -0.1335442 0.02447674 0.7501324
v -0.1243478 0.02828625 0.7501324
v -0.1259252 0.03209576 0.7501324
v -0.1259252 0.02447674 0.7501324
v -0.1259252 0.02447674 0.738137
v -0.1297347 0.02289939 0.7501324
v -0.1259252 0.02447674 0.7501324
v -0.1297347 0.02289939 0.738137
v -0.1335442 0.02447674 0.7501324
v -0.1335442 0.02447674 0.738137
v -0.1351216 0.02828625 0.7501324
v -0.1351216 0.02828625 0.738137
v -0.1335442 0.03209576 0.7501324
v -0.1335442 0.03209576 0.738137
v -0.1297347 0.03367311 0.7501324
v -0.1297347 0.03367311 0.738137
v -0.1259252 0.03209576 0.7501324
v -0.1259252 0.03209576 0.738137
v -0.1243478 0.02828625 0.7501324
v -0.1243478 0.02828625 0.738137
v -0.1259252 0.02447674 0.7501324
v -0.1259252 0.02447674 0.738137
v -0.1243478 0.02828625 0.738137
v -0.1297347 0.02289939 0.738137
v -0.1259252 0.02447674 0.738137
v -0.1351216 0.02828625 0.738137
v -0.1335442 0.02447674 0.738137
v -0.1297347 0.03367311 0.738137
v -0.1259252 0.03209576 0.738137
v -0.1335442 0.03209576 0.738137
v -0.1207648 -0.1129321 0.3452888
v -0.1026041 -0.1273479 0.3509914
v -0.1018614 -0.1200227 0.3440409
v -0.1215583 -0.1202382 0.352242
v -0.1213455 -0.1251555 0.3616099
v -0.1023652 -0.1322763 0.3603566
v 0.1426271 -0.07044128 0.3174759
v 0.1247382 -0.1103952 0.2801083
v 0.1181858 -0.1069289 0.3127383
v 0.1372197 -0.091975 0.2826521
v 0.06333157 -0.1307401 0.3086638
v 0.1375862 -0.1173402 0.2505053
v 0.09863856 -0.1225321 0.2781562
v 0.08240661 0.04525131 0.3144777
v 2.682209E-07 0.05236652 0.3180223
v 2.682209E-07 0.05352241 0.3134288
v -0.08240607 0.04525131 0.3144777
v 0.08231461 0.04418325 0.3196806
v -0.08231547 0.04418325 0.3196806
v 0.1211195 0.02836999 0.316541
v -0.121119 0.02836999 0.316541
v 0.1212527 0.02774674 0.3217768
v -0.1212522 0.02774674 0.3217768
v 0.1441139 -0.005757779 0.3181238
v 0.1426093 -0.005948603 0.323917
v 0.1409523 -0.06947622 0.3235313
v 0.1426271 -0.07044128 0.3174759
v -0.1441134 -0.005757779 0.3181238
v -0.1426088 -0.005948603 0.323917
v -0.1409518 -0.06947622 0.3235313
v -0.1426266 -0.07044128 0.3174759
v 0.1176367 -0.1069028 0.319163
v 0.1181858 -0.1069289 0.3127383
v 0.06333157 -0.1307401 0.3086638
v 0.06299248 -0.1294757 0.3147728
v -0.1176362 -0.1069028 0.319163
v -0.1181867 -0.1069289 0.3127383
v -0.06333244 -0.1307401 0.3086638
v -0.06299198 -0.1294757 0.3147728
v 2.682209E-07 -0.1351042 0.3080365
v 2.682209E-07 -0.1345029 0.3139258
v 0.09264082 -0.02087641 0.6343822
v 0.09368551 0.02859926 0.6315022
v 0.09867701 0.04318386 0.6461087
v 0.07295489 0.08690751 0.6145
v 0.08765481 -0.01128328 0.6284106
v 0.06537977 0.06806722 0.6092079
v 0.07636905 -0.05713475 0.609466
v 0.07725725 -0.04307181 0.6077403
v 0.05047393 -0.07912561 0.5872802
v 0.01364726 0.09626859 0.5804313
v 0.01829141 0.1130703 0.5905721
v 0.04807565 -0.06608129 0.5900656
v 2.682209E-07 0.1135247 0.5850192
v 2.682209E-07 0.09731194 0.5791532
v -0.01364672 0.09626859 0.5804313
v -0.01673689 0.1039728 0.5905721
v -0.07141408 0.08148631 0.6145
v -0.06538063 0.06806722 0.6092079
v -0.09368637 0.02859926 0.6315022
v -0.0986765 0.04318386 0.6461087
v -0.09264168 -0.02087641 0.6343822
v -0.08765429 -0.01128328 0.6284106
v -0.07636851 -0.05713475 0.609466
v -0.07725671 -0.04307181 0.6077403
v -0.05047342 -0.07912561 0.5872802
v -0.04807514 -0.06608129 0.5900656
v 2.682209E-07 -0.09600966 0.578718
v 2.682209E-07 -0.09518872 0.5786892
v 2.682209E-07 -0.08592783 0.5785478
v 2.682209E-07 -0.1316887 0.3392608
v 0.06299248 -0.1294757 0.3147728
v 2.682209E-07 -0.1345029 0.3139258
v -0.06299198 -0.1294757 0.3147728
v 0.06142062 -0.1259325 0.3410687
v -0.06142011 -0.1259325 0.3410687
v 0.1176367 -0.1069028 0.319163
v -0.1176362 -0.1069028 0.319163
v 0.1124819 -0.1060942 0.3457047
v -0.1124814 -0.1060942 0.3457047
v 0.1409523 -0.06947622 0.3235313
v -0.1409518 -0.06947622 0.3235313
v 0.1358359 -0.07149011 0.350051
v -0.1358533 -0.07085311 0.3500153
v 0.1426093 -0.005948603 0.323917
v 0.1380763 -0.006529272 0.3489528
v 0.1211909 0.02545142 0.3474701
v 0.1212527 0.02774674 0.3217768
v 0.08177373 0.03957614 0.3451474
v 0.08231461 0.04418325 0.3196806
v -0.1426088 -0.005948603 0.323917
v -0.1380758 -0.006529272 0.3489528
v -0.1211904 0.02545142 0.3474701
v -0.1212522 0.02774674 0.3217768
v -0.08177459 0.03957614 0.3451474
v -0.08231547 0.04418325 0.3196806
v 2.682209E-07 0.04713753 0.3433943
v 2.682209E-07 0.05236652 0.3180223
v 0.06505993 0.06055662 0.5381724
v 0.01239112 0.04915142 0.5071362
v 0.05310422 0.04885077 0.5399255
v 0.06114471 0.04969504 0.5505702
v 0.01321894 0.05482107 0.5022188
v 2.682209E-07 0.04915142 0.5048464
v 0.07947019 0.05562004 0.5555136
v 0.1034639 0.0265373 0.6072681
v 2.682209E-07 0.05482107 0.4997519
v -0.0132198 0.05482107 0.5022188
v -0.01239061 0.04915142 0.5071362
v -0.06505939 0.06055662 0.5381724
v -0.05310372 0.04885077 0.5399255
v -0.06114417 0.04969504 0.5505702
v 2.682209E-07 0.06362209 0.5016038
v 0.01414144 0.06326929 0.5043906
v -0.0141423 0.06326929 0.5043906
v -0.07946968 0.05562004 0.5555136
v -0.1034648 0.0265373 0.6072681
v 2.682209E-07 0.0888198 0.5242948
v 0.06349492 0.0818803 0.5407711
v 0.01788646 0.08750466 0.5265476
v 0.07872751 0.07441229 0.557964
v 0.1030205 0.04170948 0.6083032
v -0.06349578 0.0818803 0.5407711
v -0.07872835 0.07441229 0.557964
v -0.01788592 0.08750466 0.5265476
v 2.682209E-07 0.09995183 0.5540475
v 0.0184699 0.09664613 0.5559748
v 0.06065735 0.08774626 0.5640057
v -0.01846936 0.09664613 0.5559748
v 2.682209E-07 0.09628507 0.5646427
v -0.06065822 0.08774626 0.5640057
v -0.1030214 0.04170948 0.6083032
v 0.07755649 0.07572192 0.5767426
v 0.01756659 0.09307274 0.5687748
v 0.07472441 0.07317266 0.5884086
v -0.01756608 0.09307274 0.5687748
v -0.07755598 0.07572192 0.5767426
v -0.08125156 0.07529226 0.5876741
v 0.08777149 0.07741049 0.5869424
v 2.682209E-07 0.1080266 0.5659524
v -0.1338037 0.04317012 0.6113824
v -0.01842406 0.1001976 0.5689039
v 0.01842457 0.1043516 0.5689039
v 0.1338042 0.04317012 0.6113824
v -0.08406717 0.08185422 0.5926588
v 2.682209E-07 0.1135247 0.5850192
v -0.01673689 0.1039728 0.5905721
v 0.01829141 0.1130703 0.5905721
v -0.07141408 0.08148631 0.6145
v 0.08406767 0.08185422 0.5926588
v 0.07295489 0.08690751 0.6145
v -0.1243437 0.04255512 0.6320252
v -0.0986765 0.04318386 0.6461087
v -0.09264168 -0.02087641 0.6343822
v 0.1243428 0.04255512 0.6320252
v 0.09867701 0.04318386 0.6461087
v 0.09264082 -0.02087641 0.6343822
v -0.1179341 -0.02359316 0.6210716
v 0.1179346 -0.02359316 0.6210716
v -0.1245949 -0.02107134 0.5988185
v -0.07310677 -0.02633876 0.6151137
v -0.06328988 -0.0495528 0.5991878
v -0.09601051 -0.06046516 0.595624
v -0.07636851 -0.05713475 0.609466
v -0.09382915 -0.06324098 0.5767137
v -0.05075073 -0.07677948 0.579981
v -0.05815148 -0.09092619 0.5800002
v -0.05047342 -0.07912561 0.5872802
v 2.682209E-07 -0.09871544 0.574299
v 2.682209E-07 -0.09600966 0.578718
v 0.05047393 -0.07912561 0.5872802
v -0.05478126 -0.08468682 0.5691881
v 2.682209E-07 -0.08885464 0.5649818
v 2.682209E-07 -0.09519009 0.5658123
v 0.05478176 -0.08468682 0.5691881
v 0.05074987 -0.07677948 0.579981
v 0.05815062 -0.09092619 0.5800002
v 0.07636905 -0.05713475 0.609466
v 0.09382966 -0.06324098 0.5767137
v 0.06329039 -0.0495528 0.5991878
v 0.09600966 -0.06046516 0.595624
v 0.1245954 -0.02107134 0.5988185
v 0.0731059 -0.02633876 0.6151137
v 0.03275111 -0.06608129 0.5947441
v 2.682209E-07 -0.08592783 0.5785478
v 2.682209E-07 -0.08578506 0.5787345
v -0.03275061 -0.06608129 0.5947441
v 0.04807565 -0.06608129 0.5900656
v -0.04807514 -0.06608129 0.5900656
v 0.05581823 -0.03877357 0.6171042
v -0.05581772 -0.03877357 0.6171042
v 0.07725725 -0.04307181 0.6077403
v -0.07725671 -0.04307181 0.6077403
v 0.06719461 -0.01128054 0.6362479
v -0.0671941 -0.01128054 0.6362479
v 0.08765481 -0.01128328 0.6284106
v -0.08765429 -0.01128328 0.6284106
v 0.06782198 0.02936664 0.6405832
v 0.09368551 0.02859926 0.6315022
v 0.06537977 0.06806722 0.6092079
v 0.03211963 0.04972386 0.6232626
v 0.01364726 0.09626859 0.5804313
v -0.06782284 0.02936664 0.6405832
v -0.09368637 0.02859926 0.6315022
v -0.06538063 0.06806722 0.6092079
v -0.0321191 0.04972386 0.6232708
v -0.01364672 0.09626859 0.5804313
v 2.682209E-07 0.05500779 0.616577
v 2.682209E-07 0.09731194 0.5791532
v 2.682209E-07 0.01978588 0.4312643
v 0.0236426 0.01147634 0.4609813
v 2.682209E-07 0.01306605 0.4610019
v -0.02364209 0.01147634 0.4609813
v 0.02798063 0.01879749 0.4317957
v -0.02798149 0.01879749 0.4317957
v 0.0614275 0.009958029 0.4348721
v -0.061427 0.009958029 0.4348721
v 0.0519799 0.004978895 0.4614508
v -0.05197939 0.004978895 0.4614508
v 0.08596626 -0.005923867 0.4355035
v -0.08596575 -0.005923867 0.4355035
v 0.07471618 -0.009425879 0.4615263
v -0.07471704 -0.009425879 0.4615263
v 0.09934007 -0.04501569 0.4297557
v -0.09934092 -0.04501569 0.4297557
v 0.08767128 -0.04519278 0.4620109
v -0.08767214 -0.04519278 0.4620109
v 0.0917279 -0.0821636 0.4218771
v -0.09172738 -0.0821636 0.4218771
v 0.07913658 -0.07927388 0.461385
v -0.07913607 -0.07927388 0.461385
v 0.07374835 -0.1034255 0.4147098
v -0.07374784 -0.1034255 0.4147098
v 0.06446138 -0.1002845 0.4598501
v -0.06446087 -0.1002845 0.4598515
v 0.03916618 -0.1139823 0.4048558
v -0.03916568 -0.1139823 0.4048558
v 0.03539237 -0.1093066 0.4580518
v -0.03539324 -0.1093066 0.4580518
v 2.682209E-07 -0.1160031 0.4019647
v 2.682209E-07 -0.1111667 0.4575686
v 0.08386725 -0.03798011 0.03957203
v 0.1040378 -0.03354046 0.03604257
v 0.1038126 -0.03528118 0.03516671
v 0.1078144 -0.03511506 0.02872416
v 0.1095372 -0.03237495 0.02798012
v 0.1059034 -0.04860419 0.02291861
v 0.1074739 -0.04820469 0.01963076
v 0.1005934 -0.05373982 0.02513981
v 0.1006648 -0.05467331 0.02282116
v 0.08051351 -0.05652112 0.02725253
v 0.08034328 -0.05749443 0.02482542
v 0.06361163 -0.04868931 0.02538416
v 0.06347707 -0.04952669 0.02296939
v 0.05820966 -0.03970158 0.01991355
v 0.05990505 -0.04072845 0.02339771
v 0.06234178 -0.03024301 0.02898639
v 0.0614824 -0.02754408 0.02849492
v 0.066246 -0.03228709 0.03572133
v 0.06663176 -0.03054503 0.03673857
v 0.1201325 0.002524316 0.03221384
v 0.123802 0.01637447 0.03421125
v 0.1211415 0.016601 0.03170726
v 0.116986 0.02868438 0.03155351
v 0.1237539 0.002113849 0.03522712
v 0.119048 -0.008469045 0.03298947
v 0.1208491 0.02806661 0.03435403
v 0.1163806 0.03058571 0.03410691
v 0.118028 0.02841529 0.03737417
v 0.1227875 0.01616034 0.037727
v 0.1215712 0.002090514 0.03865913
v 0.1225006 -0.008849323 0.03600276
v 0.118783 -0.0111762 0.03609335
v 0.1202492 -0.00886029 0.03949103
v -0.08386675 -0.03798011 0.03957203
v -0.1038135 -0.03528118 0.03516671
v -0.1040373 -0.03354046 0.03604257
v -0.1078138 -0.03511506 0.02872416
v -0.1095367 -0.03237495 0.02798012
v -0.1059029 -0.04860419 0.02291861
v -0.1074734 -0.04820469 0.01963076
v -0.1005929 -0.05373982 0.02513981
v -0.1006643 -0.05467331 0.02282116
v -0.080513 -0.05652112 0.02725253
v -0.08034414 -0.05749443 0.02482542
v -0.06361109 -0.04868931 0.02538416
v -0.06347793 -0.04952669 0.02296939
v -0.05820915 -0.03970158 0.01991355
v -0.05990455 -0.04072845 0.02339771
v -0.06234264 -0.03024301 0.02898639
v -0.06148326 -0.02754408 0.02849492
v -0.0662455 -0.03228709 0.03572133
v -0.06663126 -0.03054503 0.03673857
v -0.1238014 0.01637447 0.03421125
v -0.1201333 0.002524316 0.03221384
v -0.1211423 0.016601 0.03170726
v -0.1169855 0.02868438 0.03155351
v -0.1237534 0.002113849 0.03522712
v -0.1190475 -0.008469045 0.03298947
v -0.1208499 0.02806661 0.03435403
v -0.1163801 0.03058571 0.03410691
v -0.1180274 0.02841529 0.03737417
v -0.1227883 0.01616034 0.037727
v -0.1215706 0.002090514 0.03865913
v -0.1225014 -0.008849323 0.03600276
v -0.1187825 -0.0111762 0.03609335
v -0.1202486 -0.00886029 0.03949103
v 0.07427689 0.08377889 0.2959325
v 0.05419832 0.1345038 0.267587
v 0.03161168 0.1357695 0.2410096
v 0.06080425 0.07604727 0.2800259
v 0.02735052 0.1596727 0.2462097
v -0.006528765 0.1568131 0.2428244
v 0.03685027 0.1623373 0.2580886
v 0.02148867 0.1711644 0.2564069
v -0.007259101 0.1686054 0.2531424
v -0.05997044 0.1555474 0.2620354
v 0.01590002 0.0644595 0.2753007
v 0.05976367 0.06543556 0.3078333
v 0.02208996 0.05145496 0.3210204
v -0.03419203 0.05454102 0.2794411
v -0.02286372 0.04079932 0.3296869
v -0.06809193 0.03022602 0.3371014
v -0.002598464 0.1364147 0.2364423
v -0.05629683 0.1254625 0.2437195
v -0.05933347 0.1432938 0.2496678
v -0.1117593 0.1320423 0.2615879
v -0.112793 0.1437633 0.2719607
v -0.1370009 0.1338558 0.2846674
v -0.0819613 0.04142258 0.2927504
v -0.1087624 0.02576444 0.3378839
v -0.1085359 0.1114765 0.255332
v -0.140389 0.1201882 0.2761203
v -0.1456344 0.119381 0.290628
v -0.1454766 0.08750054 0.3031905
v -0.1356226 0.09640315 0.2708282
v -0.1323457 0.03514063 0.3327757
v -0.1230807 0.03276157 0.3128152
v 0.02055106 0.1420981 0.5301265
v 0.01369256 0.1569889 0.5344947
v 0.01456016 0.1471651 0.5235507
v 0.01723987 0.1399511 0.5319976
v 0.01937044 0.1520701 0.5413683
v 0.01637912 0.1496952 0.5428866
v 0.008965999 0.1624581 0.5420932
v 0.01165256 0.155126 0.5504315
v 0.01168826 0.1591002 0.5516849
v -0.006585062 0.1533248 0.555051
v -0.009267509 0.1609274 0.5470091
v -0.007014751 0.157969 0.5571802
v -0.02576169 0.1526179 0.5582043
v -0.02753946 0.1561391 0.5484478
v -0.02485287 0.1488084 0.5567862
v -0.02974281 0.1417124 0.5509161
v -0.03365666 0.1428916 0.550599
v -0.03242937 0.149006 0.5425242
v -0.03513378 0.1324597 0.5398198
v -0.03089595 0.1316182 0.5403771
v -0.03357565 0.1388336 0.5319303
v 0.08422557 0.1201965 0.3972821
v 0.07330769 0.1227362 0.5098777
v 0.08996798 0.1387402 0.4880776
v 0.07937685 0.140507 0.5120893
v 0.05487651 0.1378658 0.5319811
v 0.06494734 0.1045315 0.4114796
v -0.01170561 0.07884505 0.4347472
v 0.07427689 0.08377889 0.2959325
v 0.05976367 0.06543556 0.3078333
v 0.02208996 0.05145496 0.3210204
v -0.02286372 0.04079932 0.3296869
v -0.06809193 0.03022602 0.3371014
v 0.0003983676 0.103598 0.5344878
v -0.09477636 0.06693327 0.4399611
v -0.1087624 0.02576444 0.3378839
v -0.1323457 0.03514063 0.3327757
v -0.1223024 0.0715802 0.4341088
v -0.07717022 0.08731383 0.536709
v -0.1051794 0.09280229 0.5228739
v -0.08916438 0.1008318 0.5421426
v -0.06092316 0.1106075 0.5526294
v 0.0003599226 0.1039755 0.5347651
v -0.002555907 0.1251591 0.5461429
v 0.01523694 0.1885453 0.2567254
v -0.007259101 0.1686054 0.2531424
v 0.02148867 0.1711644 0.2564069
v 0.02745485 0.1731343 0.2628069
v -0.01289582 0.1805145 0.255019
v -0.05997044 0.1555474 0.2620354
v 0.02096564 0.1906801 0.2633533
v 0.0243935 0.1982936 0.2774464
v 0.0294207 0.1808865 0.2716244
v 0.02767038 0.2121314 0.3258032
v 0.03540334 0.2056381 0.3509749
v 0.0300467 0.2179438 0.3437197
v 0.03113669 0.2070479 0.3583578
v 0.02586654 0.2202062 0.351222
v 0.004769355 0.2091387 0.367605
v -8.347631E-05 0.2161537 0.3601987
v -0.05111179 0.2016391 0.3788455
v -0.05251202 0.2067899 0.37082
v -0.1040785 0.1916726 0.3787425
v -0.1062324 0.1830088 0.3873979
v -0.1305721 0.1833809 0.3791173
v -0.1270317 0.1698149 0.3865606
v -0.135576 0.1789578 0.3732513
v -0.132435 0.1661289 0.3809019
v -0.1369652 0.1733773 0.3551592
v -0.1457154 0.1576862 0.3066157
v -0.1440653 0.1376969 0.3034225
v -0.1407651 0.1335346 0.2928026
v -0.1403382 0.1862158 0.3328333
v -0.1356295 0.1892881 0.3608137
v -0.1353165 0.183753 0.3681939
v -0.1303154 0.1882777 0.3741354
v -0.1299598 0.1945953 0.3659782
v -0.1044917 0.1968933 0.3743042
v -0.1349527 0.1948987 0.3318106
v -0.1052179 0.2026646 0.3665891
v -0.05431864 0.2111691 0.3664367
v -0.1104125 0.2023763 0.3248821
v -0.1433515 0.1770111 0.3046402
v -0.0569956 0.2166589 0.3586735
v -0.137572 0.1834262 0.3018932
v -0.1433034 0.1636963 0.2940353
v -0.00785628 0.2255835 0.3492273
v -0.003438592 0.2206812 0.3562862
v 0.0162034 0.2290018 0.3399156
v 0.02190876 0.2241119 0.346991
v -0.01605737 0.2245868 0.3080571
v -0.06362757 0.2145929 0.3157379
v -0.1108587 0.1898949 0.2963279
v 0.0215573 0.2262905 0.3327853
v 0.02610677 0.221752 0.3394104
v 0.0132958 0.2288123 0.3065553
v 0.020271 0.2233678 0.3042421
v -0.06509647 0.2011477 0.2875722
v -0.138327 0.1697065 0.2844779
v -0.01893064 0.2115343 0.2799367
v 0.01034978 0.2163994 0.276922
v 0.01699412 0.2142099 0.2761395
v 0.01740322 0.200556 0.266114
v 0.008027017 0.2016075 0.2603139
v -0.02132756 0.1971295 0.2622152
v -0.06261721 0.1681195 0.263588
v -0.06592289 0.1856707 0.2680853
v -0.1102492 0.1761971 0.278071
v -0.1125363 0.1570589 0.2727872
v -0.112793 0.1437633 0.2719607
v -0.1390697 0.1522211 0.2842404
v -0.1370009 0.1338558 0.2846674
v -0.1426266 0.1521703 0.2925239
v 0.02138984 0.05695716 0.3360512
v 0.05162847 0.08362103 0.3560377
v 0.01989898 0.07284591 0.3566075
v 0.01869503 0.07219657 0.3611089
v 0.02184698 0.05186543 0.3371755
v 0.05171633 0.08540291 0.3618845
v 0.05699611 0.05976316 0.3380239
v 0.05535835 0.06530651 0.3360347
v 0.06591105 0.06232479 0.2984722
v 0.06444901 0.06777343 0.2961165
v 0.03005904 0.0525395 0.2980769
v 0.02859703 0.05798674 0.2957211
v 0.07902953 0.07837966 0.2654001
v 0.04379389 0.06364954 0.2616935
v 0.04154113 0.06917506 0.2603716
v 0.07677674 0.08390382 0.2640768
v 0.04628554 0.06566894 0.2529927
v 0.06535918 0.07216364 0.2528816
v 0.04576662 0.06195277 0.2593324
v 0.08099124 0.07909352 0.2529131
v 0.04799467 0.05867177 0.2551192
v 0.08117247 0.0765717 0.2595053
v 0.08288571 0.0716612 0.2548968
v 0.05179045 0.05896968 0.2896657
v 0.08618318 0.07328248 0.2887487
v 0.08850457 0.06766361 0.2881144
v 0.05411184 0.05335081 0.2890301
v 0.02428231 -0.0004162192 0.6514763
v 0.0206897 0.01940149 0.6578873
v 0.02341333 0.02456734 0.6479331
v 2.682209E-07 0.02614331 0.6593864
v 0.02631953 0.002454311 0.6417652
v 2.682209E-07 0.03139701 0.6496244
v 0.01811707 -0.02194169 0.6444861
v 0.01906157 -0.01803607 0.6345127
v -0.02345538 0.02581385 0.6481336
v -0.02068919 0.01940149 0.6578873
v -0.02424061 -0.001662701 0.6512746
v -0.0263204 0.002454311 0.6417652
v -0.01811656 -0.02194169 0.6444861
v -0.01906106 -0.01803607 0.6345127
v 2.682209E-07 -0.02985999 0.6404857
v 2.682209E-07 -0.02646506 0.6306002
v 0.2722962 0.02728686 0.4091802
v 0.2395275 -0.01290593 0.4712883
v 0.28697 0.02491191 0.4259804
v 0.2573396 0.004711181 0.3944569
v 0.2971919 -0.001946896 0.4413393
v 0.2548328 -0.03047225 0.396188
v 0.2923006 -0.0335789 0.4403207
v 0.2617943 -0.04672483 0.4063962
v 0.2777737 -0.04744416 0.4253957
v -0.2722971 0.02728686 0.4091802
v -0.2869695 0.02491191 0.4259804
v -0.239527 -0.01290593 0.4712883
v -0.2573391 0.004711181 0.3944569
v -0.2971928 -0.001946896 0.4413393
v -0.2548337 -0.03047225 0.396188
v -0.2923001 -0.0335789 0.4403207
v -0.2617938 -0.04672483 0.4063962
v -0.2777731 -0.04744416 0.4253957
v 0.05581823 -0.03877357 0.6171042
v 2.682209E-07 -0.008739501 0.5623584
v 0.06719461 -0.01128054 0.6362479
v 0.03275111 -0.06608129 0.5947441
v 0.06782198 0.02936664 0.6405832
v 2.682209E-07 -0.08578506 0.5787345
v 0.03211963 0.04972386 0.6232626
v -0.03275061 -0.06608129 0.5947441
v 2.682209E-07 0.05500779 0.616577
v -0.05581772 -0.03877357 0.6171042
v -0.0321191 0.04972386 0.6232708
v -0.0671941 -0.01128054 0.6362479
v -0.06782284 0.02936664 0.6405832
v 0.1441139 -0.005757779 0.3181238
v 0.09187342 -0.07523099 0.3718098
v 0.1426271 -0.07044128 0.3174759
v 0.06333157 -0.1307401 0.3086638
v 0.09268475 -0.03781399 0.3722532
v 0.1211195 0.02836999 0.316541
v 0.03964806 -0.1102236 0.3659356
v 2.682209E-07 -0.1351042 0.3080365
v 0.007488877 -0.07334751 0.3910716
v 0.07633609 -0.01723161 0.3709354
v 0.003841341 -0.1124928 0.3653124
v 0.05090225 -0.007067412 0.3692633
v 0.08240661 0.04525131 0.3144777
v -0.03226188 -0.1102236 0.3658491
v -0.06333244 -0.1307401 0.3086638
v -0.1426266 -0.07044128 0.3174759
v 0.003841341 -0.002178878 0.3682364
v 2.682209E-07 0.05352241 0.3134288
v -0.08240607 0.04525131 0.3144777
v -0.0850254 -0.07523099 0.3717425
v -0.1441134 -0.005757779 0.3181238
v -0.08584356 -0.03781399 0.3721846
v -0.121119 0.02836999 0.316541
v -0.06929311 -0.01723161 0.3708544
v -0.04359433 -0.007067412 0.3691631
v 0.1380832 -0.1132012 0.2922974
v 0.1430582 -0.1089428 0.2858027
v 0.1409208 -0.1127839 0.28629
v 0.1390071 -0.1095386 0.2943799
v 0.1401753 -0.1123377 0.277408
v 0.1326606 -0.1157587 0.295194
v 0.1389014 -0.1151629 0.2804075
v 0.1312686 -0.1131889 0.298512
v 0.1329778 -0.1172867 0.2736644
v 0.1276183 -0.1192264 0.2925705
v 0.1338591 -0.1186293 0.2777855
v 0.124071 -0.1181378 0.2947698
v 0.1252379 -0.1209369 0.2777979
v 0.125599 -0.1216041 0.2866895
v 0.1284365 -0.1211868 0.2806821
v 0.1211881 -0.1215327 0.2863737
v 0.2717663 0.034991 0.4076042
v 0.28697 0.02491191 0.4259804
v 0.2892516 0.03216028 0.4276223
v 0.2722962 0.02728686 0.4091802
v 0.2971919 -0.001946896 0.4413393
v 0.2539433 0.00808689 0.3900598
v 0.3014338 0.0001548827 0.4459258
v 0.2573396 0.004711181 0.3944569
v 0.2923006 -0.0335789 0.4403207
v 0.2509561 -0.03383836 0.3921218
v 0.2956036 -0.03753942 0.4447123
v 0.2548328 -0.03047225 0.396188
v 0.2777737 -0.04744416 0.4253957
v 0.2592505 -0.05320582 0.4042848
v 0.2782926 -0.05406243 0.4269263
v 0.2617943 -0.04672483 0.4063962
v -0.1430577 -0.1089428 0.2858027
v -0.1380841 -0.1132012 0.2922974
v -0.1409203 -0.1127839 0.28629
v -0.1390079 -0.1095386 0.2943799
v -0.1401762 -0.1123377 0.277408
v -0.1326615 -0.1157587 0.295194
v -0.1389022 -0.1151629 0.2804075
v -0.1312681 -0.1131889 0.298512
v -0.1329786 -0.1172867 0.2736644
v -0.1276192 -0.1192264 0.2925705
v -0.1338586 -0.1186293 0.2777855
v -0.1240705 -0.1181378 0.2947698
v -0.1252388 -0.1209369 0.2777979
v -0.1255998 -0.1216041 0.2866895
v -0.1284374 -0.1211868 0.2806821
v -0.1211877 -0.1215327 0.2863737
v -0.2717671 0.034991 0.4076042
v -0.2869695 0.02491191 0.4259804
v -0.2722971 0.02728686 0.4091802
v -0.2892511 0.03216028 0.4276223
v -0.2539427 0.00808689 0.3900598
v -0.2971928 -0.001946896 0.4413393
v -0.2573391 0.004711181 0.3944569
v -0.3014333 0.0001548827 0.4459258
v -0.2509555 -0.03383836 0.3921218
v -0.2923001 -0.0335789 0.4403207
v -0.2548337 -0.03047225 0.396188
v -0.2956044 -0.03753942 0.4447123
v -0.2592514 -0.05320582 0.4042848
v -0.2777731 -0.04744416 0.4253957
v -0.2617938 -0.04672483 0.4063962
v -0.2782934 -0.05406243 0.4269263
v 0.1243785 0.01046184 0.04001132
v 0.1248645 0.003275245 0.03431422
v 0.1246902 0.006202042 0.03948691
v 0.1202958 0.009079427 0.03939083
v 0.1180747 0.009721905 0.03483588
v 0.1254479 0.01259381 0.03331894
v 0.1227586 0.004630178 0.03067905
v 0.1227806 0.01197192 0.02990341
v 0.1187432 0.009455591 0.03011209
v 0.09351391 -0.03381366 0.05106646
v 0.09093717 -0.03401545 0.05634075
v 0.09146981 -0.03187525 0.05590147
v 0.09284124 -0.03582206 0.05183387
v 0.09086716 -0.03531826 0.04637012
v 0.08635889 -0.03283623 0.05854136
v 0.08655657 -0.03060818 0.05826405
v 0.09037569 -0.03722507 0.04745877
v 0.08567524 -0.03565046 0.04430819
v 0.08152115 -0.03314647 0.05662081
v 0.08136463 -0.03094175 0.05620211
v 0.08553796 -0.03753531 0.04553822
v 0.080762 -0.03438473 0.04667076
v 0.07905561 -0.03454947 0.05224571
v 0.07871926 -0.03244635 0.05150715
v 0.08095968 -0.03635469 0.04773882
v 0.08934747 -0.03554749 0.05548552
v 0.08614062 -0.03472108 0.05702716
v 0.09068184 -0.03681323 0.05232808
v 0.08275118 -0.03493798 0.05568182
v 0.08895485 -0.03779477 0.04926261
v 0.08556403 -0.03801167 0.04791728
v 0.08102283 -0.03592089 0.05261636
v 0.08235717 -0.03718662 0.04945892
v 0.08865832 -0.03460851 0.05440101
v 0.08616669 -0.03396741 0.05559808
v 0.08969341 -0.03559142 0.05194917
v 0.08835219 -0.03635469 0.04956874
v 0.08572054 -0.03652355 0.04852405
v 0.08353505 -0.03413627 0.05455339
v 0.08323029 -0.0358811 0.04972112
v 0.08219382 -0.03489953 0.05217296
v -0.124864 0.003275245 0.03431422
v -0.124378 0.01046184 0.04001132
v -0.124691 0.006202042 0.03948691
v -0.1202953 0.009079427 0.03939083
v -0.1180755 0.009721905 0.03483588
v -0.1254488 0.01259381 0.03331894
v -0.1227595 0.004630178 0.03067905
v -0.1227815 0.01197192 0.02990341
v -0.1187427 0.009455591 0.03011209
v -0.0935134 -0.03381366 0.05106646
v -0.09093666 -0.03401545 0.05634075
v -0.0928421 -0.03582206 0.05183387
v -0.09146932 -0.03187388 0.05590147
v -0.09086803 -0.03531826 0.04637012
v -0.08635974 -0.03283623 0.05854136
v -0.08655742 -0.03060818 0.05826405
v -0.09037656 -0.03722507 0.04745877
v -0.08567473 -0.03565046 0.04430819
v -0.08152065 -0.03314647 0.05662081
v -0.08136413 -0.03094175 0.05620211
v -0.08553743 -0.03753531 0.04553822
v -0.08076286 -0.03438473 0.04667076
v -0.0790551 -0.03454947 0.05224571
v -0.07871875 -0.03244635 0.05150715
v -0.08096054 -0.03635469 0.04773882
v -0.08934695 -0.03554749 0.05548552
v -0.0861401 -0.03472108 0.05702716
v -0.09068131 -0.03681323 0.05232808
v -0.08275065 -0.03493798 0.05568182
v -0.08895433 -0.03779477 0.04926261
v -0.08556491 -0.03801167 0.04791728
v -0.08102369 -0.03592089 0.05261636
v -0.08235803 -0.03718662 0.04945892
v -0.08865783 -0.03460851 0.05440101
v -0.08616754 -0.03396741 0.05559808
v -0.08969426 -0.03559142 0.05194917
v -0.08353454 -0.03413627 0.05455339
v -0.08219332 -0.03489953 0.05217296
v -0.08835304 -0.03635469 0.04956874
v -0.08572003 -0.03652355 0.04852405
v -0.08322978 -0.0358811 0.04972112
v -0.1516542 0.02658674 0.3784185
v -0.1052961 0.06777206 0.3958997
v -0.1376571 0.03764462 0.4110239
v -0.1192946 0.05671555 0.3632944
v -0.09978572 0.06572384 0.3942276
v -0.1461437 0.02453852 0.3767478
v -0.1137828 0.05466595 0.3616237
v -0.1321453 0.0355964 0.4093518
v -0.1565935 -0.03292957 0.40908
v -0.1627477 -0.008540422 0.4364865
v -0.1569079 -0.009019554 0.4382231
v -0.1507536 -0.03340867 0.4108179
v -0.1543764 -0.05782253 0.4920505
v -0.1508264 -0.05293536 0.4929895
v -0.1214787 -0.07174408 0.4799095
v -0.1250287 -0.07662988 0.4789705
v -0.141873 -0.06666747 0.5256539
v -0.1390683 -0.06124079 0.5254534
v -0.1075777 -0.07791618 0.5145534
v -0.1103823 -0.08334285 0.5147539
v 0.05920357 0.05275363 0.3078443
v 0.05988172 0.05370086 0.3129525
v 0.06229648 0.05140007 0.3110456
v 0.0739131 0.05596736 0.2923838
v 0.06368163 0.05493501 0.3134865
v 0.0596813 0.05672103 0.3112722
v 0.07517058 0.05931425 0.2953642
v 0.0716466 0.06142148 0.2926447
v 0.08642066 0.06545615 0.277953
v 0.07057032 0.05767649 0.2896204
v 0.08334422 0.06824157 0.2749218
v 0.08184376 0.06439772 0.2723424
v 0.08525516 0.06263641 0.2745841
v 0.0853842 0.06614116 0.273129
v 0.07527766 0.05284289 0.2920805
v 0.06134787 0.056036 0.2724151
v 0.0602414 0.05238572 0.2748285
v 0.05753699 0.05357733 0.2784225
v 0.05763033 0.05476892 0.2733212
v 0.0576317 0.05770531 0.2751552
v 0.07227945 0.05440786 0.2953422
v 0.07301116 0.05829701 0.2923413
v 0.07619193 0.05633253 0.2890823
v 0.08411849 0.06358775 0.3116168
v 0.0853238 0.06755379 0.3090675
v 0.08802821 0.0649235 0.3055778
v 0.08724572 0.06194314 0.3089192
v 0.08755048 0.06537515 0.3105144
v -0.00153178 -0.02009803 0.9929394
v -0.02065074 -0.04772285 0.9698558
v 0.01911923 -0.04772285 0.9698558
v 0.02622071 -0.1132506 0.778964
v -0.01198289 -0.1104062 0.7776049
v 0.0161787 -0.1053818 0.7482531
v 0.03387269 -0.1159441 0.7976615
v -0.03046489 -0.1130584 0.7979403
v 0.04220968 -0.1204413 0.8326871
v -0.04760426 -0.1169448 0.8303808
v 0.04701173 -0.1200364 0.8664716
v -0.05622408 -0.1162584 0.8611109
v -0.05888045 -0.1151904 0.8839777
v 0.04861379 -0.1158562 0.8952606
v 0.08224598 -0.1109265 0.8256899
v 0.1289994 -0.05920357 0.8438493
v 0.07055524 -0.1160772 0.8489795
v 0.05949321 -0.1158397 0.8767759
v 0.1207695 -0.06040612 0.872328
v 0.04814017 -0.1112656 0.9135861
v -0.08224547 -0.1109265 0.8256899
v -0.0705561 -0.1160772 0.8489795
v -0.1290002 -0.05920357 0.8438493
v -0.05888045 -0.1151904 0.8839777
v -0.1207689 -0.06040612 0.872328
v -0.05012062 -0.1119396 0.9071573
v 0.1481884 -0.032121 0.6313456
v 0.1282979 -0.01964775 0.6427234
v 0.1214051 -0.02887434 0.6277915
v 0.1591762 -0.02322114 0.6459563
v 0.1641265 -0.01083025 0.6690042
v 0.1620632 -0.01367059 0.653552
v 0.154797 -0.01737577 0.6384169
v 0.1237594 -0.02529132 0.626026
v 0.1359553 -0.005366534 0.6364634
v 0.1397676 0.001958728 0.6499649
v 0.1400724 0.002793401 0.6647911
v 0.1390496 0.002613544 0.7145139
v 0.1626412 -0.01162374 0.7117559
v 0.1413793 0.0007520318 0.7667022
v 0.1649049 -0.01234582 0.7649628
v 0.1469391 -0.0001375377 0.8246714
v 0.1591927 -0.04173332 0.7110915
v 0.1591913 -0.04268742 0.6680694
v 0.1618408 -0.04138464 0.7648585
v 0.1654485 -0.01252294 0.8224487
v 0.1635555 -0.04157272 0.8229731
v 0.1432971 -0.06102115 0.7670056
v 0.159621 -0.01664132 0.8816726
v 0.1431831 -0.003371835 0.8887508
v 0.1427425 -0.06227726 0.7105478
v 0.157441 -0.04256663 0.8780115
v 0.1427864 -0.020886 0.9287089
v 0.1251926 -0.006272584 0.9359765
v 0.1415976 -0.04763499 0.9236089
v 0.1159496 -0.02390069 0.9653296
v 0.1063661 -0.009559065 0.964911
v 0.08255625 -0.02839798 0.9941489
v 0.07583913 -0.0145382 0.9868771
v 0.1144381 -0.05111641 0.9635245
v 0.1336683 -0.07089293 0.9131606
v 0.1444406 -0.0655047 0.8719271
v 0.04648048 -0.03577125 1.009287
v 0.04127344 -0.01906157 0.9995947
v 0.01738951 -0.02532288 1.001717
v 0.0818918 -0.05159414 0.9902281
v 0.01292652 -0.04635143 1.007199
v 2.682209E-07 -0.03881887 0.9968079
v 2.682209E-07 -0.05104089 0.9965539
v 0.04270253 -0.05686021 1.008629
v 0.02047965 -0.06137121 1.005252
v 0.01881033 -0.06956956 0.98983
v 0.03924718 -0.0764212 0.9915336
v 0.05570704 -0.07703757 0.9651004
v 0.07402566 -0.07551378 0.9749378
v 0.07839116 -0.07548082 0.9466102
v 0.1040941 -0.07464069 0.9518323
v 0.0938475 -0.07048383 0.9256833
v 0.1096759 -0.06312564 0.8991058
v 0.1207695 -0.06040612 0.872328
v 0.1289994 -0.05920357 0.8438493
v 0.1160209 -0.04936746 0.8215688
v 0.111444 -0.04977518 0.7678951
v 0.1451682 -0.06115156 0.8249308
v 0.1227669 -0.06009862 0.7678869
v 0.11847 -0.05888781 0.7105849
v 0.1094095 -0.04760343 0.7107565
v 0.1435565 -0.06462336 0.6670796
v 0.1164561 -0.05951792 0.666562
v 0.1080491 -0.04661912 0.6670521
v 0.1045704 -0.04866597 0.6512443
v 0.1545334 -0.04717374 0.6474485
v 0.1388478 -0.06820226 0.6496203
v 0.1118751 -0.06364319 0.6513748
v 0.1000361 -0.05401713 0.640056
v 0.1477312 -0.05182478 0.6337549
v 0.133623 -0.0713844 0.6361943
v 0.1076126 -0.06635034 0.6389399
v 0.1167005 -0.07625234 0.6249347
v 0.09998529 -0.06929639 0.6278175
v 0.0908246 -0.06396854 0.6288719
v 0.07732588 -0.07905561 0.6151905
v 0.1214764 -0.06106645 0.6184002
v 0.1014926 -0.07956901 0.6171893
v 0.1023259 -0.0651862 0.6147856
v 0.08832885 -0.06405091 0.6163011
v 0.1104048 -0.04234421 0.6198223
v 0.1214051 -0.02887434 0.6277915
v 0.1191358 -0.05028725 0.6183178
v 0.07732588 -0.07905561 0.6151905
v 0.08832885 -0.06405091 0.6163011
v 0.0908246 -0.06396854 0.6288719
v 0.1000361 -0.05401713 0.640056
v 0.1104048 -0.04234421 0.6198223
v 0.1214051 -0.02887434 0.6277915
v 0.1045704 -0.04866597 0.6512443
v 0.1282979 -0.01964775 0.6427234
v 0.1080491 -0.04661912 0.6670521
v 0.1340774 -0.01900527 0.6660912
v 0.1260314 -0.02194855 0.7106961
v 0.1094095 -0.04760343 0.7107565
v 0.1400724 0.002793401 0.6647911
v 0.1397676 0.001958728 0.6499649
v 0.1359553 -0.005366534 0.6364634
v 0.1237594 -0.02529132 0.626026
v 0.1390496 0.002613544 0.7145139
v 0.1413793 0.0007520318 0.7667022
v 0.1469391 -0.0001375377 0.8246714
v 0.111444 -0.04977518 0.7678951
v 0.1160209 -0.04936746 0.8215688
v -0.1468535 -0.032121 0.6313113
v -0.1197503 -0.02887434 0.6277915
v -0.1267804 -0.01964775 0.6427069
v -0.1579677 -0.02322114 0.6458973
v -0.1630086 -0.01083025 0.6689494
v -0.1608835 -0.01367059 0.6534875
v -0.1535363 -0.01737577 0.6383688
v -0.1221047 -0.02529132 0.626026
v -0.134534 -0.005366534 0.6364374
v -0.1384341 0.001958728 0.6499306
v -0.1387636 0.002793401 0.6647554
v -0.1390505 0.002613544 0.7145139
v -0.1626352 -0.01162374 0.7117559
v -0.1413788 0.0007520318 0.7667022
v -0.1648975 -0.01234582 0.7649628
v -0.1469386 -0.0001375377 0.8246714
v -0.1591839 -0.04173332 0.7110915
v -0.1580487 -0.04268742 0.6680144
v -0.1618294 -0.04138464 0.7648585
v -0.1654439 -0.01252294 0.8224487
v -0.1635453 -0.04157272 0.8229731
v -0.1432966 -0.06102115 0.7670056
v -0.1596219 -0.01664132 0.8816726
v -0.1431826 -0.003371835 0.8887508
v -0.1427433 -0.06227726 0.7105478
v -0.1574323 -0.04256663 0.8780128
v -0.1427872 -0.020886 0.9287089
v -0.1251921 -0.006272584 0.9359765
v -0.1415888 -0.04763499 0.9236116
v -0.1336678 -0.07089293 0.9131606
v -0.1159504 -0.02390069 0.9653296
v -0.1063655 -0.009559065 0.964911
v -0.1444415 -0.0655047 0.8719271
v -0.145169 -0.06115156 0.8249308
v -0.1144376 -0.05111641 0.9635245
v -0.08255571 -0.02839798 0.9941489
v -0.07583863 -0.01453957 0.9868771
v -0.1227677 -0.06009862 0.7678869
v -0.1290002 -0.05920357 0.8438493
v -0.04648271 -0.03577125 1.009261
v -0.04127431 -0.01906431 0.999596
v -0.1207689 -0.06040612 0.872328
v -0.1160204 -0.04936746 0.8215688
v -0.1096753 -0.06312564 0.8991058
v -0.1114449 -0.04977518 0.7678951
v -0.09384698 -0.07048383 0.9256833
v -0.1184695 -0.05888781 0.7105849
v -0.109409 -0.04760343 0.7107565
v -0.1040949 -0.07464069 0.9518323
v -0.07839203 -0.07548082 0.9466102
v -0.07402515 -0.07551378 0.9749378
v -0.05570653 -0.07703757 0.9651004
v -0.1148027 -0.05951792 0.666562
v -0.1063944 -0.04661912 0.6670521
v -0.1029171 -0.04866597 0.6512443
v -0.1422738 -0.06462336 0.6670412
v -0.1102217 -0.06364319 0.6513748
v -0.09838134 -0.05401713 0.640056
v -0.153329 -0.04717374 0.6473964
v -0.1375047 -0.06820226 0.6495874
v -0.1464032 -0.05182478 0.6337192
v -0.1321659 -0.0713844 0.636171
v -0.1059592 -0.06635034 0.6389399
v -0.1150458 -0.07625234 0.6249347
v -0.09833056 -0.06929639 0.6278175
v -0.08917123 -0.06396854 0.6288719
v -0.07567251 -0.07905561 0.6151905
v -0.1198231 -0.06106645 0.6184002
v -0.09983927 -0.07956901 0.6171893
v -0.1006725 -0.0651862 0.6147856
v -0.08667412 -0.06405091 0.6163011
v -0.1087515 -0.04234421 0.6198223
v -0.1174825 -0.05028725 0.6183178
v -0.1197503 -0.02887434 0.6277915
v -0.07567251 -0.07905561 0.6151905
v -0.08917123 -0.06396854 0.6288719
v -0.08667412 -0.06405091 0.6163011
v -0.09838134 -0.05401713 0.640056
v -0.1087515 -0.04234421 0.6198223
v -0.1197503 -0.02887434 0.6277915
v -0.1029171 -0.04866597 0.6512443
v -0.1267804 -0.01964775 0.6427069
v -0.1063944 -0.04661912 0.6670521
v -0.1327123 -0.01900527 0.6660609
v -0.1260323 -0.02194855 0.7106961
v -0.109409 -0.04760343 0.7107565
v -0.1387636 0.002793401 0.6647554
v -0.1384341 0.001958728 0.6499306
v -0.134534 -0.005366534 0.6364374
v -0.1221047 -0.02529132 0.626026
v -0.1390505 0.002613544 0.7145139
v -0.1413788 0.0007520318 0.7667022
v -0.1469386 -0.0001375377 0.8246714
v -0.1114449 -0.04977518 0.7678951
v -0.1160204 -0.04936746 0.8215688
v 0.09929477 -0.0873075 0.7979155
v 0.1289994 -0.05920357 0.8438493
v 0.08224598 -0.1109265 0.8256899
v 0.1267823 -0.05859953 0.8131933
v 0.1230346 -0.05979934 0.789547
v 0.1157477 -0.05745462 0.7701287
v -0.1267818 -0.05859953 0.8131933
v -0.08224547 -0.1109265 0.8256899
v -0.1290002 -0.05920357 0.8438493
v -0.09929562 -0.0873075 0.7979155
v -0.1230341 -0.05979934 0.789547
v -0.1157472 -0.05745462 0.7701287
v 0.04814017 -0.1112656 0.9135861
v 0.1207695 -0.06040612 0.872328
v 0.1431831 -0.003371835 0.8887508
v 0.09418109 -0.0393227 0.9540232
v 0.03977022 -0.07530648 0.9339173
v 0.07413 -0.01173905 0.9675303
v 0.01911923 -0.04772285 0.9698558
v -0.00153178 -0.02009803 0.9929394
v -0.03977108 -0.07530648 0.9339173
v -0.1207689 -0.06040612 0.872328
v -0.05012062 -0.1119396 0.9071573
v -0.09418058 -0.0393227 0.9540232
v -0.02065074 -0.04772285 0.9698558
v -0.1431826 -0.003371835 0.8887508
v -0.00153178 -0.02009803 0.9929394
v -0.07560799 -0.01174042 0.9674945
v 0.1160209 -0.04936746 0.8215688
v 0.1431831 -0.003371835 0.8887508
v 0.1207695 -0.06040612 0.872328
v 0.1469391 -0.0001375377 0.8246714
v -0.1207689 -0.06040612 0.872328
v -0.1469386 -0.0001375377 0.8246714
v -0.1160204 -0.04936746 0.8215688
v -0.1431826 -0.003371835 0.8887508
v 0.03877908 0.1315221 0.9652199
v 2.682209E-07 0.1323279 0.9679283
v 0.05325934 0.15696 0.9323386
v 2.682209E-07 0.1588847 0.9339489
v -0.05326021 0.15696 0.9323386
v -0.03877991 0.1315221 0.9652199
v 2.682209E-07 0.1737384 0.895321
v 0.05285573 0.170294 0.8952717
v 0.09442133 0.1438443 0.9136232
v 0.09203953 0.1381129 0.9274541
v 0.08904134 0.1258126 0.9455984
v 0.09829538 0.1504296 0.8869717
v 0.1000388 0.1508524 0.8591217
v 2.682209E-07 0.1797526 0.8664689
v 0.05321267 0.1752594 0.8663783
v 0.05410087 0.174098 0.8270408
v 0.1035134 0.1459447 0.8213135
v -0.05285522 0.170294 0.8952717
v 2.682209E-07 0.1793916 0.8272014
v 2.682209E-07 0.1664131 0.7810246
v 0.05267453 0.1644843 0.7815325
v -0.05321217 0.1752608 0.8663783
v 0.1035147 0.1368018 0.7847613
v 0.1056481 0.1303717 0.7846913
v 0.1041353 0.1094283 0.75378
v -0.05410174 0.174098 0.8270408
v 0.05249196 0.1498009 0.7507282
v 0.1013718 0.1200002 0.7539599
v 0.09831595 0.07994467 0.7316477
v 0.09569117 0.0879316 0.7250899
v 0.09038804 0.05028123 0.7127732
v 0.05218443 0.1169237 0.7200078
v 0.08641654 0.05439964 0.7039295
v 0.08657029 0.04112193 0.7078339
v -0.1000397 0.1508524 0.8591217
v -0.09829485 0.1504296 0.8869717
v -0.09442082 0.1438443 0.9136232
v -0.09203902 0.1381129 0.9274541
v -0.08904082 0.1258126 0.9455984
v -0.1035142 0.1459447 0.8213135
v -0.05267403 0.1644843 0.7815325
v -0.1035142 0.1368032 0.7847613
v -0.1056489 0.130373 0.7846913
v -0.1041361 0.1094283 0.75378
v -0.05249143 0.1498009 0.7507282
v -0.1013727 0.1200016 0.7539599
v -0.09831682 0.07994467 0.7316477
v 2.682209E-07 0.151462 0.7476931
v -0.09569067 0.0879316 0.7250899
v -0.09038892 0.05028123 0.7127732
v -0.0521853 0.1169237 0.7200078
v -0.08641604 0.05439964 0.7039295
v -0.08442137 0.03282198 0.705765
v 2.682209E-07 0.1195856 0.7152469
v 2.682209E-07 0.09521294 0.6996258
v -0.04958385 0.09052071 0.7037951
v 0.04958436 0.09052071 0.7037951
v 0.04858497 0.05131495 0.6887079
v 2.682209E-07 0.05696675 0.6827899
v -0.04858446 0.05131495 0.6887079
v 0.06852213 0.02868986 0.7002739
v 0.08200437 0.02418983 0.700915
v 0.08808312 0.01697302 0.710103
v 0.06553078 0.008192599 0.6892352
v 0.06187916 0.02165702 0.6913589
v 0.0503037 0.02984989 0.6869879
v 0.04516533 0.01945367 0.6849396
v 0.04311162 0.02676383 0.6868012
v 0.03592226 0.03280824 0.6818852
v 0.03529629 0.01769373 0.6807197
v 0.02095464 0.02924308 0.6824261
v -0.0001658499 0.03928649 0.6785122
v 0.000731945 0.02379996 0.6789392
v -0.01587754 0.02854022 0.6806757
v -0.03810039 0.03166196 0.6810052
v -0.03819925 0.01858744 0.6822325
v -0.0457263 0.02286094 0.6857977
v -0.06019834 0.02352676 0.6928923
v -0.07161176 0.0337294 0.6997645
v -0.06853944 0.01935756 0.6964232
v -0.07625046 0.008954495 0.6976367
v -0.0809564 0.03615651 0.6991467
v -0.08653545 0.01995611 0.7095375
v -0.03977108 -0.07530648 0.9339173
v 0.04814017 -0.1112656 0.9135861
v 0.03977022 -0.07530648 0.9339173
v -0.05012062 -0.1119396 0.9071573
v 0.04861379 -0.1158562 0.8952606
v -0.05888045 -0.1151904 0.8839777
v -0.03977108 -0.07530648 0.9339173
v 0.01911923 -0.04772285 0.9698558
v -0.02065074 -0.04772285 0.9698558
v 0.03977022 -0.07530648 0.9339173
v -0.1214361 -0.04399297 0.8163234
v -0.1431826 -0.003371835 0.8887508
v -0.1195938 -0.04123774 0.8280127
v -0.1121464 -0.06157714 0.847807
v -0.1104784 -0.05206227 0.860338
v -0.09980083 -0.07104805 0.865718
v -0.1156923 -0.01299515 0.9289464
v -0.09532687 -0.05556151 0.8824236
v -0.08476457 -0.08046958 0.8845377
v -0.09592402 -0.0230166 0.9511212
v -0.07833847 -0.07806444 0.8934526
v -0.06039602 -0.08532517 0.9044104
v -0.06107005 -0.08939689 0.8933359
v -0.04018566 -0.09934694 0.8939688
v -0.04934499 -0.03574654 0.9758137
v -0.04056457 -0.09037982 0.907609
v -0.02142364 -0.09720124 0.9140322
v -0.02406901 -0.09664389 0.9024719
v -0.005488187 -0.1034969 0.8949888
v -0.003398806 -0.09948283 0.9032284
v 1.639128E-06 -0.04430595 0.9797838
v 1.639128E-06 -0.09604535 0.9133555
v 0.02142552 -0.09720124 0.9140322
v 0.003400683 -0.09948283 0.9032284
v 0.005490065 -0.1034969 0.8949888
v 0.02407092 -0.09664389 0.9024719
v 0.04934686 -0.03574654 0.9758137
v 0.04056644 -0.09037982 0.907609
v 0.06039789 -0.08532517 0.9044104
v 0.04018757 -0.09934694 0.8939688
v 0.06107193 -0.08939689 0.8933359
v 0.07834038 -0.07806444 0.8934526
v 0.09592591 -0.0230166 0.9511212
v 0.08476645 -0.08046958 0.8845377
v 0.1156942 -0.01299515 0.9289464
v 0.09532875 -0.05556151 0.8824236
v 0.0998027 -0.07104805 0.865718
v 0.1431831 -0.003371835 0.8887508
v 0.1104803 -0.05206227 0.860338
v 0.1121483 -0.06157714 0.847807
v 0.1195957 -0.04123774 0.8280127
v 0.121438 -0.04399297 0.8163234
v 0.1140125 -0.06890512 0.7647281
v 0.1190411 -0.07469422 0.7658784
v 0.1131614 -0.07175779 0.7657865
v 0.1085337 -0.06579301 0.764135
v 0.1033033 -0.06968486 0.7655436
v 0.1131614 -0.07175779 0.7657865
v 0.10437 -0.07134321 0.761852
v 0.1033033 -0.06968486 0.7655436
v 0.1124956 -0.07258147 0.762802
v 0.1190411 -0.07469422 0.7658784
v 0.1149913 -0.07138714 0.7691485
v 0.120602 -0.07448417 0.7764051
v 0.1132191 -0.0726364 0.7722812
v 0.1084088 -0.06797299 0.7647569
v 0.1046432 -0.06926069 0.7691128
v 0.1132191 -0.0726364 0.7722812
v 0.1053159 -0.0731608 0.7651811
v 0.1046432 -0.06926069 0.7691128
v 0.11302 -0.0756236 0.7698033
v 0.120602 -0.07448417 0.7764051
v 0.1124956 -0.07258147 0.762802
v 0.1085337 -0.06579301 0.764135
v 0.10437 -0.07134321 0.761852
v 0.1140125 -0.06890512 0.7647281
v 0.1190411 -0.07469422 0.7658784
v 0.11302 -0.0756236 0.7698033
v 0.1084088 -0.06797299 0.7647569
v 0.1053159 -0.0731608 0.7651811
v 0.1149913 -0.07138714 0.7691485
v 0.120602 -0.07448417 0.7764051
v 0.08312595 -0.08678171 0.7794061
v 0.08276901 -0.08791564 0.7814735
v 0.09501575 -0.08089653 0.7819362
v 0.06268498 -0.09373356 0.7751532
v 0.06238845 -0.09526148 0.7777147
v 0.04334363 -0.09674822 0.7692707
v 0.04213968 -0.09811004 0.7709757
v 0.0317215 -0.09577216 0.765361
v -0.1140134 -0.06890512 0.7647281
v -0.1131609 -0.07175779 0.7657865
v -0.1190406 -0.07469422 0.7658784
v -0.1085332 -0.06579301 0.764135
v -0.1033028 -0.06968486 0.7655436
v -0.1043709 -0.07134321 0.761852
v -0.1131609 -0.07175779 0.7657865
v -0.1033028 -0.06968486 0.7655436
v -0.1124965 -0.07258147 0.762802
v -0.1190406 -0.07469422 0.7658784
v -0.1149922 -0.07138714 0.7691485
v -0.1132185 -0.0726364 0.7722812
v -0.1206014 -0.07448417 0.7764051
v -0.1084083 -0.06797299 0.7647569
v -0.1046441 -0.06926069 0.7691128
v -0.1053154 -0.0731608 0.7651811
v -0.1132185 -0.0726364 0.7722812
v -0.1046441 -0.06926069 0.7691128
v -0.1130209 -0.0756236 0.7698033
v -0.1206014 -0.07448417 0.7764051
v -0.1085332 -0.06579301 0.764135
v -0.1124965 -0.07258147 0.762802
v -0.1043709 -0.07134321 0.761852
v -0.1140134 -0.06890512 0.7647281
v -0.1190406 -0.07469422 0.7658784
v -0.1084083 -0.06797299 0.7647569
v -0.1130209 -0.0756236 0.7698033
v -0.1053154 -0.0731608 0.7651811
v -0.1149922 -0.07138714 0.7691485
v -0.1206014 -0.07448417 0.7764051
v -0.08312544 -0.08678171 0.7794061
v -0.09501523 -0.08089653 0.7819362
v -0.08276987 -0.08791564 0.7814735
v -0.06268585 -0.09373356 0.7751532
v -0.06238794 -0.09526148 0.7777147
v -0.04334447 -0.09674822 0.7692707
v -0.04214054 -0.09811004 0.7709757
v -0.031721 -0.09577216 0.765361
v 0.07763612 0.166118 0.6120372
v 0.1189944 0.1814233 0.6301856
v 0.1192992 0.1918895 0.6245846
v 0.1366225 0.1889476 0.6443117
v 0.1403195 0.2048542 0.6338263
v 0.1276595 0.2263426 0.6262828
v 0.1612848 0.1994097 0.6675738
v 0.109286 0.2043573 0.6173568
v 0.09659447 0.2056257 0.6195807
v 0.08546382 0.204754 0.6278917
v 0.1082495 0.2296799 0.6317012
v 0.09278907 0.2330515 0.6419972
v 0.119987 0.2513715 0.6615431
v 0.09734264 0.2477528 0.6658605
v 0.1042478 0.2588395 0.7018787
v 0.1577266 0.2211246 0.6612836
v 0.1456569 0.2452419 0.6568344
v 0.1292849 0.260005 0.6983807
v 0.1673197 0.2344888 0.7010825
v 0.1248741 0.2553279 0.7415347
v 0.1504672 0.2497955 0.740586
v 0.1031235 0.2588381 0.7444189
v 0.1556152 0.253837 0.6984645
v 0.1124819 0.2353153 0.8031802
v 0.09436505 0.2439735 0.7961103
v 0.08722238 0.2262864 0.8527231
v 0.1738899 0.2148482 0.6990494
v 0.1614523 0.2276797 0.7430077
v 0.1382507 0.2067857 0.8083872
v 0.1317889 0.2281575 0.8069307
v 0.1020308 0.2179191 0.8547809
v 0.1879885 0.1917234 0.6684359
v 0.1543948 0.1744646 0.6480992
v 0.1623735 0.2147439 0.7455926
v 0.1879693 0.2029927 0.7013391
v 0.09111014 0.2042969 0.90449
v 0.07755238 0.2129139 0.910879
v 0.08724435 0.1981248 0.947637
v 0.07260621 0.2053237 0.9569515
v 0.1107508 0.195408 0.9010676
v 0.170937 0.1673549 0.6447386
v 0.1439986 0.131588 0.6319757
v 0.1805493 0.1576945 0.6487761
v 0.1981184 0.1757509 0.6740246
v 0.1804093 0.1416464 0.6574041
v 0.1628018 0.14694 0.6719681
v 0.1923499 0.1491941 0.6798068
v 0.1674954 0.1506424 0.6860887
v 0.1654829 0.1530064 0.7002313
v 0.1946439 0.1535363 0.7002286
v 0.1529382 0.1601257 0.7494955
v 0.2002778 0.1844187 0.7048672
v 0.1804629 0.1607215 0.7489409
v 0.131561 0.1643141 0.8087524
v 0.1781744 0.2040648 0.7478619
v 0.1888259 0.1843446 0.7477384
v 0.1552418 0.1959077 0.8092726
v 0.1655419 0.180649 0.8084668
v 0.1561849 0.1649168 0.8087497
v 0.1528051 0.1755024 0.8522975
v 0.1446548 0.1633888 0.8512267
v 0.1192827 0.1624485 0.8512295
v 0.1419613 0.1906897 0.8540492
v 0.1400682 0.1718124 0.8961283
v 0.1331233 0.1621176 0.8937025
v 0.1070044 0.1608437 0.8937067
v 0.1133316 0.1538973 0.9426963
v 0.08837689 0.1532192 0.9351542
v 0.1245007 0.2011037 0.8547274
v 0.1286823 0.1854634 0.8988272
v 0.120418 0.1628013 0.9492857
v 0.08621062 0.1495634 0.9658897
v 0.0545786 0.1554458 0.966594
v 0.1212705 0.2117992 0.8539999
v 0.11432 0.1810183 0.9439126
v 0.07609996 0.1687647 0.983489
v 0.06024551 0.1704313 0.9795244
v 0.0662474 0.1930221 0.9841727
v 0.09641601 0.1636703 0.9720495
v 0.1003038 0.1833562 0.9635093
v 0.08183414 0.1862267 0.9790535
v 0.06024551 0.1704313 0.9795244
v 0.0545786 0.1554458 0.966594
v 0.05297244 0.1659299 1.001657
v 0.02817282 0.1421915 0.9827065
v 0.0662474 0.1930221 0.9841727
v 0.02843502 0.1572469 1.026602
v 2.682209E-07 0.1400979 0.9826859
v 0.05297244 0.1850653 1.016289
v 2.682209E-07 0.1546057 1.029476
v 0.02775139 0.1829114 1.040349
v -0.02843451 0.1572469 1.026602
v -0.02817369 0.1421915 0.9827065
v -0.05297193 0.1659299 1.001657
v -0.05457947 0.1554458 0.966594
v -0.06024638 0.1704313 0.9795244
v -0.06624824 0.1930221 0.9841727
v -0.05297193 0.1850653 1.016289
v -0.02775085 0.1829114 1.040349
v 2.682209E-07 0.1837104 1.045859
v 0.02579513 0.2128535 1.031106
v -0.02579463 0.2128535 1.031106
v -0.05591932 0.2073362 1.00545
v 2.682209E-07 0.2184449 1.038428
v 0.05591983 0.2073362 1.00545
v -0.06299883 0.2181484 0.9749516
v -0.02974692 0.2344737 0.9889363
v -0.07260567 0.2053237 0.9569515
v -0.02777144 0.2291953 1.010092
v 0.02777061 0.2291953 1.010092
v 0.02974743 0.2344737 0.9889363
v 0.06299934 0.2181484 0.9749516
v 0.07260621 0.2053237 0.9569515
v 2.682209E-07 0.2367402 1.014704
v -0.07006463 0.2309264 0.918358
v -0.07755324 0.2129139 0.910879
v 0.07006514 0.2309264 0.918358
v 0.07755238 0.2129139 0.910879
v -0.03605217 0.2461178 0.9210171
v -0.07820395 0.2433365 0.8531528
v -0.08722323 0.2262864 0.8527231
v -0.09436452 0.2439735 0.7961103
v -0.04456079 0.2616002 0.8546258
v -0.08760351 0.2591662 0.7956998
v 0.03605267 0.2461178 0.9210171
v 0.07820308 0.2433365 0.8531528
v 0.08722238 0.2262864 0.8527231
v 0.09436505 0.2439735 0.7961103
v 0.0445613 0.2616002 0.8546258
v 0.08760265 0.2591662 0.7956998
v -0.09299722 0.2711288 0.7485977
v -0.103123 0.2588381 0.7444189
v 0.09299774 0.2711288 0.7485977
v 0.1031235 0.2588381 0.7444189
v -0.0964663 0.2857999 0.7052406
v -0.1042473 0.2588395 0.7018787
v 0.09646679 0.2857999 0.7052406
v 0.1042478 0.2588395 0.7018787
v -0.09705386 0.2660151 0.6663314
v -0.09734213 0.2477528 0.6658605
v -0.08861527 0.2543601 0.6398254
v -0.08895022 0.2386319 0.6470079
v 0.09705299 0.2660151 0.6663314
v 0.09734264 0.2477528 0.6658605
v 0.08861439 0.2543601 0.6398254
v 0.08895072 0.2386319 0.6470079
v -0.07710433 0.2888571 0.6573492
v -0.07193711 0.2369461 0.6231212
v -0.07176277 0.2281795 0.627672
v -0.03572956 0.2160919 0.6082593
v -0.06932607 0.271785 0.6335545
v -0.05387795 0.2470115 0.6155173
v -0.04021588 0.2440971 0.6156024
v -0.04504949 0.2698796 0.6273027
v -0.05182976 0.2991092 0.6472989
v -0.05679929 0.3072087 0.6846912
v -0.04531994 0.3272268 0.6821076
v -0.05724269 0.3041515 0.7229443
v -0.0564355 0.2887624 0.7570363
v -0.04478317 0.3224152 0.7255456
v -0.05043635 0.2715667 0.8021479
v -0.03565818 0.2743192 0.8555785
v -0.03961733 0.2878715 0.8027231
v 2.682209E-07 0.2825478 0.8560975
v -0.03132015 0.253535 0.9216143
v -0.04343921 0.3047528 0.7613057
v 2.682209E-07 0.2622989 0.9225504
v 2.682209E-07 0.2981798 0.8025116
v 2.682209E-07 0.3184821 0.7588634
v 2.682209E-07 0.2442261 0.9925179
v 0.03131929 0.253535 0.9216143
v 0.03565732 0.2743192 0.8555785
v 0.03961784 0.2878715 0.8027231
v 0.05043688 0.2715667 0.8021479
v 0.05643463 0.2887624 0.7570363
v 0.04343972 0.3047528 0.7613057
v 0.0572432 0.3041515 0.7229443
v 0.04478231 0.3224152 0.7255456
v 0.04532045 0.3272268 0.6821076
v 2.682209E-07 0.3347868 0.7239368
v 0.05679843 0.3072087 0.6846912
v 0.07710487 0.2888571 0.6573492
v 0.05183026 0.2991078 0.6472989
v 0.06932521 0.271785 0.6335545
v 2.682209E-07 0.3387762 0.6792837
v 2.682209E-07 0.3287259 0.6365169
v 0.07193765 0.2369461 0.6231212
v 0.07176194 0.2281795 0.627672
v 0.03572872 0.2160919 0.6082593
v 0.05387849 0.2470115 0.6155173
v 0.04021639 0.2440971 0.6156024
v 0.04505 0.2698796 0.6273027
v 0.04241148 0.315941 0.6419162
v 0.03773025 0.2924223 0.6118217
v 0.03913736 0.2685507 0.6257185
v 0.02341744 0.2515843 0.6042988
v 0.02111802 0.2672726 0.5964038
v 2.682209E-07 0.2305818 0.5815474
v 2.682209E-07 0.303531 0.6047449
v 2.682209E-07 0.2740487 0.5908975
v -0.02111751 0.2672726 0.5964038
v -0.02341694 0.2515843 0.6042988
v -0.03772974 0.2924223 0.6118217
v -0.03913686 0.2685507 0.6257185
v -0.04241097 0.315941 0.6419162
v -0.07763562 0.166118 0.6120372
v -0.08546469 0.204754 0.6278917
v -0.09659395 0.2056257 0.6195807
v -0.09278995 0.2330515 0.6419972
v -0.1092855 0.2043573 0.6173568
v -0.127659 0.2263426 0.6262828
v -0.1193 0.1918895 0.6245846
v -0.1189939 0.1814233 0.6301856
v -0.140319 0.2048542 0.6338263
v -0.1366234 0.1889476 0.6443117
v -0.1612843 0.1994097 0.6675738
v -0.1082504 0.2296799 0.6317012
v -0.1199878 0.2513715 0.6615431
v -0.09734213 0.2477528 0.6658605
v -0.1042473 0.2588395 0.7018787
v -0.157726 0.2211246 0.6612836
v -0.1456578 0.2452419 0.6568344
v -0.1292844 0.260005 0.6983807
v -0.1673192 0.2344888 0.7010825
v -0.1248736 0.2553279 0.7415347
v -0.1504681 0.2497955 0.740586
v -0.103123 0.2588381 0.7444189
v -0.1556147 0.253837 0.6984645
v -0.1124827 0.2353153 0.8031802
v -0.09436452 0.2439735 0.7961103
v -0.08722323 0.2262864 0.8527231
v -0.1738908 0.2148482 0.6990494
v -0.1614518 0.2276797 0.7430077
v -0.1382501 0.2067857 0.8083872
v -0.1317898 0.2281575 0.8069307
v -0.1020316 0.2179191 0.8547809
v -0.187988 0.1917234 0.6684359
v -0.1543943 0.1744646 0.6480992
v -0.1623743 0.2147439 0.7455926
v -0.1879702 0.2029927 0.7013391
v -0.09110963 0.2042969 0.90449
v -0.07755324 0.2129139 0.910879
v -0.08724383 0.1981248 0.947637
v -0.07260567 0.2053237 0.9569515
v -0.1107503 0.195408 0.9010676
v -0.1709378 0.1673549 0.6447386
v -0.1439981 0.131588 0.6319757
v -0.1805502 0.1576945 0.6487761
v -0.1981179 0.1757509 0.6740246
v -0.1804101 0.1416464 0.6574041
v -0.1628027 0.14694 0.6719681
v -0.1923507 0.1491941 0.6798068
v -0.1674949 0.1506424 0.6860887
v -0.1654824 0.1530064 0.7002313
v -0.1946447 0.1535363 0.7002286
v -0.1529391 0.1601257 0.7494955
v -0.2002773 0.1844187 0.7048672
v -0.1804624 0.1607215 0.7489409
v -0.1315605 0.1643141 0.8087524
v -0.1781739 0.2040648 0.7478619
v -0.1888254 0.1843446 0.7477384
v -0.1552413 0.1959077 0.8092726
v -0.1655428 0.180649 0.8084668
v -0.1561858 0.1649168 0.8087497
v -0.1528046 0.1755024 0.8522975
v -0.1446543 0.1633888 0.8512267
v -0.1192822 0.1624485 0.8512295
v -0.1419622 0.1906897 0.8540492
v -0.1400677 0.1718124 0.8961283
v -0.1331227 0.1621176 0.8937025
v -0.1070039 0.1608437 0.8937067
v -0.1133325 0.1538973 0.9426963
v -0.0883764 0.1532192 0.9351542
v -0.1245002 0.2011037 0.8547274
v -0.1286817 0.1854634 0.8988272
v -0.1204175 0.1628013 0.9492857
v -0.0862101 0.1495634 0.9658897
v -0.05457947 0.1554458 0.966594
v -0.12127 0.2117992 0.8539999
v -0.1143195 0.1810183 0.9439126
v -0.07610083 0.1687647 0.983489
v -0.06024638 0.1704313 0.9795244
v -0.06624824 0.1930221 0.9841727
v -0.1003033 0.1833562 0.9635093
v -0.09641549 0.1636703 0.9720495
v -0.08183363 0.1862267 0.9790535
v 0.1543948 0.1737878 0.6480992
v 0.1521351 0.1675196 0.6666403
v 0.1439986 0.131588 0.6319757
v 0.1628018 0.14694 0.6719681
v 0.1674954 0.1506424 0.6860887
v 0.1612848 0.1985037 0.6675738
v 0.1529314 0.1756081 0.679432
v 0.1654829 0.1530064 0.7002313
v 0.1512854 0.1788273 0.6918119
v 0.1529382 0.1601257 0.7494955
v 0.1361654 0.1812352 0.7412518
v 0.13461 0.1730218 0.7429748
v 0.1141127 0.1687688 0.8058599
v 0.131561 0.1643141 0.8087524
v 0.1192827 0.1624485 0.8512295
v 0.1070044 0.1608437 0.8937067
v 0.1272545 0.1845093 0.6884129
v 0.1366225 0.1881171 0.6443117
v 0.08957398 0.1553621 0.8917023
v 0.06227452 0.1588078 0.8942682
v 0.08837689 0.1532192 0.9351542
v 0.0545786 0.1554458 0.966594
v 0.1151314 0.1780709 0.7429816
v 0.1010945 0.1706153 0.8061728
v 0.03672123 0.1543517 0.8951288
v 0.02817282 0.1421915 0.9827065
v 2.682209E-07 0.1567541 0.895354
v 0.03038853 0.2043957 0.80825
v 2.682209E-07 0.1400979 0.9826859
v -0.02817369 0.1421915 0.9827065
v 0.0601508 0.1908901 0.8073288
v 0.06997043 0.1944086 0.8079754
v 0.08203456 0.2098004 0.7454417
v 0.06891748 0.2086143 0.7451177
v 0.09378985 0.214527 0.6900218
v 0.09438564 0.2092142 0.6699651
v 0.08459896 0.2203298 0.7448912
v 0.09734264 0.2477528 0.6658605
v 0.07542318 0.2244934 0.6824398
v 0.09278907 0.2330515 0.6419972
v 0.08546382 0.204754 0.6278917
v 0.04038388 0.2211301 0.7445164
v 0.07285193 0.2254105 0.6618053
v 0.08895072 0.2386319 0.6470079
v 0.07176194 0.2281795 0.627672
v 0.04399571 0.2388461 0.6759259
v 0.06091544 0.2219003 0.6355889
v 0.03572872 0.2160919 0.6082593
v 0.04427025 0.240433 0.6541917
v 0.04063371 0.2335196 0.6263541
v 0.04021639 0.2440971 0.6156024
v 0.04505 0.2698796 0.6273027
v 0.05183026 0.2991078 0.6472989
v 0.04326537 0.2408792 0.7441348
v 0.03175995 0.2455385 0.6801966
v 0.03913736 0.2685507 0.6257185
v 0.03348693 0.2246939 0.7451644
v 2.682209E-07 0.2364217 0.6821254
v 0.02552745 0.2442425 0.6506568
v 0.02341744 0.2515843 0.6042988
v 2.682209E-07 0.1987425 0.8082308
v -0.030388 0.2043957 0.80825
v 0.015517 0.2392373 0.625702
v 2.682209E-07 0.2305818 0.5815474
v 2.682209E-07 0.2175663 0.7451191
v -0.03348643 0.2246939 0.7451644
v 2.682209E-07 0.2409204 0.654318
v 2.682209E-07 0.2392662 0.6322929
v -0.01551786 0.2392373 0.625702
v -0.02341694 0.2515843 0.6042988
v -0.02552831 0.2442425 0.6506568
v -0.03913686 0.2685507 0.6257185
v -0.03175944 0.2455385 0.6801966
v -0.05182976 0.2991092 0.6472989
v -0.04326487 0.2408792 0.7441348
v -0.0439952 0.2388461 0.6759259
v -0.04504949 0.2698796 0.6273027
v -0.04038474 0.2211301 0.7445164
v -0.04426974 0.240433 0.6541917
v -0.04021588 0.2440971 0.6156024
v -0.0406332 0.2335196 0.6263541
v -0.03572956 0.2160919 0.6082593
v -0.06091493 0.2219003 0.6355889
v -0.07176277 0.2281795 0.627672
v -0.07285142 0.2254105 0.6618053
v -0.08895022 0.2386319 0.6470079
v -0.09734213 0.2477528 0.6658605
v -0.07542267 0.2244948 0.6824398
v -0.06891835 0.2086143 0.7451177
v -0.08459845 0.2203298 0.7448912
v -0.06015027 0.1908901 0.8073288
v -0.06997129 0.19441 0.8079754
v -0.06227538 0.1588078 0.8942682
v -0.03672072 0.1543517 0.8951288
v -0.05457947 0.1554458 0.966594
v -0.0883764 0.1532192 0.9351542
v -0.08957484 0.1553621 0.8917023
v -0.1070039 0.1608437 0.8937067
v -0.1141122 0.1687688 0.8058599
v -0.1192822 0.1624485 0.8512295
v -0.1315605 0.1643141 0.8087524
v -0.1529391 0.1601257 0.7494955
v -0.101094 0.1706153 0.8061728
v -0.08203542 0.2098004 0.7454417
v -0.1151322 0.1780709 0.7429816
v -0.09378934 0.214527 0.6900218
v -0.09438512 0.2092142 0.6699651
v -0.09278995 0.2330515 0.6419972
v -0.08546469 0.204754 0.6278917
v -0.127254 0.1845093 0.6884129
v -0.1361649 0.1812352 0.7412518
v -0.1346095 0.1730218 0.7429748
v -0.1512862 0.1788273 0.6918119
v -0.1654824 0.1530064 0.7002313
v -0.1612843 0.1994097 0.6675738
v -0.1529322 0.1756081 0.679432
v -0.1674949 0.1506424 0.6860887
v -0.152136 0.1675196 0.6666403
v -0.1628027 0.14694 0.6719681
v -0.1439981 0.131588 0.6319757
v -0.1543943 0.1744646 0.6480992
v -0.1366234 0.1889476 0.6443117
v -0.1229311 0.1841909 0.666724
v -0.1135013 0.1793861 0.6387628
v -0.1189939 0.1814233 0.6301856
v -0.07763562 0.166118 0.6120372
v -0.09068131 0.1944553 0.6418283
v 0.1229316 0.1841909 0.666724
v 0.1067971 0.1793861 0.6419587
v 0.1189944 0.1814233 0.6301856
v 0.07763612 0.16554 0.6120372
v 0.09068045 0.1944553 0.6418283
v 0.1267823 -0.05859953 0.8131933
v 0.1230346 -0.05979934 0.789547
v 0.1267123 -0.06380931 0.8117162
v 0.1289994 -0.05920357 0.8438493
v 0.1219912 -0.08105028 0.8057487
v 0.1157477 -0.05745462 0.7701287
v 0.1288703 -0.07145992 0.8422858
v 0.1207695 -0.06040612 0.872328
v 0.1108702 -0.08676799 0.8005993
v 0.09929477 -0.0873075 0.7979155
v 0.1219995 -0.09724106 0.8351279
v 0.1029121 -0.1110267 0.8266262
v 0.08224598 -0.1109265 0.8256899
v 0.1239516 -0.08168587 0.8712778
v 0.09058024 -0.1187638 0.8536086
v 0.07055524 -0.1160772 0.8489795
v 0.1131545 -0.107548 0.8651496
v 0.1117735 -0.08608708 0.8996632
v 0.1096759 -0.06312564 0.8991058
v 0.0938475 -0.07048383 0.9256833
v 0.07662162 -0.1202025 0.8830853
v 0.05949321 -0.1158397 0.8767759
v 0.09335878 -0.08886287 0.927623
v 0.07839116 -0.07548082 0.9466102
v 0.1008954 -0.1100465 0.8940415
v 0.06316271 -0.1156819 0.9142987
v 0.04814017 -0.1112656 0.9135861
v 0.0853087 -0.1074464 0.9232368
v 0.07491112 -0.08407182 0.9482863
v 0.05570704 -0.07703757 0.9651004
v 0.0496777 -0.105913 0.9405191
v 0.04332715 -0.10219 0.942338
v 0.03675556 -0.09210268 0.9639966
v 0.06676906 -0.09921652 0.9462559
v 0.0451763 -0.08786485 0.970052
v 0.01881033 -0.06956956 0.98983
v -0.09384698 -0.07048383 0.9256833
v -0.1117744 -0.08608708 0.8996632
v -0.1096753 -0.06312564 0.8991058
v -0.1207689 -0.06040612 0.872328
v -0.09335828 -0.08886287 0.927623
v -0.07839203 -0.07548082 0.9466102
v -0.07491061 -0.08407182 0.9482863
v -0.05570653 -0.07703757 0.9651004
v -0.04812318 -0.0878772 0.9700726
v -0.02065212 -0.06700793 0.9922626
v -0.03910941 -0.08197418 0.9725492
v -0.05392876 -0.1019209 0.9443024
v -0.06676993 -0.09921652 0.9462559
v -0.08530819 -0.1074464 0.9232368
v -0.06667656 -0.1156819 0.9142987
v -0.05876926 -0.108719 0.9166543
v -0.05888045 -0.1151904 0.8839777
v -0.07964814 -0.1202025 0.8830853
v -0.0705561 -0.1160772 0.8489795
v -0.1008949 -0.1100465 0.8940415
v -0.09153932 -0.1187638 0.8570392
v -0.08224547 -0.1109265 0.8256899
v -0.113154 -0.107548 0.8651496
v -0.104677 -0.1107233 0.8291055
v -0.09929562 -0.0873075 0.7979155
v -0.1239524 -0.08168587 0.8712778
v -0.1124374 -0.08788955 0.7997921
v -0.1157472 -0.05745462 0.7701287
v -0.1220003 -0.09724106 0.8351279
v -0.1288712 -0.07145992 0.8422858
v -0.1290002 -0.05920357 0.8438493
v -0.1219907 -0.08105028 0.8057487
v -0.1230341 -0.05979934 0.789547
v -0.1267132 -0.06380931 0.8117162
v -0.1267818 -0.05859953 0.8131933
v -0.0818913 -0.05159414 0.9902281
v -0.04270202 -0.05685881 1.008629
v -0.01292738 -0.04635143 1.007199
v -0.01738897 -0.02532288 1.001717
v 2.682209E-07 -0.03881887 0.9968079
v 2.682209E-07 -0.05104089 0.9965539
v -0.02047914 -0.06137121 1.005252
v -0.02065212 -0.06700793 0.9922626
v -0.03924668 -0.0764212 0.9915336
v -0.05392876 -0.1019209 0.9443024
v -0.04730088 -0.1310572 0.9193629
v -0.05876926 -0.108719 0.9166543
v -0.05888045 -0.1151904 0.8839777
v -0.04393479 -0.1202025 0.9475272
v -0.03910941 -0.08197418 0.9725492
v -0.04795435 -0.1393201 0.8907236
v -0.05622408 -0.1162584 0.8611109
v -0.03305948 -0.09472747 0.9764452
v -0.02065212 -0.06700793 0.9922626
v -0.01246065 -0.08394003 0.9956574
v 2.682209E-07 -0.05104089 0.9965539
v -0.0189732 -0.1073586 0.98037
v -0.0249078 -0.1378498 0.9533712
v 0.005838782 -0.08597724 0.9965951
v 0.01881033 -0.06956956 0.98983
v 0.004059613 -0.1089167 0.9821175
v 0.02269399 -0.09979996 0.9786608
v 0.02705398 -0.1288745 0.9523677
v 0.03675556 -0.09210268 0.9639966
v 0.04332715 -0.10219 0.942338
v 0.04814017 -0.1112656 0.9135861
v 0.00136894 -0.1421975 0.9553562
v -0.02770969 -0.1535642 0.9223102
v -0.0005639493 -0.1575275 0.924467
v 0.02958956 -0.1420314 0.9230832
v 0.04861379 -0.1158562 0.8952606
v 0.03162131 -0.1499867 0.8956518
v 0.04701173 -0.1200364 0.8664716
v -0.00213033 -0.1678633 0.8946168
v 0.03027046 -0.1496902 0.864941
v 0.04220968 -0.1204413 0.8326871
v -0.02814898 -0.1642899 0.8922844
v 0.02839109 -0.1429223 0.8305099
v 0.03387269 -0.1159441 0.7976615
v -0.001261353 -0.1652701 0.8634213
v -0.04545036 -0.140222 0.8600703
v 0.02410111 -0.1315871 0.7954253
v 0.02622071 -0.1132506 0.778964
v 0.001618773 -0.1589456 0.8282887
v -0.02598819 -0.1626123 0.861104
v -0.02173388 -0.1560586 0.8269626
v -0.04042178 -0.1379102 0.8286182
v -0.04760426 -0.1169448 0.8303808
v -0.03046489 -0.1130584 0.7979403
v 0.00462383 -0.1437419 0.7958659
v 0.02134591 -0.1251995 0.7785193
v 0.0161787 -0.1053818 0.7482531
v 0.008805394 -0.1321925 0.7782227
v -0.02593189 -0.1284461 0.7952427
v -0.01347789 -0.1418543 0.7954733
v -0.005628228 -0.130806 0.7779248
v -0.01219705 -0.1210646 0.7771327
v -0.01198289 -0.1104062 0.7776049
v -0.1114229 -0.009218603 0.7427262
v -0.1205013 -0.01230878 0.7430694
v -0.1053346 -0.0261246 0.7120963
v -0.1174289 -0.001099855 0.7711651
v -0.1218699 -0.02285734 0.7433989
v -0.1140724 -0.02684808 0.7449653
v -0.1378575 -0.02359042 0.7871706
v -0.1226675 -0.03316981 0.7855288
v -0.1223422 -0.0373953 0.8088772
v -0.1302289 -0.007347465 0.7728304
v -0.1377422 -0.001993567 0.8008231
v -0.1457978 -0.02573335 0.8338087
v -0.1214361 -0.04399297 0.8163234
v -0.1431826 -0.003371835 0.8887508
v -0.1430041 -0.004183173 0.8355687
v -0.1426747 0.027825 0.7817563
v -0.1191188 0.01988748 0.7685128
v -0.1492833 0.01495638 0.8430092
v -0.1414351 0.04128253 0.7736019
v -0.1088146 0.02733764 0.7547272
v -0.130535 0.05254361 0.7438217
v -0.1052549 0.02621332 0.7268525
v -0.09890988 0.04588005 0.7148283
v -0.08653545 0.01995611 0.7095375
v -0.08442137 0.03282198 0.705765
v -0.09038892 0.05028123 0.7127732
v -0.106614 0.06089845 0.7236539
v -0.09831682 0.07994467 0.7316477
v -0.120898 0.08889806 0.7477013
v -0.1041361 0.1094283 0.75378
v -0.1392976 0.06499487 0.7624067
v -0.1233443 0.116516 0.7847792
v -0.1056489 0.130373 0.7846913
v -0.1035142 0.1459447 0.8213135
v -0.1367922 0.09292585 0.7910776
v -0.1274696 0.1224492 0.8250269
v -0.1194867 0.131728 0.8592824
v -0.1000397 0.1508524 0.8591217
v -0.09829485 0.1504296 0.8869717
v -0.1484816 0.05129436 0.7878076
v -0.1401309 0.1011736 0.8305249
v -0.104526 0.1425155 0.888376
v -0.09442082 0.1438443 0.9136232
v -0.1154713 0.1312077 0.8904558
v -0.1479696 0.02226242 0.8028425
v -0.1452789 0.07296947 0.8059518
v -0.1491117 0.06292608 0.8181615
v -0.1332092 0.111438 0.8640226
v -0.1349458 0.1075256 0.8688014
v -0.144436 0.08636385 0.8382126
v -0.1419169 0.02093354 0.805389
v -0.1486038 0.05746508 0.8238833
v -0.1474534 0.01967743 0.8081223
v -0.1440749 0.08152202 0.8436557
v -0.1511531 0.05506957 0.8279084
v -0.1460463 0.0794079 0.8472072
v -0.1497652 0.04643464 0.8742061
v -0.1162291 0.1294739 0.894043
v -0.1178051 0.1277359 0.896551
v -0.1368609 0.1058068 0.8721166
v -0.123196 0.1073594 0.9176071
v -0.09203902 0.1381129 0.9274541
v -0.1389105 0.07944083 0.8952551
v -0.1158406 0.09598306 0.9388552
v -0.08904082 0.1258126 0.9455984
v -0.1366344 0.06010634 0.9180546
v -0.1380662 0.008986086 0.9240304
v -0.1477005 0.009340256 0.8778783
v -0.1251921 -0.006272584 0.9359765
v -0.1295782 0.05778906 0.9344623
v -0.1257755 0.05826956 0.9390392
v -0.1147671 0.004211485 0.9652665
v -0.1063655 -0.009559065 0.964911
v -0.07583863 -0.01453957 0.9868771
v -0.1128149 0.09473658 0.9416022
v -0.1249848 0.05693382 0.9438261
v -0.1114229 0.09326217 0.9463863
v -0.1091962 0.05706012 0.9649192
v -0.08254063 0.001007378 0.9876335
v -0.1015772 0.09312215 0.9582158
v -0.07964128 0.0935244 0.973506
v -0.08613324 0.05451494 0.9830991
v -0.06866574 0.1316401 0.9546123
v -0.05326021 0.15696 0.9323386
v -0.03877991 0.1315221 0.9652199
v -0.0755119 0.09304664 0.978179
v -0.08053771 0.05176249 0.9900743
v -0.07753265 -0.000107348 0.9927266
v -0.04314953 0.08716008 0.9923861
v 2.682209E-07 0.08801672 0.9950631
v 2.682209E-07 0.1323279 0.9679283
v 0.03877908 0.1315221 0.9652199
v -0.04380301 0.05012336 1.000898
v -0.039664 -0.008437485 1.004717
v 2.682209E-07 -0.0118379 1.009173
v -0.04127431 -0.01906431 0.999596
v -0.01738897 -0.02532288 1.001717
v 2.682209E-07 -0.03881887 0.9968079
v 0.01738951 -0.02532288 1.001717
v 2.682209E-07 0.04917887 1.006056
v 0.03966451 -0.008437485 1.004717
v 0.04127344 -0.01906157 0.9995947
v 0.07583913 -0.0145382 0.9868771
v 0.04380214 0.05012336 1.000898
v 0.07753316 -0.000107348 0.9927266
v 0.0431487 0.08716008 0.9923861
v 0.08053684 0.05176249 0.9900743
v 0.08254114 0.001007378 0.9876335
v 0.07551104 0.09304664 0.978179
v 0.1147662 0.004211485 0.9652665
v 0.1063661 -0.009559065 0.964911
v 0.1251926 -0.006272584 0.9359765
v 0.1380653 0.008986086 0.9240304
v 0.1431831 -0.003371835 0.8887508
v 0.08613375 0.05451494 0.9830991
v 0.06866488 0.1316401 0.9546123
v 0.05325934 0.15696 0.9323386
v 0.08904134 0.1258126 0.9455984
v 0.07964179 0.0935244 0.973506
v 0.1091954 0.05706012 0.9649192
v 0.1249853 0.05693382 0.9438261
v 0.1015777 0.09312215 0.9582144
v 0.1114234 0.09326217 0.9463863
v 0.1128155 0.09473658 0.9416022
v 0.1257747 0.05826956 0.9390392
v 0.1158397 0.09598306 0.9388552
v 0.09203953 0.1381129 0.9274541
v 0.1295787 0.05778906 0.9344623
v 0.1231952 0.1073594 0.9176071
v 0.09442133 0.1438443 0.9136232
v 0.1366349 0.06010634 0.9180546
v 0.1497643 0.04643464 0.8742061
v 0.138911 0.07944083 0.8952551
v 0.147701 0.009340256 0.8778783
v 0.1492825 0.01495638 0.8430092
v 0.13686 0.1058068 0.8721166
v 0.1460454 0.0794079 0.8472072
v 0.134945 0.1075256 0.8688014
v 0.1178056 0.1277359 0.896551
v 0.1511522 0.05506957 0.8279084
v 0.1162282 0.1294739 0.894043
v 0.1154718 0.1312077 0.8904558
v 0.1440755 0.08152202 0.8436557
v 0.1045251 0.1425155 0.888376
v 0.1194873 0.131728 0.8592824
v 0.09829538 0.1504296 0.8869717
v 0.1000388 0.1508524 0.8591217
v 0.1035134 0.1459447 0.8213135
v 0.1332084 0.111438 0.8640226
v 0.1444351 0.08636385 0.8382126
v 0.1486029 0.05746508 0.8238833
v 0.14013 0.1011736 0.8305249
v 0.1274687 0.1224492 0.8250269
v 0.1233435 0.116516 0.7847792
v 0.1056481 0.1303717 0.7846913
v 0.1041353 0.1094283 0.75378
v 0.1474525 0.01967743 0.8081208
v 0.1377427 -0.001993567 0.8008231
v 0.1430033 -0.004183173 0.8355687
v 0.137858 -0.02359042 0.7871706
v 0.1457969 -0.02573335 0.8338087
v 0.121438 -0.04399297 0.8163234
v 0.1223399 -0.0373953 0.8088772
v 0.122668 -0.03316981 0.7855288
v 0.1140729 -0.02684808 0.7449653
v 0.141916 0.02093354 0.805389
v 0.1218704 -0.02285734 0.7433989
v 0.1053351 -0.0261246 0.7120963
v 0.1491109 0.06292608 0.8181615
v 0.1302294 -0.007347465 0.7728304
v 0.1205004 -0.01230878 0.7430694
v 0.1114234 -0.009218603 0.7427262
v 0.1174294 -0.001099855 0.7711651
v 0.1479687 0.02226242 0.8028425
v 0.1426752 0.027825 0.7817563
v 0.119118 0.01988748 0.7685128
v 0.1484808 0.05129436 0.7878076
v 0.1414356 0.04128253 0.7736019
v 0.1088096 0.02734041 0.7547272
v 0.1452794 0.07296947 0.8059518
v 0.1367914 0.09292585 0.7910776
v 0.1305355 0.05254361 0.7438217
v 0.1052527 0.02595112 0.7268525
v 0.1392967 0.06499487 0.7624067
v 0.1208985 0.08889806 0.7477013
v 0.09831595 0.07994467 0.7316477
v 0.1066145 0.06089845 0.7236539
v 0.09038804 0.05028123 0.7127732
v 0.09890901 0.04587731 0.7169191
v 0.08808312 0.01697302 0.710103
v 0.08657029 0.04112193 0.7078339
v 0.04362229 -0.09343429 0.6900932
v 0.0151889 -0.1076126 0.7064213
v 0.02966642 -0.09970661 0.7060437
v 0.01936358 -0.1033706 0.6887327
v 0.04038662 -0.0891539 0.6763501
v 2.682209E-07 -0.1170149 0.7086424
v 0.01803747 -0.09666997 0.6733038
v 0.03583717 -0.08354875 0.6645412
v 0.01637501 -0.08950397 0.6602733
v 0.0313234 -0.07576913 0.6556469
v 0.01390395 -0.08062744 0.6520035
v 2.682209E-07 -0.08475958 0.6495654
v 2.682209E-07 -0.09260787 0.6585572
v 2.682209E-07 -0.10124 0.6719009
v 2.682209E-07 -0.1094782 0.6877649
v -0.01936445 -0.1033706 0.6887327
v -0.01518977 -0.1076126 0.7064213
v -0.01637447 -0.08950397 0.6602733
v -0.01390344 -0.08062744 0.6520035
v -0.03132427 -0.07576913 0.6556469
v -0.03583801 -0.08354875 0.6645412
v -0.0180383 -0.09666997 0.6733038
v -0.04038748 -0.0891539 0.6763501
v -0.04362315 -0.09343429 0.6900932
v -0.02966592 -0.09970661 0.7060437
v 0.04574329 -0.08644812 0.7523756
v 0.04130501 -0.08492981 0.7825017
v 0.03542945 -0.08696841 0.7492141
v 0.01816651 -0.08198926 0.7645922
v 0.02182502 -0.07587069 0.729811
v 0.03818601 -0.08528674 0.7366283
v 0.04236206 -0.08405671 0.7276036
v 0.06356496 -0.05410498 0.7433591
v 0.03647277 -0.07279563 0.7085834
v 0.08351719 -0.06905338 0.7835958
v 0.05012113 -0.08231598 0.7212461
v 0.06240767 -0.07808778 0.7192158
v 0.0627948 -0.06055164 0.7053326
v 0.07775143 -0.07256776 0.7205762
v 0.08267292 -0.05447152 0.7085724
v 0.08790466 -0.06908771 0.7240946
v 0.09668508 -0.04916018 0.7211952
v 0.09318992 -0.06640938 0.7289928
v 0.09725754 -0.06403032 0.7374232
v 0.1035175 -0.04674405 0.7382495
v 0.105482 -0.04884854 0.7521135
v 0.1005275 -0.06480321 0.7517524
v 0.1012579 -0.06682533 0.7595869
v 0.1022985 -0.05236977 0.77203
v 0.08963302 -0.07206532 0.7587248
v 0.07754415 -0.07698953 0.7579973
v 0.0608674 -0.08284315 0.7557225
v 0.04574329 -0.08644812 0.7523756
v -0.04574275 -0.08644812 0.7523756
v -0.03542891 -0.08696841 0.7492141
v -0.0413045 -0.08492981 0.7825017
v -0.01816735 -0.08198926 0.7645922
v -0.02182448 -0.07587069 0.729811
v -0.03818688 -0.08528674 0.7366283
v -0.04236156 -0.08405671 0.7276036
v -0.06356579 -0.05410498 0.7433591
v -0.03647363 -0.07279563 0.7085834
v -0.08351806 -0.06905338 0.7835958
v -0.05012062 -0.08231598 0.7212461
v -0.06240717 -0.07808778 0.7192158
v -0.06279567 -0.06055164 0.7053326
v -0.07775229 -0.07256776 0.7205762
v -0.08267379 -0.05447152 0.7085724
v -0.08790416 -0.06908771 0.7240946
v -0.09668458 -0.04916018 0.7211952
v -0.09318942 -0.06640938 0.7289928
v -0.09725839 -0.06403032 0.7374232
v -0.103517 -0.04674405 0.7382495
v -0.1054814 -0.04884854 0.7521135
v -0.100527 -0.06480321 0.7517524
v -0.1012587 -0.06682533 0.7595869
v -0.1022979 -0.05236977 0.77203
v -0.08963251 -0.07206532 0.7587248
v -0.07754502 -0.07698953 0.7579973
v -0.06086689 -0.08284315 0.7557225
v -0.04574275 -0.08644812 0.7523756
v 0.09311442 -0.06965604 0.7614334
v 0.06868136 -0.07343674 0.7529879
v 0.08953005 -0.07312098 0.772925
v 0.09262159 -0.06742799 0.7522494
v 0.08247387 -0.07752356 0.7809381
v 0.09086853 -0.06672925 0.7437037
v 0.071486 -0.07964042 0.7852857
v 0.08706176 -0.06676632 0.7350056
v 0.06154966 -0.08205104 0.7844992
v 0.08117247 -0.06741977 0.7284986
v 0.05149668 -0.08389196 0.77871
v 0.07367697 -0.0700981 0.7254757
v 0.04567876 -0.08429007 0.7693366
v 0.06548136 -0.0739584 0.7246218
v 0.04379803 -0.08377665 0.7573054
v 0.05753288 -0.07686049 0.7273729
v 0.04498824 -0.08296394 0.7487322
v 0.05141568 -0.07953197 0.7321997
v 0.04744965 -0.08158705 0.7396127
v -0.09311393 -0.06965604 0.7614334
v -0.08952954 -0.07312098 0.772925
v -0.06868085 -0.07343674 0.7529879
v -0.09262109 -0.06742799 0.7522494
v -0.08247337 -0.07752356 0.7809381
v -0.0908694 -0.06672925 0.7437037
v -0.07148686 -0.07964042 0.7852857
v -0.08706263 -0.06676632 0.7350056
v -0.06154916 -0.08205104 0.7844992
v -0.08117193 -0.06741977 0.7284986
v -0.05149752 -0.08389196 0.77871
v -0.07367647 -0.0700981 0.7254757
v -0.04567823 -0.08429007 0.7693366
v -0.06548223 -0.0739584 0.7246218
v -0.04379886 -0.08377665 0.7573054
v -0.05753234 -0.07686049 0.7273729
v -0.04498771 -0.08296394 0.7487322
v -0.05141655 -0.07953197 0.7321997
v -0.04744914 -0.08158705 0.7396127
v 0.05081028 -0.08344582 0.7485167
v 0.05549014 -0.08083063 0.7519789
v 0.05670094 -0.08034191 0.7497317
v 0.05298203 -0.08176962 0.7532982
v 0.05628911 -0.08043528 0.7471563
v 0.04984793 -0.08290905 0.7533352
v 0.05436581 -0.08108598 0.7449447
v 0.04692662 -0.08394277 0.7520791
v 0.0514445 -0.08211967 0.7436886
v 0.04500332 -0.08459347 0.7498676
v 0.0483104 -0.08325911 0.7437257
v 0.04459149 -0.08468682 0.7472936
v 0.0458023 -0.0841981 0.7450449
v -0.08781353 -0.07151756 0.7520722
v -0.08191189 -0.0725005 0.7542949
v -0.0810937 -0.07228908 0.7518375
v -0.08420721 -0.0722177 0.7561824
v -0.0819709 -0.07164112 0.7494667
v -0.08736601 -0.07151893 0.7569951
v -0.08431154 -0.07072958 0.7478207
v -0.09053993 -0.07058817 0.7565132
v -0.08748543 -0.06979883 0.7473389
v -0.09288055 -0.06967664 0.7548673
v -0.09064424 -0.06910005 0.7481502
v -0.09375912 -0.06902868 0.7524965
v -0.09293956 -0.06881726 0.7500378
v 0.09363884 -0.07754964 0.7707973
v 0.1083923 -0.06185856 0.7589239
v 0.1123213 -0.06678414 0.7709262
v -0.0936397 -0.07754964 0.7707973
v -0.1123221 -0.06678414 0.7709262
v -0.1083918 -0.06185856 0.7589239
v 0.1172208 -0.001219302 0.7702467
v 0.1045402 0.01948112 0.7553355
v 0.1192196 0.01674652 0.7718269
v 0.1247739 0.0280982 0.7661228
v 0.1261604 0.0331789 0.7524773
v 0.1207722 0.03062686 0.7322875
v 0.110041 0.02029109 0.7190688
v 0.09703514 0.01035613 0.7214808
v 0.1011343 0.01032457 0.7120057
v 0.0928179 0.0004459023 0.7064213
v 0.1172208 -0.001219302 0.7702467
v 0.113668 0.02598134 0.7939508
v 0.1045402 0.01948112 0.7553355
v 0.1243497 -0.009252906 0.7915127
v 0.1257445 0.01313606 0.8202729
v 0.1185139 -0.03990477 0.7629215
v 0.1130529 -0.02226841 0.7401659
v 0.1136021 -0.0008129478 0.7550197
v 0.1091913 0.001637489 0.7412779
v 0.1053282 -0.00361073 0.724501
v 0.1086353 -0.02682337 0.7182863
v 0.09969014 -0.00572893 0.7087028
v 0.114795 -0.04113477 0.7427688
v 0.12466 -0.02413541 0.8189989
v 0.1211319 -0.04410142 0.7832842
v 0.1127345 -0.03894654 0.8644427
v 0.1184714 -0.0004175901 0.8695097
v 0.08569995 -0.05074301 0.9020793
v 0.09080949 -0.01056668 0.9100964
v 0.04418653 -0.05867365 0.9273663
v 0.04534516 -0.01297045 0.9377775
v 0.08253977 -0.08247387 0.8866628
v 0.1077196 -0.0706774 0.8530897
v 0.1200432 -0.0558663 0.8186544
v 2.682209E-07 -0.06193542 0.9343977
v 2.682209E-07 -0.01476333 0.9456424
v -0.04534602 -0.01297045 0.9377775
v -0.044186 -0.05867365 0.9273663
v -0.09080899 -0.01056668 0.9100964
v 2.682209E-07 -0.09420305 0.9119662
v 0.04130638 -0.09052944 0.9067221
v 0.08118755 -0.09273553 0.8692091
v -0.08570081 -0.05074301 0.9020793
v -0.1184709 -0.0004175901 0.8695097
v -0.112734 -0.03894654 0.8644427
v -0.125744 0.01313606 0.8202729
v -0.08253926 -0.08247387 0.8866628
v -0.04130587 -0.09052944 0.9067221
v 2.682209E-07 -0.1117598 0.8810357
v 0.0390797 -0.1066804 0.8793142
v 2.682209E-07 -0.1200597 0.8462654
v -0.03908056 -0.1066804 0.8793142
v -0.08118704 -0.09273553 0.8692091
v -0.1077205 -0.0706774 0.8530897
v -0.1246594 -0.02413541 0.8189989
v 0.03871456 -0.1139659 0.8461652
v -0.03871402 -0.1139659 0.8461652
v -0.1243492 -0.009252906 0.7915127
v -0.1136688 0.02598134 0.7939508
v -0.08377615 -0.09649976 0.8485855
v 0.08377665 -0.09649976 0.8485855
v 0.1096512 -0.07717213 0.8188658
v 0.08346504 -0.09759662 0.8168889
v 0.1137695 -0.06401521 0.7810149
v -0.1172203 -0.001219302 0.7702467
v -0.1045411 0.01948112 0.7553355
v 0.0376465 -0.1143708 0.8157564
v 0.1016162 -0.0776526 0.7857924
v 0.1131147 -0.05638108 0.7631947
v 0.1083923 -0.06185856 0.7589239
v 0.1122169 -0.05390319 0.7521217
v 0.09363884 -0.07754964 0.7707973
v 0.1052513 -0.06164852 0.7513626
v 0.07994244 -0.09144647 0.7889251
v 0.07793677 -0.08249858 0.7687325
v 0.06112823 -0.08745712 0.7660474
v 0.1084802 -0.05528423 0.7412286
v 0.09725754 -0.06403032 0.7374232
v 0.05720064 -0.1013128 0.7883018
v 0.04702821 -0.08919646 0.7615638
v 0.112162 -0.04476172 0.7299854
v 0.104948 -0.05734342 0.7305207
v 0.09355922 -0.06622818 0.7284849
v 0.1084939 -0.04812646 0.7142242
v 0.09963247 -0.06298289 0.7197909
v 0.09123507 -0.07084763 0.7179624
v 0.08850183 -0.06929499 0.722995
v 0.09983702 -0.03566557 0.6975666
v 0.0775359 -0.02179205 0.6822517
v 0.0928179 0.0004459023 0.7064213
v 0.09555939 -0.06993198 0.7109858
v 0.08274567 -0.07955393 0.708593
v 0.07981065 -0.07659966 0.7154679
v 0.07817563 -0.07317591 0.7195232
v 0.06250376 -0.07870004 0.718112
v 0.06288403 -0.08287609 0.7137396
v 0.05012113 -0.08231598 0.7212461
v 0.1017864 -0.05403361 0.6984837
v 0.09066124 -0.04687172 0.6840336
v 0.09283026 -0.07172349 0.6979374
v 0.08922392 -0.06072462 0.6852651
v 0.0739941 -0.05758092 0.6718308
v 0.04612216 -0.0871812 0.7147925
v 0.06332058 -0.08743653 0.706612
v 0.039368 -0.0871359 0.7197319
v 0.04236206 -0.08405671 0.7276036
v 0.03389329 -0.08734044 0.7261319
v 0.03818601 -0.08528674 0.7366283
v 0.02575395 -0.08845653 0.7344551
v 0.03542945 -0.08696841 0.7492141
v 0.02680278 -0.08935159 0.7274072
v 0.02807537 -0.09132293 0.7196523
v 0.01321894 -0.0989351 0.7219709
v 0.04387215 -0.09213425 0.7057568
v 0.0630776 -0.08781405 0.6921798
v 0.02966642 -0.09970661 0.7060437
v 0.02559197 -0.0895932 0.7468556
v 0.03692442 -0.08788544 0.7537168
v 0.01112953 -0.094236 0.7324618
v 2.682209E-07 -0.09762132 0.7328545
v 0.01114875 -0.09505145 0.7473402
v 0.02655017 -0.09360863 0.7608253
v 0.03791559 -0.08873382 0.7570692
v 0.03854981 -0.09974092 0.7753673
v 0.01243508 -0.106108 0.7689919
v 0.03360635 -0.1082399 0.7879298
v 0.01445034 -0.1136693 0.7880135
v 2.682209E-07 -0.09870584 0.7472894
v 2.682209E-07 -0.1194406 0.8152924
v 2.682209E-07 -0.1082688 0.7683976
v -0.03764737 -0.1143708 0.8157564
v 2.682209E-07 -0.115362 0.7878447
v -0.01444983 -0.1136693 0.7880135
v -0.01243591 -0.106108 0.7689919
v -0.01114824 -0.09505145 0.7473402
v -0.0834645 -0.09759662 0.8168889
v -0.03360584 -0.1082399 0.7879298
v -0.05720013 -0.1013128 0.7883018
v -0.03855067 -0.09974092 0.7753673
v -0.02654967 -0.09360863 0.7608253
v -0.1096506 -0.07717213 0.8188658
v -0.04702908 -0.08919646 0.7615638
v -0.03791642 -0.08873382 0.7570692
v -0.06112909 -0.08745712 0.7660474
v -0.03692392 -0.08788544 0.7537168
v -0.0799433 -0.09144647 0.7889251
v -0.07793626 -0.08249858 0.7687325
v -0.0936397 -0.07754964 0.7707973
v -0.02559283 -0.0895932 0.7468556
v -0.03542891 -0.08696841 0.7492141
v -0.1016157 -0.0776526 0.7857924
v -0.1083918 -0.06185856 0.7589239
v -0.02575344 -0.08845653 0.7344551
v -0.03818688 -0.08528674 0.7366283
v -0.1137691 -0.06401521 0.7810149
v -0.01113039 -0.094236 0.7324618
v -0.0132198 -0.0989351 0.7219709
v -0.03389275 -0.08734044 0.7261319
v -0.04236156 -0.08405671 0.7276036
v -0.02680364 -0.08935159 0.7274072
v -0.0393675 -0.0871359 0.7197319
v -0.05012062 -0.08231598 0.7212461
v -0.02807483 -0.09132293 0.7196523
v -0.04612166 -0.0871812 0.7147925
v 2.682209E-07 -0.1023492 0.7235153
v 2.682209E-07 -0.1162763 0.7120428
v -0.06288353 -0.08287609 0.7137396
v -0.06250325 -0.07870004 0.718112
v 0.0151889 -0.1076126 0.7064213
v -0.07981151 -0.07659966 0.7154679
v -0.08274516 -0.07955393 0.708593
v -0.0781765 -0.07317591 0.7195232
v -0.0885013 -0.06929499 0.722995
v -0.09123594 -0.07084763 0.7179624
v -0.09356007 -0.06622818 0.7284849
v -0.06332144 -0.08743653 0.706612
v -0.04387164 -0.09213425 0.7057568
v -0.06307709 -0.08781405 0.6921798
v -0.02966592 -0.09970661 0.7060437
v -0.04362178 -0.09343429 0.6900932
v -0.0151884 -0.1076126 0.7064213
v -0.01936445 -0.1028682 0.6887327
v 2.682209E-07 -0.1170149 0.7086424
v 0.01936358 -0.1028682 0.6887327
v 2.682209E-07 -0.1089757 0.6877649
v 0.04362229 -0.09343429 0.6900932
v -0.05978236 -0.08401003 0.6797765
v -0.04038748 -0.0891539 0.6763501
v -0.0180383 -0.09616891 0.6733038
v -0.07984033 -0.08092535 0.6950792
v 0.01803747 -0.09616891 0.6733038
v 0.04038662 -0.0891539 0.6763501
v 0.05978152 -0.08401003 0.6797765
v 2.682209E-07 -0.100739 0.6719009
v 0.07983947 -0.08092535 0.6950792
v 0.07699227 -0.07757846 0.683678
v 0.05651563 -0.07801226 0.6699171
v 0.07441828 -0.06908634 0.6756829
v 0.03583717 -0.08354875 0.6645412
v 0.05409813 -0.06804851 0.662364
v 0.01637501 -0.08900152 0.6602733
v 0.0313234 -0.07576913 0.6556469
v 0.0471696 -0.04938394 0.6599575
v 0.06229648 -0.0365167 0.6686707
v 2.682209E-07 -0.09210679 0.6585572
v 0.01390395 -0.08062744 0.6520035
v 0.02931774 -0.06057498 0.6551183
v -0.01637447 -0.08900152 0.6602733
v -0.03583801 -0.08354875 0.6645412
v -0.0565151 -0.07801226 0.6699171
v -0.03132427 -0.07576913 0.6556469
v -0.01390344 -0.08062744 0.6520035
v 2.682209E-07 -0.08476095 0.6495654
v 2.682209E-07 -0.07191843 0.6499608
v 0.0110513 -0.06833816 0.6516315
v 2.682209E-07 -0.03975925 0.6568357
v -0.01105213 -0.06833816 0.6516315
v -0.0293186 -0.06057498 0.6551183
v 0.02022159 -0.02891964 0.6615774
v 0.02915439 -0.007313162 0.6692692
v -0.02022105 -0.02891964 0.6615774
v -0.04716909 -0.04938394 0.6599575
v -0.02915522 -0.007313162 0.6692692
v 0.04993853 0.002669841 0.6778917
v 0.01824474 0.01435921 0.6758943
v 0.02834031 0.02938724 0.6840583
v 2.682209E-07 0.02123007 0.6769006
v 2.682209E-07 0.03116775 0.6843164
v 0.05762622 0.02706447 0.6934057
v 0.08574387 0.02588248 0.7123297
v 0.09703514 0.01035613 0.7214808
v 0.1133124 0.05421019 0.7399148
v 0.1045402 0.01948112 0.7553355
v 0.113668 0.02598134 0.7939508
v -0.0283398 0.02938724 0.6840583
v -0.01824561 0.01435921 0.6758943
v -0.04993802 0.002669841 0.6778917
v -0.05762708 0.02706447 0.6934057
v -0.07753539 -0.02179205 0.6822517
v -0.06229734 -0.0365167 0.6686707
v -0.07399359 -0.05758092 0.6718308
v -0.09281877 0.0004459023 0.7064213
v -0.08574474 0.02588248 0.7123297
v -0.09703463 0.01035613 0.7214808
v -0.1133119 0.05421019 0.7399148
v -0.1045411 0.01948112 0.7553355
v -0.1136688 0.02598134 0.7939508
v -0.099691 -0.00572893 0.7087028
v -0.05409762 -0.06804851 0.662364
v -0.07441914 -0.06908634 0.6756829
v -0.07699177 -0.07757846 0.683678
v -0.08922341 -0.06072462 0.6852651
v -0.09282973 -0.07172349 0.6979374
v -0.09066072 -0.04687172 0.6840336
v -0.09983787 -0.03566557 0.6975666
v -0.1017859 -0.05403361 0.6984837
v -0.09556025 -0.06993198 0.7109858
v -0.1086361 -0.02682337 0.7182863
v -0.1053291 -0.00361073 0.724501
v -0.1084948 -0.04812646 0.7142242
v -0.09963334 -0.06298289 0.7197909
v -0.1049474 -0.05734342 0.7305207
v -0.09725839 -0.06403032 0.7374232
v -0.1121615 -0.04476172 0.7299854
v -0.108481 -0.05528423 0.7412286
v -0.1052522 -0.06164852 0.7513626
v -0.1130524 -0.02226841 0.7401659
v -0.1091908 0.001637489 0.7412779
v -0.1136029 -0.0008129478 0.7550197
v -0.1147945 -0.04113477 0.7427688
v -0.1122164 -0.05390319 0.7521217
v -0.1185148 -0.03990477 0.7629215
v -0.1131142 -0.05638108 0.7631947
v -0.1211314 -0.04410142 0.7832842
v -0.1200427 -0.0558663 0.8186544
v 0.06250376 -0.07870004 0.718112
v 0.05012113 -0.08231598 0.7212461
v 0.06240767 -0.07808778 0.7192158
v 0.07817563 -0.07317591 0.7195232
v 0.07775143 -0.07256776 0.7205762
v 0.08850183 -0.06929499 0.722995
v 0.08790466 -0.06908771 0.7240946
v 0.09355922 -0.06622818 0.7284849
v 0.09318992 -0.06640938 0.7289928
v 0.09725754 -0.06403032 0.7374232
v -0.1172203 -0.001219302 0.7702467
v -0.1192204 0.01674652 0.7718269
v -0.1045411 0.01948112 0.7553355
v -0.1247734 0.0280982 0.7661228
v -0.1261613 0.0331789 0.7524773
v -0.1207717 0.03062686 0.7322875
v -0.1100419 0.02029109 0.7190688
v -0.09703463 0.01035613 0.7214808
v -0.1011338 0.01032457 0.7120057
v -0.09281877 0.0004459023 0.7064213
v -0.06250325 -0.07870004 0.718112
v -0.06240717 -0.07808778 0.7192158
v -0.05012062 -0.08231598 0.7212461
v -0.0781765 -0.07317591 0.7195232
v -0.07775229 -0.07256776 0.7205762
v -0.0885013 -0.06929499 0.722995
v -0.08790416 -0.06908771 0.7240946
v -0.09356007 -0.06622818 0.7284849
v -0.09318942 -0.06640938 0.7289928
v -0.09725839 -0.06403032 0.7374232
v 0.0928179 0.0004459023 0.7064213
v 0.1077718 0.004906118 0.7142324
v 0.1011343 0.01032457 0.7120057
v 0.09969014 -0.00572893 0.7087028
v 0.110041 0.02029109 0.7190688
v 0.1112381 0.004329562 0.7269157
v 0.1053282 -0.00361073 0.724501
v 0.1048834 0.01644862 0.7426577
v 0.1091913 0.001637489 0.7412779
v 0.1136021 -0.0008129478 0.7550197
v 0.1172029 0.01464477 0.7215384
v 0.1207722 0.03062686 0.7322875
v 0.1204235 0.0150758 0.7352335
v 0.1287083 0.02611861 0.7336823
v 0.1261604 0.0331789 0.7524773
v 0.1262483 0.02051622 0.7427483
v 0.1332207 0.02804327 0.7532103
v 0.1247739 0.0280982 0.7661228
v 0.1282745 0.02129459 0.7518855
v 0.1318521 0.02348283 0.7660364
v 0.1192196 0.01674652 0.7718269
v 0.1262332 0.01648569 0.7587798
v 0.126597 0.01276404 0.7716209
v 0.1172208 -0.001219302 0.7702467
v 0.1204592 0.00690493 0.7605767
v 0.01884329 0.01848447 0.655986
v 2.682209E-07 0.02143186 0.664765
v 2.682209E-07 0.02410609 0.6571762
v -0.01884279 0.01848447 0.655986
v 0.01894349 0.0154849 0.6635075
v 0.02264732 -0.000744313 0.6488969
v -0.01894298 0.0154849 0.6635075
v -0.02264678 -0.000744313 0.6488969
v 0.0231525 -0.004696608 0.6589663
v 0.01714513 -0.02388695 0.6510577
v 0.01696804 -0.01973698 0.6425381
v 2.682209E-07 -0.03173387 0.6470944
v 2.682209E-07 -0.02715421 0.6387917
v -0.01696754 -0.01973698 0.6425381
v -0.01714462 -0.02388695 0.6510577
v 0.02022159 -0.02891964 0.6615774
v 0.02915439 -0.007313162 0.6692692
v 2.682209E-07 -0.03975925 0.6568357
v 0.01824474 0.01435921 0.6758943
v -0.02022105 -0.02891964 0.6615774
v 2.682209E-07 0.02123007 0.6769006
v -0.01824561 0.01435921 0.6758943
v -0.02915522 -0.007313162 0.6692692
v -0.02315336 -0.004696608 0.6589663
v 0.03010023 -0.09002151 0.7513529
v 0.03791559 -0.08873382 0.7570692
v 0.0358001 -0.09164417 0.7543882
v 0.03692442 -0.08788544 0.7537168
v 0.04702821 -0.08919646 0.7615638
v 0.04732612 -0.09109505 0.7569525
v 0.06107193 -0.08916764 0.7589142
v 0.06112823 -0.08745712 0.7660474
v 0.07793677 -0.08249858 0.7687325
v 0.03698483 -0.09063928 0.752215
v 0.02787355 -0.08911958 0.7468117
v 0.03542945 -0.08696841 0.7492141
v 0.04574329 -0.08644812 0.7523756
v 0.0608674 -0.08284315 0.7557225
v 0.07754415 -0.07698953 0.7579973
v 0.07726821 -0.08459209 0.761561
v 0.09363884 -0.07754964 0.7707973
v 0.08963302 -0.07206532 0.7587248
v 0.09169769 -0.07949352 0.7633498
v 0.1037014 -0.07536414 0.7648022
v 0.1123213 -0.06678414 0.7709262
v 0.1012579 -0.06682533 0.7595869
v 0.1070744 -0.06892845 0.7593056
v 0.1083923 -0.06185856 0.7589239
v 0.1035765 -0.06588909 0.7515451
v 0.1005275 -0.06480321 0.7517524
v 0.1052513 -0.06164852 0.7513626
v 0.09725754 -0.06403032 0.7374232
v -0.1077726 0.004906118 0.7142324
v -0.09281877 0.0004459023 0.7064213
v -0.1011338 0.01032457 0.7120057
v -0.099691 -0.00572893 0.7087028
v -0.1100419 0.02029109 0.7190688
v -0.111239 0.004329562 0.7269157
v -0.1053291 -0.00361073 0.724501
v -0.1048829 0.01644862 0.7426577
v -0.1091908 0.001637489 0.7412779
v -0.1136029 -0.0008129478 0.7550197
v -0.1172038 0.01464477 0.7215384
v -0.1207717 0.03062686 0.7322875
v -0.1204244 0.0150758 0.7352335
v -0.1287092 0.02611861 0.7336823
v -0.1261613 0.0331789 0.7524773
v -0.1262492 0.02051622 0.7427483
v -0.1332202 0.02804327 0.7532103
v -0.1247734 0.0280982 0.7661228
v -0.128274 0.02129459 0.7518855
v -0.1318516 0.02348283 0.7660364
v -0.1192204 0.01674652 0.7718269
v -0.1262327 0.01648569 0.7587798
v -0.1265979 0.01276404 0.7716209
v -0.1172203 -0.001219302 0.7702467
v -0.1204601 0.00690493 0.7605767
v -0.03009972 -0.09002151 0.7513529
v -0.03579959 -0.09164417 0.7543882
v -0.03791642 -0.08873382 0.7570692
v -0.03692392 -0.08788544 0.7537168
v -0.04702908 -0.08919646 0.7615638
v -0.04732561 -0.09109505 0.7569525
v -0.06107143 -0.08916764 0.7589142
v -0.06112909 -0.08745712 0.7660474
v -0.07793626 -0.08249858 0.7687325
v -0.03698429 -0.09063928 0.752215
v -0.02787304 -0.08911958 0.7468117
v -0.03542891 -0.08696841 0.7492141
v -0.04574275 -0.08644812 0.7523756
v -0.06086689 -0.08284315 0.7557225
v -0.07754502 -0.07698953 0.7579973
v -0.07726771 -0.08459209 0.761561
v -0.0936397 -0.07754964 0.7707973
v -0.08963251 -0.07206532 0.7587248
v -0.09169719 -0.07949352 0.7633498
v -0.1037023 -0.07536414 0.7648022
v -0.1123221 -0.06678414 0.7709262
v -0.1012587 -0.06682533 0.7595869
v -0.1070753 -0.06892845 0.7593056
v -0.1083918 -0.06185856 0.7589239
v -0.103576 -0.06588909 0.7515451
v -0.100527 -0.06480321 0.7517524
v -0.1052522 -0.06164852 0.7513626
v -0.09725839 -0.06403032 0.7374232
v 0.07585698 -0.1008625 0.8151318
v 0.07521451 -0.1020651 0.8167819
v 0.09293871 -0.09482494 0.8193696
v 0.07457066 -0.1013924 0.8177607
v 0.04762539 -0.113322 0.8093303
v 0.04730552 -0.110538 0.8116188
v 0.04794523 -0.1096731 0.8070405
v 0.0292697 -0.1141855 0.8054384
v 0.03012356 -0.1161843 0.8032982
v 0.03097746 -0.113123 0.8015919
v 0.02089289 -0.1146056 0.7983109
v -0.02089235 -0.1146056 0.7983109
v -0.03012305 -0.1161843 0.8032982
v -0.02926919 -0.1141855 0.8054384
v -0.03097695 -0.113123 0.8015919
v -0.04794472 -0.1096731 0.8070405
v -0.04762486 -0.113322 0.8093303
v -0.04730639 -0.110538 0.8116188
v -0.07585648 -0.1008625 0.8151318
v -0.07457152 -0.1013924 0.8177607
v -0.075214 -0.1020651 0.8167819
v -0.09293818 -0.09482494 0.8193696
vt 0.6228926 0.6073666
vt 0.675651 0.5872127
vt 0.6046048 0.5870037
vt 0.6269681 0.6117258
vt 0.6776664 0.6117258
vt 0.628461 0.6428822
vt 0.7646565 0.6117258
vt 0.7646565 0.5870037
vt 0.682354 0.6344176
vt 0.6299539 0.6740237
vt 0.8141007 0.6117258
vt 0.8177583 0.5870037
vt 0.6870566 0.6571094
vt 0.6498988 0.7099872
vt 0.7646565 0.6484208
vt 0.7031648 0.7016271
vt 0.6638423 0.7557738
vt 0.8796232 0.6117258
vt 0.8831016 0.5870037
vt 0.982408 0.6117258
vt 0.9863045 0.5870037
vt 0.8831016 0.5870037
vt 0.8138171 0.6533026
vt 0.7098827 0.7516685
vt 0.6733818 0.8279546
vt 0.7646565 0.7001342
vt 0.8202364 0.709196
vt 0.8740548 0.6602146
vt 0.7646565 0.7514893
vt 0.8796232 0.6117258
vt 0.8177583 0.5870037
vt 0.711928 0.8004558
vt 0.8141007 0.6117258
vt 0.7646565 0.5870037
vt 0.8740548 0.6602146
vt 0.9708382 0.673964
vt 0.9615675 0.7065984
vt 0.8723529 0.6971783
vt 0.8138171 0.6533026
vt 0.8202364 0.709196
vt 0.8723529 0.6971783
vt 0.956417 0.7245129
vt 0.8746071 0.7180189
vt 0.8746071 0.7180189
vt 0.9505202 0.7666719
vt 0.8687103 0.7590433
vt 0.8687103 0.7590433
vt 0.8239089 0.7567741
vt 0.8287458 0.8043821
vt 0.9491765 0.8100998
vt 0.7646565 0.8033968
vt 0.8679937 0.8023517
vt 0.8530649 0.8608428
vt 0.9457877 0.8747266
vt 0.8679937 0.8023517
vt 0.8530649 0.8608428
vt 0.8287458 0.8043821
vt 0.7101813 0.8355086
vt 0.7646565 0.8379271
vt 0.8102341 0.8485414
vt 0.9304558 0.9327549
vt 0.8239089 0.7567741
vt 0.7646565 0.7514893
vt 0.6792936 0.8629478
vt 0.6160701 0.8418384
vt 0.7646565 0.7001342
vt 0.629521 0.876309
vt 0.5577731 0.8652916
vt 0.7646565 0.6484208
vt 0.7646565 0.6117258
vt 0.6776664 0.6117258
vt 0.675651 0.5872127
vt 0.6269681 0.6117258
vt 0.682354 0.6344176
vt 0.628461 0.6428822
vt 0.6299539 0.6740237
vt 0.6870566 0.6571094
vt 0.6498988 0.7099872
vt 0.7031648 0.7016271
vt 0.6638423 0.7557738
vt 0.7098827 0.7516685
vt 0.6733818 0.8279546
vt 0.711928 0.8004558
vt 0.7646565 0.8033968
vt 0.7101813 0.8355086
vt 0.7646565 0.8379271
vt 0.8102341 0.8485414
vt 0.6792936 0.8629478
vt 0.6160701 0.8418384
vt 0.629521 0.876309
vt 0.5723436 0.8988068
vt 0.639792 0.8947461
vt 0.6949241 0.900434
vt 0.639792 0.8947461
vt 0.6776813 0.9224241
vt 0.6949241 0.900434
vt 0.6776813 0.9224241
vt 0.714869 0.9391145
vt 0.714869 0.9391145
vt 0.7030752 0.8653662
vt 0.724289 0.8434209
vt 0.7136746 0.8663217
vt 0.7030752 0.8653662
vt 0.724289 0.8434209
vt 0.7136746 0.8663217
vt 0.7346197 0.8511839
vt 0.7346197 0.8511839
vt 0.7646565 0.8462574
vt 0.7406958 0.8583198
vt 0.7934243 0.8607681
vt 0.7360977 0.8712482
vt 0.8046508 0.8564239
vt 0.8007095 0.8717707
vt 0.837539 0.8723679
vt 0.795783 0.8823105
vt 0.8064572 0.8962539
vt 0.772106 0.8916708
vt 0.7095543 0.8859829
vt 0.829567 0.9083911
vt 0.7723598 0.9135265
vt 0.7468763 0.8867741
vt 0.7342615 0.9079581
vt 0.7279913 0.9355913
vt 0.7714342 0.9473403
vt 0.7769579 0.9862896
vt 0.8211023 0.9531177
vt 0.8211023 0.9531177
vt 0.829567 0.9083911
vt 0.7714342 0.9473403
vt 0.7769579 0.9862896
vt 0.7279913 0.9355913
vt 0.7095543 0.8859829
vt 0.7342615 0.9079581
vt 0.7723598 0.9135265
vt 0.8064572 0.8962539
vt 0.7360977 0.8712482
vt 0.7406958 0.8583198
vt 0.7468763 0.8867741
vt 0.772106 0.8916708
vt 0.7646565 0.8462574
vt 0.795783 0.8823105
vt 0.7934243 0.8607681
vt 0.837539 0.8723679
vt 0.8007095 0.8717707
vt 0.8046508 0.8564239
vt 0.9536253 0.9305454
vt 0.9664342 0.9366812
vt 0.9569843 0.9067638
vt 0.6228926 0.6073666
vt 0.6046048 0.5870037
vt 0.3644302 0.5276915
vt 0.3880475 0.53956
vt 0.3922127 0.5342752
vt 0.4060816 0.57521
vt 0.4094853 0.547517
vt 0.4065593 0.5514284
vt 0.3644302 0.5276915
vt 0.3922127 0.5342752
vt 0.3880475 0.53956
vt 0.4060816 0.57521
vt 0.4065593 0.5514284
vt 0.4094853 0.547517
vt 0.3511435 0.07618479
vt 0.3467097 0.07055663
vt 0.3424251 0.07361704
vt 0.3511435 0.07618479
vt 0.3509793 0.06749623
vt 0.3467097 0.07055663
vt 0.3467097 0.07055663
vt 0.3422609 0.06492847
vt 0.3424251 0.07361704
vt 0.3509793 0.06749623
vt 0.3422609 0.06492847
vt 0.3467097 0.07055663
vt 0.3424251 0.1033403
vt 0.3475009 0.09880193
vt 0.3405889 0.09259155
vt 0.3475009 0.09880193
vt 0.3515317 0.09339771
vt 0.3405889 0.09259155
vt 0.4810092 0.09578632
vt 0.4810092 0.1039374
vt 0.4888319 0.1039374
vt 0.4888319 0.1039374
vt 0.4810092 0.1039374
vt 0.4810092 0.1120736
vt 0.4048275 0.1039374
vt 0.4048275 0.09578632
vt 0.3969899 0.1039374
vt 0.4048275 0.1120736
vt 0.4048275 0.1039374
vt 0.3969899 0.1039374
vt 0.4810092 0.09578632
vt 0.4810092 0.1039374
vt 0.4888319 0.1039374
vt 0.4810092 0.1039374
vt 0.4810092 0.1120736
vt 0.4888319 0.1039374
vt 0.4048275 0.1120736
vt 0.4048275 0.1039374
vt 0.3969899 0.1039374
vt 0.4048275 0.1039374
vt 0.4048275 0.09578632
vt 0.3969899 0.1039374
vt 0.4888319 0.1039374
vt 0.4810092 0.1039374
vt 0.4810092 0.09578632
vt 0.4810092 0.1120736
vt 0.4810092 0.1039374
vt 0.4888319 0.1039374
vt 0.4048275 0.09578632
vt 0.4048275 0.1039374
vt 0.3969899 0.1039374
vt 0.3969899 0.1039374
vt 0.4048275 0.1039374
vt 0.4048275 0.1120736
vt 0.4888319 0.1039374
vt 0.4810092 0.1039374
vt 0.4810092 0.09578632
vt 0.4810092 0.1120736
vt 0.4810092 0.1039374
vt 0.4888319 0.1039374
vt 0.3969899 0.1039374
vt 0.4048275 0.1039374
vt 0.4048275 0.1120736
vt 0.4048275 0.09578632
vt 0.4048275 0.1039374
vt 0.3969899 0.1039374
vt 0.3540397 0.05204491
vt 0.3497701 0.04341606
vt 0.3477099 0.05001459
vt 0.3540397 0.05204491
vt 0.3477099 0.05001459
vt 0.3442315 0.05556811
vt 0.3477099 0.05001459
vt 0.3497701 0.04341606
vt 0.340141 0.04590917
vt 0.3442315 0.05556811
vt 0.3477099 0.05001459
vt 0.340141 0.04590917
vt 0.780063 0.2240696
vt 0.7946336 0.2243084
vt 0.7824965 0.2106933
vt 0.8481384 0.1095357
vt 0.8481384 0.121225
vt 0.8514078 0.1095357
vt 0.9430707 0.1095357
vt 0.9395325 0.1095357
vt 0.9430707 0.121225
vt 0.3540397 0.05204491
vt 0.3497701 0.04341606
vt 0.3477099 0.05001459
vt 0.3540397 0.05204491
vt 0.3477099 0.05001459
vt 0.3442315 0.05556811
vt 0.3477099 0.05001459
vt 0.3497701 0.04341606
vt 0.340141 0.04590917
vt 0.3442315 0.05556811
vt 0.3477099 0.05001459
vt 0.340141 0.04590917
vt 0.3731635 0.1074606
vt 0.3767315 0.09995145
vt 0.3716557 0.100459
vt 0.3731635 0.1074606
vt 0.3716557 0.100459
vt 0.3668337 0.1011905
vt 0.3716557 0.100459
vt 0.3767315 0.09995145
vt 0.370969 0.09229297
vt 0.3668337 0.1011905
vt 0.3716557 0.100459
vt 0.370969 0.09229297
vt 0.3720439 0.05467238
vt 0.3750296 0.03745947
vt 0.3690133 0.03753411
vt 0.3720439 0.05467238
vt 0.3690133 0.03753411
vt 0.3671771 0.03771326
vt 0.3720439 0.05467238
vt 0.3768808 0.03765354
vt 0.3750296 0.03745947
vt 0.3676697 0.08109637
vt 0.3762836 0.0657197
vt 0.3712228 0.06391332
vt 0.3676697 0.08109637
vt 0.3712228 0.06391332
vt 0.3692223 0.06362966
vt 0.3676697 0.08109637
vt 0.3779706 0.06682443
vt 0.3762836 0.0657197
vt 0.3540397 0.05204491
vt 0.3497701 0.04341606
vt 0.3477099 0.05001459
vt 0.3540397 0.05204491
vt 0.3477099 0.05001459
vt 0.3442315 0.05556811
vt 0.3477099 0.05001459
vt 0.3497701 0.04341606
vt 0.340141 0.04590917
vt 0.3442315 0.05556811
vt 0.3477099 0.05001459
vt 0.340141 0.04590917
vt 0.3540397 0.05204491
vt 0.3497701 0.04341606
vt 0.3477099 0.05001459
vt 0.3540397 0.05204491
vt 0.3477099 0.05001459
vt 0.3442315 0.05556811
vt 0.3477099 0.05001459
vt 0.3497701 0.04341606
vt 0.340141 0.04590917
vt 0.3442315 0.05556811
vt 0.3477099 0.05001459
vt 0.340141 0.04590917
vt 0.4769337 0.6044107
vt 0.4868165 0.6148609
vt 0.4868165 0.6044107
vt 0.05546361 0.8787425
vt 0.1205532 0.8068752
vt 0.04822314 0.8165341
vt 0.1250916 0.8734278
vt 0.07055663 0.9796612
vt 0.1219565 0.9763619
vt 0.1822092 0.8729948
vt 0.182254 0.9755259
vt 0.2425514 0.9763321
vt 0.1821942 0.8061138
vt 0.2393566 0.8734128
vt 0.2940409 0.9796164
vt 0.3090891 0.8786827
vt 0.2438502 0.8068453
vt 0.3168222 0.8132647
vt 0.1821644 0.7453536
vt 0.3045059 0.7519222
vt 0.3313778 0.7569532
vt 0.3410517 0.7285437
vt 0.2500457 0.7472495
vt 0.114298 0.7472794
vt 0.1827765 0.7044635
vt 0.1815374 0.7044635
vt 0.2549572 0.7071508
vt 0.3116718 0.711495
vt 0.257316 0.6822346
vt 0.1821495 0.6788159
vt 0.3162848 0.6862653
vt 0.3473068 0.6908336
vt 0.3297804 0.6645738
vt 0.2578236 0.6542878
vt 0.1821793 0.6512125
vt 0.1069978 0.6822644
vt 0.10655 0.6543326
vt 0.04808878 0.6863251
vt 0.03468271 0.6646335
vt 0.01717122 0.6909082
vt 0.02339653 0.7286034
vt 0.1093566 0.7071806
vt 0.05268685 0.7115398
vt 0.05989747 0.751967
vt 0.0330704 0.757013
vt 0.04664069 0.8068752
vt 0.599723 0.9488183
vt 0.638314 0.9859462
vt 0.561147 0.9859462
vt 0.638314 0.9488183
vt 0.7036873 0.9859462
vt 0.638314 0.9117053
vt 0.6710081 0.9488183
vt 0.9734657 0.8342397
vt 0.9746451 0.8794889
vt 0.9693155 0.8792202
vt 0.9870061 0.8976722
vt 0.9569843 0.9067638
vt 0.9723461 0.8782498
vt 0.9636276 0.9042707
vt 0.9767202 0.9171841
vt 0.9664342 0.9366812
vt 0.957477 0.9098093
vt 0.9536253 0.9305454
vt 0.9501469 0.9735105
vt 0.9576113 0.9303961
vt 0.9738539 0.8794889
vt 0.9732567 0.8342397
vt 0.9693155 0.8792202
vt 0.9870061 0.8976722
vt 0.9569843 0.9067638
vt 0.9767202 0.9171841
vt 0.9664342 0.9366812
vt 0.9628364 0.9042707
vt 0.9717788 0.8782498
vt 0.9536253 0.9305454
vt 0.9501619 0.9735105
vt 0.9576859 0.9303961
vt 0.9572082 0.9098093
vt 0.01103548 0.313523
vt 0.02924863 0.313523
vt 0.01103548 0.2785149
vt 0.04741699 0.2785149
vt 0.04532695 0.313523
vt 0.04783499 0.2545542
vt 0.01103548 0.2545542
vt 0.05803137 0.2968325
vt 0.05803137 0.313523
vt 0.07200473 0.2966833
vt 0.0714225 0.313523
vt 0.07410969 0.2785149
vt 0.1046092 0.2966833
vt 0.1039374 0.313523
vt 0.07599072 0.2545542
vt 0.1040867 0.2785149
vt 0.1303017 0.2966833
vt 0.1298538 0.313523
vt 0.05056696 0.1691465
vt 0.01103548 0.1665489
vt 0.0780509 0.1750881
vt 0.0514179 0.153516
vt 0.01103548 0.1543222
vt 0.01103548 0.1430061
vt 0.1595174 0.2966833
vt 0.1609356 0.313523
vt 0.1899274 0.2966833
vt 0.1937939 0.313523
vt 0.2198895 0.313523
vt 0.1592039 0.2785149
vt 0.1898079 0.2785149
vt 0.1288686 0.2785149
vt 0.08338048 0.1541729
vt 0.2202179 0.2785149
vt 0.2550468 0.313523
vt 0.16107 0.2545542
vt 0.1039225 0.2545542
vt 0.1037583 0.1729384
vt 0.1291373 0.2545542
vt 0.1047137 0.1547402
vt 0.1921965 0.2545542
vt 0.08602288 0.1422
vt 0.05225392 0.1427076
vt 0.01103548 0.1160298
vt 0.0506416 0.1174928
vt 0.01103548 0.08936693
vt 0.08690368 0.1176869
vt 0.1276892 0.1563674
vt 0.1263904 0.1456485
vt 0.1259873 0.118075
vt 0.1301823 0.1708931
vt 0.160025 0.1749836
vt 0.1615477 0.159189
vt 0.1953017 0.1612193
vt 0.1934953 0.1803879
vt 0.1605624 0.146813
vt 0.2242935 0.2545542
vt 0.1607714 0.1314662
vt 0.1948389 0.1484551
vt 0.2312204 0.1790891
vt 0.2492843 0.2785149
vt 0.2777834 0.2785149
vt 0.2777834 0.313523
vt 0.2777834 0.2545542
vt 0.250598 0.2545542
vt 0.2777834 0.1665489
vt 0.2331164 0.1617119
vt 0.2777834 0.1543222
vt 0.2348034 0.148694
vt 0.2777834 0.1430061
vt 0.2370725 0.1201949
vt 0.2777834 0.1241809
vt 0.1946299 0.118508
vt 0.238446 0.08936693
vt 0.2777834 0.08936693
vt 0.1595771 0.1186274
vt 0.1977351 0.08936693
vt 0.1609953 0.08936693
vt 0.2398344 0.05898681
vt 0.2777834 0.05898681
vt 0.2008403 0.05898681
vt 0.2404017 0.01970912
vt 0.2777834 0.01970912
vt 0.2000342 0.01970912
vt 0.1619359 0.01970912
vt 0.1624136 0.05898681
vt 0.1243302 0.01970912
vt 0.1223895 0.05898681
vt 0.08653045 0.01970912
vt 0.1241809 0.08936693
vt 0.08212646 0.05898681
vt 0.08451506 0.08936693
vt 0.04862621 0.08936693
vt 0.04883522 0.05898681
vt 0.04970109 0.01970912
vt 0.01103548 0.05898681
vt 0.01103548 0.01970912
vt 0.3595932 0.1164179
vt 0.3595932 0.1164179
vt 0.3522483 0.1164179
vt 0.3595932 0.1393336
vt 0.3477099 0.1393336
vt 0.3477099 0.1164179
vt 0.3595932 0.1585022
vt 0.3402157 0.1164179
vt 0.3402157 0.1393336
vt 0.332811 0.1393336
vt 0.3329453 0.1164179
vt 0.3402157 0.1164179
vt 0.3402157 0.1585022
vt 0.3595932 0.1844784
vt 0.332811 0.1585022
vt 0.332811 0.1844784
vt 0.3595932 0.1980038
vt 0.332811 0.1980038
vt 0.3595932 0.1980038
vt 0.3595932 0.1844784
vt 0.3402157 0.1585022
vt 0.3595932 0.1585022
vt 0.3402157 0.1393336
vt 0.3477099 0.1393336
vt 0.3477099 0.1164179
vt 0.3595932 0.1393336
vt 0.3522483 0.1164179
vt 0.3595932 0.1164179
vt 0.3595932 0.1164179
vt 0.3267947 0.1852845
vt 0.3185241 0.1909276
vt 0.3267947 0.1911665
vt 0.3164788 0.1909276
vt 0.3267947 0.1729981
vt 0.3130004 0.1909276
vt 0.3065512 0.1909276
vt 0.3267947 0.1643842
vt 0.3005647 0.1643842
vt 0.3005647 0.1909276
vt 0.3065512 0.1909276
vt 0.3005647 0.1537399
vt 0.3267947 0.1537399
vt 0.3267947 0.1643842
vt 0.3267947 0.1729981
vt 0.3130004 0.1909276
vt 0.3164788 0.1909276
vt 0.3267947 0.1852845
vt 0.3185241 0.1909276
vt 0.3267947 0.1911665
vt 0.3267947 0.1537399
vt 0.3005647 0.1477983
vt 0.3267947 0.1405279
vt 0.3267947 0.1405279
vt 0.3005647 0.1405279
vt 0.3005647 0.1298538
vt 0.3267947 0.1298538
vt 0.3267947 0.1298538
vt 0.3267947 0.1175674
vt 0.3267947 0.1175674
vt 0.3005647 0.1175674
vt 0.3274814 0.06147992
vt 0.3214651 0.07269146
vt 0.3223011 0.07346775
vt 0.326302 0.06150977
vt 0.3223011 0.07346775
vt 0.3105372 0.07811061
vt 0.3105671 0.07928999
vt 0.3214651 0.07269146
vt 0.3105671 0.07928999
vt 0.2993256 0.0732886
vt 0.2985344 0.07412462
vt 0.3105372 0.07811061
vt 0.2985344 0.07412462
vt 0.2938766 0.06239057
vt 0.2926973 0.06243536
vt 0.2993256 0.0732886
vt 0.2926973 0.06243536
vt 0.2987136 0.05122383
vt 0.2978776 0.0504326
vt 0.2938766 0.06239057
vt 0.2978776 0.0504326
vt 0.3096415 0.04580467
vt 0.3096116 0.04461037
vt 0.2987136 0.05122383
vt 0.3096116 0.04461037
vt 0.3208679 0.05061175
vt 0.3216442 0.04979067
vt 0.3096415 0.04580467
vt 0.3216442 0.04979067
vt 0.326302 0.06150977
vt 0.3274814 0.06147992
vt 0.3208679 0.05061175
vt 0.3214501 0.06164414
vt 0.3162848 0.0677948
vt 0.3180613 0.06948176
vt 0.3189122 0.06171878
vt 0.3180613 0.06948176
vt 0.3103282 0.07075071
vt 0.3104028 0.07327367
vt 0.3162848 0.0677948
vt 0.3104028 0.07327367
vt 0.3042223 0.06812324
vt 0.3025503 0.06989977
vt 0.3103282 0.07075071
vt 0.3025503 0.06989977
vt 0.3012664 0.0621965
vt 0.2987285 0.06227115
vt 0.3042223 0.06812324
vt 0.2987285 0.06227115
vt 0.3038939 0.05612048
vt 0.3021173 0.05443352
vt 0.3012664 0.0621965
vt 0.3021173 0.05443352
vt 0.3098505 0.05316457
vt 0.3097758 0.0506416
vt 0.3038939 0.05612048
vt 0.3097758 0.0506416
vt 0.3159564 0.05579204
vt 0.3176433 0.05401552
vt 0.3098505 0.05316457
vt 0.3176433 0.05401552
vt 0.3189122 0.06171878
vt 0.3214501 0.06164414
vt 0.3159564 0.05579204
vt 0.3189122 0.06171878
vt 0.3159564 0.05579204
vt 0.3162848 0.0677948
vt 0.3103282 0.07075071
vt 0.3098505 0.05316457
vt 0.3042223 0.06812324
vt 0.3038939 0.05612048
vt 0.3012664 0.0621965
vt 0.4050365 0.8216845
vt 0.366774 0.7834668
vt 0.366774 0.8207142
vt 0.4050365 0.7834668
vt 0.4050365 0.7530121
vt 0.366774 0.7530121
vt 0.366774 0.6991788
vt 0.4276238 0.7834668
vt 0.4276238 0.8207142
vt 0.4276238 0.7530121
vt 0.4548987 0.7834668
vt 0.4548987 0.8216845
vt 0.4548987 0.7530121
vt 0.4825469 0.7834668
vt 0.4825469 0.8216845
vt 0.4825469 0.7530121
vt 0.5180625 0.7834668
vt 0.5180625 0.8216845
vt 0.5541604 0.8216845
vt 0.5180625 0.7530121
vt 0.4825469 0.6991788
vt 0.4548987 0.6991788
vt 0.5541604 0.7834668
vt 0.580241 0.8216845
vt 0.5541604 0.7530121
vt 0.580241 0.7834668
vt 0.6124424 0.8216845
vt 0.6124424 0.7834668
vt 0.6124424 0.7530121
vt 0.580241 0.7530121
vt 0.5180625 0.6991788
vt 0.580241 0.6991788
vt 0.6124424 0.6991788
vt 0.6124424 0.6819658
vt 0.5541604 0.6991788
vt 0.580241 0.6819658
vt 0.5541604 0.6819658
vt 0.580241 0.6521978
vt 0.6124424 0.6521978
vt 0.5541604 0.6521978
vt 0.5180625 0.6819658
vt 0.5180625 0.6521978
vt 0.4825469 0.6819658
vt 0.4825469 0.6521978
vt 0.4548987 0.6819658
vt 0.4548987 0.6521978
vt 0.4276238 0.6521978
vt 0.4276238 0.6991788
vt 0.4276238 0.6819658
vt 0.4050365 0.6521978
vt 0.4050365 0.6991788
vt 0.4050365 0.6819658
vt 0.366774 0.6521978
vt 0.366774 0.6819658
vt 0.4050365 0.6420462
vt 0.366774 0.6271174
vt 0.366774 0.6420462
vt 0.4050365 0.6271174
vt 0.4276238 0.6420462
vt 0.4276238 0.6271174
vt 0.4548987 0.6271174
vt 0.4548987 0.6420462
vt 0.4825469 0.6271174
vt 0.4825469 0.6420462
vt 0.5180625 0.6271174
vt 0.5180625 0.6420462
vt 0.5541604 0.6271174
vt 0.5541604 0.6420462
vt 0.580241 0.6420462
vt 0.580241 0.6271174
vt 0.6124424 0.6420462
vt 0.6124424 0.6271174
vt 0.0246207 0.6154431
vt 0.008915592 0.5963491
vt 0.008915592 0.6154431
vt 0.0246207 0.5963491
vt 0.03295097 0.6154431
vt 0.03295097 0.5963491
vt 0.04331156 0.5963491
vt 0.04331156 0.6154431
vt 0.0537468 0.5963491
vt 0.0537468 0.6154431
vt 0.06694386 0.5963491
vt 0.06694386 0.6154431
vt 0.08039472 0.5963491
vt 0.08039472 0.6154431
vt 0.08996408 0.5963491
vt 0.08996408 0.6154431
vt 0.1054005 0.6154431
vt 0.1054005 0.5963491
vt 0.008915592 0.6408519
vt 0.02450127 0.6253558
vt 0.008915592 0.6253558
vt 0.02450127 0.6408519
vt 0.03299576 0.6253558
vt 0.03299576 0.6408519
vt 0.04344592 0.6253558
vt 0.04344592 0.6408519
vt 0.05370201 0.6253558
vt 0.05370201 0.6408519
vt 0.06642135 0.6253558
vt 0.06642135 0.6408519
vt 0.07963335 0.6253558
vt 0.07963335 0.6408519
vt 0.08997901 0.6253558
vt 0.08997901 0.6408519
vt 0.1054005 0.6253558
vt 0.1054005 0.6408519
vt 0.305954 0.5367385
vt 0.3343785 0.52384
vt 0.3048941 0.534932
vt 0.3361252 0.5262733
vt 0.3644302 0.5276915
vt 0.3639077 0.5234518
vt 0.3922127 0.5342752
vt 0.4065593 0.5514284
vt 0.3922127 0.5342752
vt 0.3880475 0.53956
vt 0.4094853 0.547517
vt 0.4094853 0.547517
vt 0.4060816 0.57521
vt 0.4282658 0.528244
vt 0.3922127 0.5342752
vt 0.3998712 0.5102696
vt 0.3639077 0.5234518
vt 0.3767315 0.500969
vt 0.3331245 0.4857118
vt 0.3343785 0.52384
vt 0.2937572 0.4849206
vt 0.3048941 0.534932
vt 0.2633771 0.4984162
vt 0.2937572 0.4849206
vt 0.3343785 0.52384
vt 0.3331245 0.4857118
vt 0.3639077 0.5234518
vt 0.3767315 0.500969
vt 0.3998712 0.5102696
vt 0.3922127 0.5342752
vt 0.4282658 0.528244
vt 0.4094853 0.547517
vt 0.4060816 0.57521
vt 0.01320016 0.4874286
vt 0.04284877 0.4874286
vt 0.01320016 0.4451502
vt 0.04284877 0.4451502
vt 0.07454263 0.4874286
vt 0.01320016 0.401991
vt 0.07454263 0.4451502
vt 0.04284877 0.401991
vt 0.07454263 0.401991
vt 0.01320016 0.364669
vt 0.0595541 0.373074
vt 0.07454263 0.373074
vt 0.07454263 0.3431118
vt 0.04284877 0.3641764
vt 0.04284877 0.401991
vt 0.01320016 0.401991
vt 0.04284877 0.4451502
vt 0.01320016 0.4451502
vt 0.04284877 0.4874286
vt 0.01320016 0.4874286
vt 0.07454263 0.4874286
vt 0.07454263 0.4451502
vt 0.07454263 0.401991
vt 0.0595541 0.373074
vt 0.07454263 0.373074
vt 0.04287863 0.3641017
vt 0.05037288 0.3591006
vt 0.04284877 0.4874286
vt 0.07454263 0.5075228
vt 0.07454263 0.4874286
vt 0.03707132 0.4998344
vt 0.01320016 0.4874286
vt 0.01320016 0.5216006
vt 0.04284877 0.5216006
vt 0.07454263 0.538515
vt 0.07454263 0.5075228
vt 0.03705639 0.4995807
vt 0.01320016 0.4874286
vt 0.04284877 0.4874286
vt 0.07454263 0.4874286
vt 0.4282658 0.528244
vt 0.4060816 0.57521
vt 0.4339088 0.5801365
vt 0.3970048 0.6018878
vt 0.4116948 0.6096656
vt 0.4255636 0.6167568
vt 0.4339088 0.5801365
vt 0.4060816 0.57521
vt 0.4282658 0.528244
vt 0.3234506 0.1068336
vt 0.2957278 0.08656032
vt 0.2957278 0.1068336
vt 0.3234506 0.08656032
vt 0.3234506 0.1068336
vt 0.2957278 0.08656032
vt 0.2957278 0.1068336
vt 0.3234506 0.08656032
vt 0.3234506 0.1068336
vt 0.2957278 0.08656032
vt 0.2957278 0.1068336
vt 0.3234506 0.08656032
vt 0.3234506 0.1068336
vt 0.2957278 0.08656032
vt 0.2957278 0.1068336
vt 0.3234506 0.08656032
vt 0.3234506 0.1068336
vt 0.2957278 0.08656032
vt 0.2957278 0.1068336
vt 0.3234506 0.08656032
vt 0.2419543 0.4851893
vt 0.2314145 0.5076721
vt 0.2496724 0.4972816
vt 0.2219049 0.4956544
vt 0.2384609 0.4777099
vt 0.2091557 0.5078661
vt 0.2194864 0.5182565
vt 0.2017062 0.5156142
vt 0.2084092 0.5244968
vt 0.1996162 0.5295726
vt 0.2164857 0.4838308
vt 0.2343107 0.463438
vt 0.1988847 0.5001628
vt 0.1937193 0.5213916
vt 0.1911963 0.5342901
vt 0.2122758 0.4675136
vt 0.2332806 0.4493452
vt 0.1950032 0.4885483
vt 0.1918681 0.5103294
vt 0.1829705 0.5269451
vt 0.1872253 0.5371116
vt 0.1876134 0.5153902
vt 0.1855383 0.509986
vt 0.1809701 0.5310953
vt 0.1813134 0.5423069
vt 0.1767602 0.5243475
vt 0.1787457 0.5167189
vt 0.1749687 0.5287665
vt 0.1764168 0.5122402
vt 0.1823734 0.502432
vt 0.1770737 0.5388583
vt 0.172401 0.5355292
vt 0.1744014 0.5439341
vt 0.1780291 0.5466064
vt 0.1730578 0.505388
vt 0.1654292 0.5117476
vt 0.176581 0.4923103
vt 0.1690718 0.475814
vt 0.1659517 0.4962366
vt 0.190211 0.4704396
vt 0.1882255 0.4518383
vt 0.1583828 0.5010287
vt 0.1583231 0.5200331
vt 0.2108426 0.4497782
vt 0.1915247 0.4286539
vt 0.2330119 0.4352823
vt 0.2114995 0.4333714
vt 0.2122161 0.4212193
vt 0.2335493 0.4247425
vt 0.2371024 0.4123516
vt 0.2150078 0.4087986
vt 0.1980337 0.408291
vt 0.2193222 0.3946909
vt 0.2436263 0.3918544
vt 0.2225617 0.3850618
vt 0.2113203 0.3734173
vt 0.201109 0.3884656
vt 0.191674 0.3606084
vt 0.2063789 0.3626686
vt 0.2017808 0.3544727
vt 0.1972425 0.3463365
vt 0.1811492 0.3809265
vt 0.1785665 0.3967361
vt 0.182045 0.3597276
vt 0.1834333 0.3506957
vt 0.1897333 0.3497552
vt 0.194615 0.3423057
vt 0.1865982 0.3391856
vt 0.1905096 0.3353936
vt 0.1827615 0.3395737
vt 0.1807312 0.3458886
vt 0.1787905 0.3489192
vt 0.1754763 0.3546667
vt 0.1738043 0.3630418
vt 0.1716097 0.3530246
vt 0.1592188 0.3529798
vt 0.1573975 0.3628328
vt 0.1453947 0.3537262
vt 0.144708 0.3622356
vt 0.13066 0.3606532
vt 0.1309138 0.3542637
vt 0.1569795 0.3678489
vt 0.1554866 0.3770301
vt 0.1461561 0.3664306
vt 0.1451857 0.3747311
vt 0.128764 0.3647287
vt 0.1279131 0.3713721
vt 0.1551582 0.3817028
vt 0.1559643 0.3909736
vt 0.1428121 0.3816431
vt 0.1423941 0.3884656
vt 0.1292268 0.3810758
vt 0.1286148 0.3867338
vt 0.1570691 0.3957956
vt 0.1572631 0.4069026
vt 0.1473355 0.3948849
vt 0.1742073 0.4090076
vt 0.1463651 0.4029166
vt 0.1372585 0.3922127
vt 0.1351984 0.3977513
vt 0.131929 0.4009162
vt 0.1716694 0.4234288
vt 0.1550835 0.4193532
vt 0.144708 0.4117396
vt 0.1684597 0.437014
vt 0.1578006 0.4306991
vt 0.1668176 0.4522564
vt 0.1472758 0.4297586
vt 0.1552925 0.4403879
vt 0.141558 0.4092763
vt 0.1390201 0.4188308
vt 0.1390948 0.4297885
vt 0.1443945 0.4384173
vt 0.1524859 0.4532566
vt 0.1528293 0.4686482
vt 0.1359896 0.415427
vt 0.1409758 0.4546151
vt 0.1289283 0.4395221
vt 0.156248 0.4834128
vt 0.1484701 0.4919222
vt 0.1449469 0.4836218
vt 0.1398711 0.4937286
vt 0.1445587 0.5087171
vt 0.1411251 0.4653041
vt 0.1330486 0.4595864
vt 0.1288835 0.4835023
vt 0.1269875 0.4484495
vt 0.1515155 0.5132256
vt 0.1271069 0.4736792
vt 0.1430808 0.5132405
vt 0.1501122 0.5166741
vt 0.1439317 0.529065
vt 0.1501122 0.5314387
vt 0.1385573 0.5266764
vt 0.1420656 0.5356188
vt 0.135915 0.5338572
vt 0.1320484 0.5232428
vt 0.1345266 0.5094336
vt 0.1325858 0.5004465
vt 0.132332 0.49867
vt 0.1272861 0.4945347
vt 0.123748 0.4843682
vt 0.1110286 0.4942511
vt 0.1083265 0.4881751
vt 0.1066694 0.4809047
vt 0.1011159 0.4896829
vt 0.09959316 0.4831739
vt 0.1219565 0.4761126
vt 0.1059379 0.4742465
vt 0.1202845 0.465528
vt 0.1228672 0.4608404
vt 0.1233449 0.4608852
vt 0.1184184 0.45463
vt 0.1223447 0.4464042
vt 0.1068933 0.4492855
vt 0.1071023 0.4433737
vt 0.1247333 0.43891
vt 0.109267 0.4365065
vt 0.1032059 0.4352226
vt 0.101295 0.440582
vt 0.109894 0.4308037
vt 0.122897 0.428624
vt 0.1337801 0.4273999
vt 0.1334517 0.4275641
vt 0.1280922 0.420876
vt 0.1232105 0.4114261
vt 0.127301 0.4062756
vt 0.1235091 0.4003787
vt 0.1285103 0.3967809
vt 0.4237274 0.1856129
vt 0.4081119 0.1994519
vt 0.418786 0.1957645
vt 0.4098884 0.1699974
vt 0.42004 0.1749538
vt 0.3942729 0.1838364
vt 0.3979603 0.1945105
vt 0.3992143 0.1736848
vt 0.01103548 0.313523
vt 0.01103548 0.2785149
vt 0.02924863 0.313523
vt 0.04741699 0.2785149
vt 0.04532695 0.313523
vt 0.04783499 0.2545542
vt 0.01103548 0.2545542
vt 0.05803137 0.2968325
vt 0.05803137 0.313523
vt 0.07200473 0.2966833
vt 0.0714225 0.313523
vt 0.07410969 0.2785149
vt 0.1046092 0.2966833
vt 0.1039374 0.313523
vt 0.07599072 0.2545542
vt 0.1040867 0.2785149
vt 0.1303017 0.2966833
vt 0.1298538 0.313523
vt 0.05056696 0.1691465
vt 0.01103548 0.1665489
vt 0.0780509 0.1750881
vt 0.0514179 0.153516
vt 0.01103548 0.1543222
vt 0.01103548 0.1430061
vt 0.1595174 0.2966833
vt 0.1609356 0.313523
vt 0.1899274 0.2966833
vt 0.1937939 0.313523
vt 0.2198895 0.313523
vt 0.1592039 0.2785149
vt 0.1898079 0.2785149
vt 0.1288686 0.2785149
vt 0.08338048 0.1541729
vt 0.05225392 0.1427076
vt 0.01103548 0.1160298
vt 0.08602288 0.1422
vt 0.1047137 0.1547402
vt 0.0506416 0.1174928
vt 0.01103548 0.08936693
vt 0.16107 0.2545542
vt 0.1039225 0.2545542
vt 0.1037583 0.1729384
vt 0.1291373 0.2545542
vt 0.08690368 0.1176869
vt 0.1263904 0.1456485
vt 0.1276892 0.1563674
vt 0.1301823 0.1708931
vt 0.160025 0.1749836
vt 0.1615477 0.159189
vt 0.1953017 0.1612193
vt 0.1605624 0.146813
vt 0.1259873 0.118075
vt 0.1934953 0.1803879
vt 0.1607714 0.1314662
vt 0.1921965 0.2545542
vt 0.2202179 0.2785149
vt 0.2550468 0.313523
vt 0.2242935 0.2545542
vt 0.2492843 0.2785149
vt 0.2312204 0.1790891
vt 0.2777834 0.2785149
vt 0.2777834 0.313523
vt 0.2777834 0.2545542
vt 0.250598 0.2545542
vt 0.2777834 0.1665489
vt 0.2331164 0.1617119
vt 0.2777834 0.1543222
vt 0.2348034 0.148694
vt 0.2777834 0.1430061
vt 0.1948389 0.1484551
vt 0.2370725 0.1201949
vt 0.2777834 0.1241809
vt 0.1946299 0.118508
vt 0.238446 0.08936693
vt 0.2777834 0.08936693
vt 0.1595771 0.1186274
vt 0.1977351 0.08936693
vt 0.1609953 0.08936693
vt 0.2398344 0.05898681
vt 0.2777834 0.05898681
vt 0.2008403 0.05898681
vt 0.2404017 0.01970912
vt 0.2777834 0.01970912
vt 0.2000342 0.01970912
vt 0.1619359 0.01970912
vt 0.1624136 0.05898681
vt 0.1243302 0.01970912
vt 0.1223895 0.05898681
vt 0.08653045 0.01970912
vt 0.1241809 0.08936693
vt 0.08212646 0.05898681
vt 0.08451506 0.08936693
vt 0.04862621 0.08936693
vt 0.04883522 0.05898681
vt 0.04970109 0.01970912
vt 0.01103548 0.05898681
vt 0.01103548 0.01970912
vt 0.3274814 0.06147992
vt 0.3214651 0.07269146
vt 0.326302 0.06150977
vt 0.3223011 0.07346775
vt 0.3223011 0.07346775
vt 0.3105372 0.07811061
vt 0.3214651 0.07269146
vt 0.3105671 0.07928999
vt 0.3105671 0.07928999
vt 0.2993256 0.0732886
vt 0.3105372 0.07811061
vt 0.2985344 0.07412462
vt 0.2985344 0.07412462
vt 0.2938766 0.06239057
vt 0.2993256 0.0732886
vt 0.2926973 0.06243536
vt 0.2926973 0.06243536
vt 0.2987136 0.05122383
vt 0.2938766 0.06239057
vt 0.2978776 0.0504326
vt 0.2978776 0.0504326
vt 0.3096415 0.04580467
vt 0.2987136 0.05122383
vt 0.3096116 0.04461037
vt 0.3096116 0.04461037
vt 0.3208679 0.05061175
vt 0.3096415 0.04580467
vt 0.3216442 0.04979067
vt 0.3216442 0.04979067
vt 0.326302 0.06150977
vt 0.3208679 0.05061175
vt 0.3274814 0.06147992
vt 0.3214501 0.06164414
vt 0.3162848 0.0677948
vt 0.3189122 0.06171878
vt 0.3180613 0.06948176
vt 0.3180613 0.06948176
vt 0.3103282 0.07075071
vt 0.3162848 0.0677948
vt 0.3104028 0.07327367
vt 0.3104028 0.07327367
vt 0.3042223 0.06812324
vt 0.3103282 0.07075071
vt 0.3025503 0.06989977
vt 0.3025503 0.06989977
vt 0.3012664 0.0621965
vt 0.3042223 0.06812324
vt 0.2987285 0.06227115
vt 0.2987285 0.06227115
vt 0.3038939 0.05612048
vt 0.3012664 0.0621965
vt 0.3021173 0.05443352
vt 0.3021173 0.05443352
vt 0.3098505 0.05316457
vt 0.3038939 0.05612048
vt 0.3097758 0.0506416
vt 0.3097758 0.0506416
vt 0.3159564 0.05579204
vt 0.3098505 0.05316457
vt 0.3176433 0.05401552
vt 0.3176433 0.05401552
vt 0.3189122 0.06171878
vt 0.3159564 0.05579204
vt 0.3214501 0.06164414
vt 0.3189122 0.06171878
vt 0.3098505 0.05316457
vt 0.3159564 0.05579204
vt 0.3103282 0.07075071
vt 0.3162848 0.0677948
vt 0.3012664 0.0621965
vt 0.3038939 0.05612048
vt 0.3042223 0.06812324
vt 0.366774 0.7834668
vt 0.4050365 0.8216845
vt 0.366774 0.8207142
vt 0.4050365 0.7834668
vt 0.4276238 0.7834668
vt 0.4276238 0.8207142
vt 0.4050365 0.7530121
vt 0.366774 0.7530121
vt 0.366774 0.6991788
vt 0.4548987 0.7834668
vt 0.4548987 0.8216845
vt 0.4276238 0.7530121
vt 0.4825469 0.7834668
vt 0.4825469 0.8216845
vt 0.4548987 0.7530121
vt 0.5180625 0.7834668
vt 0.5180625 0.8216845
vt 0.5541604 0.8216845
vt 0.4825469 0.7530121
vt 0.5180625 0.7530121
vt 0.5541604 0.7834668
vt 0.580241 0.8216845
vt 0.4825469 0.6991788
vt 0.4548987 0.6991788
vt 0.5541604 0.7530121
vt 0.580241 0.7834668
vt 0.6124424 0.8216845
vt 0.6124424 0.7834668
vt 0.6124424 0.7530121
vt 0.580241 0.7530121
vt 0.5180625 0.6991788
vt 0.580241 0.6991788
vt 0.6124424 0.6991788
vt 0.6124424 0.6819658
vt 0.5541604 0.6991788
vt 0.580241 0.6819658
vt 0.5541604 0.6819658
vt 0.580241 0.6521978
vt 0.6124424 0.6521978
vt 0.5541604 0.6521978
vt 0.5180625 0.6819658
vt 0.5180625 0.6521978
vt 0.4825469 0.6819658
vt 0.4825469 0.6521978
vt 0.4548987 0.6819658
vt 0.4548987 0.6521978
vt 0.4276238 0.6521978
vt 0.4276238 0.6991788
vt 0.4276238 0.6819658
vt 0.4050365 0.6521978
vt 0.4050365 0.6991788
vt 0.4050365 0.6819658
vt 0.366774 0.6521978
vt 0.366774 0.6819658
vt 0.366774 0.6271174
vt 0.4050365 0.6420462
vt 0.366774 0.6420462
vt 0.4050365 0.6271174
vt 0.4276238 0.6420462
vt 0.4276238 0.6271174
vt 0.4548987 0.6271174
vt 0.4548987 0.6420462
vt 0.4825469 0.6271174
vt 0.4825469 0.6420462
vt 0.5180625 0.6271174
vt 0.5180625 0.6420462
vt 0.5541604 0.6271174
vt 0.5541604 0.6420462
vt 0.580241 0.6420462
vt 0.580241 0.6271174
vt 0.6124424 0.6420462
vt 0.6124424 0.6271174
vt 0.008915592 0.5963491
vt 0.0246207 0.6154431
vt 0.008915592 0.6154431
vt 0.0246207 0.5963491
vt 0.03295097 0.6154431
vt 0.03295097 0.5963491
vt 0.04331156 0.5963491
vt 0.04331156 0.6154431
vt 0.0537468 0.5963491
vt 0.0537468 0.6154431
vt 0.06694386 0.5963491
vt 0.06694386 0.6154431
vt 0.08039472 0.5963491
vt 0.08039472 0.6154431
vt 0.08996408 0.5963491
vt 0.08996408 0.6154431
vt 0.1054005 0.6154431
vt 0.1054005 0.5963491
vt 0.02450127 0.6253558
vt 0.008915592 0.6408519
vt 0.008915592 0.6253558
vt 0.02450127 0.6408519
vt 0.03299576 0.6253558
vt 0.03299576 0.6408519
vt 0.04344592 0.6253558
vt 0.04344592 0.6408519
vt 0.05370201 0.6253558
vt 0.05370201 0.6408519
vt 0.06642135 0.6253558
vt 0.06642135 0.6408519
vt 0.07963335 0.6253558
vt 0.07963335 0.6408519
vt 0.08997901 0.6253558
vt 0.08997901 0.6408519
vt 0.1054005 0.6253558
vt 0.1054005 0.6408519
vt 0.3343785 0.52384
vt 0.305954 0.5367385
vt 0.3048941 0.534932
vt 0.3361252 0.5262733
vt 0.3644302 0.5276915
vt 0.3639077 0.5234518
vt 0.3922127 0.5342752
vt 0.4065593 0.5514284
vt 0.3922127 0.5342752
vt 0.4094853 0.547517
vt 0.3880475 0.53956
vt 0.3234506 0.1068336
vt 0.2957278 0.08656032
vt 0.3234506 0.08656032
vt 0.2957278 0.1068336
vt 0.3234506 0.1068336
vt 0.2957278 0.08656032
vt 0.3234506 0.08656032
vt 0.2957278 0.1068336
vt 0.3234506 0.1068336
vt 0.2957278 0.08656032
vt 0.3234506 0.08656032
vt 0.2957278 0.1068336
vt 0.3234506 0.1068336
vt 0.2957278 0.08656032
vt 0.3234506 0.08656032
vt 0.2957278 0.1068336
vt 0.3234506 0.1068336
vt 0.2957278 0.08656032
vt 0.3234506 0.08656032
vt 0.2957278 0.1068336
vt 0.2314145 0.5076721
vt 0.2419543 0.4851893
vt 0.2496724 0.4972816
vt 0.2219049 0.4956544
vt 0.2384609 0.4777099
vt 0.2091557 0.5078661
vt 0.2194864 0.5182565
vt 0.2017062 0.5156142
vt 0.2084092 0.5244968
vt 0.1996162 0.5295726
vt 0.2164857 0.4838308
vt 0.2343107 0.463438
vt 0.1988847 0.5001628
vt 0.1937193 0.5213916
vt 0.1911963 0.5342901
vt 0.2122758 0.4675136
vt 0.2332806 0.4493452
vt 0.1950032 0.4885483
vt 0.1918681 0.5103294
vt 0.1829705 0.5269451
vt 0.1872253 0.5371116
vt 0.1876134 0.5153902
vt 0.1855383 0.509986
vt 0.1809701 0.5310953
vt 0.1813134 0.5423069
vt 0.1767602 0.5243475
vt 0.1787457 0.5167189
vt 0.1749687 0.5287665
vt 0.1764168 0.5122402
vt 0.1823734 0.502432
vt 0.1770737 0.5388583
vt 0.172401 0.5355292
vt 0.1744014 0.5439341
vt 0.1780291 0.5466064
vt 0.1730578 0.505388
vt 0.1654292 0.5117476
vt 0.176581 0.4923103
vt 0.1690718 0.475814
vt 0.1659517 0.4962366
vt 0.190211 0.4704396
vt 0.1882255 0.4518383
vt 0.1583828 0.5010287
vt 0.1583231 0.5200331
vt 0.2108426 0.4497782
vt 0.1915247 0.4286539
vt 0.2330119 0.4352823
vt 0.2114995 0.4333714
vt 0.2122161 0.4212193
vt 0.2335493 0.4247425
vt 0.2371024 0.4123516
vt 0.2150078 0.4087986
vt 0.1980337 0.408291
vt 0.2193222 0.3946909
vt 0.2436263 0.3918544
vt 0.2225617 0.3850618
vt 0.2113203 0.3734173
vt 0.201109 0.3884656
vt 0.191674 0.3606084
vt 0.2063789 0.3626686
vt 0.2017808 0.3544727
vt 0.1972425 0.3463365
vt 0.1811492 0.3809265
vt 0.1785665 0.3967361
vt 0.182045 0.3597276
vt 0.1834333 0.3506957
vt 0.1897333 0.3497552
vt 0.194615 0.3423057
vt 0.1865982 0.3391856
vt 0.1905096 0.3353936
vt 0.1827615 0.3395737
vt 0.1807312 0.3458886
vt 0.1787905 0.3489192
vt 0.1754763 0.3546667
vt 0.1738043 0.3630418
vt 0.1716097 0.3530246
vt 0.1592188 0.3529798
vt 0.1573975 0.3628328
vt 0.1453947 0.3537262
vt 0.144708 0.3622356
vt 0.13066 0.3606532
vt 0.1309138 0.3542637
vt 0.1569795 0.3678489
vt 0.1554866 0.3770301
vt 0.1461561 0.3664306
vt 0.1451857 0.3747311
vt 0.128764 0.3647287
vt 0.1279131 0.3713721
vt 0.1551582 0.3817028
vt 0.1559643 0.3909736
vt 0.1428121 0.3816431
vt 0.1423941 0.3884656
vt 0.1292268 0.3810758
vt 0.1286148 0.3867338
vt 0.1570691 0.3957956
vt 0.1572631 0.4069026
vt 0.1473355 0.3948849
vt 0.1742073 0.4090076
vt 0.1463651 0.4029166
vt 0.1372585 0.3922127
vt 0.1351984 0.3977513
vt 0.131929 0.4009162
vt 0.1716694 0.4234288
vt 0.1550835 0.4193532
vt 0.144708 0.4117396
vt 0.1684597 0.437014
vt 0.1578006 0.4306991
vt 0.1668176 0.4522564
vt 0.1472758 0.4297586
vt 0.1552925 0.4403879
vt 0.141558 0.4092763
vt 0.1390201 0.4188308
vt 0.1390948 0.4297885
vt 0.1443945 0.4384173
vt 0.1524859 0.4532566
vt 0.1528293 0.4686482
vt 0.1359896 0.415427
vt 0.1409758 0.4546151
vt 0.1289283 0.4395221
vt 0.156248 0.4834128
vt 0.1484701 0.4919222
vt 0.1449469 0.4836218
vt 0.1398711 0.4937286
vt 0.1445587 0.5087171
vt 0.1411251 0.4653041
vt 0.1330486 0.4595864
vt 0.1288835 0.4835023
vt 0.1269875 0.4484495
vt 0.1515155 0.5132256
vt 0.1271069 0.4736792
vt 0.1430808 0.5132405
vt 0.1501122 0.5166741
vt 0.1439317 0.529065
vt 0.1501122 0.5314387
vt 0.1385573 0.5266764
vt 0.1420656 0.5356188
vt 0.135915 0.5338572
vt 0.1320484 0.5232428
vt 0.1345266 0.5094336
vt 0.1325858 0.5004465
vt 0.132332 0.49867
vt 0.1272861 0.4945347
vt 0.123748 0.4843682
vt 0.1110286 0.4942511
vt 0.1083265 0.4881751
vt 0.1066694 0.4809047
vt 0.1011159 0.4896829
vt 0.09959316 0.4831739
vt 0.1219565 0.4761126
vt 0.1059379 0.4742465
vt 0.1202845 0.465528
vt 0.1228672 0.4608404
vt 0.1233449 0.4608852
vt 0.1184184 0.45463
vt 0.1223447 0.4464042
vt 0.1068933 0.4492855
vt 0.1071023 0.4433737
vt 0.1247333 0.43891
vt 0.109267 0.4365065
vt 0.1032059 0.4352226
vt 0.101295 0.440582
vt 0.109894 0.4308037
vt 0.122897 0.428624
vt 0.1337801 0.4273999
vt 0.1334517 0.4275641
vt 0.1280922 0.420876
vt 0.1232105 0.4114261
vt 0.127301 0.4062756
vt 0.1235091 0.4003787
vt 0.1285103 0.3967809
vt 0.4098884 0.1699974
vt 0.3942729 0.1838364
vt 0.3992143 0.1736848
vt 0.4081119 0.1994519
vt 0.3979603 0.1945105
vt 0.4237274 0.1856129
vt 0.42004 0.1749538
vt 0.418786 0.1957645
vt 0.4767545 0.1767452
vt 0.4830993 0.1767452
vt 0.4830993 0.1767452
vt 0.4767545 0.1767452
vt 0.4704098 0.1767452
vt 0.4704098 0.1767452
vt 0.464065 0.1767452
vt 0.464065 0.1767452
vt 0.4577203 0.1767452
vt 0.4577203 0.1767452
vt 0.4513755 0.1767452
vt 0.4513755 0.1767452
vt 0.4450308 0.1767452
vt 0.4450308 0.1767452
vt 0.438701 0.1767452
vt 0.438701 0.1767452
vt 0.4323562 0.1767452
vt 0.4323562 0.1767452
vt 0.3424251 0.1033403
vt 0.352293 0.1022356
vt 0.3475009 0.09880193
vt 0.3515317 0.09339771
vt 0.4513009 0.5259449
vt 0.4318636 0.512912
vt 0.4426422 0.4824872
vt 0.4155763 0.504328
vt 0.4207118 0.4818602
vt 0.3988262 0.496774
vt 0.404305 0.4769038
vt 0.3810161 0.489444
vt 0.3784334 0.4739031
vt 0.3981543 0.4661849
vt 0.3623103 0.4795164
vt 0.3990799 0.4548838
vt 0.3793739 0.4583174
vt 0.3984081 0.4418211
vt 0.4098138 0.4423586
vt 0.3883909 0.4413135
vt 0.4085747 0.4336998
vt 0.4246082 0.4277731
vt 0.4096495 0.4293705
vt 0.3882267 0.435775
vt 0.3678339 0.4376858
vt 0.3879729 0.430938
vt 0.3665501 0.4338342
vt 0.3445599 0.4365214
vt 0.3663112 0.4303707
vt 0.3443211 0.4329982
vt 0.3164341 0.437223
vt 0.3423952 0.4298034
vt 0.3170611 0.43367
vt 0.2888904 0.4380292
vt 0.3160758 0.4304155
vt 0.2865615 0.4369842
vt 0.2854419 0.4342074
vt 0.250807 0.3413353
vt 0.2261297 0.3397827
vt 0.2495082 0.3441718
vt 0.26905 0.3471575
vt 0.2702742 0.3438583
vt 0.2893682 0.346635
vt 0.2885321 0.3497104
vt 0.3067154 0.3528604
vt 0.3082083 0.3503672
vt 0.3255406 0.3576376
vt 0.3225101 0.3595037
vt 0.3205544 0.3805533
vt 0.3175537 0.3788962
vt 0.3146725 0.4014238
vt 0.320644 0.4010804
vt 0.3195691 0.4076341
vt 0.3399469 0.407664
vt 0.3411114 0.4116052
vt 0.3625342 0.4114261
vt 0.3625492 0.4146208
vt 0.390257 0.4140983
vt 0.3906153 0.4166661
vt 0.417517 0.4131727
vt 0.4194876 0.4159644
vt 0.390048 0.419607
vt 0.4205476 0.4177111
vt 0.2261297 0.3397827
vt 0.2505383 0.3795232
vt 0.2495082 0.3441718
vt 0.2718865 0.372656
vt 0.26905 0.3471575
vt 0.2889949 0.3718349
vt 0.2885321 0.3497104
vt 0.3067154 0.3528604
vt 0.3094324 0.3706406
vt 0.2981015 0.3804787
vt 0.3225101 0.3595037
vt 0.3175537 0.3788962
vt 0.3022069 0.3916753
vt 0.3146725 0.4014238
vt 0.2940259 0.4036332
vt 0.3195691 0.4076341
vt 0.2978776 0.4130384
vt 0.2812618 0.4213239
vt 0.296743 0.4179201
vt 0.31939 0.4138147
vt 0.3411114 0.4116052
vt 0.3405889 0.4160092
vt 0.3625492 0.4146208
vt 0.3640122 0.4182336
vt 0.3906153 0.4166661
vt 0.390048 0.419607
vt 0.2052742 0.5491144
vt 0.2644221 0.5734484
vt 0.2644221 0.5490248
vt 0.2644221 0.5256911
vt 0.2052742 0.5491144
vt 0.2644221 0.5490248
vt 0.2644221 0.5256911
vt 0.2644221 0.5734484
vt 0.1587709 0.6327904
vt 0.1947792 0.5761057
vt 0.1587709 0.5761057
vt 0.1947792 0.6327904
vt 0.1587709 0.6327904
vt 0.1587709 0.5761057
vt 0.2052742 0.5491144
vt 0.2644221 0.5490248
vt 0.2644221 0.5256911
vt 0.2644221 0.5734484
vt 0.2052742 0.5491144
vt 0.2644221 0.5734484
vt 0.2644221 0.5624011
vt 0.2644221 0.5363055
vt 0.2644221 0.5256911
vt 0.2052742 0.5491144
vt 0.2644221 0.5490248
vt 0.2644221 0.5256911
vt 0.2644221 0.5734484
vt 0.230892 0.6327904
vt 0.230892 0.5761057
vt 0.1947792 0.6327904
vt 0.1952569 0.5761057
vt 0.230892 0.5761057
vt 0.230892 0.6327904
vt 0.230892 0.6327904
vt 0.1587709 0.5761057
vt 0.1587709 0.6327904
vt 0.230892 0.5761057
vt 0.1587709 0.6327904
vt 0.230892 0.5761057
vt 0.1587709 0.5761057
vt 0.230892 0.6327904
vt 0.230892 0.6327904
vt 0.230892 0.5761057
vt 0.1587709 0.5761057
vt 0.1587709 0.6327904
vt 0.2052742 0.5491144
vt 0.2644221 0.5363055
vt 0.2644221 0.5256911
vt 0.2644221 0.5624011
vt 0.2644221 0.5734484
vt 0.2052742 0.5491144
vt 0.2644221 0.5363055
vt 0.2644221 0.5256911
vt 0.2644221 0.5624011
vt 0.2644221 0.5734484
vt 0.1587709 0.5761057
vt 0.1587709 0.6327904
vt 0.1947792 0.6327904
vt 0.1947792 0.5761057
vt 0.230892 0.5761057
vt 0.230892 0.6327904
vt 0.1587709 0.6327904
vt 0.230892 0.5761057
vt 0.1587709 0.5761057
vt 0.230892 0.6327904
vt 0.1587709 0.6327904
vt 0.230892 0.5761057
vt 0.1587709 0.5761057
vt 0.230892 0.6327904
vt 0.2052742 0.5491144
vt 0.2644221 0.5490248
vt 0.2644221 0.5734484
vt 0.2644221 0.5256911
vt 0.2052742 0.5491144
vt 0.2644221 0.5256911
vt 0.2644221 0.5490248
vt 0.2644221 0.5734484
vt 0.2052742 0.5491144
vt 0.2644221 0.5256911
vt 0.2644221 0.5490248
vt 0.2644221 0.5734484
vt 0.2052742 0.5491144
vt 0.2644221 0.5624011
vt 0.2644221 0.5734484
vt 0.2644221 0.5363055
vt 0.2644221 0.5256911
vt 0.2052742 0.5491144
vt 0.2644221 0.5256911
vt 0.2644221 0.5490248
vt 0.2644221 0.5734484
vt 0.230892 0.6327904
vt 0.1587709 0.5761057
vt 0.230892 0.5761057
vt 0.1587709 0.6327904
vt 0.1587709 0.6327904
vt 0.230892 0.5761057
vt 0.230892 0.6327904
vt 0.1587709 0.5761057
vt 0.230892 0.6327904
vt 0.1587709 0.5761057
vt 0.230892 0.5761057
vt 0.1587709 0.6327904
vt 0.2052742 0.5491144
vt 0.2644221 0.5256911
vt 0.2644221 0.5363055
vt 0.2644221 0.5624011
vt 0.2644221 0.5734484
vt 0.2052742 0.5491144
vt 0.2644221 0.5256911
vt 0.2644221 0.5363055
vt 0.2644221 0.5624011
vt 0.2644221 0.5734484
vt 0.1587709 0.5761057
vt 0.1947792 0.6327904
vt 0.1587709 0.6327904
vt 0.1947792 0.5761057
vt 0.230892 0.5761057
vt 0.230892 0.6327904
vt 0.1587709 0.6327904
vt 0.230892 0.5761057
vt 0.230892 0.6327904
vt 0.1587709 0.5761057
vt 0.1587709 0.6327904
vt 0.230892 0.5761057
vt 0.230892 0.6327904
vt 0.1587709 0.5761057
vt 0.3436791 0.3248091
vt 0.3596828 0.3401261
vt 0.3436791 0.3401261
vt 0.3596828 0.3248091
vt 0.373701 0.3401261
vt 0.373701 0.3248091
vt 0.3937354 0.3401261
vt 0.3937354 0.3248091
vt 0.4297437 0.3401261
vt 0.4297437 0.3248091
vt 0.4484196 0.3248091
vt 0.4484196 0.3401261
vt 0.4568246 0.3445301
vt 0.4710965 0.3248091
vt 0.4710965 0.3445301
vt 0.4568246 0.3445301
vt 0.4484196 0.3248091
vt 0.4484196 0.3401261
vt 0.4297437 0.3248091
vt 0.4297437 0.3401261
vt 0.3937354 0.3401261
vt 0.3937354 0.3248091
vt 0.373701 0.3248091
vt 0.373701 0.3401261
vt 0.3596828 0.3248091
vt 0.3596828 0.3401261
vt 0.3436791 0.3401261
vt 0.3436791 0.3248091
vt 0.3320496 0.3248091
vt 0.3320496 0.3401261
vt 0.5736126 0.3739995
vt 0.5805545 0.3824194
vt 0.5856004 0.3810907
vt 0.5899596 0.3676996
vt 0.6181601 0.3817327
vt 0.5615949 0.3647586
vt 0.6042465 0.3588916
vt 0.5713285 0.3560551
vt 0.6219222 0.3709093
vt 0.5543544 0.3550549
vt 0.6381797 0.3802995
vt 0.6370749 0.3711929
vt 0.64439 0.3703121
vt 0.6521829 0.3784782
vt 0.6491672 0.3579063
vt 0.5521002 0.3672667
vt 0.5494578 0.3608921
vt 0.5335885 0.3618475
vt 0.5342901 0.3698792
vt 0.5521002 0.3672667
vt 0.5494578 0.3608921
vt 0.5543544 0.3550549
vt 0.5615949 0.3647586
vt 0.5713285 0.3560551
vt 0.5899596 0.3676996
vt 0.6042465 0.3588916
vt 0.5736126 0.3739995
vt 0.5856004 0.3810907
vt 0.5805545 0.3824194
vt 0.6181601 0.3817327
vt 0.6219222 0.3709093
vt 0.6381797 0.3802995
vt 0.6370749 0.3711929
vt 0.64439 0.3703121
vt 0.6521829 0.3784782
vt 0.6491672 0.3579063
vt 0.579196 0.2998482
vt 0.5861528 0.3132841
vt 0.5702386 0.3092085
vt 0.5690295 0.3317659
vt 0.545636 0.3107163
vt 0.580032 0.3346024
vt 0.571209 0.3414995
vt 0.5462182 0.3419026
vt 0.5461884 0.3331096
vt 0.571209 0.3414995
vt 0.5690295 0.3317659
vt 0.580032 0.3346024
vt 0.5861528 0.3132841
vt 0.5702386 0.3092085
vt 0.579196 0.2998482
vt 0.5642074 0.2885918
vt 0.5690742 0.3058943
vt 0.5409334 0.289816
vt 0.5642074 0.2885918
vt 0.5690742 0.3058943
vt 0.3551892 0.292324
vt 0.3443061 0.3113135
vt 0.3303776 0.292324
vt 0.3303776 0.3113135
vt 0.3175836 0.3113135
vt 0.3175836 0.292324
vt 0.3016695 0.292324
vt 0.6359553 0.3468142
vt 0.620504 0.3503523
vt 0.6260724 0.350845
vt 0.6132038 0.347904
vt 0.6066948 0.3360057
vt 0.6413296 0.3311837
vt 0.6039031 0.3188973
vt 0.6422552 0.3134334
vt 0.6051273 0.3053718
vt 0.6404787 0.3032519
vt 0.6090237 0.2952949
vt 0.6217281 0.2898608
vt 0.6350595 0.2936378
vt 0.3551892 0.292324
vt 0.3303776 0.292324
vt 0.3443061 0.3113135
vt 0.3303776 0.3113135
vt 0.3175836 0.3113135
vt 0.3175836 0.292324
vt 0.3016695 0.292324
vt 0.4662894 0.3894359
vt 0.4718579 0.3704465
vt 0.4641546 0.3555774
vt 0.4602433 0.3704465
vt 0.4598999 0.3894359
vt 0.440582 0.3555774
vt 0.4429109 0.3704465
vt 0.4422988 0.3894359
vt 0.4239215 0.3555774
vt 0.4245634 0.3704465
vt 0.4236677 0.3894359
vt 0.4110827 0.3704465
vt 0.4114709 0.3555774
vt 0.4116649 0.3894359
vt 0.4037079 0.3555774
vt 0.4046335 0.3704465
vt 0.4047529 0.3894359
vt 0.393616 0.3555774
vt 0.3952582 0.3704465
vt 0.3960942 0.3894359
vt 0.3800756 0.3704465
vt 0.3796277 0.3555774
vt 0.380404 0.3894359
vt 0.3610115 0.3704465
vt 0.3561746 0.3555774
vt 0.3628477 0.3894359
vt 0.3517556 0.3704465
vt 0.3563388 0.3894359
vt 0.3815087 0.2949814
vt 0.3786872 0.3054614
vt 0.3786872 0.2949814
vt 0.3815087 0.3054614
vt 0.3696702 0.3054614
vt 0.3786872 0.2949814
vt 0.3786872 0.3054614
vt 0.3696702 0.2949814
vt 0.3786872 0.3054614
vt 0.3786872 0.2949814
vt 0.3786872 0.2949814
vt 0.3786872 0.3054614
vt 0.3815087 0.3054614
vt 0.3815087 0.2949814
vt 0.3860172 0.3054614
vt 0.3815087 0.2949814
vt 0.3815087 0.3054614
vt 0.3860172 0.2949814
vt 0.4036332 0.3054614
vt 0.4036332 0.2949814
vt 0.4036332 0.2949814
vt 0.4138744 0.3054614
vt 0.4138744 0.2949814
vt 0.4036332 0.3054614
vt 0.4232646 0.3054614
vt 0.4138744 0.2949814
vt 0.4138744 0.3054614
vt 0.4232646 0.2949814
vt 0.4279224 0.3054614
vt 0.4279224 0.2949814
vt 0.431774 0.2949814
vt 0.4279224 0.3054614
vt 0.4279224 0.2949814
vt 0.431774 0.3054614
vt 0.4232646 0.2949814
vt 0.4161585 0.3054614
vt 0.4161585 0.2949814
vt 0.4232646 0.3054614
vt 0.4279224 0.3054614
vt 0.4279224 0.2949814
vt 0.4161585 0.2949814
vt 0.4056188 0.3054614
vt 0.4056188 0.2949814
vt 0.4161585 0.3054614
vt 0.3860172 0.3054614
vt 0.4056188 0.2949814
vt 0.4056188 0.3054614
vt 0.3860172 0.2949814
vt 0.3815087 0.3054614
vt 0.3815087 0.2949814
vt 0.4577501 0.2404017
vt 0.4511068 0.2160826
vt 0.4141282 0.2404017
vt 0.4239663 0.2160826
vt 0.4115903 0.2160826
vt 0.3751938 0.2160826
vt 0.3751938 0.2404017
vt 0.4115903 0.2160826
vt 0.4141282 0.2404017
vt 0.4239663 0.2160826
vt 0.4511068 0.2160826
vt 0.4577501 0.2404017
vt 0.4943257 0.2250698
vt 0.4758737 0.2766488
vt 0.4943257 0.2766488
vt 0.4758737 0.2250698
vt 0.431774 0.2949814
vt 0.4367602 0.3054614
vt 0.4367602 0.2949814
vt 0.431774 0.3054614
vt 0.431774 0.2949814
vt 0.4279224 0.3054614
vt 0.431774 0.3054614
vt 0.4279224 0.2949814
vt 0.4939823 0.2905326
vt 0.5003719 0.3048195
vt 0.5001778 0.2905326
vt 0.4941615 0.3048195
vt 0.4870405 0.2905326
vt 0.4872345 0.3048195
vt 0.4813078 0.2905326
vt 0.4815019 0.3048195
vt 0.4751123 0.2905326
vt 0.4752915 0.3048195
vt 0.4688572 0.2905326
vt 0.4690363 0.3048195
vt 0.4650802 0.2905326
vt 0.4652743 0.3048195
vt 0.4580487 0.2905326
vt 0.4582428 0.3048195
vt 0.4523011 0.2905326
vt 0.4524803 0.3048195
vt 0.42319 0.2608093
vt 0.3984081 0.2751858
vt 0.42319 0.2751858
vt 0.3984081 0.2608093
vt 0.3626387 0.2608093
vt 0.3626387 0.2751858
vt 0.3324676 0.2608093
vt 0.3324676 0.2751858
vt 0.2982657 0.2751858
vt 0.2982657 0.2608093
vt 0.1130888 0.5151812
vt 0.08806812 0.5151812
vt 0.08806812 0.5314536
vt 0.1130888 0.5314536
vt 0.4288629 0.256256
vt 0.42319 0.2751858
vt 0.4289226 0.2805004
vt 0.42319 0.2608093
vt 0.3984081 0.2751858
vt 0.4289226 0.2805004
vt 0.42319 0.2751858
vt 0.3984081 0.2805004
vt 0.3626387 0.2751858
vt 0.3626387 0.2805004
vt 0.3324676 0.2751858
vt 0.3324676 0.2805004
vt 0.2982657 0.2751858
vt 0.2982657 0.2805004
vt 0.3984081 0.256256
vt 0.42319 0.2608093
vt 0.4288629 0.256256
vt 0.3984081 0.2608093
vt 0.3626387 0.256256
vt 0.3626387 0.2608093
vt 0.3324676 0.256256
vt 0.3324676 0.2608093
vt 0.2982657 0.256256
vt 0.2982657 0.2608093
vt 0.1130888 0.5374699
vt 0.08806812 0.5314536
vt 0.08542573 0.5374699
vt 0.1130888 0.5314536
vt 0.08542573 0.5374699
vt 0.08806812 0.5151812
vt 0.08542573 0.5100158
vt 0.08806812 0.5314536
vt 0.08542573 0.5100158
vt 0.1130888 0.5151812
vt 0.1130888 0.5100158
vt 0.08806812 0.5151812
vt 0.6043062 0.284367
vt 0.5755981 0.2851284
vt 0.5918705 0.2905923
vt 0.5886011 0.2627202
vt 0.6078742 0.27953
vt 0.5730304 0.2798884
vt 0.6129351 0.2751261
vt 0.5676411 0.2772907
vt 0.6103524 0.2560918
vt 0.5663572 0.2570025
vt 0.6011413 0.2382519
vt 0.571851 0.2402673
vt 0.5884966 0.2359977
vt 0.5808381 0.2373263
vt 0.3596828 0.3401261
vt 0.3436791 0.3248091
vt 0.3436791 0.3401261
vt 0.3596828 0.3248091
vt 0.373701 0.3401261
vt 0.373701 0.3248091
vt 0.3937354 0.3401261
vt 0.3937354 0.3248091
vt 0.4297437 0.3401261
vt 0.4297437 0.3248091
vt 0.4484196 0.3248091
vt 0.4484196 0.3401261
vt 0.4568246 0.3445301
vt 0.4710965 0.3248091
vt 0.4710965 0.3445301
vt 0.4568246 0.3445301
vt 0.4484196 0.3248091
vt 0.4484196 0.3401261
vt 0.4297437 0.3248091
vt 0.4297437 0.3401261
vt 0.3937354 0.3401261
vt 0.3937354 0.3248091
vt 0.373701 0.3248091
vt 0.373701 0.3401261
vt 0.3596828 0.3248091
vt 0.3596828 0.3401261
vt 0.3436791 0.3401261
vt 0.3436791 0.3248091
vt 0.3320496 0.3248091
vt 0.3320496 0.3401261
vt 0.5736126 0.3739995
vt 0.5856004 0.3810907
vt 0.5805545 0.3824194
vt 0.5899596 0.3676996
vt 0.6181601 0.3817327
vt 0.5615949 0.3647586
vt 0.6042465 0.3588916
vt 0.5713285 0.3560551
vt 0.6219222 0.3709093
vt 0.5543544 0.3550549
vt 0.6381797 0.3802995
vt 0.6370749 0.3711929
vt 0.64439 0.3703121
vt 0.6521829 0.3784782
vt 0.6491672 0.3579063
vt 0.5521002 0.3672667
vt 0.5494578 0.3608921
vt 0.5335885 0.3618475
vt 0.5342901 0.3698792
vt 0.5521002 0.3672667
vt 0.5494578 0.3608921
vt 0.5543544 0.3550549
vt 0.5615949 0.3647586
vt 0.5713285 0.3560551
vt 0.5899596 0.3676996
vt 0.6042465 0.3588916
vt 0.5736126 0.3739995
vt 0.5856004 0.3810907
vt 0.5805545 0.3824194
vt 0.6181601 0.3817327
vt 0.6219222 0.3709093
vt 0.6381797 0.3802995
vt 0.6370749 0.3711929
vt 0.64439 0.3703121
vt 0.6521829 0.3784782
vt 0.6491672 0.3579063
vt 0.579196 0.2998482
vt 0.5702386 0.3092085
vt 0.5861528 0.3132841
vt 0.5690295 0.3317659
vt 0.545636 0.3107163
vt 0.580032 0.3346024
vt 0.571209 0.3414995
vt 0.5462182 0.3419026
vt 0.5461884 0.3331096
vt 0.571209 0.3414995
vt 0.5690295 0.3317659
vt 0.580032 0.3346024
vt 0.5861528 0.3132841
vt 0.5702386 0.3092085
vt 0.579196 0.2998482
vt 0.5642074 0.2885918
vt 0.5690742 0.3058943
vt 0.5409334 0.289816
vt 0.5642074 0.2885918
vt 0.5690742 0.3058943
vt 0.3551892 0.292324
vt 0.3303776 0.292324
vt 0.3443061 0.3113135
vt 0.3303776 0.3113135
vt 0.3175836 0.3113135
vt 0.3175836 0.292324
vt 0.3016695 0.292324
vt 0.620504 0.3503523
vt 0.6359553 0.3468142
vt 0.6260724 0.350845
vt 0.6132038 0.347904
vt 0.6066948 0.3360057
vt 0.6413296 0.3311837
vt 0.6039031 0.3188973
vt 0.6422552 0.3134334
vt 0.6051273 0.3053718
vt 0.6404787 0.3032519
vt 0.6090237 0.2952949
vt 0.6217281 0.2898608
vt 0.6350595 0.2936378
vt 0.3551892 0.292324
vt 0.3443061 0.3113135
vt 0.3303776 0.292324
vt 0.3303776 0.3113135
vt 0.3175836 0.3113135
vt 0.3175836 0.292324
vt 0.3016695 0.292324
vt 0.4662894 0.3894359
vt 0.4641546 0.3555774
vt 0.4718579 0.3704465
vt 0.4602433 0.3704465
vt 0.4598999 0.3894359
vt 0.440582 0.3555774
vt 0.4429109 0.3704465
vt 0.4422988 0.3894359
vt 0.4239215 0.3555774
vt 0.4245634 0.3704465
vt 0.4236677 0.3894359
vt 0.4110827 0.3704465
vt 0.4114709 0.3555774
vt 0.4116649 0.3894359
vt 0.4037079 0.3555774
vt 0.4046335 0.3704465
vt 0.4047529 0.3894359
vt 0.393616 0.3555774
vt 0.3952582 0.3704465
vt 0.3960942 0.3894359
vt 0.3800756 0.3704465
vt 0.3796277 0.3555774
vt 0.380404 0.3894359
vt 0.3610115 0.3704465
vt 0.3561746 0.3555774
vt 0.3628477 0.3894359
vt 0.3517556 0.3704465
vt 0.3563388 0.3894359
vt 0.3815087 0.2949814
vt 0.3786872 0.3054614
vt 0.3815087 0.3054614
vt 0.3786872 0.2949814
vt 0.3786872 0.2949814
vt 0.3696702 0.3054614
vt 0.3786872 0.3054614
vt 0.3696702 0.2949814
vt 0.3786872 0.3054614
vt 0.3786872 0.2949814
vt 0.3786872 0.2949814
vt 0.3815087 0.3054614
vt 0.3786872 0.3054614
vt 0.3815087 0.2949814
vt 0.3815087 0.2949814
vt 0.3860172 0.3054614
vt 0.3815087 0.3054614
vt 0.3860172 0.2949814
vt 0.4036332 0.3054614
vt 0.4036332 0.2949814
vt 0.4036332 0.2949814
vt 0.4138744 0.3054614
vt 0.4036332 0.3054614
vt 0.4138744 0.2949814
vt 0.4138744 0.2949814
vt 0.4232646 0.3054614
vt 0.4138744 0.3054614
vt 0.4232646 0.2949814
vt 0.4279224 0.3054614
vt 0.4279224 0.2949814
vt 0.431774 0.2949814
vt 0.4279224 0.3054614
vt 0.431774 0.3054614
vt 0.4279224 0.2949814
vt 0.4161585 0.3054614
vt 0.4232646 0.2949814
vt 0.4161585 0.2949814
vt 0.4232646 0.3054614
vt 0.4279224 0.3054614
vt 0.4279224 0.2949814
vt 0.4161585 0.2949814
vt 0.4056188 0.3054614
vt 0.4161585 0.3054614
vt 0.4056188 0.2949814
vt 0.4056188 0.2949814
vt 0.3860172 0.3054614
vt 0.4056188 0.3054614
vt 0.3860172 0.2949814
vt 0.3815087 0.3054614
vt 0.3815087 0.2949814
vt 0.4577501 0.2404017
vt 0.4141282 0.2404017
vt 0.4511068 0.2160826
vt 0.4239663 0.2160826
vt 0.4115903 0.2160826
vt 0.3751938 0.2160826
vt 0.3751938 0.2404017
vt 0.4115903 0.2160826
vt 0.4141282 0.2404017
vt 0.4239663 0.2160826
vt 0.4511068 0.2160826
vt 0.4577501 0.2404017
vt 0.4943257 0.2250698
vt 0.4758737 0.2766488
vt 0.4758737 0.2250698
vt 0.4943257 0.2766488
vt 0.431774 0.2949814
vt 0.4367602 0.3054614
vt 0.431774 0.3054614
vt 0.4367602 0.2949814
vt 0.431774 0.2949814
vt 0.4279224 0.3054614
vt 0.4279224 0.2949814
vt 0.431774 0.3054614
vt 0.5003719 0.3048195
vt 0.4939823 0.2905326
vt 0.5001778 0.2905326
vt 0.4941615 0.3048195
vt 0.4870405 0.2905326
vt 0.4872345 0.3048195
vt 0.4813078 0.2905326
vt 0.4815019 0.3048195
vt 0.4751123 0.2905326
vt 0.4752915 0.3048195
vt 0.4688572 0.2905326
vt 0.4690363 0.3048195
vt 0.4650802 0.2905326
vt 0.4652743 0.3048195
vt 0.4580487 0.2905326
vt 0.4582428 0.3048195
vt 0.4523011 0.2905326
vt 0.4524803 0.3048195
vt 0.3984081 0.2751858
vt 0.42319 0.2608093
vt 0.42319 0.2751858
vt 0.3984081 0.2608093
vt 0.3626387 0.2608093
vt 0.3626387 0.2751858
vt 0.3324676 0.2608093
vt 0.3324676 0.2751858
vt 0.2982657 0.2751858
vt 0.2982657 0.2608093
vt 0.1130888 0.5151812
vt 0.08806812 0.5314536
vt 0.08806812 0.5151812
vt 0.1130888 0.5314536
vt 0.4288629 0.256256
vt 0.42319 0.2751858
vt 0.42319 0.2608093
vt 0.4289226 0.2805004
vt 0.4289226 0.2805004
vt 0.3984081 0.2751858
vt 0.42319 0.2751858
vt 0.3984081 0.2805004
vt 0.3626387 0.2751858
vt 0.3626387 0.2805004
vt 0.3324676 0.2751858
vt 0.3324676 0.2805004
vt 0.2982657 0.2751858
vt 0.2982657 0.2805004
vt 0.42319 0.2608093
vt 0.3984081 0.256256
vt 0.4288629 0.256256
vt 0.3984081 0.2608093
vt 0.3626387 0.256256
vt 0.3626387 0.2608093
vt 0.3324676 0.256256
vt 0.3324676 0.2608093
vt 0.2982657 0.256256
vt 0.2982657 0.2608093
vt 0.1130888 0.5374699
vt 0.08806812 0.5314536
vt 0.1130888 0.5314536
vt 0.08542573 0.5374699
vt 0.08542573 0.5374699
vt 0.08806812 0.5151812
vt 0.08806812 0.5314536
vt 0.08542573 0.5100158
vt 0.08542573 0.5100158
vt 0.1130888 0.5151812
vt 0.08806812 0.5151812
vt 0.1130888 0.5100158
vt 0.6043062 0.284367
vt 0.5918705 0.2905923
vt 0.5755981 0.2851284
vt 0.5886011 0.2627202
vt 0.6078742 0.27953
vt 0.5730304 0.2798884
vt 0.6129351 0.2751261
vt 0.5676411 0.2772907
vt 0.6103524 0.2560918
vt 0.5663572 0.2570025
vt 0.6011413 0.2382519
vt 0.571851 0.2402673
vt 0.5884966 0.2359977
vt 0.5808381 0.2373263
vt 0.4432095 0.1039374
vt 0.4048275 0.09578632
vt 0.4048275 0.1039374
vt 0.4432095 0.09578632
vt 0.4810092 0.09578632
vt 0.4810092 0.1039374
vt 0.4048275 0.1120736
vt 0.4432095 0.1039374
vt 0.4048275 0.1039374
vt 0.4432095 0.1120736
vt 0.4810092 0.1120736
vt 0.4810092 0.1039374
vt 0.4810092 0.09578632
vt 0.4432095 0.1039374
vt 0.4810092 0.1039374
vt 0.4432095 0.09578632
vt 0.4048275 0.09578632
vt 0.4048275 0.1039374
vt 0.4432095 0.1039374
vt 0.4810092 0.1120736
vt 0.4810092 0.1039374
vt 0.4432095 0.1120736
vt 0.4048275 0.1120736
vt 0.4048275 0.1039374
vt 0.4432095 0.09578632
vt 0.4048275 0.1039374
vt 0.4048275 0.09578632
vt 0.4432095 0.1039374
vt 0.4810092 0.09578632
vt 0.4810092 0.1039374
vt 0.4432095 0.1039374
vt 0.4048275 0.1120736
vt 0.4048275 0.1039374
vt 0.4432095 0.1120736
vt 0.4810092 0.1039374
vt 0.4810092 0.1120736
vt 0.4432095 0.1039374
vt 0.4810092 0.09578632
vt 0.4810092 0.1039374
vt 0.4432095 0.09578632
vt 0.4048275 0.1039374
vt 0.4048275 0.09578632
vt 0.4432095 0.1120736
vt 0.4810092 0.1039374
vt 0.4810092 0.1120736
vt 0.4432095 0.1039374
vt 0.4048275 0.1120736
vt 0.4048275 0.1039374
vt 0.4614973 0.1366166
vt 0.4829649 0.146813
vt 0.4829649 0.1366166
vt 0.4614973 0.146813
vt 0.4208611 0.1366166
vt 0.4208611 0.146813
vt 0.4018716 0.1366166
vt 0.4018716 0.146813
vt 0.4829649 0.1366166
vt 0.4614973 0.1254051
vt 0.4614973 0.1366166
vt 0.4829649 0.1254051
vt 0.4208611 0.1366166
vt 0.4018716 0.1254051
vt 0.4018716 0.1366166
vt 0.4208611 0.1254051
vt 0.4614973 0.1366166
vt 0.4208611 0.1254051
vt 0.4208611 0.1366166
vt 0.4614973 0.1254051
vt 0.4614973 0.146813
vt 0.4829649 0.1541878
vt 0.4829649 0.146813
vt 0.4614973 0.1541878
vt 0.4018716 0.146813
vt 0.4208611 0.1541878
vt 0.4208611 0.146813
vt 0.4018716 0.1541878
vt 0.4208611 0.146813
vt 0.4614973 0.1541878
vt 0.4614973 0.146813
vt 0.4208611 0.1541878
vt 0.4829649 0.146813
vt 0.4951767 0.1366166
vt 0.4829649 0.1366166
vt 0.4951767 0.146813
vt 0.4018716 0.1366166
vt 0.3919888 0.146813
vt 0.4018716 0.146813
vt 0.3919888 0.1366166
vt 0.7923495 0.4205923
vt 0.7923495 0.4110678
vt 0.7923495 0.4110678
vt 0.7923495 0.4205923
vt 0.7923495 0.4110678
vt 0.7862436 0.4299676
vt 0.7923495 0.4205923
vt 0.8504822 0.4110678
vt 0.7862436 0.4299676
vt 0.7862436 0.4016477
vt 0.8504822 0.4206073
vt 0.871711 0.4110529
vt 0.7862436 0.4299676
vt 0.7862436 0.4016477
vt 0.9086299 0.4016626
vt 0.871711 0.3922575
vt 0.9086299 0.382703
vt 0.8504822 0.3922575
vt 0.8504822 0.382718
vt 0.7923495 0.3922426
vt 0.7923495 0.3827329
vt 0.8487952 0.3743131
vt 0.7923495 0.3922426
vt 0.7923495 0.3827329
vt 0.7923495 0.3922426
vt 0.7923495 0.3827329
vt 0.7862436 0.3743131
vt 0.7862436 0.3743131
vt 0.7862436 0.3743131
vt 0.7862436 0.4016477
vt 0.911347 0.3743131
vt 0.8487952 0.4299826
vt 0.911347 0.4299975
vt 0.9086299 0.4206073
vt 0.9738986 0.3743131
vt 0.9667627 0.4206222
vt 0.9667627 0.3826881
vt 0.9738986 0.4299975
vt 0.7923495 0.4205923
vt 0.8504822 0.4110529
vt 0.7923495 0.4110678
vt 0.8504822 0.4206073
vt 0.7862436 0.4299676
vt 0.9086299 0.4206073
vt 0.8487952 0.4299826
vt 0.8487952 0.3743131
vt 0.911347 0.4299975
vt 0.7862436 0.3743131
vt 0.7923495 0.3827329
vt 0.8504822 0.382718
vt 0.7923495 0.3922426
vt 0.8504822 0.3923918
vt 0.9086299 0.4016626
vt 0.911347 0.3743131
vt 0.9086299 0.382703
vt 0.9738986 0.3743131
vt 0.9667627 0.3826881
vt 0.9667627 0.4016626
vt 0.9738986 0.4016477
vt 0.9667627 0.4206222
vt 0.9738986 0.4299975
vt 0.3442315 0.05556811
vt 0.3554281 0.05255249
vt 0.3540397 0.05204491
vt 0.3437538 0.05706099
vt 0.3497701 0.04341606
vt 0.3380659 0.04514781
vt 0.340141 0.04590917
vt 0.350621 0.04184854
vt 0.340141 0.04590917
vt 0.3437538 0.05706099
vt 0.3442315 0.05556811
vt 0.3380659 0.04514781
vt 0.3540397 0.05204491
vt 0.350621 0.04184854
vt 0.3497701 0.04341606
vt 0.3554281 0.05255249
vt 0.5095978 0.04946223
vt 0.5585793 0.02275459
vt 0.5095978 0.02275459
vt 0.5585793 0.04946223
vt 0.5095978 0.09181526
vt 0.5585793 0.09181526
vt 0.5975285 0.04946223
vt 0.5975285 0.02275459
vt 0.6094268 0.02275459
vt 0.5758071 0.06913839
vt 0.5758071 0.07346775
vt 0.5975285 0.07346775
vt 0.5975285 0.09181526
vt 0.6094268 0.07346775
vt 0.6094268 0.09181526
vt 0.6218326 0.07346775
vt 0.6218326 0.09181526
vt 0.647749 0.09181526
vt 0.647749 0.07346775
vt 0.6736655 0.07346775
vt 0.6736655 0.09181526
vt 0.6860713 0.09181526
vt 0.6860713 0.07346775
vt 0.6979845 0.09181526
vt 0.6979845 0.07346775
vt 0.7369188 0.09181526
vt 0.7196909 0.07346775
vt 0.7196909 0.06913839
vt 0.7357245 0.04946223
vt 0.7859002 0.09181526
vt 0.7859002 0.04946223
vt 0.6979845 0.04946223
vt 0.6979845 0.06913839
vt 0.7369188 0.02275459
vt 0.7859002 0.02275459
vt 0.6979845 0.02275459
vt 0.6860713 0.02275459
vt 0.6860713 0.04946223
vt 0.6860713 0.06913839
vt 0.6736655 0.04946223
vt 0.6736655 0.06913839
vt 0.6736655 0.02275459
vt 0.647749 0.06913839
vt 0.647749 0.04946223
vt 0.647749 0.02275459
vt 0.6218326 0.02275459
vt 0.6218326 0.04946223
vt 0.6218326 0.06913839
vt 0.6094268 0.06913839
vt 0.6094268 0.04946223
vt 0.5975285 0.06913839
vt 0.389212 0.07085521
vt 0.4043349 0.06041997
vt 0.389212 0.06041997
vt 0.4043349 0.07085521
vt 0.4129488 0.06041997
vt 0.4129488 0.07085521
vt 0.4228018 0.06041997
vt 0.4228018 0.07085521
vt 0.4416867 0.06041997
vt 0.4416867 0.07085521
vt 0.4605717 0.07085521
vt 0.4605717 0.06041997
vt 0.4704247 0.07085521
vt 0.4704247 0.06041997
vt 0.4790386 0.07085521
vt 0.4790386 0.06041997
vt 0.4941615 0.07085521
vt 0.4941615 0.06041997
vt 0.3899136 0.08172338
vt 0.39696 0.08487336
vt 0.39696 0.07784189
vt 0.4010505 0.07784189
vt 0.4010505 0.08487336
vt 0.4148149 0.08487336
vt 0.4148149 0.07784189
vt 0.4416569 0.08487336
vt 0.4416569 0.07784189
vt 0.468484 0.07784189
vt 0.468484 0.08487336
vt 0.4822483 0.07784189
vt 0.4822483 0.08487336
vt 0.4863537 0.08487336
vt 0.4863537 0.07784189
vt 0.4934151 0.08202196
vt 0.8202364 0.01718615
vt 0.8045015 0.02069442
vt 0.8202364 0.02557614
vt 0.8202364 0.07310946
vt 0.8202364 0.1206577
vt 0.8045015 0.1318394
vt 0.8202364 0.1334517
vt 0.8045015 0.218307
vt 0.8275366 0.2090661
vt 0.8275366 0.2054981
vt 0.8376733 0.1334517
vt 0.8275366 0.2210689
vt 0.8198782 0.2416407
vt 0.840674 0.251031
vt 0.8959404 0.2054981
vt 0.8959852 0.1334517
vt 0.9543121 0.1334517
vt 0.8959404 0.2210689
vt 0.8959106 0.2512997
vt 0.9511621 0.2511056
vt 0.9643442 0.2054981
vt 0.9643442 0.2210689
vt 0.9719728 0.2417303
vt 0.9859163 0.2184265
vt 0.9643442 0.2090661
vt 0.9696738 0.1334517
vt 0.9859163 0.1319588
vt 0.9696738 0.1207622
vt 0.9859163 0.02084371
vt 0.9696738 0.07322889
vt 0.9696738 0.02569557
vt 0.9696738 0.01730558
vt 0.4412538 0.05205984
vt 0.3887791 0.04246062
vt 0.3887791 0.05205984
vt 0.4412538 0.04246062
vt 0.4937286 0.04246062
vt 0.4937286 0.05205984
vt 0.8481384 0.0989363
vt 0.8953134 0.09387543
vt 0.8481384 0.09387543
vt 0.8953134 0.0989363
vt 0.9430707 0.0989363
vt 0.9430707 0.09387543
vt 0.8953134 0.121225
vt 0.8514078 0.1095357
vt 0.8481384 0.121225
vt 0.8953134 0.1095357
vt 0.9395325 0.1095357
vt 0.9430707 0.121225
vt 0.3442315 0.05556811
vt 0.3554281 0.05255249
vt 0.3540397 0.05204491
vt 0.3437538 0.05706099
vt 0.3497701 0.04341606
vt 0.3380659 0.04514781
vt 0.340141 0.04590917
vt 0.350621 0.04184854
vt 0.340141 0.04590917
vt 0.3437538 0.05706099
vt 0.3442315 0.05556811
vt 0.3380659 0.04514781
vt 0.3540397 0.05204491
vt 0.350621 0.04184854
vt 0.3497701 0.04341606
vt 0.3554281 0.05255249
vt 0.3668337 0.1011905
vt 0.3734024 0.1086699
vt 0.3731635 0.1074606
vt 0.3652214 0.1015638
vt 0.3767315 0.09995145
vt 0.3706704 0.0888892
vt 0.370969 0.09229297
vt 0.3786125 0.09987681
vt 0.370969 0.09229297
vt 0.3652214 0.1015638
vt 0.3668337 0.1011905
vt 0.3706704 0.0888892
vt 0.3731635 0.1074606
vt 0.3786125 0.09987681
vt 0.3767315 0.09995145
vt 0.3734024 0.1086699
vt 0.3442315 0.05556811
vt 0.3554281 0.05255249
vt 0.3540397 0.05204491
vt 0.3437538 0.05706099
vt 0.3497701 0.04341606
vt 0.3380659 0.04514781
vt 0.340141 0.04590917
vt 0.350621 0.04184854
vt 0.340141 0.04590917
vt 0.3437538 0.05706099
vt 0.3442315 0.05556811
vt 0.3380659 0.04514781
vt 0.3540397 0.05204491
vt 0.350621 0.04184854
vt 0.3497701 0.04341606
vt 0.3554281 0.05255249
vt 0.3442315 0.05556811
vt 0.3554281 0.05255249
vt 0.3540397 0.05204491
vt 0.3437538 0.05706099
vt 0.3497701 0.04341606
vt 0.3380659 0.04514781
vt 0.340141 0.04590917
vt 0.350621 0.04184854
vt 0.340141 0.04590917
vt 0.3437538 0.05706099
vt 0.3442315 0.05556811
vt 0.3380659 0.04514781
vt 0.3540397 0.05204491
vt 0.350621 0.04184854
vt 0.3497701 0.04341606
vt 0.3554281 0.05255249
vt 0.3762836 0.0657197
vt 0.3712228 0.06391332
vt 0.3712228 0.06391332
vt 0.3762836 0.0657197
vt 0.3750296 0.03745947
vt 0.3690133 0.03753411
vt 0.3690133 0.03753411
vt 0.3750296 0.03745947
vt 0.6889525 0.1067441
vt 0.6656337 0.1769244
vt 0.6889525 0.1769244
vt 0.6656337 0.1067441
vt 0.6568854 0.1067441
vt 0.6568854 0.1769244
vt 0.6340444 0.1067441
vt 0.6340444 0.1769244
vt 0.6111436 0.1769244
vt 0.6111436 0.1067441
vt 0.6023953 0.1769244
vt 0.6023953 0.1067441
vt 0.5793751 0.1067441
vt 0.5793751 0.1769244
vt 0.6396278 0.1872551
vt 0.6486447 0.2045277
vt 0.6486447 0.1872551
vt 0.6396278 0.2045277
vt 0.6267442 0.1872551
vt 0.6396278 0.2217854
vt 0.6486447 0.2217854
vt 0.6267442 0.2217854
vt 0.6267442 0.2045277
vt 0.6151146 0.1872551
vt 0.6151146 0.2217854
vt 0.6151146 0.2045277
vt 0.5976927 0.1872551
vt 0.5976927 0.2217854
vt 0.5976927 0.2045277
vt 0.580032 0.1872551
vt 0.580032 0.2217854
vt 0.580032 0.2045277
vt 0.6675446 0.2555992
vt 0.6889525 0.2555992
vt 0.6889525 0.2492246
vt 0.6682612 0.2492246
vt 0.656348 0.246209
vt 0.6693958 0.2438502
vt 0.6889525 0.2438502
vt 0.6889525 0.2215018
vt 0.6629018 0.2438502
vt 0.656348 0.2215018
vt 0.6629018 0.2215018
vt 0.6693958 0.2215018
vt 0.6693958 0.1990489
vt 0.6889525 0.1990489
vt 0.6889525 0.1935103
vt 0.6629018 0.1990489
vt 0.656348 0.1976754
vt 0.668933 0.1935103
vt 0.6667534 0.1871506
vt 0.6889525 0.1871506
vt 0.6802043 0.3098206
vt 0.6561838 0.2956382
vt 0.6650814 0.3055211
vt 0.6895497 0.3057898
vt 0.6895497 0.2697069
vt 0.6561838 0.2697069
vt 0.547935 0.21035
vt 0.547935 0.2278764
vt 0.5659242 0.2278764
vt 0.5659242 0.21035
vt 0.5659242 0.1492613
vt 0.547935 0.1492613
vt 0.5659242 0.1370645
vt 0.547935 0.1370645
vt 0.5276468 0.3155383
vt 0.5200182 0.213276
vt 0.5276468 0.213276
vt 0.5200182 0.3155383
vt 0.5115983 0.213276
vt 0.5115983 0.3155383
vt 0.5115983 0.325257
vt 0.5200182 0.325257
vt 0.5200182 0.3317361
vt 0.5115983 0.3317361
vt 0.5200182 0.3665053
vt 0.5115983 0.3665053
vt 0.5115983 0.3317361
vt 0.5200182 0.3317361
vt 0.5200182 0.325257
vt 0.5115983 0.325257
vt 0.5276468 0.3155383
vt 0.5200182 0.3155383
vt 0.5115983 0.3155383
vt 0.5115983 0.213276
vt 0.5200182 0.213276
vt 0.5276468 0.213276
vt 0.5200182 0.2049159
vt 0.5200182 0.1993922
vt 0.5276468 0.2049159
vt 0.5276468 0.1754912
vt 0.5200182 0.1754912
vt 0.5115983 0.1993922
vt 0.5115983 0.1754912
vt 0.5115983 0.1689673
vt 0.5200182 0.1689673
vt 0.5200182 0.1604579
vt 0.5276468 0.1689673
vt 0.5115983 0.1604579
vt 0.5276468 0.1604579
vt 0.5115983 0.1513215
vt 0.5276468 0.1513215
vt 0.5200182 0.1513215
vt 0.5115983 0.1342579
vt 0.5200182 0.1342579
vt 0.5276468 0.1342579
vt 0.5200182 0.1046242
vt 0.5276468 0.1162089
vt 0.5115983 0.1342579
vt 0.5115983 0.1046242
vt 0.5670588 0.1162089
vt 0.5670588 0.1046242
vt 0.5200182 0.1046242
vt 0.5115983 0.1342579
vt 0.5276468 0.1162089
vt 0.5276468 0.1342579
vt 0.5200182 0.1342579
vt 0.5276468 0.1513215
vt 0.5200182 0.1513215
vt 0.5200182 0.1604579
vt 0.5115983 0.1342579
vt 0.5115983 0.1513215
vt 0.5276468 0.1604579
vt 0.5115983 0.1604579
vt 0.5276468 0.1689673
vt 0.5115983 0.1689673
vt 0.5200182 0.1689673
vt 0.5276468 0.1754912
vt 0.5200182 0.1754912
vt 0.5115983 0.1754912
vt 0.5115983 0.1993922
vt 0.5200182 0.1993922
vt 0.5276468 0.2049159
vt 0.5200182 0.2049159
vt 0.6561838 0.2956233
vt 0.6802043 0.3098206
vt 0.6650814 0.3055211
vt 0.6895497 0.3057898
vt 0.6895497 0.2697069
vt 0.6561838 0.2697069
vt 0.547935 0.21035
vt 0.5659242 0.2278764
vt 0.547935 0.2278764
vt 0.5659242 0.21035
vt 0.5659242 0.1492613
vt 0.547935 0.1492613
vt 0.5659242 0.1370645
vt 0.547935 0.1370645
vt 0.1275697 0.6253558
vt 0.135915 0.6408519
vt 0.135915 0.6253558
vt 0.1275697 0.6408519
vt 0.1239271 0.6253558
vt 0.1239271 0.6408519
vt 0.1203143 0.6408519
vt 0.1203143 0.6253558
vt 0.1116109 0.6408519
vt 0.1116109 0.6253558
vt 0.4125905 0.9212896
vt 0.4460758 0.9112574
vt 0.4125905 0.9112574
vt 0.4460758 0.9212896
vt 0.4679167 0.9112574
vt 0.4125905 0.9301274
vt 0.4679167 0.9212896
vt 0.4460758 0.9301274
vt 0.4125905 0.9357854
vt 0.4679167 0.9301274
vt 0.4460758 0.9357854
vt 0.4679167 0.9357854
vt 0.4125905 0.9414434
vt 0.4460758 0.9414434
vt 0.4679167 0.9414434
vt 0.4679167 0.9469223
vt 0.4460758 0.9469223
vt 0.4125905 0.9469223
vt 0.4679167 0.9523863
vt 0.4460758 0.9523863
vt 0.4125905 0.9523863
vt 0.4679167 0.9632395
vt 0.4460758 0.9632395
vt 0.4125905 0.9632395
vt 0.4679167 0.9742868
vt 0.4460758 0.9742868
vt 0.4125905 0.9742868
vt 0.4679167 0.9825723
vt 0.4125905 0.9825723
vt 0.4460758 0.9825723
vt 0.4860701 0.9212896
vt 0.5096725 0.9112574
vt 0.4860701 0.9112574
vt 0.5096725 0.9212896
vt 0.5462331 0.9212896
vt 0.5462331 0.9414434
vt 0.4860701 0.9301274
vt 0.5096725 0.9301274
vt 0.4860701 0.9357854
vt 0.5096725 0.9357854
vt 0.4860701 0.9414434
vt 0.5096725 0.9414434
vt 0.4860701 0.9469223
vt 0.5096725 0.9469223
vt 0.5096725 0.9523863
vt 0.4860701 0.9523863
vt 0.5096725 0.9632395
vt 0.5462331 0.9632395
vt 0.4860701 0.9632395
vt 0.5096725 0.9742868
vt 0.4860701 0.9742868
vt 0.4860701 0.9825723
vt 0.3845393 0.9742868
vt 0.4011103 0.9825723
vt 0.4011103 0.9742868
vt 0.3845393 0.9632395
vt 0.4011103 0.9632395
vt 0.3494267 0.9630305
vt 0.3845393 0.9523863
vt 0.4011103 0.9523863
vt 0.4011103 0.9469223
vt 0.3494267 0.9558198
vt 0.3216293 0.9468477
vt 0.3256899 0.9442948
vt 0.3494267 0.9492064
vt 0.3293774 0.9414434
vt 0.3845393 0.9469223
vt 0.4011103 0.9414434
vt 0.3494267 0.9453249
vt 0.3845393 0.9414434
vt 0.4011103 0.9357854
vt 0.3270634 0.9419062
vt 0.3243613 0.9393086
vt 0.3282875 0.9397416
vt 0.3494267 0.9303215
vt 0.3494267 0.9226182
vt 0.3494267 0.9414434
vt 0.3494267 0.9346657
vt 0.3494267 0.9380546
vt 0.3845393 0.9357854
vt 0.3845393 0.9301274
vt 0.4011103 0.9301274
vt 0.4011103 0.9212896
vt 0.3845393 0.9212896
vt 0.3845393 0.9112574
vt 0.4011103 0.9112574
vt 0.1054005 0.55319
vt 0.09612968 0.55319
vt 0.1054005 0.5680441
vt 0.09612968 0.5680441
vt 0.08539587 0.5680441
vt 0.08539587 0.55319
vt 0.07558764 0.5680441
vt 0.07558764 0.55319
vt 0.06579434 0.55319
vt 0.06579434 0.5680441
vt 0.05549347 0.5680441
vt 0.05549347 0.55319
vt 0.04520752 0.5680441
vt 0.04520752 0.55319
vt 0.03427963 0.55319
vt 0.03427963 0.5680441
vt 0.01905225 0.55319
vt 0.01905225 0.5680441
vt 0.008915592 0.55319
vt 0.008915592 0.5680441
vt 0.09612968 0.5759414
vt 0.1054005 0.5883921
vt 0.1054005 0.5759414
vt 0.09612968 0.5883921
vt 0.08539587 0.5759414
vt 0.08539587 0.5883921
vt 0.07558764 0.5759414
vt 0.07558764 0.5883921
vt 0.06579434 0.5759414
vt 0.06579434 0.5883921
vt 0.05549347 0.5883921
vt 0.05549347 0.5759414
vt 0.04520752 0.5883921
vt 0.04520752 0.5759414
vt 0.03427963 0.5883921
vt 0.03427963 0.5759414
vt 0.01905225 0.5759414
vt 0.01905225 0.5883921
vt 0.008915592 0.5883921
vt 0.008915592 0.5759414
vt 0.4460758 0.9112574
vt 0.4125905 0.9212896
vt 0.4125905 0.9112574
vt 0.4460758 0.9212896
vt 0.4679167 0.9112574
vt 0.4125905 0.9301274
vt 0.4679167 0.9212896
vt 0.4460758 0.9301274
vt 0.4125905 0.9357854
vt 0.4679167 0.9301274
vt 0.4460758 0.9357854
vt 0.4679167 0.9357854
vt 0.4125905 0.9414434
vt 0.4460758 0.9414434
vt 0.4679167 0.9414434
vt 0.4679167 0.9469223
vt 0.4460758 0.9469223
vt 0.4125905 0.9469223
vt 0.4679167 0.9523863
vt 0.4460758 0.9523863
vt 0.4125905 0.9523863
vt 0.4679167 0.9632395
vt 0.4460758 0.9632395
vt 0.4125905 0.9632395
vt 0.4679167 0.9742868
vt 0.4460758 0.9742868
vt 0.4125905 0.9742868
vt 0.4679167 0.9825723
vt 0.4125905 0.9825723
vt 0.4460758 0.9825723
vt 0.5096725 0.9112574
vt 0.4860701 0.9212896
vt 0.4860701 0.9112574
vt 0.5096725 0.9212896
vt 0.5462331 0.9212896
vt 0.5462331 0.9414434
vt 0.4860701 0.9301274
vt 0.5096725 0.9301274
vt 0.4860701 0.9357854
vt 0.5096725 0.9357854
vt 0.4860701 0.9414434
vt 0.5096725 0.9414434
vt 0.4860701 0.9469223
vt 0.5096725 0.9469223
vt 0.5096725 0.9523863
vt 0.4860701 0.9523863
vt 0.5096725 0.9632395
vt 0.5462331 0.9632395
vt 0.4860701 0.9632395
vt 0.5096725 0.9742868
vt 0.4860701 0.9742868
vt 0.4860701 0.9825723
vt 0.3845393 0.9742868
vt 0.4011103 0.9742868
vt 0.4011103 0.9825723
vt 0.3845393 0.9632395
vt 0.4011103 0.9632395
vt 0.3494267 0.9630305
vt 0.3845393 0.9523863
vt 0.4011103 0.9523863
vt 0.4011103 0.9469223
vt 0.3494267 0.9558198
vt 0.3216293 0.9468477
vt 0.3256899 0.9442948
vt 0.3494267 0.9492064
vt 0.3293774 0.9414434
vt 0.3845393 0.9469223
vt 0.4011103 0.9414434
vt 0.3494267 0.9453249
vt 0.3845393 0.9414434
vt 0.4011103 0.9357854
vt 0.3270634 0.9419062
vt 0.3243613 0.9393086
vt 0.3282875 0.9397416
vt 0.3494267 0.9303215
vt 0.3494267 0.9226182
vt 0.3494267 0.9414434
vt 0.3494267 0.9346657
vt 0.3494267 0.9380546
vt 0.3845393 0.9357854
vt 0.3845393 0.9301274
vt 0.4011103 0.9301274
vt 0.4011103 0.9212896
vt 0.3845393 0.9212896
vt 0.3845393 0.9112574
vt 0.4011103 0.9112574
vt 0.1054005 0.55319
vt 0.1054005 0.5680441
vt 0.09612968 0.55319
vt 0.09612968 0.5680441
vt 0.08539587 0.5680441
vt 0.08539587 0.55319
vt 0.07558764 0.5680441
vt 0.07558764 0.55319
vt 0.06579434 0.55319
vt 0.06579434 0.5680441
vt 0.05549347 0.5680441
vt 0.05549347 0.55319
vt 0.04520752 0.5680441
vt 0.04520752 0.55319
vt 0.03427963 0.55319
vt 0.03427963 0.5680441
vt 0.01905225 0.55319
vt 0.01905225 0.5680441
vt 0.008915592 0.55319
vt 0.008915592 0.5680441
vt 0.1054005 0.5883921
vt 0.09612968 0.5759414
vt 0.1054005 0.5759414
vt 0.09612968 0.5883921
vt 0.08539587 0.5759414
vt 0.08539587 0.5883921
vt 0.07558764 0.5759414
vt 0.07558764 0.5883921
vt 0.06579434 0.5759414
vt 0.06579434 0.5883921
vt 0.05549347 0.5883921
vt 0.05549347 0.5759414
vt 0.04520752 0.5883921
vt 0.04520752 0.5759414
vt 0.03427963 0.5883921
vt 0.03427963 0.5759414
vt 0.01905225 0.5759414
vt 0.01905225 0.5883921
vt 0.008915592 0.5883921
vt 0.008915592 0.5759414
vt 0.7923495 0.4110678
vt 0.7923495 0.4110678
vt 0.7923495 0.4110678
vt 0.7923495 0.4110678
vt 0.7923495 0.4110678
vt 0.7923495 0.3922426
vt 0.7923495 0.3922426
vt 0.7923495 0.3922426
vt 0.7923495 0.3922426
vt 0.7923495 0.3922426
vt 0.7923495 0.3922426
vt 0.7923495 0.4110678
vt 0.8504822 0.4110678
vt 0.8504822 0.3922575
vt 0.8504822 0.3922575
vt 0.8504822 0.4110678
vt 0.871711 0.4110529
vt 0.871711 0.4110529
vt 0.871711 0.3922575
vt 0.871711 0.3922575
vt 0.8504822 0.4110529
vt 0.7923495 0.4110678
vt 0.7923495 0.4110678
vt 0.8504822 0.4110529
vt 0.8504822 0.3923918
vt 0.8504822 0.3923918
vt 0.7923495 0.3922426
vt 0.7923495 0.3922426
vt 0.599723 0.9488183
vt 0.7036873 0.9859462
vt 0.561147 0.9859462
vt 0.6710081 0.9488183
vt 0.638314 0.9117053
vt 0.6710081 0.9488183
vt 0.561147 0.9859462
vt 0.7036873 0.9859462
vt 0.599723 0.9488183
vt 0.638314 0.9117053
vt 0.4829649 0.146813
vt 0.4614973 0.1366166
vt 0.4829649 0.1366166
vt 0.4614973 0.146813
vt 0.4208611 0.1366166
vt 0.4208611 0.146813
vt 0.4018716 0.1366166
vt 0.4018716 0.146813
vt 0.4829649 0.1366166
vt 0.4614973 0.1254051
vt 0.4829649 0.1254051
vt 0.4614973 0.1366166
vt 0.4208611 0.1366166
vt 0.4018716 0.1254051
vt 0.4208611 0.1254051
vt 0.4018716 0.1366166
vt 0.4614973 0.1366166
vt 0.4208611 0.1254051
vt 0.4614973 0.1254051
vt 0.4208611 0.1366166
vt 0.4614973 0.146813
vt 0.4829649 0.1541878
vt 0.4614973 0.1541878
vt 0.4829649 0.146813
vt 0.4018716 0.146813
vt 0.4208611 0.1541878
vt 0.4018716 0.1541878
vt 0.4208611 0.146813
vt 0.4208611 0.146813
vt 0.4614973 0.1541878
vt 0.4208611 0.1541878
vt 0.4614973 0.146813
vt 0.4829649 0.146813
vt 0.4951767 0.1366166
vt 0.4951767 0.146813
vt 0.4829649 0.1366166
vt 0.4018716 0.1366166
vt 0.3919888 0.146813
vt 0.3919888 0.1366166
vt 0.4018716 0.146813
vt 0.7923495 0.4110678
vt 0.7923495 0.4205923
vt 0.7923495 0.4110678
vt 0.7923495 0.4205923
vt 0.7862436 0.4299676
vt 0.8504822 0.4110678
vt 0.7862436 0.4299676
vt 0.7862436 0.4016477
vt 0.8504822 0.4206073
vt 0.871711 0.4110529
vt 0.9086299 0.4016626
vt 0.871711 0.3922575
vt 0.9086299 0.382703
vt 0.8504822 0.3922575
vt 0.8504822 0.382718
vt 0.7923495 0.3922426
vt 0.7923495 0.3827329
vt 0.8487952 0.3743131
vt 0.7923495 0.3922426
vt 0.7923495 0.3827329
vt 0.7862436 0.3743131
vt 0.7862436 0.3743131
vt 0.7862436 0.4016477
vt 0.911347 0.3743131
vt 0.911347 0.4299975
vt 0.8487952 0.4299826
vt 0.9086299 0.4206073
vt 0.9738986 0.3743131
vt 0.9667627 0.4206222
vt 0.9667627 0.3826881
vt 0.9738986 0.4016477
vt 0.9738986 0.4299975
vt 0.9667627 0.4016626
vt 0.8504822 0.4110529
vt 0.7923495 0.4205923
vt 0.7923495 0.4110678
vt 0.8504822 0.4206073
vt 0.7862436 0.4299676
vt 0.9086299 0.4206073
vt 0.8487952 0.4299826
vt 0.8487952 0.3743131
vt 0.7862436 0.3743131
vt 0.7923495 0.3827329
vt 0.911347 0.4299975
vt 0.9086299 0.4016626
vt 0.911347 0.3743131
vt 0.8504822 0.3923918
vt 0.8504822 0.382718
vt 0.7923495 0.3922426
vt 0.9086299 0.382703
vt 0.7923495 0.4110678
vt 0.7923495 0.4110678
vt 0.7923495 0.4110678
vt 0.7923495 0.4110678
vt 0.8504822 0.4110678
vt 0.7923495 0.3922426
vt 0.7923495 0.3922426
vt 0.7923495 0.3922426
vt 0.7923495 0.3922426
vt 0.8504822 0.3922575
vt 0.8504822 0.3922575
vt 0.8504822 0.4110678
vt 0.871711 0.4110529
vt 0.871711 0.4110529
vt 0.871711 0.3922575
vt 0.871711 0.3922575
vt 0.7923495 0.4110678
vt 0.8504822 0.4110529
vt 0.7923495 0.4110678
vt 0.8504822 0.4110529
vt 0.8504822 0.3923918
vt 0.8504822 0.3923918
vt 0.7923495 0.3922426
vt 0.7923495 0.3922426
vt 0.1239271 0.6154431
vt 0.1116109 0.5963491
vt 0.1116109 0.6154431
vt 0.1239271 0.5963491
vt 0.135915 0.5963491
vt 0.135915 0.6154431
vt 0.4769337 0.5939605
vt 0.4868165 0.5939605
vt 0.4769337 0.5835104
vt 0.4670508 0.6044107
vt 0.4571679 0.6044107
vt 0.4670508 0.6148609
vt 0.4472851 0.6044107
vt 0.4571679 0.6148609
vt 0.4571679 0.6044107
vt 0.4670508 0.5939605
vt 0.4769337 0.5939605
vt 0.4712756 0.5879741
vt 0.4670508 0.5835104
vt 0.4820542 0.5730751
vt 0.4670508 0.6044107
vt 0.4769337 0.6148609
vt 0.4769337 0.6044107
vt 0.4868165 0.5939605
vt 0.4868165 0.5960058
vt 0.4712756 0.5879741
vt 0.4769337 0.5939605
vt 0.4769337 0.5939605
vt 0.4712756 0.5879741
vt 0.4769337 0.5939605
vt 0.4769337 0.5835104
vt 0.4769337 0.5835104
vt 0.4769337 0.5939605
vt 0.4769337 0.5835104
vt 0.4868165 0.5939605
vt 0.4868165 0.5939605
vt 0.4769337 0.5835104
vt 0.4769337 0.5939605
vt 0.4571679 0.6044107
vt 0.4571679 0.6044107
vt 0.4769337 0.5939605
vt 0.4472851 0.6044107
vt 0.4670508 0.5939605
vt 0.4670508 0.5939605
vt 0.4472851 0.6044107
vt 0.4571679 0.6044107
vt 0.4571679 0.6148609
vt 0.4571679 0.6148609
vt 0.4571679 0.6044107
vt 0.4571679 0.6148609
vt 0.4472851 0.6044107
vt 0.4472851 0.6044107
vt 0.4571679 0.6148609
vt 0.4670508 0.6044107
vt 0.4670508 0.6148609
vt 0.4670508 0.6148609
vt 0.4670508 0.6044107
vt 0.4670508 0.6148609
vt 0.4571679 0.6044107
vt 0.4571679 0.6044107
vt 0.4670508 0.6148609
vt 0.4769337 0.6044107
vt 0.4769337 0.6148609
vt 0.4769337 0.6148609
vt 0.4769337 0.6044107
vt 0.4769337 0.6148609
vt 0.4670508 0.6044107
vt 0.4670508 0.6044107
vt 0.4769337 0.6148609
vt 0.4769337 0.6044107
vt 0.4868165 0.6044107
vt 0.4868165 0.6044107
vt 0.4769337 0.6044107
vt 0.4868165 0.6044107
vt 0.4868165 0.6148609
vt 0.4868165 0.6148609
vt 0.4868165 0.6044107
vt 0.4868165 0.6148609
vt 0.4769337 0.6044107
vt 0.4769337 0.6044107
vt 0.4868165 0.6148609
vt 0.4670508 0.5939605
vt 0.4670508 0.5835104
vt 0.4670508 0.5835104
vt 0.4670508 0.5939605
vt 0.4670508 0.5835104
vt 0.4820542 0.5730751
vt 0.4820542 0.5730751
vt 0.4670508 0.5835104
vt 0.4820542 0.5730751
vt 0.4712756 0.5879741
vt 0.4712756 0.5879741
vt 0.4820542 0.5730751
vt 0.4868165 0.5939605
vt 0.4868165 0.5960058
vt 0.4868165 0.5960058
vt 0.4868165 0.5939605
vt 0.4670508 0.6044107
vt 0.4670508 0.6044107
vt 0.4868165 0.5960058
vt 0.4769337 0.6044107
vt 0.4769337 0.6044107
vt 0.4868165 0.5960058
vt 0.4868165 0.5939605
vt 0.4670508 0.6044107
vt 0.4670508 0.6044107
vt 0.4868165 0.5939605
vt 0.4571679 0.6044107
vt 0.4769337 0.5939605
vt 0.4769337 0.5939605
vt 0.4571679 0.6044107
vt 0.3584139 0.5841225
vt 0.3584139 0.6010368
vt 0.3546817 0.592602
vt 0.3759702 0.6009771
vt 0.3672219 0.6045003
vt 0.3759851 0.5840926
vt 0.3672368 0.5805992
vt 0.3795381 0.5925423
vt 0.2666465 0.6157566
vt 0.2765891 0.6348506
vt 0.2666465 0.6348506
vt 0.2765891 0.6157566
vt 0.2865167 0.6348506
vt 0.2865167 0.6157566
vt 0.2964593 0.6348506
vt 0.2964593 0.6157566
vt 0.3064318 0.6348506
vt 0.3064318 0.6157566
vt 0.3163893 0.6348506
vt 0.3163893 0.6157566
vt 0.3263468 0.6348506
vt 0.3263468 0.6157566
vt 0.3363043 0.6348506
vt 0.3363043 0.6157566
vt 0.3462618 0.6348506
vt 0.3462618 0.6157566
vt 0.3546817 0.592602
vt 0.3672219 0.6045003
vt 0.3584139 0.6010368
vt 0.3795381 0.5925423
vt 0.3759702 0.6009771
vt 0.3672368 0.5805992
vt 0.3584139 0.5841225
vt 0.3759851 0.5840926
vt 0.3584139 0.5841225
vt 0.3584139 0.6010368
vt 0.3546817 0.592602
vt 0.3759702 0.6009771
vt 0.3672219 0.6045003
vt 0.3759851 0.5840926
vt 0.3672368 0.5805992
vt 0.3795381 0.5925423
vt 0.2666465 0.6157566
vt 0.2765891 0.6348506
vt 0.2666465 0.6348506
vt 0.2765891 0.6157566
vt 0.2865167 0.6348506
vt 0.2865167 0.6157566
vt 0.2964593 0.6348506
vt 0.2964593 0.6157566
vt 0.3064318 0.6348506
vt 0.3064318 0.6157566
vt 0.3163893 0.6348506
vt 0.3163893 0.6157566
vt 0.3263468 0.6348506
vt 0.3263468 0.6157566
vt 0.3363043 0.6348506
vt 0.3363043 0.6157566
vt 0.3462618 0.6348506
vt 0.3462618 0.6157566
vt 0.3584139 0.5841225
vt 0.3584139 0.6010368
vt 0.3546817 0.592602
vt 0.3759702 0.6009771
vt 0.3672219 0.6045003
vt 0.3759851 0.5840926
vt 0.3672368 0.5805992
vt 0.3795381 0.5925423
vt 0.1116109 0.5963491
vt 0.1239271 0.6154431
vt 0.1116109 0.6154431
vt 0.1239271 0.5963491
vt 0.135915 0.5963491
vt 0.135915 0.6154431
vt 0.7036873 0.9859462
vt 0.638314 0.9488183
vt 0.638314 0.9859462
vt 0.6710081 0.9488183
vt 0.561147 0.9859462
vt 0.638314 0.9117053
vt 0.599723 0.9488183
vt 0.4656326 0.01649943
vt 0.4944004 0.03068179
vt 0.4944004 0.01649943
vt 0.4656326 0.01649943
vt 0.4656326 0.03068179
vt 0.4656326 0.03068179
vt 0.4402984 0.01649943
vt 0.4402984 0.01649943
vt 0.4402984 0.03068179
vt 0.4402984 0.03068179
vt 0.4141133 0.01649943
vt 0.4141133 0.03068179
vt 0.3842258 0.03068179
vt 0.3842258 0.01649943
vt 0.4141133 0.01649943
vt 0.4141133 0.03068179
vt 0.3842258 0.03068179
vt 0.3842258 0.01649943
vt 0.3541591 0.03068179
vt 0.3541591 0.01649943
vt 0.3244956 0.01649943
vt 0.3244956 0.03068179
vt 0.3541591 0.03068179
vt 0.3541591 0.01649943
vt 0.3244956 0.01649943
vt 0.3244956 0.03068179
vt 0.2925928 0.01649943
vt 0.2925928 0.03068179
vt 0.4177111 0.8963286
vt 0.4462699 0.875488
vt 0.4462699 0.8963286
vt 0.4730522 0.8963286
vt 0.4177111 0.875488
vt 0.4730522 0.875488
vt 0.3942281 0.8963286
vt 0.3942281 0.875488
vt 0.3771943 0.8963286
vt 0.4954304 0.875488
vt 0.4954304 0.8963286
vt 0.3771943 0.875488
vt 0.5174654 0.8962091
vt 0.5040593 0.875488
vt 0.4954304 0.875488
vt 0.4954304 0.8963286
vt 0.4730522 0.8963286
vt 0.4730522 0.875488
vt 0.4462699 0.875488
vt 0.4462699 0.8963286
vt 0.4177111 0.8963286
vt 0.4177111 0.875488
vt 0.3942281 0.8963286
vt 0.3942281 0.875488
vt 0.3771943 0.8963286
vt 0.3771943 0.875488
vt 0.3502329 0.8963286
vt 0.3502329 0.8945819
vt 0.3506509 0.875488
vt 0.4670508 0.5643865
vt 0.5405602 0.5320358
vt 0.4633634 0.5320358
vt 0.5405602 0.5320358
vt 0.5439938 0.5643865
vt 0.5439938 0.5643865
vt 0.6241913 0.5320358
vt 0.6241913 0.5320358
vt 0.6220864 0.5643865
vt 0.6220864 0.5643865
vt 0.685713 0.5320358
vt 0.685713 0.5320358
vt 0.6851606 0.5641477
vt 0.6851606 0.5641477
vt 0.7640145 0.5320358
vt 0.7661494 0.5643865
vt 0.8196542 0.5643865
vt 0.8211919 0.5320358
vt 0.8818476 0.5643865
vt 0.8828329 0.5320358
vt 0.7640145 0.5320358
vt 0.7661494 0.5643865
vt 0.8196542 0.5643865
vt 0.8211919 0.5320358
vt 0.8818476 0.5643865
vt 0.8828329 0.5320358
vt 0.9851251 0.5643865
vt 0.9862 0.5320358
vt 0.7084346 0.416263
vt 0.7532658 0.3868383
vt 0.7074792 0.402215
vt 0.6944016 0.4096346
vt 0.7532658 0.3921231
vt 0.7677318 0.3822253
vt 0.6919532 0.4264594
vt 0.6413894 0.4474642
vt 0.7687768 0.3879729
vt 0.7532658 0.3921231
vt 0.7532658 0.3868383
vt 0.7084346 0.416263
vt 0.7074792 0.402215
vt 0.6944016 0.4096346
vt 0.7693591 0.3962882
vt 0.7532658 0.3988112
vt 0.7532658 0.3988112
vt 0.6919532 0.4264594
vt 0.6413894 0.4474642
vt 0.7693591 0.4265937
vt 0.7174068 0.430938
vt 0.7532658 0.4269669
vt 0.7017465 0.4382083
vt 0.6538848 0.4574367
vt 0.7174068 0.430938
vt 0.7017465 0.4382083
vt 0.7532658 0.4269669
vt 0.7693591 0.4549585
vt 0.7532658 0.4535104
vt 0.7171829 0.4498677
vt 0.7532658 0.4535104
vt 0.7688814 0.4676927
vt 0.7171829 0.4498677
vt 0.6538848 0.4574367
vt 0.6975814 0.4534805
vt 0.7532658 0.468275
vt 0.6951779 0.464065
vt 0.7532658 0.468275
vt 0.6975814 0.4534805
vt 0.6920279 0.4687975
vt 0.6888928 0.4735299
vt 0.7693591 0.4839054
vt 0.6399562 0.4767844
vt 0.7532658 0.4840547
vt 0.7532658 0.4840547
vt 0.6399562 0.4767844
vt 0.692013 0.4874137
vt 0.7693591 0.4958634
vt 0.7532658 0.4981923
vt 0.7532658 0.4981923
vt 0.6933715 0.5058358
vt 0.692013 0.4874137
vt 0.6933715 0.5058358
vt 0.6368212 0.4920864
vt 0.6362091 0.5133599
vt 0.5769566 0.4931314
vt 0.6368212 0.4920864
vt 0.6362091 0.5133599
vt 0.5769566 0.4931314
vt 0.5871381 0.4710517
vt 0.5871381 0.4710517
vt 0.5956177 0.4530774
vt 0.5992005 0.4074849
vt 0.5684621 0.4009759
vt 0.5557278 0.4480763
vt 0.5415007 0.4627513
vt 0.5573551 0.4333266
vt 0.5337079 0.4025882
vt 0.5223172 0.4235483
vt 0.5147334 0.4341477
vt 0.480845 0.3979006
vt 0.4793372 0.4023494
vt 0.5147334 0.4341477
vt 0.527184 0.4127547
vt 0.4885931 0.387331
vt 0.4853983 0.3904959
vt 0.527184 0.4127547
vt 0.5337079 0.4025882
vt 0.5223172 0.4235483
vt 0.5415007 0.4627513
vt 0.5573551 0.4333266
vt 0.5684621 0.4009759
vt 0.5557278 0.4480763
vt 0.5956177 0.4530774
vt 0.5992005 0.4074849
vt 0.3605785 0.8392856
vt 0.3460976 0.8663963
vt 0.3463514 0.8657992
vt 0.3605785 0.8392856
vt 0.3605785 0.8663963
vt 0.3605785 0.8663963
vt 0.3821954 0.8392856
vt 0.3821954 0.8392856
vt 0.3821954 0.8663963
vt 0.3821954 0.8663963
vt 0.4119784 0.8392856
vt 0.4119784 0.8392856
vt 0.4119784 0.8663963
vt 0.4119784 0.8663963
vt 0.4482106 0.8392856
vt 0.4482106 0.8663963
vt 0.4822035 0.8663963
vt 0.4822035 0.8392856
vt 0.510613 0.8663963
vt 0.4482106 0.8392856
vt 0.4482106 0.8663963
vt 0.4822035 0.8663963
vt 0.4822035 0.8392856
vt 0.510613 0.8663963
vt 0.5361264 0.8392856
vt 0.5215558 0.8663963
vt 0.3641764 0.2079464
vt 0.3580705 0.2409092
vt 0.3641465 0.2409092
vt 0.3580705 0.2409092
vt 0.3580705 0.2079464
vt 0.3580705 0.2079464
vt 0.349994 0.2079464
vt 0.349994 0.2079464
vt 0.349994 0.2409092
vt 0.349994 0.2409092
vt 0.3419175 0.2079464
vt 0.3419175 0.2079464
vt 0.3419175 0.2409092
vt 0.3419175 0.2409092
vt 0.3305119 0.2079464
vt 0.3305119 0.2079464
vt 0.3305119 0.2409092
vt 0.3305119 0.2409092
vt 0.3201663 0.2079464
vt 0.3201663 0.2079464
vt 0.3201663 0.2409092
vt 0.3201663 0.2409092
vt 0.3120898 0.2079464
vt 0.3120898 0.2079464
vt 0.3120898 0.2409092
vt 0.3120898 0.2409092
vt 0.3026249 0.2079464
vt 0.3026249 0.2079464
vt 0.3026249 0.2409092
vt 0.3026249 0.2409092
vt 0.2929361 0.2079464
vt 0.2930854 0.2409092
vt 0.09657754 0.4205028
vt 0.093756 0.4036481
vt 0.09811521 0.4036481
vt 0.09811521 0.3911229
vt 0.093756 0.3911229
vt 0.09811521 0.3779855
vt 0.093756 0.3779855
vt 0.09811521 0.3646989
vt 0.093756 0.3646989
vt 0.09811521 0.3330797
vt 0.093756 0.3330797
vt 0.09811521 0.3646989
vt 0.093756 0.3646989
vt 0.093756 0.3779855
vt 0.09811521 0.3779855
vt 0.09811521 0.3911229
vt 0.093756 0.3911229
vt 0.09811521 0.4036481
vt 0.093756 0.4036481
vt 0.4937136 0.4893246
vt 0.4751123 0.4500618
vt 0.4666925 0.4571231
vt 0.4406716 0.426116
vt 0.5021335 0.4822632
vt 0.514599 0.5142109
vt 0.4538239 0.4246978
vt 0.4448666 0.4140237
vt 0.4593923 0.4135161
vt 0.4838905 0.4427019
vt 0.5109116 0.4749033
vt 0.5219887 0.5059254
vt 0.5293188 0.5146737
vt 0.533469 0.5017901
vt 0.09657754 0.4205028
vt 0.09811521 0.4036481
vt 0.093756 0.4036481
vt 0.09811521 0.3911229
vt 0.093756 0.3911229
vt 0.09811521 0.3779855
vt 0.093756 0.3779855
vt 0.09811521 0.3646989
vt 0.093756 0.3646989
vt 0.09811521 0.3330797
vt 0.093756 0.3330797
vt 0.09811521 0.3646989
vt 0.093756 0.3646989
vt 0.093756 0.3779855
vt 0.09811521 0.3779855
vt 0.09811521 0.3911229
vt 0.093756 0.3911229
vt 0.09811521 0.4036481
vt 0.093756 0.4036481
vt 0.4751123 0.4500618
vt 0.4937136 0.4893246
vt 0.4666925 0.4571231
vt 0.4406716 0.426116
vt 0.5021335 0.4822632
vt 0.514599 0.5142109
vt 0.4538239 0.4246978
vt 0.4448666 0.4140237
vt 0.4593923 0.4135161
vt 0.4838905 0.4427019
vt 0.5109116 0.4749033
vt 0.5219887 0.5059254
vt 0.5293188 0.5146737
vt 0.533469 0.5017901
vt 0.7824965 0.2106933
vt 0.7431142 0.2113353
vt 0.7361276 0.2306084
vt 0.780063 0.2240696
vt 0.7205718 0.228175
vt 0.7153168 0.2490753
vt 0.7198552 0.2187698
vt 0.7103156 0.2276226
vt 0.7057176 0.2472092
vt 0.7036574 0.2835907
vt 0.779018 0.2528075
vt 0.7946336 0.2243084
vt 0.794126 0.2535539
vt 0.7772116 0.2850388
vt 0.7928421 0.2853523
vt 0.792872 0.3171656
vt 0.7292752 0.2502696
vt 0.7273793 0.2840535
vt 0.7146898 0.2838146
vt 0.7139583 0.318539
vt 0.7042844 0.3200319
vt 0.7081062 0.3397827
vt 0.7777491 0.3173298
vt 0.79223 0.3464111
vt 0.7279316 0.3178971
vt 0.7183772 0.3396334
vt 0.7172874 0.3489938
vt 0.7402479 0.357339
vt 0.7340226 0.3378121
vt 0.7795554 0.3595484
vt 0.7776595 0.3460827
vt 0.8546324 0.08073808
vt 0.8682774 0.06801873
vt 0.8546324 0.06801873
vt 0.8546324 0.0540603
vt 0.8682774 0.08073808
vt 0.8682774 0.0540603
vt 0.8791455 0.06801873
vt 0.8791455 0.0540603
vt 0.8791455 0.08073808
vt 0.8972243 0.0540603
vt 0.8972243 0.06801873
vt 0.8972243 0.08073808
vt 0.9150344 0.08073808
vt 0.9150344 0.06801873
vt 0.9150344 0.0540603
vt 0.926022 0.0540603
vt 0.926022 0.08073808
vt 0.926022 0.06801873
vt 0.939443 0.08073808
vt 0.939443 0.0540603
vt 0.939443 0.06801873
vt 0.78699 0.1441855
vt 0.7758979 0.1796414
vt 0.7848701 0.175536
vt 0.7802272 0.1835975
vt 0.7708221 0.1894347
vt 0.7778386 0.145753
vt 0.7502502 0.1476789
vt 0.7871243 0.1072069
vt 0.7791225 0.1061618
vt 0.7657164 0.1028924
vt 0.7502502 0.1024147
vt 0.734769 0.1029074
vt 0.7502502 0.1847919
vt 0.7226618 0.145753
vt 0.7213779 0.1061618
vt 0.7133611 0.1072069
vt 0.7134955 0.1442004
vt 0.7246025 0.1796414
vt 0.7156154 0.175536
vt 0.7202582 0.1835975
vt 0.7296783 0.1894347
vt 0.7502502 0.1844634
vt 0.7502502 0.192107
vt 0.8371956 0.2845163
vt 0.8527663 0.2641086
vt 0.8284921 0.2641086
vt 0.8208635 0.2641086
vt 0.8573047 0.2845163
vt 0.8963286 0.2641086
vt 0.8333141 0.2845163
vt 0.8315973 0.3135677
vt 0.8208635 0.3121047
vt 0.8298954 0.3426192
vt 0.8208635 0.3601008
vt 0.8298954 0.3494864
vt 0.8285518 0.3601008
vt 0.833971 0.3494864
vt 0.8504374 0.3601008
vt 0.8544234 0.3494864
vt 0.8962987 0.3601008
vt 0.8962987 0.3494864
vt 0.938174 0.3494864
vt 0.9421451 0.3601008
vt 0.9586265 0.3494864
vt 0.9640307 0.3601008
vt 0.962702 0.3494864
vt 0.9717489 0.3601008
vt 0.962702 0.342664
vt 0.9610151 0.3135827
vt 0.9717489 0.3121047
vt 0.9717489 0.2641086
vt 0.9541031 0.3234058
vt 0.9549391 0.3354534
vt 0.9555213 0.3426938
vt 0.952222 0.3426938
vt 0.9515502 0.3354534
vt 0.933367 0.3426938
vt 0.9493109 0.3211068
vt 0.9335759 0.3354534
vt 0.896448 0.3426938
vt 0.9319039 0.319793
vt 0.9531327 0.3091936
vt 0.8962987 0.3354534
vt 0.9472806 0.3081784
vt 0.9522967 0.297161
vt 0.8590066 0.3354534
vt 0.8595291 0.3426938
vt 0.8410323 0.3354534
vt 0.840674 0.3426938
vt 0.8607084 0.319793
vt 0.8962987 0.3188973
vt 0.9305454 0.3071633
vt 0.8376583 0.3354534
vt 0.8373747 0.3426938
vt 0.8432865 0.3211814
vt 0.8384944 0.3234058
vt 0.8963137 0.3062228
vt 0.9450412 0.2938319
vt 0.8620819 0.3071483
vt 0.8453467 0.3080739
vt 0.8394946 0.3091787
vt 0.8403306 0.2971311
vt 0.847586 0.293802
vt 0.8637689 0.291488
vt 0.8963286 0.2845163
vt 0.8963137 0.2896667
vt 0.9288585 0.291503
vt 0.9353375 0.2845163
vt 0.9398759 0.2641086
vt 0.9554467 0.2841879
vt 0.9641501 0.2641086
vt 0.9593281 0.2845163
vt 0.9680167 0.4872644
vt 0.9680316 0.4436126
vt 0.9680167 0.4872644
vt 0.976138 0.4944302
vt 0.976138 0.4944302
vt 0.9761529 0.4357899
vt 0.9761529 0.4357899
vt 0.9680316 0.4436126
vt 0.9761529 0.4357899
vt 0.9680316 0.4436126
vt 0.976138 0.4944302
vt 0.9680167 0.4872644
vt 0.9126458 0.4357899
vt 0.9126309 0.4944451
vt 0.9100332 0.4872793
vt 0.9100481 0.4435976
vt 0.8810415 0.4872793
vt 0.8810564 0.4654385
vt 0.8650079 0.4944451
vt 0.8810564 0.4435976
vt 0.8520497 0.4872943
vt 0.8650079 0.435775
vt 0.8520647 0.4435976
vt 0.7856166 0.4944601
vt 0.7856315 0.43576
vt 0.7940812 0.4435827
vt 0.7940513 0.4873092
vt 0.8786827 0.985782
vt 0.9062264 0.985782
vt 0.9062264 0.9659266
vt 0.927918 0.985782
vt 0.8786827 0.9659266
vt 0.927918 0.9659266
vt 0.8517362 0.985782
vt 0.8517362 0.9659266
vt 0.9062264 0.9659266
vt 0.9062264 0.985782
vt 0.8786827 0.985782
vt 0.8786827 0.9659266
vt 0.8517362 0.985782
vt 0.8517362 0.9659266
vt 0.8269843 0.985782
vt 0.8269843 0.9659266
vt 0.1285103 0.5529362
vt 0.1380647 0.5686562
vt 0.1368256 0.5534438
vt 0.1211354 0.5616695
vt 0.1440362 0.5631176
vt 0.1215982 0.5747621
vt 0.1430808 0.5749562
vt 0.1264053 0.5805992
vt 0.1356164 0.58045
vt 0.1285103 0.5529362
vt 0.1368256 0.5534438
vt 0.1380647 0.5686562
vt 0.1211354 0.5616695
vt 0.1440362 0.5631176
vt 0.1215982 0.5747621
vt 0.1430808 0.5749562
vt 0.1264053 0.5805992
vt 0.1356164 0.58045
vt 0.3271977 0.5655062
vt 0.3090144 0.5707015
vt 0.3309001 0.5757026
vt 0.3196886 0.5551158
vt 0.3311091 0.5888997
vt 0.3090144 0.5476364
vt 0.3194796 0.5939755
vt 0.2983404 0.5551158
vt 0.3090144 0.595125
vt 0.2908162 0.5655062
vt 0.2985494 0.5939755
vt 0.2871139 0.5757176
vt 0.2869198 0.5888997
vt 0.3056107 0.5591466
vt 0.3126571 0.5654764
vt 0.3124779 0.5592361
vt 0.318957 0.5671036
vt 0.3092234 0.5654316
vt 0.3018636 0.5617143
vt 0.3158966 0.5694026
vt 0.3194198 0.5722242
vt 0.3128362 0.5717166
vt 0.3073424 0.5667155
vt 0.3161206 0.5719704
vt 0.3064318 0.5686263
vt 0.3000273 0.5655212
vt 0.3159414 0.5745232
vt 0.3190466 0.5773448
vt 0.3126869 0.585272
vt 0.3060138 0.5720152
vt 0.2991913 0.5723138
vt 0.3001318 0.5791064
vt 0.3127616 0.5784943
vt 0.3058346 0.5854362
vt 0.309328 0.5785839
vt 0.3020278 0.5828983
vt 0.307432 0.5773149
vt 0.3064915 0.575404
vt 0.3180613 0.06948176
vt 0.326302 0.06150977
vt 0.3214501 0.06164414
vt 0.3214651 0.07269146
vt 0.3208679 0.05061175
vt 0.3104028 0.07327367
vt 0.3176433 0.05401552
vt 0.3105372 0.07811061
vt 0.3096415 0.04580467
vt 0.3025503 0.06989977
vt 0.3097758 0.0506416
vt 0.2993256 0.0732886
vt 0.2987136 0.05122383
vt 0.2987285 0.06227115
vt 0.3021173 0.05443352
vt 0.2938766 0.06239057
vt 0.1278235 0.5500997
vt 0.1368256 0.5534438
vt 0.1377064 0.5507118
vt 0.1285103 0.5529362
vt 0.1440362 0.5631176
vt 0.1190305 0.56052
vt 0.1463203 0.5622368
vt 0.1211354 0.5616695
vt 0.1430808 0.5749562
vt 0.1195679 0.5761057
vt 0.1451857 0.5763296
vt 0.1215982 0.5747621
vt 0.1356164 0.58045
vt 0.1253006 0.5830625
vt 0.1362732 0.5828834
vt 0.1264053 0.5805992
vt 0.326302 0.06150977
vt 0.3180613 0.06948176
vt 0.3214501 0.06164414
vt 0.3214651 0.07269146
vt 0.3208679 0.05061175
vt 0.3104028 0.07327367
vt 0.3176433 0.05401552
vt 0.3105372 0.07811061
vt 0.3096415 0.04580467
vt 0.3025503 0.06989977
vt 0.3097758 0.0506416
vt 0.2993256 0.0732886
vt 0.2987136 0.05122383
vt 0.2987285 0.06227115
vt 0.3021173 0.05443352
vt 0.2938766 0.06239057
vt 0.1278235 0.5500997
vt 0.1368256 0.5534438
vt 0.1285103 0.5529362
vt 0.1377064 0.5507118
vt 0.1190305 0.56052
vt 0.1440362 0.5631176
vt 0.1211354 0.5616695
vt 0.1463203 0.5622368
vt 0.1195679 0.5761057
vt 0.1430808 0.5749562
vt 0.1215982 0.5747621
vt 0.1451857 0.5763296
vt 0.1253006 0.5830625
vt 0.1356164 0.58045
vt 0.1264053 0.5805992
vt 0.1362732 0.5828834
vt 0.672695 0.3837182
vt 0.6968499 0.3666247
vt 0.6869969 0.3830166
vt 0.6796967 0.3778363
vt 0.6787711 0.3605039
vt 0.6648425 0.3623849
vt 0.6934312 0.3523229
vt 0.6684553 0.3485758
vt 0.6792936 0.3456497
vt 0.3274814 0.06147992
vt 0.3214651 0.07269146
vt 0.3223011 0.07346775
vt 0.326302 0.06150977
vt 0.3216442 0.04979067
vt 0.3105372 0.07811061
vt 0.3105671 0.07928999
vt 0.3208679 0.05061175
vt 0.3096116 0.04461037
vt 0.2993256 0.0732886
vt 0.2985344 0.07412462
vt 0.3096415 0.04580467
vt 0.2978776 0.0504326
vt 0.2938766 0.06239057
vt 0.2926973 0.06243536
vt 0.2987136 0.05122383
vt 0.3180613 0.06948176
vt 0.3104028 0.07327367
vt 0.3214501 0.06164414
vt 0.3025503 0.06989977
vt 0.3176433 0.05401552
vt 0.3097758 0.0506416
vt 0.2987285 0.06227115
vt 0.3021173 0.05443352
vt 0.3162848 0.0677948
vt 0.3103282 0.07075071
vt 0.3189122 0.06171878
vt 0.3159564 0.05579204
vt 0.3098505 0.05316457
vt 0.3042223 0.06812324
vt 0.3038939 0.05612048
vt 0.3012664 0.0621965
vt 0.6968499 0.3666247
vt 0.672695 0.3837182
vt 0.6869969 0.3830166
vt 0.6796967 0.3778363
vt 0.6787711 0.3605039
vt 0.6648425 0.3623849
vt 0.6934312 0.3523229
vt 0.6684553 0.3485758
vt 0.6792936 0.3456497
vt 0.3274814 0.06147992
vt 0.3214651 0.07269146
vt 0.326302 0.06150977
vt 0.3223011 0.07346775
vt 0.3216442 0.04979067
vt 0.3105372 0.07811061
vt 0.3105671 0.07928999
vt 0.3208679 0.05061175
vt 0.3096116 0.04461037
vt 0.2993256 0.0732886
vt 0.2985344 0.07412462
vt 0.3096415 0.04580467
vt 0.2978776 0.0504326
vt 0.2938766 0.06239057
vt 0.2926973 0.06243536
vt 0.2987136 0.05122383
vt 0.3180613 0.06948176
vt 0.3104028 0.07327367
vt 0.3214501 0.06164414
vt 0.3025503 0.06989977
vt 0.3176433 0.05401552
vt 0.3097758 0.0506416
vt 0.2987285 0.06227115
vt 0.3021173 0.05443352
vt 0.3162848 0.0677948
vt 0.3103282 0.07075071
vt 0.3189122 0.06171878
vt 0.3042223 0.06812324
vt 0.3012664 0.0621965
vt 0.3159564 0.05579204
vt 0.3098505 0.05316457
vt 0.3038939 0.05612048
vt 0.9680167 0.4872644
vt 0.9680316 0.4436126
vt 0.9680316 0.4436126
vt 0.9680167 0.4872644
vt 0.9761529 0.4357899
vt 0.976138 0.4944302
vt 0.976138 0.4944302
vt 0.9761529 0.4357899
vt 0.9100332 0.4872793
vt 0.9100481 0.4435976
vt 0.9126458 0.4357899
vt 0.9126309 0.4944451
vt 0.8520647 0.4435976
vt 0.8491386 0.435775
vt 0.8491237 0.4944451
vt 0.8520497 0.4872943
vt 0.7940812 0.4435827
vt 0.7856315 0.43576
vt 0.7856166 0.4944601
vt 0.7940513 0.4873092
vt 0.4810092 0.09578632
vt 0.4888319 0.1039374
vt 0.4810092 0.1039374
vt 0.4432095 0.1039374
vt 0.4810092 0.1120736
vt 0.4810092 0.1039374
vt 0.4432095 0.1120736
vt 0.4432095 0.1039374
vt 0.4048275 0.1120736
vt 0.4432095 0.09578632
vt 0.4048275 0.1039374
vt 0.4048275 0.09578632
vt 0.4048275 0.1039374
vt 0.3969899 0.1039374
vt 0.4432095 0.1039374
vt 0.4810092 0.09578632
vt 0.4810092 0.1039374
vt 0.4810092 0.1120736
vt 0.4888319 0.1039374
vt 0.4810092 0.1039374
vt 0.4432095 0.1120736
vt 0.4432095 0.1039374
vt 0.4432095 0.09578632
vt 0.4048275 0.1120736
vt 0.4048275 0.1039374
vt 0.4048275 0.09578632
vt 0.4048275 0.1039374
vt 0.3969899 0.1039374
vt 0.3970048 0.4127696
vt 0.3964525 0.4128742
vt 0.3886447 0.4141729
vt 0.03424978 0.6703811
vt 0.01293144 0.6555418
vt 0.01735037 0.6808462
vt 0.04520752 0.6647828
vt 0.01019947 0.6384932
vt 0.06279365 0.6518545
vt 0.01227457 0.6162194
vt 0.07770753 0.6375228
vt 0.01879846 0.5973792
vt 0.02862162 0.5822414
vt 0.08890413 0.6243258
vt 0.601201 0.9184381
vt 0.5850928 0.9474299
vt 0.6099194 0.9307544
vt 0.6201158 0.9439664
vt 0.5932141 0.9542075
vt 0.6311333 0.957462
vt 0.601201 0.9184381
vt 0.6099194 0.9307544
vt 0.5850928 0.9474299
vt 0.6201158 0.9439664
vt 0.5932141 0.9542075
vt 0.6311333 0.957462
vt 0.5652077 0.3592947
vt 0.5650882 0.3453064
vt 0.5751503 0.3546369
vt 0.553399 0.3506509
vt 0.5381417 0.3424102
vt 0.5482336 0.337409
vt 0.5602513 0.3360953
vt 0.5760609 0.3388124
vt 0.5635058 0.3277799
vt 0.5524286 0.3241373
vt 0.5414261 0.3237193
vt 0.5044624 0.3259586
vt 0.5058507 0.3415145
vt 0.4659162 0.3249584
vt 0.4656923 0.3393647
vt 0.4230855 0.3218383
vt 0.5056418 0.3528753
vt 0.5378432 0.3542637
vt 0.4651698 0.3501284
vt 0.423399 0.3358266
vt 0.4224584 0.3467545
vt 0.4630797 0.3630269
vt 0.378926 0.329228
vt 0.3742533 0.3194198
vt 0.5054029 0.3665949
vt 0.3816282 0.3426192
vt 0.3404097 0.3329901
vt 0.3349309 0.3227191
vt 0.3461275 0.3461573
vt 0.3124182 0.3394543
vt 0.3078649 0.3291385
vt 0.2834713 0.3507106
vt 0.2814409 0.3413503
vt 0.3178374 0.3541591
vt 0.3540995 0.3611011
vt 0.3851812 0.3581153
vt 0.2586894 0.3684759
vt 0.2498367 0.3599217
vt 0.2349377 0.3777317
vt 0.2875767 0.3676548
vt 0.2445071 0.3890776
vt 0.2328029 0.3932577
vt 0.2395358 0.4001697
vt 0.2637802 0.381658
vt 0.2547035 0.3941236
vt 0.2623619 0.4031854
vt 0.2734988 0.3965122
vt 0.2959368 0.4006325
vt 0.2962802 0.387122
vt 0.3180165 0.3918992
vt 0.3269439 0.371596
vt 0.3373195 0.3851215
vt 0.3610712 0.3789858
vt 0.38333 0.3764479
vt 0.4050664 0.3711481
vt 0.4221002 0.3817775
vt 0.4621094 0.384181
vt 0.4201445 0.3603695
vt 0.4621691 0.3754178
vt 0.5050446 0.3786723
vt 0.504537 0.3869727
vt 0.537873 0.3687446
vt 0.5381866 0.3847035
vt 0.5366638 0.3928098
vt 0.5484277 0.3942131
vt 0.5518016 0.3588767
vt 0.5508163 0.3721633
vt 0.5505177 0.3871966
vt 0.5566684 0.396557
vt 0.561998 0.3667143
vt 0.5608186 0.3758806
vt 0.561356 0.3899584
vt 0.5705969 0.3855395
vt 0.5714329 0.394452
vt 0.5699401 0.3983634
vt 0.5843912 0.4035735
vt 0.5721794 0.3803294
vt 0.5781659 0.3923172
vt 0.5799274 0.3895404
vt 0.5855706 0.3920634
vt 0.5804649 0.372865
vt 0.5761654 0.3603248
vt 0.5754936 0.3763583
vt 0.6225044 0.3066258
vt 0.6248781 0.3197483
vt 0.6338354 0.3210023
vt 0.6453604 0.3328707
vt 0.6301032 0.3427386
vt 0.6383588 0.35607
vt 0.6559897 0.3356922
vt 0.6517201 0.3656991
vt 0.6706498 0.3372448
vt 0.6723069 0.3671472
vt 0.7123161 0.3619968
vt 0.7102559 0.3356474
vt 0.6719486 0.3853305
vt 0.6591696 0.3851812
vt 0.6476147 0.3788365
vt 0.6375079 0.3624446
vt 0.7171531 0.3840317
vt 0.7643132 0.3816282
vt 0.8232222 0.3705809
vt 0.7615215 0.3308105
vt 0.8102341 0.3300044
vt 0.4746197 0.5442028
vt 0.4845623 0.5395301
vt 0.4745003 0.5302145
vt 0.4628558 0.535574
vt 0.4475538 0.5273034
vt 0.4576755 0.5223023
vt 0.4696633 0.5210035
vt 0.4854729 0.5237205
vt 0.4729178 0.5126732
vt 0.4618406 0.5090455
vt 0.450853 0.5086424
vt 0.4138744 0.5108519
vt 0.4152628 0.5264077
vt 0.3753133 0.5098516
vt 0.3751043 0.5242729
vt 0.3324974 0.5067316
vt 0.4150538 0.5377685
vt 0.4472403 0.5391718
vt 0.3745818 0.5350216
vt 0.332811 0.5207198
vt 0.3318705 0.5316626
vt 0.3724917 0.5479201
vt 0.2883381 0.5141213
vt 0.2836653 0.504328
vt 0.4148149 0.5514881
vt 0.2910402 0.5275273
vt 0.2498217 0.5178834
vt 0.2443429 0.5076272
vt 0.2555394 0.5310655
vt 0.2635114 0.5459943
vt 0.2218302 0.5243475
vt 0.2172769 0.5140317
vt 0.2945932 0.5430085
vt 0.3295565 0.5452628
vt 0.2272494 0.5390524
vt 0.1928833 0.5356038
vt 0.190853 0.5262434
vt 0.3715811 0.560311
vt 0.3143888 0.5556383
vt 0.1681014 0.5533691
vt 0.1592487 0.5448149
vt 0.2927868 0.5611769
vt 0.3314972 0.5666707
vt 0.2710953 0.5642373
vt 0.3715214 0.5690892
vt 0.24703 0.5700297
vt 0.4144566 0.5635655
vt 0.413949 0.5718659
vt 0.2363559 0.5565042
vt 0.2274584 0.5764789
vt 0.2056922 0.5720152
vt 0.2053488 0.5855407
vt 0.4475985 0.5696117
vt 0.4460609 0.5777031
vt 0.4578397 0.5791064
vt 0.4472851 0.5536379
vt 0.4599298 0.5720899
vt 0.4660804 0.5814502
vt 0.4612136 0.5437699
vt 0.4602283 0.5570565
vt 0.47141 0.5516075
vt 0.4702306 0.5607888
vt 0.4707681 0.5748517
vt 0.480009 0.5704327
vt 0.480845 0.5793452
vt 0.4793521 0.5832566
vt 0.4938032 0.5884668
vt 0.4815914 0.5652226
vt 0.4875331 0.5771507
vt 0.4893395 0.5744337
vt 0.4946989 0.5769119
vt 0.4900113 0.5577134
vt 0.4849056 0.5612665
vt 0.4855774 0.545218
vt 0.9821244 0.2427306
vt 0.9668224 0.2527627
vt 0.9688378 0.2439995
vt 0.9539836 0.2632129
vt 0.9453846 0.2472092
vt 0.9314859 0.2542108
vt 0.9502514 0.2735436
vt 0.9207222 0.2666764
vt 0.9474149 0.2880245
vt 0.9174827 0.2870691
vt 0.9191398 0.3273769
vt 0.9455638 0.3276157
vt 0.8994039 0.2851284
vt 0.900658 0.272409
vt 0.9080029 0.2614513
vt 0.9252158 0.2528224
vt 0.8967615 0.3302731
vt 0.8950447 0.3774481
vt 0.9005385 0.4366856
vt 0.9459071 0.3791052
vt 0.9424735 0.4276985
vt 0.5913181 0.8971944
vt 0.5784346 0.9125562
vt 0.5988124 0.910929
vt 0.579405 0.9001951
vt 0.5809874 0.8908497
vt 0.5839732 0.8827732
vt 0.5795841 0.8990008
vt 0.59723 0.9101377
vt 0.5785988 0.911347
vt 0.5905418 0.8962688
vt 0.5811367 0.8896853
vt 0.5841971 0.8816834
vt 0.4117694 0.4078431
vt 0.4226376 0.4034093
vt 0.4154419 0.4105005
vt 0.3978707 0.4130384
vt 0.3802995 0.4155763
vt 0.4062308 0.4116351
vt 0.3886447 0.4141729
vt 0.3970048 0.4127696
vt 0.2638399 0.6212952
vt 0.3127168 0.6050526
vt 0.2953247 0.6135471
vt 0.2776789 0.6170405
vt 0.2530762 0.6207578
vt 0.2915179 0.6128007
vt 0.2423126 0.6202054
vt 0.2669152 0.6165031
vt 0.4221002 0.3817775
vt 0.3805981 0.3762836
vt 0.38333 0.3764479
vt 0.4172334 0.3811355
vt 0.2927868 0.5611769
vt 0.3280785 0.5662377
vt 0.3314972 0.5666707
vt 0.2893383 0.5613859
vt 0.2324595 0.8587229
vt 0.2328626 0.8875504
vt 0.2670346 0.8477353
vt 0.2628098 0.8878639
vt 0.2661986 0.9280672
vt 0.2318475 0.9163481
vt 0.2996392 0.8882372
vt 0.3022517 0.8484818
vt 0.2853822 0.8061138
vt 0.2714834 0.8080844
vt 0.2546139 0.8100102
vt 0.3110149 0.8011127
vt 0.3356026 0.7985001
vt 0.3243314 0.888491
vt 0.3262124 0.8481981
vt 0.3549355 0.8479891
vt 0.3634449 0.7953054
vt 0.3014306 0.9280373
vt 0.3540995 0.8888044
vt 0.388376 0.8891627
vt 0.3883611 0.8510047
vt 0.3253764 0.9288286
vt 0.3952283 0.8017994
vt 0.4000354 0.7974103
vt 0.4391936 0.8047553
vt 0.3540845 0.9296198
vt 0.4132175 0.8518258
vt 0.4322368 0.810055
vt 0.4687378 0.8097266
vt 0.4657968 0.8168028
vt 0.5008048 0.816758
vt 0.4511367 0.8516616
vt 0.5002226 0.8243568
vt 0.5173758 0.8221175
vt 0.3337216 0.9787057
vt 0.3091936 0.9755856
vt 0.2836803 0.970062
vt 0.2698263 0.9677927
vt 0.2530016 0.9655236
vt 0.3614892 0.9824827
vt 0.3875549 0.9273058
vt 0.3933921 0.9766455
vt 0.3981096 0.9811242
vt 0.4374171 0.9746152
vt 0.4124263 0.9269924
vt 0.4305648 0.9691662
vt 0.4670359 0.970256
vt 0.4140983 0.8894315
vt 0.4642591 0.96312
vt 0.4992373 0.9639113
vt 0.4503156 0.9279627
vt 0.4988193 0.9562976
vt 0.5226158 0.9584921
vt 0.4513308 0.8898196
vt 0.4732015 0.8900436
vt 0.4718728 0.9263803
vt 0.472664 0.8536919
vt 0.5077617 0.8539905
vt 0.5116282 0.8904466
vt 0.5069554 0.9268281
vt 0.5274527 0.833747
vt 0.5299458 0.8258049
vt 0.5325882 0.8173701
vt 0.5416052 0.8268201
vt 0.5338273 0.833747
vt 0.5245565 0.8481533
vt 0.5300802 0.8462275
vt 0.5324091 0.8539606
vt 0.5285276 0.8614848
vt 0.5398585 0.8610966
vt 0.5326778 0.8786827
vt 0.5249596 0.8906258
vt 0.5372311 0.8908049
vt 0.5323792 0.902748
vt 0.5278558 0.9197966
vt 0.5376491 0.9195877
vt 0.531588 0.9274104
vt 0.5290949 0.9350688
vt 0.5262285 0.9474896
vt 0.5326031 0.947624
vt 0.5402318 0.9547002
vt 0.5242131 0.9536253
vt 0.5310207 0.9639561
vt 0.05691171 0.6313722
vt 0.03532465 0.6015444
vt 0.03204031 0.6108599
vt 0.06763059 0.6249677
vt 0.04019144 0.595319
vt 0.07640873 0.6199964
vt 0.3959001 0.4129637
vt 0.3886447 0.4141729
vt 0.3964525 0.4128742
vt 0.3802995 0.4155763
vt 0.6237286 0.2502397
vt 0.6179512 0.1909873
vt 0.6187872 0.2437606
vt 0.5991856 0.2421782
vt 0.595961 0.2320863
vt 0.5819876 0.2376398
vt 0.5908404 0.1875537
vt 0.5778524 0.222711
vt 0.5627295 0.2328477
vt 0.5703581 0.182239
vt 0.5572805 0.2276674
vt 0.542501 0.2261894
vt 0.5446358 0.2337285
vt 0.5297667 0.2386848
vt 0.5338423 0.177641
vt 0.5287366 0.2276375
vt 0.5146438 0.227742
vt 0.5180027 0.2346989
vt 0.505164 0.2418348
vt 0.5029545 0.2355199
vt 0.5000584 0.1802983
vt 0.5003868 0.2280107
vt 0.4861149 0.2279361
vt 0.4979086 0.2355498
vt 0.4957888 0.2418945
vt 0.4828604 0.2349377
vt 0.4662297 0.1781037
vt 0.4720221 0.2280406
vt 0.4582428 0.2267717
vt 0.4711413 0.2390879
vt 0.4562125 0.2343406
vt 0.4434782 0.2284437
vt 0.4297885 0.1832094
vt 0.4381038 0.2336986
vt 0.4093808 0.1888077
vt 0.4228466 0.223771
vt 0.4189203 0.2387744
vt 0.3823149 0.1926146
vt 0.4048723 0.2334
vt 0.4017821 0.2435516
vt 0.3822104 0.2453879
vt 0.3773436 0.2519416
vt 0.8513331 0.7690904
vt 0.8755775 0.787408
vt 0.8441076 0.7771071
vt 0.8398678 0.7505339
vt 0.8250585 0.7618947
vt 0.8441076 0.7771071
vt 0.8228191 0.785527
vt 0.8250585 0.7618947
vt 0.8407486 0.7903639
vt 0.8755775 0.787408
vt 0.8513331 0.7690904
vt 0.8755775 0.787408
vt 0.8441076 0.7771071
vt 0.8398678 0.7505339
vt 0.8250585 0.7618947
vt 0.8441076 0.7771071
vt 0.8228191 0.785527
vt 0.8250585 0.7618947
vt 0.8407486 0.7903639
vt 0.8755775 0.787408
vt 0.8407486 0.7903639
vt 0.8398678 0.7505339
vt 0.8228191 0.785527
vt 0.8513331 0.7690904
vt 0.8755775 0.787408
vt 0.8407486 0.7903639
vt 0.8398678 0.7505339
vt 0.8228191 0.785527
vt 0.8513331 0.7690904
vt 0.8755775 0.787408
vt 0.7475929 0.7656418
vt 0.7455477 0.7764204
vt 0.7992913 0.7578639
vt 0.6622449 0.7696875
vt 0.6608117 0.7827054
vt 0.5839433 0.7642833
vt 0.5786287 0.774614
vt 0.5373207 0.7578937
vt 0.8513331 0.7690904
vt 0.8441076 0.7771071
vt 0.8755775 0.787408
vt 0.8398678 0.7505339
vt 0.8250585 0.7618947
vt 0.8228191 0.785527
vt 0.8441076 0.7771071
vt 0.8250585 0.7618947
vt 0.8407486 0.7903639
vt 0.8755775 0.787408
vt 0.8513331 0.7690904
vt 0.8441076 0.7771071
vt 0.8755775 0.787408
vt 0.8398678 0.7505339
vt 0.8250585 0.7618947
vt 0.8228191 0.785527
vt 0.8441076 0.7771071
vt 0.8250585 0.7618947
vt 0.8407486 0.7903639
vt 0.8755775 0.787408
vt 0.8398678 0.7505339
vt 0.8407486 0.7903639
vt 0.8228191 0.785527
vt 0.8513331 0.7690904
vt 0.8755775 0.787408
vt 0.8398678 0.7505339
vt 0.8407486 0.7903639
vt 0.8228191 0.785527
vt 0.8513331 0.7690904
vt 0.8755775 0.787408
vt 0.7475929 0.7656418
vt 0.7992913 0.7578639
vt 0.7455477 0.7764204
vt 0.6622449 0.7696875
vt 0.6608117 0.7827054
vt 0.5839433 0.7642833
vt 0.5786287 0.774614
vt 0.5373207 0.7578937
vt 0.9667478 0.4892947
vt 0.9211403 0.4697828
vt 0.917617 0.4793521
vt 0.8920589 0.4618406
vt 0.8923724 0.4793372
vt 0.8952537 0.4945646
vt 0.8546175 0.4601388
vt 0.9153777 0.4921461
vt 0.9241559 0.503492
vt 0.9329489 0.5142705
vt 0.9028674 0.5102547
vt 0.9110335 0.5289904
vt 0.8741444 0.5235115
vt 0.8776974 0.5497862
vt 0.8483474 0.5572208
vt 0.8592305 0.4810241
vt 0.8655304 0.5004316
vt 0.8417488 0.5343349
vt 0.8252078 0.4947437
vt 0.80795 0.5450836
vt 0.8006946 0.5230786
vt 0.8070245 0.564088
vt 0.8325378 0.5126284
vt 0.747578 0.5546829
vt 0.7572518 0.5684472
vt 0.7054638 0.5745083
vt 0.8220279 0.4778891
vt 0.7897369 0.5050744
vt 0.7283646 0.5206004
vt 0.7399493 0.5373505
vt 0.6990295 0.561147
vt 0.8340904 0.4463744
vt 0.8657992 0.4266684
vt 0.782168 0.4973861
vt 0.8135185 0.4671404
vt 0.6547805 0.5716121
vt 0.6543177 0.5845255
vt 0.6167568 0.5814801
vt 0.6131291 0.5931842
vt 0.6519888 0.5542648
vt 0.8515571 0.4203236
vt 0.8639181 0.3816879
vt 0.8409278 0.4145163
vt 0.8217144 0.4358048
vt 0.8325378 0.4060517
vt 0.8189377 0.3913319
vt 0.8124585 0.4189502
vt 0.8006946 0.3997965
vt 0.7830936 0.4064249
vt 0.7958726 0.4279672
vt 0.7376354 0.4278627
vt 0.802307 0.4521668
vt 0.7539675 0.4457474
vt 0.6846679 0.4538089
vt 0.7749425 0.4824722
vt 0.7671795 0.4647219
vt 0.7216765 0.5035965
vt 0.7135403 0.4852341
vt 0.7001641 0.4692752
vt 0.6763526 0.5028202
vt 0.6637378 0.4889812
vt 0.646928 0.4739777
vt 0.6841604 0.5199435
vt 0.6404638 0.5220336
vt 0.6280131 0.5106279
vt 0.6079787 0.49867
vt 0.5888399 0.5390375
vt 0.5655062 0.5337079
vt 0.6896542 0.536828
vt 0.6473907 0.5379924
vt 0.5989468 0.548562
vt 0.5659392 0.562834
vt 0.5401571 0.588213
vt 0.695969 0.5446805
vt 0.6111884 0.5572208
vt 0.569746 0.5848988
vt 0.5601318 0.5945129
vt 0.5838239 0.6005143
vt 0.580032 0.5685069
vt 0.5977226 0.572881
vt 0.586944 0.5890042
vt 0.5601318 0.5945129
vt 0.5401571 0.588213
vt 0.5542947 0.6137561
vt 0.5035219 0.6134128
vt 0.5838239 0.6005143
vt 0.5312297 0.6451663
vt 0.4823379 0.6530488
vt 0.566193 0.6231762
vt 0.5267959 0.6568854
vt 0.5551456 0.6450469
vt 0.5290949 0.6693062
vt 0.4962963 0.6957899
vt 0.5463227 0.7044337
vt 0.5279603 0.7271255
vt 0.5487113 0.7244084
vt 0.5730901 0.722617
vt 0.5596989 0.697238
vt 0.5526376 0.67377
vt 0.5519509 0.6592442
vt 0.5763744 0.6463905
vt 0.5737469 0.6761585
vt 0.5766132 0.7048815
vt 0.5780315 0.6615283
vt 0.5841971 0.6185931
vt 0.5977823 0.7184668
vt 0.5976927 0.6893407
vt 0.6006785 0.7349482
vt 0.5860931 0.6837573
vt 0.5898402 0.641046
vt 0.602246 0.6375676
vt 0.6073965 0.6089043
vt 0.6131291 0.5931842
vt 0.5958863 0.6630958
vt 0.6442109 0.7347989
vt 0.6397322 0.7506384
vt 0.6559748 0.6009024
vt 0.6543177 0.5845255
vt 0.6530339 0.7042097
vt 0.7002387 0.75134
vt 0.6883404 0.7694337
vt 0.7382773 0.7844222
vt 0.7101365 0.7187504
vt 0.7516685 0.7649999
vt 0.6593338 0.6325665
vt 0.714018 0.5943935
vt 0.7054638 0.5745083
vt 0.7572518 0.5684472
vt 0.7180936 0.6282072
vt 0.7670302 0.5899149
vt 0.7940364 0.7736138
vt 0.7865421 0.7973953
vt 0.810264 0.5888101
vt 0.8070245 0.564088
vt 0.829761 0.7867959
vt 0.8260288 0.8113538
vt 0.8477353 0.5820623
vt 0.8483474 0.5572208
vt 0.8617236 0.7992167
vt 0.8536471 0.8237895
vt 0.8857142 0.8061436
vt 0.8822507 0.8281636
vt 0.8813848 0.5753891
vt 0.8776974 0.5497862
vt 0.9062114 0.5727467
vt 0.9066294 0.5504729
vt 0.8760403 0.7732257
vt 0.9116754 0.8141455
vt 0.9079133 0.8276561
vt 0.9435633 0.8229983
vt 0.8975378 0.7855718
vt 0.9220808 0.8015307
vt 0.9336954 0.7981269
vt 0.9154076 0.773987
vt 0.8905362 0.7504144
vt 0.859126 0.7498024
vt 0.8608577 0.724289
vt 0.8264319 0.7405017
vt 0.7972909 0.733321
vt 0.8277904 0.7203478
vt 0.7575056 0.7270658
vt 0.715914 0.7064939
vt 0.7628501 0.7128536
vt 0.7228708 0.6742477
vt 0.6569153 0.697865
vt 0.7979029 0.7170485
vt 0.6642901 0.6691121
vt 0.7702548 0.6784725
vt 0.8065616 0.681518
vt 0.6069486 0.6640662
vt 0.6620508 0.6395083
vt 0.7216466 0.6412849
vt 0.7689859 0.6433152
vt 0.7661643 0.6281923
vt 0.8063676 0.6290432
vt 0.8042178 0.6450917
vt 0.836479 0.6271921
vt 0.8341949 0.6468682
vt 0.8674563 0.6482118
vt 0.8346726 0.6839663
vt 0.8703226 0.6239973
vt 0.8909542 0.6034702
vt 0.9012402 0.628461
vt 0.9142581 0.5950653
vt 0.8658291 0.686534
vt 0.893089 0.6891914
vt 0.9331579 0.5693877
vt 0.9318144 0.5554293
vt 0.9661207 0.5662377
vt 0.9412195 0.5836149
vt 0.9520578 0.5889893
vt 0.9298437 0.609576
vt 0.8931189 0.6529741
vt 0.9227227 0.666007
vt 0.9359347 0.6467936
vt 0.959134 0.6682463
vt 0.942787 0.6822196
vt 0.9788252 0.6967155
vt 0.9229914 0.6918188
vt 0.9415628 0.6934611
vt 0.9408015 0.7047323
vt 0.9544763 0.7213331
vt 0.9182142 0.7171978
vt 0.9278881 0.7384117
vt 0.8868189 0.7248712
vt 0.9307843 0.8988814
vt 0.9018672 0.8683819
vt 0.8913125 0.8774735
vt 0.8828329 0.8500791
vt 0.8806981 0.8871175
vt 0.8613056 0.8812206
vt 0.8806683 0.9001055
vt 0.8824747 0.9101377
vt 0.8558118 0.8957165
vt 0.8524528 0.9128996
vt 0.815295 0.9080477
vt 0.8715467 0.867098
vt 0.8455557 0.8490341
vt 0.8536471 0.8237895
vt 0.8260288 0.8113538
vt 0.823476 0.8882819
vt 0.8330603 0.8702778
vt 0.8155488 0.8327468
vt 0.7923644 0.8688446
vt 0.7841237 0.8162654
vt 0.7731659 0.8366731
vt 0.7865421 0.7973953
vt 0.8026951 0.8525125
vt 0.7263641 0.7962906
vt 0.7382773 0.7844222
vt 0.6883404 0.7694337
vt 0.7862883 0.8848782
vt 0.7592373 0.8524827
vt 0.7015076 0.8264916
vt 0.7158244 0.8120256
vt 0.6796817 0.7814514
vt 0.7926779 0.9180052
vt 0.8204753 0.9429513
vt 0.7504443 0.8587378
vt 0.7760323 0.8939847
vt 0.6379408 0.7634473
vt 0.6397322 0.7506384
vt 0.6022012 0.7471002
vt 0.6006785 0.7349482
vt 0.6321633 0.7800332
vt 0.8053375 0.9467133
vt 0.8107716 0.9869165
vt 0.7938573 0.9505799
vt 0.7786448 0.9262757
vt 0.7841088 0.9574471
vt 0.7681648 0.9695842
vt 0.7665973 0.9412494
vt 0.7516834 0.9580592
vt 0.7355006 0.9484749
vt 0.7518327 0.9294705
vt 0.6944613 0.9194384
vt 0.7623873 0.9067788
vt 0.7136746 0.9046738
vt 0.6468235 0.8846542
vt 0.7407256 0.8721588
vt 0.7299918 0.8882819
vt 0.6919532 0.8420922
vt 0.6807417 0.8587378
vt 0.6647828 0.872129
vt 0.6471817 0.8349413
vt 0.6323574 0.8463768
vt 0.6131739 0.8582153
vt 0.6578558 0.8194453
vt 0.6151893 0.8097714
vt 0.6009472 0.8188332
vt 0.5791363 0.8271186
vt 0.5673276 0.7840192
vt 0.5434265 0.7852135
vt 0.666216 0.80377
vt 0.6248034 0.7952605
vt 0.5789272 0.7764055
vt 0.5489203 0.7566099
vt 0.5279603 0.7271255
vt 0.6737998 0.7971416
vt 0.5924975 0.770016
vt 0.5565191 0.7355453
vt 0.5487113 0.7244084
vt 0.5730901 0.722617
vt 0.5819727 0.7522507
vt 0.5637894 0.7534748
vt 0.5741649 0.7345003
vt 0.1196873 0.2918762
vt 0.1273906 0.2989823
vt 0.1352431 0.2729464
vt 0.1381543 0.2979821
vt 0.1394829 0.3061182
vt 0.1124319 0.3068348
vt 0.126465 0.3074917
vt 0.14114 0.312672
vt 0.1272115 0.314986
vt 0.1504855 0.3364536
vt 0.134228 0.3427088
vt 0.1386171 0.3416936
vt 0.1564271 0.3719095
vt 0.1654441 0.3649079
vt 0.1800296 0.3819715
vt 0.1951972 0.3979304
vt 0.1087147 0.3298551
vt 0.09626403 0.3088652
vt 0.1902857 0.4047081
vt 0.1859414 0.4173528
vt 0.2123355 0.4118142
vt 0.2223378 0.4314904
vt 0.1288088 0.3530843
vt 0.1523964 0.3786872
vt 0.182672 0.4301617
vt 0.2279361 0.4439111
vt 0.1790293 0.448972
vt 0.12857 0.424026
vt 0.2265328 0.4531222
vt 0.2263238 0.4624527
vt 0.1372287 0.4049768
vt 0.1399308 0.3970198
vt 0.1135814 0.3727903
vt 0.1066246 0.3881521
vt 0.09227805 0.3500537
vt 0.08391792 0.3407979
vt 0.109073 0.3769853
vt 0.07881226 0.3557118
vt 0.07658787 0.3697896
vt 0.06943697 0.3416787
vt 0.06477918 0.3315569
vt 0.09792113 0.4032003
vt 0.06606306 0.3650572
vt 0.06592871 0.3573091
vt 0.05352286 0.3571897
vt 0.06389838 0.3834345
vt 0.05170155 0.3595783
vt 0.03366755 0.3534575
vt 0.05285107 0.3762239
vt 0.0403258 0.3658634
vt 0.03314504 0.3681773
vt 0.03557844 0.3832853
vt 0.03938529 0.3976766
vt 0.09009844 0.4114111
vt 0.05568754 0.4206969
vt 0.03168202 0.4099929
vt 0.09263634 0.4221897
vt 0.05644891 0.4382681
vt 0.03935543 0.4238319
vt 0.02199323 0.4205177
vt 0.1277041 0.4444934
vt 0.125002 0.4647965
vt 0.02520292 0.4276835
vt 0.01037861 0.4342373
vt 0.09233776 0.4414031
vt 0.08930721 0.4603776
vt 0.0405348 0.4368797
vt 0.02809911 0.4357899
vt 0.02382947 0.4432692
vt 0.0194404 0.4497782
vt 0.03711611 0.4495094
vt 0.02715859 0.4618108
vt 0.05265699 0.4554362
vt 0.03260761 0.4752915
vt 0.08493307 0.4705441
vt 0.05426931 0.4935643
vt 0.02635244 0.4888021
vt 0.09120318 0.4799791
vt 0.04214711 0.4987446
vt 0.02133636 0.5032531
vt 0.02800954 0.5067763
vt 0.01930604 0.5178385
vt 0.03811634 0.5149423
vt 0.03950471 0.5175997
vt 0.05322429 0.5120313
vt 0.05174634 0.5196449
vt 0.06415217 0.5234518
vt 0.06440596 0.5092097
vt 0.0971747 0.4963262
vt 0.09765241 0.5077467
vt 0.1302271 0.4850549
vt 0.1315109 0.4933553
vt 0.180358 0.4813227
vt 0.1793428 0.4681257
vt 0.2186504 0.4736941
vt 0.2053936 0.49134
vt 0.182448 0.4945198
vt 0.1861056 0.5020588
vt 0.1434092 0.5209587
vt 0.1684 0.5151364
vt 0.1510677 0.5294084
vt 0.1314064 0.5548471
vt 0.1406026 0.5135838
vt 0.1013697 0.5126582
vt 0.1129395 0.5347081
vt 0.07643858 0.5313491
vt 0.0666005 0.5390225
vt 0.05249278 0.5356486
vt 0.04614803 0.5448149
vt 0.08912807 0.5541006
vt 0.1164776 0.5458599
vt 0.1206279 0.5476215
vt 0.1047585 0.5719555
vt 0.11809 0.5766431
vt 0.0887847 0.5774194
vt 0.1027282 0.579196
vt 0.1153132 0.5828087
vt 0.1021609 0.5877501
vt 0.1125962 0.5906016
vt 0.1053706 0.6147414
vt 0.09333799 0.5933933
vt 0.07322889 0.5726123
vt 0.07763289 0.5590869
vt 0.06168892 0.5627146
vt 0.05991239 0.5691638
vt 0.03311519 0.563252
vt 0.05123876 0.5495772
vt 0.0982645 0.322943
vt 0.08320133 0.3166132
vt 0.08255939 0.309955
vt 0.05515011 0.3111194
vt 0.07061635 0.3277352
vt 0.5432175 0.4748735
vt 0.5654764 0.462184
vt 0.5429339 0.4702754
vt 0.5125239 0.4874137
vt 0.5428742 0.4531371
vt 0.5851675 0.4514353
vt 0.5114192 0.478128
vt 0.4802031 0.4937435
vt 0.5456957 0.4397759
vt 0.5480396 0.4257577
vt 0.5113296 0.4542269
vt 0.5105682 0.431789
vt 0.5120611 0.4120978
vt 0.4800389 0.4777099
vt 0.4823827 0.4241006
vt 0.4823678 0.4047678
vt 0.4796806 0.4523758
vt 0.448136 0.4759334
vt 0.4474045 0.4935046
vt 0.4137549 0.4842637
vt 0.448972 0.4221897
vt 0.4472851 0.4024538
vt 0.4140386 0.4692602
vt 0.3868831 0.4729178
vt 0.4487929 0.4515547
vt 0.4137251 0.4249665
vt 0.4117694 0.4078431
vt 0.4160838 0.4505993
vt 0.385435 0.4641546
vt 0.3584587 0.4577651
vt 0.3825687 0.4288629
vt 0.3816132 0.4232646
vt 0.3535321 0.4336252
vt 0.386286 0.4480166
vt 0.3501881 0.4470313
vt 0.3195691 0.4405074
vt 0.2972953 0.6899677
vt 0.3316764 0.6816524
vt 0.3309449 0.6992086
vt 0.3637584 0.6994475
vt 0.297579 0.6749642
vt 0.2704235 0.6786367
vt 0.2689903 0.6698586
vt 0.2429545 0.6637527
vt 0.2383415 0.6542878
vt 0.1992131 0.6470623
vt 0.2369979 0.6442258
vt 0.266124 0.6345818
vt 0.2698413 0.6537355
vt 0.2996242 0.6563182
vt 0.2972804 0.6306705
vt 0.295698 0.6238182
vt 0.3308254 0.6081578
vt 0.3325124 0.6279086
vt 0.365923 0.6104718
vt 0.3323332 0.6572736
vt 0.365938 0.6298046
vt 0.3956015 0.6178167
vt 0.363221 0.6580947
vt 0.3941087 0.6375079
vt 0.4315949 0.6314766
vt 0.3635792 0.6834289
vt 0.4292361 0.6454948
vt 0.4687228 0.6571542
vt 0.3948849 0.6599458
vt 0.3949596 0.6838469
vt 0.3960792 0.6931326
vt 0.4264146 0.6588411
vt 0.4490317 0.667888
vt 0.4264892 0.6759943
vt 0.4267579 0.6805924
vt 0.1969887 0.5525481
vt 0.1731922 0.5665513
vt 0.1539191 0.5739709
vt 0.1443497 0.5626399
vt 0.1422149 0.5781509
vt 0.1489478 0.5850779
vt 0.1641155 0.5790317
vt 0.1708484 0.587795
vt 0.1829108 0.5814054
vt 0.04220683 0.8821014
vt 0.05764321 0.8365387
vt 0.02935313 0.8431522
vt 0.02547164 0.8047105
vt 0.06407753 0.8739204
vt 0.06348038 0.9210656
vt 0.05686691 0.7994406
vt 0.03023393 0.7602227
vt 0.0814248 0.9143029
vt 0.08599302 0.9542673
vt 0.1059976 0.9400998
vt 0.1186871 0.9785116
vt 0.1025789 0.9078835
vt 0.09478609 0.8688895
vt 0.1293015 0.933561
vt 0.1461412 0.9623885
vt 0.1276742 0.9046887
vt 0.1542326 0.9146313
vt 0.1597861 0.8748311
vt 0.1746701 0.9288136
vt 0.1943015 0.8902525
vt 0.2066178 0.8492132
vt 0.1261664 0.8690088
vt 0.09248705 0.8302985
vt 0.1250766 0.8315674
vt 0.1649963 0.837315
vt 0.2093945 0.8105476
vt 0.1675939 0.8035461
vt 0.2056773 0.7679856
vt 0.1234942 0.7980224
vt 0.1657128 0.7668809
vt 0.1941373 0.7220796
vt 0.09362164 0.7959324
vt 0.1630257 0.7250803
vt 0.1763272 0.6769796
vt 0.1245541 0.764761
vt 0.0613157 0.761611
vt 0.1498435 0.6828467
vt 0.1609804 0.6523023
vt 0.1267188 0.7260506
vt 0.09580124 0.7626411
vt 0.0995633 0.7252295
vt 0.06978033 0.723871
vt 0.04475965 0.7181682
vt 0.06927276 0.6752628
vt 0.1290029 0.6877881
vt 0.146186 0.6587964
vt 0.136527 0.6169061
vt 0.1323918 0.664335
vt 0.08687382 0.682145
vt 0.1073412 0.6879672
vt 0.1143428 0.6644096
vt 0.1021311 0.6572437
vt 0.09426358 0.6476296
vt 0.08723211 0.04950701
vt 0.09196454 0.04377435
vt 0.05810601 0.02339653
vt 0.1152236 0.06743651
vt 0.09480102 0.03238367
vt 0.09515931 0.02366525
vt 0.1462009 0.04041538
vt 0.1520082 0.02075414
vt 0.191898 0.02024656
vt 0.1262112 0.05523968
vt 0.1577558 0.06612278
vt 0.1986906 0.03907178
vt 0.2385206 0.009124596
vt 0.2505234 0.05113426
vt 0.2005119 0.06167399
vt 0.1405727 0.1052213
vt 0.1078637 0.09368136
vt 0.2118876 0.08779941
vt 0.1284953 0.1214937
vt 0.09172568 0.1085654
vt 0.1010413 0.1400502
vt 0.06648107 0.1248378
vt 0.05156719 0.1440362
vt 0.0305325 0.1185527
vt 0.0329659 0.1424836
vt 0.04841721 0.1619209
vt 0.06752609 0.1685045
vt 0.07784189 0.199228
vt 0.1117452 0.1989444
vt 0.1088938 0.2300709
vt 0.137796 0.1663249
vt 0.1600996 0.2458059
vt 0.1581439 0.2617349
vt 0.2086929 0.2804407
vt 0.1673401 0.1962124
vt 0.2100215 0.2368187
vt 0.2492097 0.2582864
vt 0.2488514 0.2929958
vt 0.2873975 0.2940707
vt 0.1618463 0.1415132
vt 0.2113203 0.2022735
vt 0.2834713 0.2744991
vt 0.327974 0.2847551
vt 0.2862779 0.2552558
vt 0.1624584 0.0990408
vt 0.1850456 0.1708036
vt 0.1955107 0.151426
vt 0.2521058 0.2223378
vt 0.2560918 0.2166947
vt 0.2173665 0.1859265
vt 0.1646977 0.09150175
vt 0.1989892 0.1453947
vt 0.1749836 0.09175554
vt 0.222502 0.1810895
vt 0.2031543 0.1430957
vt 0.2264731 0.1768647
vt 0.2490604 0.1273906
vt 0.2907117 0.2521357
vt 0.2933541 0.2478362
vt 0.2591821 0.2117981
vt 0.3249136 0.2150973
vt 0.3542338 0.2743796
vt 0.2766189 0.1752076
vt 0.3410666 0.201542
vt 0.3834644 0.2580027
vt 0.306387 0.1409609
vt 0.3047149 0.0784689
vt 0.2502547 0.08155917
vt 0.3127765 0.03711611
vt 0.3182703 0.1391694
vt 0.3254809 0.1399009
vt 0.3612354 0.07399026
vt 0.3623402 0.03038321
vt 0.4226973 0.02750196
vt 0.3485459 0.2007806
vt 0.3302432 0.1381244
vt 0.3533381 0.198392
vt 0.3657439 0.1391246
vt 0.4084403 0.06951161
vt 0.3653259 0.198392
vt 0.4078431 0.2009
vt 0.4028868 0.1365121
vt 0.416681 0.2583759
vt 0.4229212 0.3045209
vt 0.4552122 0.2593314
vt 0.4149045 0.1997953
vt 0.4113962 0.1339593
vt 0.4162182 0.06937726
vt 0.4575113 0.1952719
vt 0.5046117 0.1972574
vt 0.5042086 0.2618693
vt 0.5532348 0.2598987
vt 0.457571 0.1308541
vt 0.4615122 0.06073347
vt 0.5054775 0.05434395
vt 0.4641845 0.02487449
vt 0.4835919 0.04149025
vt 0.5056716 0.02224702
vt 0.5275273 0.04174404
vt 0.5050147 0.1299136
vt 0.5493831 0.06122613
vt 0.5471438 0.02535221
vt 0.588616 0.0284574
vt 0.5524585 0.1314064
vt 0.5945726 0.07040735
vt 0.5517269 0.1958093
vt 0.5985885 0.1350491
vt 0.6023505 0.07063127
vt 0.5942591 0.2008403
vt 0.6495256 0.07567722
vt 0.6489732 0.03207017
vt 0.6984921 0.03943007
vt 0.7060162 0.08087244
vt 0.7606108 0.05428423
vt 0.607068 0.1376915
vt 0.5917511 0.2593911
vt 0.5849585 0.3054614
vt 0.6249378 0.2593911
vt 0.6012757 0.2020048
vt 0.644181 0.1407668
vt 0.6796967 0.1402144
vt 0.6438227 0.2000192
vt 0.6558106 0.2001536
vt 0.6605579 0.2026019
vt 0.684444 0.1420208
vt 0.6680074 0.2034529
vt 0.6538699 0.2760964
vt 0.6916546 0.1413938
vt 0.6839663 0.2172023
vt 0.6799206 0.2868004
vt 0.7034932 0.1433346
vt 0.760581 0.1304361
vt 0.7327238 0.1776708
vt 0.7604914 0.08472407
vt 0.7987091 0.09148682
vt 0.7497128 0.2147988
vt 0.7828995 0.1803281
vt 0.7527284 0.2197402
vt 0.7150481 0.2503592
vt 0.806711 0.1468876
vt 0.7176158 0.2546885
vt 0.72199 0.2578683
vt 0.7868109 0.1845978
vt 0.7245279 0.2771415
vt 0.7589985 0.2614214
vt 0.7203329 0.2966534
vt 0.7588641 0.2961309
vt 0.799157 0.284158
vt 0.7566099 0.225443
vt 0.7918717 0.1895243
vt 0.8108313 0.1492613
vt 0.797694 0.2059609
vt 0.7984703 0.2405211
vt 0.8482429 0.2502397
vt 0.8499746 0.2661986
vt 0.8996726 0.2352661
vt 0.835628 0.09580124
vt 0.8531843 0.07057156
vt 0.8104879 0.06554055
vt 0.8651274 0.04507316
vt 0.8126377 0.04295327
vt 0.7732406 0.01243879
vt 0.819714 0.02423255
vt 0.8596037 0.02532235
vt 0.9163929 0.02908441
vt 0.845899 0.09587589
vt 0.9166467 0.03780283
vt 0.9534611 0.0293382
vt 0.8142351 0.1553373
vt 0.884908 0.0602259
vt 0.919304 0.04922337
vt 0.9239618 0.05503067
vt 0.8957165 0.07258695
vt 0.8481384 0.1036837
vt 0.869815 0.1099538
vt 0.9027032 0.09892137
vt 0.8480339 0.1459173
vt 0.8816685 0.1264053
vt 0.9186322 0.1140293
vt 0.8244165 0.1748791
vt 0.8417339 0.2005417
vt 0.9088688 0.1453649
vt 0.943638 0.1306899
vt 0.8717259 0.1711021
vt 0.897284 0.2041097
vt 0.9311724 0.204901
vt 0.94216 0.1743566
vt 0.9611495 0.1680417
vt 0.9582682 0.1501272
vt 0.979691 0.1249572
vt 0.9768993 0.1488582
vt 0.2413571 0.1556658
vt 0.1655188 0.2012135
vt 0.2041247 0.2001685
vt 0.1766557 0.1518589
vt 0.2327283 0.1173137
vt 0.125002 0.207409
vt 0.1731175 0.1088192
vt 0.2205911 0.08436578
vt 0.1686687 0.07246752
vt 0.2085436 0.0595541
vt 0.1620851 0.04938758
vt 0.125002 0.04258005
vt 0.125002 0.06767537
vt 0.125002 0.1049078
vt 0.125002 0.1491568
vt 0.07334832 0.1518589
vt 0.08448521 0.2012135
vt 0.0813203 0.07246752
vt 0.08791883 0.04938758
vt 0.04144546 0.0595541
vt 0.02941284 0.08436578
vt 0.07688645 0.1088192
vt 0.01727572 0.1173137
vt 0.008646874 0.1556658
vt 0.04587932 0.2001685
vt 0.0361308 0.7984105
vt 0.0892475 0.8085472
vt 0.03590687 0.7648506
vt 0.06345052 0.7754948
vt 0.07169122 0.7323655
vt 0.03859406 0.733306
vt 0.04911887 0.7034783
vt 0.1354074 0.748399
vt 0.09115838 0.7104351
vt 0.1497987 0.8137723
vt 0.07072085 0.6815478
vt 0.1151938 0.6770393
vt 0.1304062 0.7076882
vt 0.1685344 0.6876836
vt 0.1580245 0.7141673
vt 0.1948091 0.6992385
vt 0.1781485 0.7301859
vt 0.2129177 0.7163618
vt 0.2306233 0.7453685
vt 0.1878523 0.7508175
vt 0.1888674 0.7688963
vt 0.2289214 0.7671645
vt 0.2273688 0.7870796
vt 0.1828362 0.7932601
vt 0.2001237 0.8179076
vt 0.1566511 0.8425401
vt 0.09916022 0.8483474
vt 0.04684969 0.815519
vt 0.0361308 0.7984105
vt 0.03590687 0.7648506
vt 0.0892475 0.8085472
vt 0.06345052 0.7754948
vt 0.07169122 0.7323655
vt 0.03859406 0.733306
vt 0.04911887 0.7034783
vt 0.1354074 0.748399
vt 0.09115838 0.7104351
vt 0.1497987 0.8137723
vt 0.07072085 0.6815478
vt 0.1151938 0.6770393
vt 0.1304062 0.7076882
vt 0.1685344 0.6876836
vt 0.1580245 0.7141673
vt 0.1948091 0.6992385
vt 0.1781485 0.7301859
vt 0.2129177 0.7163618
vt 0.2306233 0.7453685
vt 0.1878523 0.7508175
vt 0.1888674 0.7688963
vt 0.2289214 0.7671645
vt 0.2273688 0.7870796
vt 0.1828362 0.7932601
vt 0.2001237 0.8179076
vt 0.1566511 0.8425401
vt 0.09916022 0.8483474
vt 0.04684969 0.815519
vt 0.9529088 0.6688136
vt 0.6078444 0.5024768
vt 0.8711885 0.8334634
vt 0.968793 0.5307968
vt 0.742114 0.9433842
vt 0.9600596 0.4026181
vt 0.5708956 0.9850206
vt 0.9197519 0.2691993
vt 0.4230257 0.9565663
vt 0.8442718 0.1643095
vt 0.2837549 0.8548862
vt 0.732246 0.1087893
vt 0.2150824 0.7080764
vt 0.600992 0.08391792
vt 0.2086332 0.5293039
vt 0.4734553 0.1123125
vt 0.2407749 0.4057979
vt 0.369282 0.1737445
vt 0.2940857 0.276201
vt 0.9529088 0.6688136
vt 0.8711885 0.8334634
vt 0.6078444 0.5024768
vt 0.968793 0.5307968
vt 0.742114 0.9433842
vt 0.9600596 0.4026181
vt 0.5708956 0.9850206
vt 0.9197519 0.2691993
vt 0.4230257 0.9565663
vt 0.8442718 0.1643095
vt 0.2837549 0.8548862
vt 0.732246 0.1087893
vt 0.2150824 0.7080764
vt 0.600992 0.08391792
vt 0.2086332 0.5293039
vt 0.4734553 0.1123125
vt 0.2407749 0.4057979
vt 0.369282 0.1737445
vt 0.2940857 0.276201
vt 0.07690138 0.9319338
vt 0.115149 0.9460117
vt 0.1203741 0.9305604
vt 0.0996678 0.9579397
vt 0.1141637 0.9154076
vt 0.07791653 0.9627916
vt 0.09793606 0.9042707
vt 0.05586669 0.9590743
vt 0.07588622 0.9005534
vt 0.039654 0.9479374
vt 0.05412002 0.9054053
vt 0.03342869 0.9327847
vt 0.03863885 0.9173334
vt 0.07690138 0.9319338
vt 0.115149 0.9460117
vt 0.1203741 0.9305604
vt 0.0996678 0.9579397
vt 0.1141637 0.9154076
vt 0.07791653 0.9627916
vt 0.09793606 0.9042707
vt 0.05586669 0.9590743
vt 0.07588622 0.9005534
vt 0.039654 0.9479374
vt 0.05412002 0.9054053
vt 0.03342869 0.9327847
vt 0.03863885 0.9173334
vt 0.8120256 0.7763906
vt 0.8619028 0.78175
vt 0.8511391 0.7562814
vt 0.8120256 0.7763906
vt 0.8511391 0.7562814
vt 0.8619028 0.78175
vt 0.8677548 0.02356075
vt 0.7439502 0.08015586
vt 0.8466306 0.1076398
vt 0.8206246 0.1685792
vt 0.7593867 0.2022287
vt 0.6589009 0.1973918
vt 0.5804948 0.1434689
vt 0.5733289 0.06474932
vt 0.5313044 0.09057616
vt 0.4888767 0.03842984
vt 0.46932 0.4471059
vt 0.5306773 0.5297965
vt 0.4953857 0.442269
vt 0.5057015 0.5169429
vt 0.49973 0.6689778
vt 0.4308335 0.448345
vt 0.4322667 0.3802249
vt 0.4601388 0.3984828
vt 0.4545703 0.3689835
vt 0.4485689 0.3113433
vt 0.4222494 0.302401
vt 0.4414628 0.2430291
vt 0.4133071 0.3848528
vt 0.4741121 0.6486149
vt 0.4380889 0.5042384
vt 0.425698 0.7748081
vt 0.4439858 0.8023368
vt 0.3091787 0.8899092
vt 0.3221369 0.9136758
vt 0.172177 0.937353
vt 0.1724308 0.9661655
vt 0.3024906 0.8272977
vt 0.3943923 0.7247817
vt 0.4356704 0.6117855
vt 0.03430949 0.9406672
vt 0.03734004 0.9678376
vt 0.1724308 0.9661655
vt 0.172177 0.937353
vt 0.3221369 0.9136758
vt 0.03360784 0.9058979
vt 0.1719531 0.8897599
vt 0.305536 0.7743751
vt 0.3091787 0.8899092
vt 0.4439858 0.8023368
vt 0.425698 0.7748081
vt 0.49973 0.6689778
vt 0.3024906 0.8272977
vt 0.1719531 0.8897599
vt 0.03360784 0.8107567
vt 0.1645036 0.8054569
vt 0.03360784 0.7037917
vt 0.1645036 0.8054569
vt 0.305536 0.7743751
vt 0.3943923 0.7247817
vt 0.4741121 0.6486149
vt 0.1632794 0.7034932
vt 0.1632794 0.7034932
vt 0.5057015 0.5169429
vt 0.5306773 0.5297965
vt 0.3141947 0.7109277
vt 0.3141947 0.7109277
vt 0.4008565 0.6195186
vt 0.3131497 0.6134277
vt 0.3930338 0.5075079
vt 0.46932 0.4471059
vt 0.4953857 0.442269
vt 0.1496494 0.6099493
vt 0.358802 0.5229741
vt 0.3871817 0.4534656
vt 0.3497701 0.4500917
vt 0.3837182 0.4186516
vt 0.3339455 0.4771576
vt 0.3540397 0.4186665
vt 0.2873975 0.5351112
vt 0.2865167 0.5054327
vt 0.223756 0.5024022
vt 0.3715512 0.3844796
vt 0.342455 0.3811355
vt 0.2162021 0.5353799
vt 0.174073 0.4772919
vt 0.3997517 0.3461125
vt 0.355234 0.3519945
vt 0.3184345 0.3346621
vt 0.3665202 0.3041626
vt 0.3378569 0.3214203
vt 0.3126123 0.299251
vt 0.3072529 0.3119405
vt 0.3803443 0.2308174
vt 0.3660724 0.1659069
vt 0.4437171 0.2130819
vt 0.3174791 0.2877409
vt 0.2893234 0.2784552
vt 0.287517 0.2884873
vt 0.2855613 0.2993256
vt 0.2379981 0.3010873
vt 0.2374308 0.2857703
vt 0.1847321 0.3163744
vt 0.3447689 0.2499113
vt 0.3460827 0.1926593
vt 0.3025652 0.2460298
vt 0.3204499 0.2106187
vt 0.2827846 0.1592487
vt 0.1815971 0.2912492
vt 0.2369083 0.2716029
vt 0.1632794 0.3161056
vt 0.1638617 0.3422161
vt 0.1483506 0.3433208
vt 0.15268 0.3726261
vt 0.1216579 0.3702673
vt 0.1476042 0.400961
vt 0.1285998 0.3447241
vt 0.1345116 0.3137469
vt 0.08191746 0.3253018
vt 0.1782232 0.2702742
vt 0.2427903 0.2298171
vt 0.1295702 0.2710505
vt 0.1187617 0.4063353
vt 0.1529189 0.4176812
vt 0.07382604 0.3696254
vt 0.03360784 0.3682519
vt 0.07246752 0.4179947
vt 0.1205681 0.4429706
vt 0.1569795 0.4304304
vt 0.1372884 0.4872345
vt 0.07543835 0.477486
vt 0.1430509 0.5339766
vt 0.08120088 0.5331705
vt 0.03360784 0.4255338
vt 0.03360784 0.6085161
vt 0.03360784 0.4702306
vt 0.1496494 0.6099493
vt 0.03360784 0.5298114
vt 0.08120088 0.5331705
vt 0.07543835 0.477486
vt 0.07246752 0.4179947
vt 0.3131497 0.6134277
vt 0.1430509 0.5339766
vt 0.2162021 0.5353799
vt 0.1372884 0.4872345
vt 0.1205681 0.4429706
vt 0.4008565 0.6195186
vt 0.174073 0.4772919
vt 0.1569795 0.4304304
vt 0.223756 0.5024022
vt 0.1529189 0.4176812
vt 0.2873975 0.5351112
vt 0.2865167 0.5054327
vt 0.3339455 0.4771576
vt 0.1187617 0.4063353
vt 0.1476042 0.400961
vt 0.358802 0.5229741
vt 0.3497701 0.4500917
vt 0.1216579 0.3702673
vt 0.15268 0.3726261
vt 0.3930338 0.5075079
vt 0.07382604 0.3696254
vt 0.08191746 0.3253018
vt 0.1483506 0.3433208
vt 0.1638617 0.3422161
vt 0.1285998 0.3447241
vt 0.1632794 0.3161056
vt 0.1847321 0.3163744
vt 0.1345116 0.3137469
vt 0.1815971 0.2912492
vt 0.03360784 0.3262124
vt 0.03360784 0.2909207
vt 0.2374308 0.2857703
vt 0.2379981 0.3010873
vt 0.08221603 0.2727673
vt 0.287517 0.2884873
vt 0.2893234 0.2784552
vt 0.2855613 0.2993256
vt 0.3072529 0.3119405
vt 0.3126123 0.299251
vt 0.3184345 0.3346621
vt 0.2369083 0.2716029
vt 0.1782232 0.2702742
vt 0.2427903 0.2298171
vt 0.1295702 0.2710505
vt 0.1797161 0.2233977
vt 0.08221603 0.2727673
vt 0.09845857 0.2192177
vt 0.03360784 0.2804556
vt 0.09845857 0.2192177
vt 0.03360784 0.2162319
vt 0.1797161 0.2233977
vt 0.2317429 0.1950181
vt 0.1688778 0.1811194
vt 0.09402472 0.171759
vt 0.2792763 0.2397149
vt 0.09402472 0.171759
vt 0.1688778 0.1811194
vt 0.2317429 0.1950181
vt 0.03360784 0.1674446
vt 0.2792763 0.2397149
vt 0.2765742 0.213903
vt 0.2227409 0.1625181
vt 0.2797241 0.1789846
vt 0.1536354 0.1447976
vt 0.2147988 0.1381095
vt 0.08845627 0.1316752
vt 0.1385275 0.117448
vt 0.2077822 0.104445
vt 0.2820978 0.1263605
vt 0.03360784 0.1263904
vt 0.08017079 0.1062365
vt 0.1318244 0.08403735
vt 0.08845627 0.1316752
vt 0.1536354 0.1447976
vt 0.2227409 0.1625181
vt 0.1385275 0.117448
vt 0.08017079 0.1062365
vt 0.03360784 0.09874222
vt 0.03360784 0.06604813
vt 0.06657064 0.07051185
vt 0.03360784 0.03344362
vt 0.06657064 0.07051185
vt 0.1318244 0.08403735
vt 0.1865982 0.06291308
vt 0.2786045 0.08687382
vt 0.1865982 0.06291308
vt 0.2077822 0.104445
vt 0.2786045 0.08687382
vt 0.363206 0.1197471
vt 0.3490087 0.07858833
vt 0.4232049 0.1051168
vt 0.3566971 0.04967123
vt 0.4042751 0.04967123
vt 0.4598252 0.1520381
vt 0.4952961 0.2136194
vt 0.467424 0.2383863
vt 0.4952961 0.2136194
vt 0.5171518 0.2846357
vt 0.5171518 0.2846357
vt 0.4232049 0.1051168
vt 0.3490087 0.07858833
vt 0.363206 0.1197471
vt 0.4598252 0.1520381
vt 0.3660724 0.1659069
vt 0.2820978 0.1263605
vt 0.2827846 0.1592487
vt 0.4437171 0.2130819
vt 0.4952961 0.2136194
vt 0.467424 0.2383863
vt 0.4952961 0.2136194
vt 0.5171518 0.2846357
vt 0.5171518 0.2846357
vt 0.4414628 0.2430291
vt 0.2147988 0.1381095
vt 0.2797241 0.1789846
vt 0.2765742 0.213903
vt 0.3204499 0.2106187
vt 0.3025652 0.2460298
vt 0.3460827 0.1926593
vt 0.3803443 0.2308174
vt 0.3447689 0.2499113
vt 0.3174791 0.2877409
vt 0.4222494 0.302401
vt 0.4485689 0.3113433
vt 0.3665202 0.3041626
vt 0.3378569 0.3214203
vt 0.355234 0.3519945
vt 0.342455 0.3811355
vt 0.3997517 0.3461125
vt 0.3715512 0.3844796
vt 0.3540397 0.4186665
vt 0.4322667 0.3802249
vt 0.4545703 0.3689835
vt 0.4601388 0.3984828
vt 0.4133071 0.3848528
vt 0.3837182 0.4186516
vt 0.4308335 0.448345
vt 0.3871817 0.4534656
vt 0.4380889 0.5042384
vt 0.4356704 0.6117855
vt 0.502641 0.8904466
vt 0.502641 0.9057337
vt 0.502641 0.8931637
vt 0.502641 0.888685
vt 0.502641 0.8906108
vt 0.502641 0.9012999
vt 0.502641 0.9032555
vt 0.502641 0.9240364
vt 0.502641 0.9250367
vt 0.502641 0.9544613
vt 0.8677548 0.02356075
vt 0.8466306 0.1076398
vt 0.7439502 0.08015586
vt 0.8206246 0.1685792
vt 0.7593867 0.2022287
vt 0.6589009 0.1973918
vt 0.5804948 0.1434689
vt 0.5733289 0.06474932
vt 0.5313044 0.09057616
vt 0.4888767 0.03842984
vt 0.502641 0.8904466
vt 0.502641 0.8931637
vt 0.502641 0.9057337
vt 0.502641 0.888685
vt 0.502641 0.8906108
vt 0.502641 0.9012999
vt 0.502641 0.9032555
vt 0.502641 0.9240364
vt 0.502641 0.9250367
vt 0.502641 0.9544613
vt 0.614622 0.2393865
vt 0.6466592 0.3285861
vt 0.6739939 0.288353
vt 0.5838239 0.2811424
vt 0.7386505 0.3449929
vt 0.6339548 0.399289
vt 0.5850779 0.3745071
vt 0.6663951 0.5281245
vt 0.5931842 0.476232
vt 0.5825251 0.5710747
vt 0.7073299 0.385435
vt 0.8103685 0.4422242
vt 0.7019854 0.4587802
vt 0.7740318 0.4694842
vt 0.822013 0.5727019
vt 0.7355901 0.5090455
vt 0.7774953 0.5731647
vt 0.7808095 0.6594831
vt 0.736247 0.5604155
vt 0.7480109 0.6339847
vt 0.701224 0.7016868
vt 0.7032692 0.5948115
vt 0.6891317 0.6614835
vt 0.5993349 0.6636781
vt 0.6407773 0.6066351
vt 0.2361469 0.4333863
vt 0.2569726 0.4519876
vt 0.2569726 0.4519876
vt 0.2361469 0.4333863
vt 0.2361469 0.4333863
vt 0.2273091 0.399901
vt 0.2361469 0.4333863
vt 0.2273091 0.399901
vt 0.2273091 0.399901
vt 0.2390431 0.3674906
vt 0.2390431 0.3674906
vt 0.2650193 0.349994
vt 0.2650193 0.349994
vt 0.2390431 0.3674906
vt 0.2390431 0.3674906
vt 0.221875 0.3582944
vt 0.2069313 0.399901
vt 0.2530613 0.3314823
vt 0.2190983 0.442896
vt 0.221875 0.3582944
vt 0.2439099 0.4663641
vt 0.2190983 0.442896
vt 0.2069313 0.399901
vt 0.2273091 0.399901
vt 0.5967671 0.870248
vt 0.6249229 0.8801457
vt 0.6247587 0.8671726
vt 0.635179 0.8529454
vt 0.6701422 0.8787425
vt 0.6720531 0.85932
vt 0.7301112 0.8602755
vt 0.7264985 0.8824896
vt 0.8064273 0.8820268
vt 0.6311333 0.8405994
vt 0.5953639 0.8215352
vt 0.6269681 0.8271634
vt 0.6698138 0.8322093
vt 0.7319773 0.8343143
vt 0.8053375 0.8294176
vt 0.7986942 0.8600665
vt 0.8739055 0.880922
vt 0.8592902 0.8257452
vt 0.8604099 0.8624551
vt 0.9046887 0.8602009
vt 0.95579 0.8777273
vt 0.8960449 0.8170267
vt 0.92853 0.8318063
vt 0.9569843 0.8237746
vt 0.9318144 0.7905431
vt 0.9180948 0.7852881
vt 0.9499528 0.7881097
vt 0.9303663 0.7373517
vt 0.6466592 0.3285861
vt 0.614622 0.2393865
vt 0.6739939 0.288353
vt 0.5838239 0.2811424
vt 0.7386505 0.3449929
vt 0.6339548 0.399289
vt 0.5850779 0.3745071
vt 0.6663951 0.5281245
vt 0.5931842 0.476232
vt 0.5825251 0.5710747
vt 0.7073299 0.385435
vt 0.8103685 0.4422242
vt 0.7019854 0.4587802
vt 0.7740318 0.4694842
vt 0.822013 0.5727019
vt 0.7355901 0.5090455
vt 0.7774953 0.5731647
vt 0.7808095 0.6594831
vt 0.736247 0.5604155
vt 0.7480109 0.6339847
vt 0.701224 0.7016868
vt 0.7032692 0.5948115
vt 0.6891317 0.6614835
vt 0.5993349 0.6636781
vt 0.6407773 0.6066351
vt 0.5967671 0.870248
vt 0.6247587 0.8671726
vt 0.6249229 0.8801457
vt 0.635179 0.8529454
vt 0.6701422 0.8787425
vt 0.6720531 0.85932
vt 0.7301112 0.8602755
vt 0.7264985 0.8824896
vt 0.8064273 0.8820268
vt 0.6311333 0.8405994
vt 0.5953639 0.8215352
vt 0.6269681 0.8271634
vt 0.6698138 0.8322093
vt 0.7319773 0.8343143
vt 0.8053375 0.8294176
vt 0.7986942 0.8600665
vt 0.8739055 0.880922
vt 0.8592902 0.8257452
vt 0.8604099 0.8624551
vt 0.9046887 0.8602009
vt 0.95579 0.8777273
vt 0.8960449 0.8170267
vt 0.92853 0.8318063
vt 0.9569843 0.8237746
vt 0.9318144 0.7905431
vt 0.9180948 0.7852881
vt 0.9499528 0.7881097
vt 0.9303663 0.7373517
vt 0.8536023 0.9393235
vt 0.8502732 0.9502813
vt 0.9562677 0.9456384
vt 0.8504374 0.9603881
vt 0.6901916 0.945713
vt 0.6934312 0.9601641
vt 0.69158 0.929993
vt 0.5884369 0.9517592
vt 0.5893774 0.937129
vt 0.5924378 0.9253352
vt 0.5342752 0.9270222
vt 0.5342752 0.9270222
vt 0.5893774 0.937129
vt 0.5884369 0.9517592
vt 0.5924378 0.9253352
vt 0.69158 0.929993
vt 0.6901916 0.945713
vt 0.6934312 0.9601641
vt 0.8536023 0.9393235
vt 0.8504374 0.9603881
vt 0.8502732 0.9502813
vt 0.9562677 0.9456384
vn 0.675464 -0.5522969 -0.4885863
vn 0.73216 -0.3391983 -0.5906659
vn 0.5405667 -0.5522969 -0.6346304
vn 0.5738022 -0.8084062 -0.1312644
vn 0.8338217 -0.4349949 -0.3398835
vn 0.5562069 -0.8181814 0.145647
vn 0.966764 0.2082111 -0.1483764
vn 0.851417 0.1984359 -0.4855021
vn 0.8709673 -0.4682305 0.1489165
vn 0.7888559 -0.5738022 0.2201303
vn 0.7086996 0.6832842 -0.175692
vn 0.5894425 0.5777123 -0.5646291
vn 0.8416418 -0.3626587 0.4001471
vn 0.5933526 -0.7458452 0.3027335
vn 0.9178881 0.2551318 0.3039559
vn 0.8924727 -0.2336265 0.3858901
vn 0.6617788 -0.7028345 0.260907
vn 0.2551318 0.9217982 -0.2918832
vn 0.1886607 0.6578687 -0.7291199
vn 0.0009775162 0.9335284 -0.358502
vn 0.0009775162 0.6383184 -0.7697718
vn -0.1886607 0.6578687 -0.7291199
vn 0.6207231 0.7262949 0.2952941
vn 0.9335284 -0.1984359 0.2985764
vn 0.6617788 -0.7008795 0.2661142
vn 0.8787875 0.2785922 0.3874519
vn 0.5288365 0.7771257 0.3411855
vn 0.2160312 0.9452586 0.2445744
vn 0.9217982 0.2727271 0.2755141
vn -0.2551318 0.9217982 -0.2918832
vn -0.5894425 0.5777123 -0.5646291
vn 0.968719 -0.1573802 0.1918722
vn -0.7086996 0.6832842 -0.175692
vn -0.8475069 0.206256 -0.4890711
vn -0.2160312 0.9452586 0.2445744
vn -0.0009775162 0.9726291 0.2323612
vn -0.0009775162 0.8631471 0.5049515
vn 0.1104594 0.8396868 0.5317189
vn -0.620723 0.7262949 0.2952942
vn -0.5288365 0.7771257 0.3411855
vn -0.1104593 0.8396868 0.5317189
vn -0.0009775162 0.9178882 0.3968379
vn 0.06940371 0.8983378 0.4337882
vn -0.06940365 0.8983378 0.4337882
vn -0.0009775162 0.9863143 -0.1648732
vn 0.1964809 0.9726291 -0.1240482
vn -0.1964809 0.9726291 -0.1240482
vn 0.6559137 0.7517103 0.06862089
vn 0.7458452 0.6578687 -0.1045161
vn -0.0009775162 0.9491687 -0.3147664
vn 0.9511237 0.2140762 0.2225648
vn 0.262952 0.9257083 -0.2718831
vn 0.43695 0.8709673 -0.2247016
vn 0.0009775162 0.9882693 -0.1527179
vn -0.262952 0.9257083 -0.2718831
vn -0.43695 0.8709673 -0.2247016
vn -0.7458452 0.6578687 -0.1045161
vn 0.9608989 -0.1436949 0.2366962
vn 0.6441835 -0.07135874 -0.761535
vn 0.6070378 0.558162 -0.5656503
vn -0.0009775162 0.9960895 0.08834484
vn -0.6559137 0.7517103 0.06862089
vn -0.9217982 0.2727271 0.275514
vn 0.6324533 -0.6911043 0.3498253
vn 0.2355815 -0.9198431 0.3136717
vn -0.8787875 0.2785922 0.3874517
vn 0.2121211 -0.8826975 0.4193444
vn -0.0009775162 -0.9413486 0.3374344
vn -0.9178882 0.2551318 0.3039557
vn -0.9648089 0.2121211 -0.1553974
vn -0.8299116 -0.44086 -0.3418906
vn -0.7223848 -0.3450634 -0.5992424
vn -0.5464318 -0.8220915 -0.1599311
vn -0.8690122 -0.4721406 0.14799
vn -0.5366566 -0.8318667 0.1414124
vn -0.5640271 -0.796676 0.2172112
vn -0.8396868 -0.3704788 0.3970788
vn -0.5953076 -0.7458452 0.2988709
vn -0.8924727 -0.2355815 0.3846996
vn -0.6617788 -0.7047895 0.2555788
vn -0.9335284 -0.1984359 0.2985764
vn -0.6617788 -0.7008795 0.2661142
vn -0.968719 -0.1573802 0.1918722
vn -0.9511237 0.2140762 0.2225648
vn -0.9608989 -0.1436949 0.2366962
vn -0.7243398 -0.01466274 -0.6892872
vn -0.6070378 0.558162 -0.5656504
vn -0.6324533 -0.6911043 0.3498251
vn -0.2355815 -0.9198431 0.3136717
vn -0.2121211 -0.8826975 0.4193444
vn -0.0009775162 -0.8690123 -0.4947895
vn -0.3157378 -0.4173996 -0.8521075
vn -0.4682305 -0.6461385 0.6027149
vn 0.3157379 -0.4173996 -0.8521075
vn 0.9413486 0.1593353 0.2974478
vn 0.4682305 -0.6461385 0.6027149
vn -0.9413486 0.1593353 0.2974478
vn 0.970674 -0.1339198 0.1996431
vn -0.970674 -0.1339198 0.1996431
vn -0.8416418 -0.5171063 0.1556925
vn -0.9569888 -0.1612902 -0.2411595
vn -0.5698922 -0.8162264 -0.09485453
vn 0.8416418 -0.5171063 0.1556923
vn 0.9569888 -0.1612902 -0.2411595
vn 0.5405667 -0.8357767 -0.09625428
vn -0.2551318 -0.73607 -0.6269838
vn 0.2160312 -0.734115 -0.6437435
vn 0.6480935 -0.2473117 -0.7202858
vn 0.1925708 -0.8435969 -0.5012592
vn 0.6324533 0.3841641 -0.6726224
vn -0.2922775 -0.9393935 0.179203
vn 0.3919842 0.4565003 -0.7987214
vn 0.2316715 0.9452586 -0.229814
vn -0.1827956 0.9628539 -0.1987413
vn -0.327468 0.8396868 0.433233
vn -0.4252198 0.7262949 0.5400776
vn -0.6129029 0.1749755 0.7705411
vn -0.6246331 -0.7126096 0.3194072
vn -0.3958943 0.8729223 0.2850865
vn -0.5444767 0.1515151 0.8249777
vn -0.5151513 -0.558162 0.6504416
vn -0.501466 -0.5268815 0.6862417
vn -0.1691104 -0.4545453 0.8745229
vn 0.4076244 0.5112412 0.7566206
vn 0.02248287 0.04985332 -0.9985034
vn -0.4037144 0.7732157 0.4890319
vn 0.4037144 0.7732157 0.489032
vn 0.3958942 0.8729223 0.2850866
vn -0.4076245 0.5112412 0.7566206
vn -0.02248287 0.04985332 -0.9985034
vn 0.1691104 -0.4545453 0.8745229
vn 0.6050828 -0.7262949 0.3261449
vn 0.4858258 -0.5268815 0.6974018
vn 0.5405667 0.1554252 0.8268196
vn 0.4252197 0.7262949 0.5400777
vn 0.2746822 -0.9413486 0.1959914
vn -0.1984359 -0.8983378 -0.3919342
vn 0.5190613 -0.5405667 0.6620899
vn 0.6109479 0.1925708 0.7678927
vn -0.6891493 -0.2825023 -0.6672823
vn 0.3274681 0.8396868 0.433233
vn -0.6774191 0.3763438 -0.6320354
vn 0.1827956 0.9628539 -0.1987413
vn -0.2297164 0.9511237 -0.2063832
vn -0.4447701 0.4799607 -0.7561861
vn 0.2531768 0.9608989 -0.1121376
vn 0.7888559 -0.5738022 0.2201303
vn 0.2531768 0.9608989 -0.1121376
vn -0.6871942 -0.5483868 -0.476483
vn -0.5464318 -0.5522969 -0.6295875
vn -0.7223848 0.5913975 -0.3583423
vn -0.7223848 0.5913975 -0.3583423
vn -0.7223848 0.5913975 -0.3583423
vn -0.2844573 -0.380254 0.8800517
vn -0.2844573 -0.380254 0.8800517
vn -0.2844573 -0.380254 0.8800517
vn 0.7223848 0.5913975 -0.3583423
vn 0.7223848 0.5913975 -0.3583423
vn 0.7223848 0.5913975 -0.3583423
vn 0.2844573 -0.380254 0.8800517
vn 0.2844573 -0.380254 0.8800517
vn 0.2844573 -0.380254 0.8800517
vn 0.6031278 -0.497556 0.623438
vn 0.6031278 -0.497556 0.623438
vn 0.6031278 -0.497556 0.623438
vn 0.6011727 -0.7908109 -0.1149319
vn 0.6011727 -0.7908109 -0.1149319
vn 0.6011727 -0.7908109 -0.1149319
vn -0.5913975 -0.4956009 0.6361043
vn -0.5913975 -0.4956009 0.6361043
vn -0.5913975 -0.4956009 0.6361043
vn -0.5953076 -0.796676 -0.1044805
vn -0.5953076 -0.796676 -0.1044805
vn -0.5953076 -0.796676 -0.1044805
vn 0.6031278 -0.5464318 0.5810759
vn 0.6031278 -0.5464318 0.5810759
vn 0.6031278 -0.5464318 0.5810759
vn -0.5913975 -0.5464318 0.5930104
vn -0.5913975 -0.5464318 0.5930104
vn -0.5913975 -0.5464318 0.5930104
vn 0.5562069 -0.8299116 0.04336435
vn 0.5562069 -0.8299116 0.04336435
vn 0.5562069 -0.8299116 0.04336435
vn 0.1593352 -0.5992177 0.7845702
vn 0.1593352 -0.5992177 0.7845702
vn 0.1593352 -0.5992177 0.7845702
vn -0.8963828 -0.07135874 0.4374995
vn -0.8963828 -0.07135874 0.4374995
vn -0.8963828 -0.07135874 0.4374995
vn -0.1964809 -0.3939392 0.8978904
vn -0.1964809 -0.3939392 0.8978904
vn -0.1964809 -0.3939392 0.8978904
vn -0.3098727 -0.5268815 -0.7914385
vn -0.3098727 -0.5268815 -0.7914385
vn -0.3098727 -0.5268815 -0.7914385
vn 0.438905 -0.8123163 -0.3840634
vn 0.438905 -0.8123163 -0.3840634
vn 0.438905 -0.8123163 -0.3840634
vn -0.9921794 -0.05767345 0.110697
vn -0.9921794 -0.05767345 0.110697
vn -0.9921794 -0.05767345 0.110697
vn -0.6656889 -0.319648 -0.6743022
vn -0.6656889 -0.319648 -0.6743022
vn -0.6656889 -0.319648 -0.6743022
vn 0.9745841 -0.06549364 -0.2142344
vn 0.9745841 -0.06549364 -0.2142344
vn 0.9745841 -0.06549364 -0.2142344
vn 0.5738022 0.4154446 0.7058022
vn 0.5738022 0.4154446 0.7058022
vn 0.5738022 0.4154446 0.7058022
vn -0.6011727 0.7614855 0.2423455
vn -0.6011727 0.7614855 0.2423455
vn -0.6011727 0.7614855 0.2423455
vn 0.3391983 0.5210164 0.7832537
vn 0.3391983 0.5210164 0.7832537
vn 0.3391983 0.5210164 0.7832537
vn 0.1045943 0.4877808 -0.8666775
vn 0.1045943 0.4877808 -0.8666775
vn 0.1045943 0.4877808 -0.8666775
vn 0.9315734 -0.05767345 -0.3589496
vn 0.9315734 -0.05767345 -0.3589496
vn 0.9315734 -0.05767345 -0.3589496
vn -0.6148579 0.7634405 0.1977584
vn -0.6148579 0.7634405 0.1977584
vn -0.6148579 0.7634405 0.1977584
vn -0.1300098 0.5933526 -0.7943741
vn -0.1300098 0.5933526 -0.7943741
vn -0.1300098 0.5933526 -0.7943741
vn -0.6930593 -0.3333332 0.6391852
vn -0.6930593 -0.3333332 0.6391852
vn -0.6930593 -0.3333332 0.6391852
vn -0.6911043 0.5894425 0.4182492
vn -0.6911043 0.5894425 0.4182492
vn -0.6911043 0.5894425 0.4182492
vn -0.8670572 -0.4760506 -0.1469272
vn -0.8670572 -0.4760506 -0.1469272
vn -0.8670572 -0.4760506 -0.1469272
vn -0.855327 0.3450633 -0.3864544
vn -0.855327 0.3450633 -0.3864544
vn -0.855327 0.3450633 -0.3864544
vn 0.6793741 -0.6930593 -0.2410801
vn 0.6793741 -0.7204298 0.1393979
vn 0.9452586 -0.3098727 -0.1022987
vn 0.4310848 0.8963828 -0.1032654
vn 0.9608989 0.2238513 -0.1629844
vn 0.9608989 0.2238513 -0.1629844
vn -0.7849458 0.6109478 0.1029695
vn -0.9608989 -0.2238513 0.1629844
vn -0.9608989 -0.2238513 0.1629844
vn 0.5855324 0.794721 0.1599073
vn 0.5855324 0.794721 0.1599073
vn 0.5855324 0.794721 0.1599073
vn 0.8807425 -0.05962849 0.4698267
vn 0.8807425 -0.05962849 0.4698267
vn 0.8807425 -0.05962849 0.4698267
vn 0.6891493 0.5190613 -0.5056171
vn 0.6891493 0.5190613 -0.5056171
vn 0.6891493 0.5190613 -0.5056171
vn 0.8963827 -0.2922775 -0.3332745
vn 0.8963827 -0.2922775 -0.3332745
vn 0.8963827 -0.2922775 -0.3332745
vn 0.5171063 0.8514169 0.08769408
vn 0.5171063 0.8514169 0.08769408
vn 0.5171063 0.8514169 0.08769408
vn 0.8240465 -0.2473117 0.5096904
vn 0.8240465 -0.2473117 0.5096904
vn 0.8240465 -0.2473117 0.5096904
vn 0.5542519 0.6422285 -0.5294784
vn 0.5542519 0.6422285 -0.5294784
vn 0.5542519 0.6422285 -0.5294784
vn 0.8866076 -0.3665687 -0.2820537
vn 0.8866076 -0.3665687 -0.2820537
vn 0.8866076 -0.3665687 -0.2820537
vn 0.9472136 0.3157378 0.05564097
vn 0.9472136 0.3157378 0.05564097
vn 0.9472136 0.3157378 0.05564097
vn 0.2453567 -0.9648089 0.09457164
vn 0.2453567 -0.9648089 0.09457164
vn 0.2453567 -0.9648089 0.09457164
vn -0.2453567 0.9393935 0.2394575
vn -0.2453567 0.9393935 0.2394575
vn -0.2453567 0.9393935 0.2394575
vn 0.1984359 0.9726291 0.1208962
vn 0.1984359 0.9726291 0.1208962
vn 0.1984359 0.9726291 0.1208962
vn 0.9608989 -0.2355815 0.1455152
vn 0.9608989 -0.2355815 0.1455152
vn 0.9608989 -0.2355815 0.1455152
vn -0.9648089 0.2179862 0.1470568
vn -0.9648089 0.2179862 0.1470568
vn -0.9648089 0.2179862 0.1470568
vn -0.5698922 -0.4545453 0.684552
vn -0.5698922 -0.4545453 0.684552
vn -0.5698922 -0.4545453 0.684552
vn -0.7145647 0.4682305 0.5197668
vn -0.7145647 0.4682305 0.5197668
vn -0.7145647 0.4682305 0.5197668
vn -0.8044962 -0.5855324 -0.09968788
vn -0.8044962 -0.5855324 -0.09968788
vn -0.8044962 -0.5855324 -0.09968788
vn -0.9315734 0.2375365 -0.2752225
vn -0.9315734 0.2375365 -0.2752225
vn -0.9315734 0.2375365 -0.2752225
vn -0.4740956 0.7595304 0.4453616
vn -0.4740956 0.7595304 0.4453616
vn -0.4740956 0.7595304 0.4453616
vn 0.6246331 0.7243398 0.2918309
vn 0.6246331 0.7243398 0.2918309
vn 0.6246331 0.7243398 0.2918309
vn -0.5679371 0.6422285 -0.5147718
vn -0.5679371 0.6422285 -0.5147718
vn -0.5679371 0.6422285 -0.5147718
vn 0.4330398 0.5855324 -0.6852943
vn 0.4330398 0.5855324 -0.6852943
vn 0.4330398 0.5855324 -0.6852943
vn 0.1730204 0.9843593 0.03317798
vn 0.1730204 0.9843593 0.03317798
vn 0.1730204 0.9843593 0.03317798
vn -0.6617788 -0.7047895 0.2555788
vn -0.2316715 -0.9178881 0.3221952
vn -0.5953076 -0.7458452 0.2988709
vn -0.2453567 -0.9354835 0.2543046
vn -0.6617788 -0.7008795 0.2661142
vn -0.2355815 -0.9198431 0.3136717
vn -0.0009775162 -0.9608989 0.2768978
vn -0.0009775162 -0.9413486 0.3374344
vn 0.2355815 -0.9198431 0.3136717
vn -0.0009775162 -0.9608989 0.2768978
vn 0.2453567 -0.9354835 0.2543046
vn 0.6617788 -0.7008795 0.2661142
vn 0.6617788 -0.7028345 0.260907
vn 0.2297164 -0.9198431 0.317992
vn 0.5933526 -0.7458452 0.3027335
vn -0.0009775162 -0.9569888 0.2901232
vn 0.3567936 -0.853372 0.3800717
vn 0.3998043 -0.8220915 0.4053667
vn 0.5542519 -0.8260015 0.1025978
vn 0.1730204 -0.9296184 0.3253823
vn -0.1730205 -0.9296184 0.3253823
vn -0.0009775162 -0.9941344 0.1081471
vn -0.0009775162 -0.9941344 0.1081471
vn 0.1925708 -0.970674 0.1439041
vn 0.3998043 -0.9042029 0.1502455
vn 0.2101661 -0.913978 -0.3470941
vn -0.0009775162 -0.9296184 -0.3685224
vn 0.4721406 -0.8103613 -0.346984
vn 0.675464 -0.5522969 -0.4885863
vn 0.5405667 -0.5522969 -0.6346304
vn 0.1984359 -0.7086996 -0.6770289
vn -0.0009775162 -0.7478002 -0.6639231
vn -0.2101661 -0.913978 -0.3470941
vn -0.1984359 -0.7086996 -0.6770289
vn -0.4838707 -0.8064512 -0.339861
vn -0.5464318 -0.5522969 -0.6295875
vn -0.6871942 -0.5483868 -0.476483
vn -0.5874875 -0.8005861 0.1179846
vn -0.1925708 -0.970674 0.1439041
vn -0.4232647 -0.8924727 0.1560112
vn -0.3822091 -0.8435969 0.3771744
vn -0.4584553 -0.794721 0.3977904
vn -0.5953076 -0.7458452 0.2988709
vn -0.3861191 -0.8944277 0.2256348
vn -0.6246331 -0.7673506 0.1449365
vn -0.2473117 -0.9472136 0.2040177
vn -0.5855324 -0.7458452 0.3175952
vn -0.8866076 -0.3743889 0.2715876
vn -0.5503418 -0.7262949 0.411849
vn -0.7732157 -0.5640271 0.2898466
vn 0.9276633 -0.2590419 0.2689575
vn 0.9237532 -0.1202345 0.3636257
vn 0.6871942 0.1945258 0.6999456
vn 0.1163245 0.7751707 0.6209501
vn 0.796676 0.3861191 0.4649939
vn 0.9237532 -0.1202345 0.3636257
vn 0.9217982 -0.0928641 0.3763833
vn 0.2805473 0.9530787 0.1137284
vn 0.2688171 0.9217982 -0.2793303
vn 0.9217982 -0.0928641 0.3763833
vn 0.9217982 0.3861191 0.03464282
vn 0.4232647 0.8514169 -0.3097357
vn 0.9726291 0.07917881 0.2184569
vn -0.9237533 -0.1221896 0.3629733
vn -0.9276633 -0.2512218 0.2762759
vn -0.6891493 0.1984359 0.6969193
vn -0.1221895 0.7751707 0.6198227
vn -0.7771257 0.4604104 0.4290663
vn -0.2805473 0.9530787 0.1137284
vn -0.264907 0.9393935 -0.217633
vn -0.9217982 -0.1045943 0.3732935
vn -0.9237533 -0.1221896 0.3629733
vn -0.776562 0.6300409 0
vn -0.4252198 0.855327 -0.2959794
vn -0.968719 0.06940365 0.2382574
vn -0.9217982 -0.1045943 0.3732935
vn -0.6422285 0.2981426 -0.706154
vn -0.5816224 -0.06940371 -0.8104928
vn -0.9433036 0.2218963 -0.2468611
vn -0.8475069 -0.3998043 -0.3491255
vn -0.4349949 -0.3919842 -0.8106342
vn -0.853372 -0.43695 -0.284308
vn -0.9198432 0.2825023 -0.2721781
vn -0.6930593 -0.6911043 -0.2050454
vn -0.1612903 -0.8885626 -0.429467
vn -0.1515151 -0.9804492 -0.1255488
vn 0.04789829 -0.9960895 -0.07423963
vn -0.2316715 -0.9393935 -0.2527215
vn 0.4525902 -0.8905177 0.04626449
vn 0.4604104 -0.8729224 0.1613345
vn -0.2825023 -0.913978 -0.2912672
vn 0.4232647 -0.9022478 -0.08243715
vn 0.8357767 -0.5366566 0.1160902
vn 0.8142713 -0.4956009 0.3022283
vn -0.8064512 -0.4623654 -0.3685847
vn -0.910068 0.3313781 -0.2489272
vn -0.2355815 -0.8924727 -0.3846997
vn -0.7595304 -0.4525902 -0.4671997
vn -0.9237533 0.3098727 -0.2250751
vn -0.9628539 0.2179862 -0.159356
vn 0.9824042 -0.02248287 0.1854089
vn 0.9393935 -0.008797646 0.3427279
vn 0.8142713 0.5562069 0.1661206
vn 0.7829908 0.5307915 0.3243235
vn 0.3685238 0.9296184 0
vn 0.9980445 -0.0361681 0.0509811
vn 0.7904032 0.6125869 0
vn 0.8137334 -0.5812382 0
vn -0.1182795 -0.8846526 -0.4509987
vn 0.2238513 0.970674 -0.08764988
vn -0.202346 0.853372 -0.4804294
vn 0.9999881 0.004887525 0
vn 0.4095795 -0.8924727 -0.1890427
vn 0.4134895 -0.8651022 -0.2839446
vn 0.8162264 -0.5698922 -0.09485468
vn 0.4173996 -0.8357767 -0.356728
vn 0.7380251 0.673509 -0.04128684
vn -0.01270771 -0.8826975 -0.4697698
vn -0.7184747 -0.5249264 -0.4563401
vn -0.9643115 0.2647704 0
vn -0.8279566 -0.4897358 -0.2732156
vn -0.9608989 0.2707721 -0.05792928
vn -0.02248287 -0.9237532 -0.3823277
vn 0.8162264 -0.5522969 -0.1695366
vn 0.7673506 -0.5992177 -0.2282789
vn 0.7204298 -0.6559137 -0.2252956
vn 0.8455519 -0.5131962 -0.1472128
vn 0.9960895 0.01466274 -0.08712502
vn 0.9980445 0.04398823 0.0444099
vn 0.6402734 0.7517103 0.1580557
vn 0.6903132 0.7235107 0
vn 0.9902244 0.004887581 0.1393981
vn 0.1241446 0.9882693 -0.08894831
vn 0.9960895 -0.02248287 0.08544171
vn 0.6344083 0.7067446 0.3131106
vn -0.2473117 0.966764 -0.06484082
vn -0.4349949 0.8611921 -0.2629212
vn -0.9433036 0.2218963 -0.2468611
vn -0.6422285 0.2981426 -0.706154
vn -0.9198432 0.2825023 -0.2721781
vn -0.4799607 0.8494619 -0.2192082
vn -0.910068 0.3313781 -0.2489272
vn -0.3000976 0.9452586 0.1281701
vn -0.9237533 0.3098727 -0.2250751
vn -0.3880742 0.8924727 0.2299801
vn -0.9628539 0.2179862 -0.159356
vn -0.3372432 0.910068 0.2409215
vn -0.9643115 0.2647704 0
vn 0.6480935 0.7302049 0.2162765
vn -0.3431083 0.9374385 0.05904065
vn -0.9608989 0.2707721 -0.05792928
vn 0.9980445 -0.05571842 -0.02833127
vn 0.6460298 0.7633121 0
vn 0.9941344 0.0009775162 -0.1081471
vn -0.3763438 0.9257083 -0.03780792
vn -0.966764 0.2434016 -0.07824986
vn 0.6402734 0.7653955 -0.06495884
vn -0.3743888 0.9257083 -0.05382512
vn -0.9472136 0.3137828 -0.06577726
vn 0.5405667 0.8377317 -0.07741568
vn 0.9804492 0.1104593 -0.1628438
vn 0.9863143 0.03225803 -0.1616897
vn 0.7751707 -0.5894425 -0.2273059
vn 0.7223848 -0.6598238 -0.2068642
vn -0.03421307 -0.9726291 -0.2298307
vn 0.7145647 -0.671554 -0.1959912
vn -0.04007816 -0.970674 -0.237035
vn -0.05571842 -0.9569888 -0.2847242
vn -0.8299116 -0.5229714 -0.1942876
vn -0.8181814 -0.5483868 -0.1727748
vn -0.8435968 -0.5151513 -0.1515373
vn -0.966764 0.2434016 -0.07824986
vn -0.9472136 0.3137828 -0.06577726
vn 0.9393935 -0.008797646 0.3427279
vn 0.9217982 -0.002932549 0.387659
vn 0.7380251 0.5366566 0.4090461
vn 0.7829908 0.5307915 0.3243235
vn 0.3978493 0.8807425 0.2569212
vn 0.3646137 0.8631471 0.3493334
vn 0.3685238 0.9296184 0
vn 0.1085044 0.9511237 0.2891202
vn 0.0811339 0.9824042 0.1682237
vn -0.0009775162 0.9902244 0.1394804
vn -0.0009775162 0.970674 0.2403975
vn -0.1085043 0.9511237 0.2891202
vn 0.1085044 0.9589438 -0.2620182
vn -0.202346 0.853372 -0.4804294
vn -0.0009775162 0.9628539 -0.2700211
vn -0.0009775162 0.5913975 -0.8063796
vn -0.6422285 0.2981426 -0.706154
vn -0.0009775162 0.202346 -0.9793136
vn 0.6422284 0.2981426 -0.7061542
vn 0.202346 0.853372 -0.4804294
vn -0.1085043 0.9589438 -0.2620182
vn -0.3685237 0.9296184 0
vn -0.08113384 0.9824042 0.1682239
vn -0.3978493 0.8807425 0.2569212
vn -0.3646137 0.8631471 0.3493335
vn -0.7829908 0.5307915 0.3243235
vn -0.7380251 0.5366566 0.4090461
vn -0.9393935 -0.008797646 0.3427279
vn -0.9217982 -0.002932549 0.3876589
vn 0.8142713 -0.4956009 0.3022283
vn 0.9217982 -0.002932549 0.387659
vn 0.9393935 -0.008797646 0.3427279
vn 0.8103613 -0.4819157 0.3332745
vn 0.4604104 -0.8729224 0.1613345
vn 0.4916909 -0.8396868 0.2305779
vn 0.1358748 -0.9882693 0.06972641
vn 0.04789829 -0.9960895 -0.07423963
vn -0.0009775162 -0.9921794 -0.1248163
vn -0.0009775162 -0.9999995 0
vn -0.1358749 -0.9882693 0.06972598
vn 0.0009775162 -0.8924727 -0.4511004
vn -0.1612903 -0.8885626 -0.429467
vn -0.04789829 -0.9960895 -0.07423963
vn -0.4604104 -0.8729224 0.1613345
vn -0.4916909 -0.8396868 0.2305779
vn -0.8103613 -0.4819157 0.3332745
vn -0.8142713 -0.4956009 0.3022283
vn -0.9217982 -0.002932549 0.3876589
vn -0.9393935 -0.008797646 0.3427279
vn 0.1612902 -0.8885626 -0.429467
vn -0.0009775162 -0.6480935 -0.7615601
vn -0.4349949 -0.3919842 -0.8106342
vn 0.4349949 -0.3919842 -0.8106343
vn -0.0009775162 -0.1554251 -0.9878472
vn -0.0009775162 -0.002932549 -0.9999952
vn -0.5816224 -0.06940371 -0.8104928
vn 0.5816224 -0.06940371 -0.8104928
vn -0.6422285 0.2981426 -0.706154
vn 0.6422284 0.2981426 -0.7061542
vn -0.0009775162 0.202346 -0.9793136
vn 0.8435969 0.3352882 0.4194356
vn 0.8435969 0.3352882 0.4194356
vn 0.8435969 0.3352882 0.4194356
vn 0.8435969 0.3352882 0.4194356
vn 0.3978493 0.1749755 0.9006106
vn 0.3978493 0.1749755 0.9006106
vn 0.3978493 0.1749755 0.9006106
vn 0.3978493 0.1749755 0.9006106
vn -0.3157378 -0.2355815 0.919136
vn -0.3157378 -0.2355815 0.919136
vn -0.3157378 -0.2355815 0.919136
vn -0.3157378 -0.2355815 0.919136
vn -0.6950144 -0.5503418 0.4626866
vn -0.6950144 -0.5503418 0.4626866
vn -0.6950144 -0.5503418 0.4626866
vn -0.6950144 -0.5503418 0.4626866
vn -0.6402735 -0.6832842 -0.3509596
vn -0.6402735 -0.6832842 -0.3509596
vn -0.6402735 -0.6832842 -0.3509596
vn -0.6402735 -0.6832842 -0.3509596
vn -0.1964809 -0.5249264 -0.8281591
vn -0.1964809 -0.5249264 -0.8281591
vn -0.1964809 -0.5249264 -0.8281591
vn -0.1964809 -0.5249264 -0.8281591
vn 0.5190613 -0.1124144 -0.8473124
vn 0.5190613 -0.1124144 -0.8473124
vn 0.5190613 -0.1124144 -0.8473124
vn 0.5190613 -0.1124144 -0.8473124
vn 0.8983378 0.202346 -0.3899299
vn 0.8983378 0.202346 -0.3899299
vn 0.8983378 0.202346 -0.3899299
vn 0.8983378 0.202346 -0.3899299
vn -0.2707721 -0.9433036 -0.1919917
vn -0.2707721 -0.9433036 -0.1919917
vn -0.2707721 -0.9433036 -0.1919917
vn -0.2707721 -0.9433036 -0.1919917
vn 0.07917887 -0.8162264 -0.5722807
vn 0.07917887 -0.8162264 -0.5722807
vn 0.07917887 -0.8162264 -0.5722807
vn 0.07917887 -0.8162264 -0.5722807
vn 0.6441835 -0.4916909 -0.5858906
vn 0.6441835 -0.4916909 -0.5858906
vn 0.6441835 -0.4916909 -0.5858906
vn 0.6441835 -0.4916909 -0.5858906
vn 0.9433036 -0.2434016 -0.2256856
vn 0.9433036 -0.2434016 -0.2256856
vn 0.9433036 -0.2434016 -0.2256856
vn 0.9433036 -0.2434016 -0.2256856
vn 0.8983378 -0.1378298 0.4171237
vn 0.8983378 -0.1378298 0.4171237
vn 0.8983378 -0.1378298 0.4171237
vn 0.8983378 -0.1378298 0.4171237
vn 0.5483868 -0.264907 0.7931558
vn 0.5483868 -0.264907 0.7931558
vn 0.5483868 -0.264907 0.7931558
vn 0.5483868 -0.264907 0.7931558
vn -0.01466274 -0.5894425 0.8076773
vn -0.01466274 -0.5894425 0.8076773
vn -0.01466274 -0.5894425 0.8076773
vn -0.01466274 -0.5894425 0.8076773
vn -0.3157378 -0.8377318 0.4455504
vn -0.3157378 -0.8377318 0.4455504
vn -0.3157378 -0.8377318 0.4455504
vn -0.3157378 -0.8377318 0.4455504
vn 0.4956009 -0.851417 0.1716647
vn 0.4956009 -0.851417 0.1716647
vn 0.4956009 -0.851417 0.1716647
vn 0.4956009 -0.851417 0.1716647
vn 0.4956009 -0.851417 0.1716647
vn 0.4956009 -0.851417 0.1716647
vn 0.4956009 -0.851417 0.1716647
vn 0.4956009 -0.851417 0.1716647
vn -0.6891493 -0.2825023 -0.6672823
vn -0.7262949 0.4095795 -0.5520329
vn -0.6774191 0.3763438 -0.6320354
vn -0.7614855 -0.2864124 -0.5814704
vn -0.7986311 -0.262952 -0.541336
vn -0.7419351 0.4095795 -0.5308266
vn -0.6304983 0.4154446 -0.6556506
vn -0.4271748 -0.8690123 -0.2496784
vn -0.1984359 -0.8983378 -0.3919342
vn -0.501466 -0.8435969 -0.1920316
vn 0.09677416 -0.968719 0.228513
vn 0.2746822 -0.9413486 0.1959914
vn 0.03812313 -0.9569888 0.2876092
vn 0.5171063 -0.558162 0.6488885
vn 0.5190613 -0.5405667 0.6620899
vn 0.4936459 -0.5464318 0.6765546
vn 0.6265882 0.2082111 0.7510229
vn 0.6109479 0.1925708 0.7678927
vn 0.3274681 0.8396868 0.433233
vn 0.618768 0.2160312 0.7552858
vn 0.4838707 -0.5464318 0.6835799
vn 0.01466274 -0.9530787 0.3023672
vn 0.3000976 0.8455518 0.4415693
vn -0.2297164 0.9511237 -0.2063832
vn 0.2922775 0.8416418 0.4541068
vn -0.2922775 0.9472136 -0.1317582
vn -0.6774191 0.3763438 -0.6320354
vn -0.7262949 0.4095795 -0.5520329
vn -0.7419351 0.4095795 -0.5308266
vn -0.3079177 0.9452586 -0.1080407
vn 0.6598238 0.2140762 0.7202805
vn -0.206256 0.9530787 -0.2215837
vn -0.6304983 0.4154446 -0.6556506
vn -0.4193547 0.3567935 -0.8347694
vn 0.3782989 0.8455518 0.3767386
vn -0.0009775162 0.8963828 -0.4432797
vn 0.5503418 0.8103613 0.2010933
vn 0.147605 0.8162264 -0.5585582
vn -0.2746822 0.3040076 -0.9122111
vn 0.6363633 0.7595304 0.1347415
vn 0.7067446 0.206256 0.6767352
vn 0.7673506 0.2121211 0.6051262
vn 0.5347016 -0.560117 0.6327426
vn 0.6363633 -0.5151513 0.5741611
vn 0.1534701 -0.968719 0.1950138
vn 0.2844573 -0.9491687 0.1347696
vn -0.1006842 -0.8807425 -0.4627692
vn -0.4819157 -0.8396868 -0.2503663
vn -0.2707721 -0.8748774 -0.4015868
vn -0.3567935 -0.319648 -0.8777947
vn -0.7223848 -0.2551318 -0.6427036
vn -0.5092862 -0.3020526 -0.8058485
vn -0.2746822 0.3040076 -0.9122111
vn -0.4193547 0.3567935 -0.8347694
vn -0.4604104 -0.3274681 -0.8250981
vn -0.5171063 0.3450633 -0.7832831
vn -0.3763438 0.3157378 -0.8710195
vn -0.5933526 -0.3274681 -0.7353213
vn -0.2082111 -0.8944277 -0.3957868
vn -0.3313781 -0.8924727 -0.3060737
vn 0.1260996 -0.9589438 0.2540188
vn 0.2140762 -0.9608989 0.1756267
vn 0.5483868 -0.5366566 0.6413046
vn 0.6246331 -0.5327466 0.5709769
vn 0.7047895 0.2179862 0.6750953
vn 0.7790807 0.2160312 0.5885267
vn 0.4623654 0.8396868 0.2848586
vn 0.5777123 0.8005861 0.1590924
vn 0.05180836 0.8514169 -0.5219244
vn -0.08308887 0.910068 -0.4060448
vn -0.3763438 0.3157378 -0.8710195
vn -0.5171063 0.3450633 -0.7832831
vn -0.5933526 -0.3274681 -0.7353213
vn -0.5640271 0.3587486 -0.743756
vn -0.5171063 0.3450633 -0.7832831
vn -0.6344084 -0.319648 -0.7038119
vn -0.3313781 -0.8924727 -0.3060737
vn -0.3665687 -0.8846526 -0.2881272
vn 0.1085044 -0.9589438 0.2620182
vn 0.1260996 -0.9589438 0.2540188
vn 0.5444767 -0.5386117 0.642995
vn 0.5483868 -0.5366566 0.6413046
vn 0.7028345 0.2238513 0.6752142
vn 0.7047895 0.2179862 0.6750953
vn 0.4310848 0.8514169 0.2987559
vn 0.4623654 0.8396868 0.2848586
vn -0.1319648 0.9276633 -0.3493223
vn -0.08308887 0.910068 -0.4060448
vn -0.5171063 0.3450633 -0.7832831
vn -0.5640271 0.3587486 -0.743756
vn -0.2746822 0.3040076 -0.9122111
vn -0.4604104 -0.3274681 -0.8250981
vn -0.3763438 0.3157378 -0.8710195
vn -0.3567935 -0.319648 -0.8777947
vn -0.2082111 -0.8944277 -0.3957868
vn -0.1006842 -0.8807425 -0.4627692
vn 0.2140762 -0.9608989 0.1756267
vn 0.2844573 -0.9491687 0.1347696
vn 0.6246331 -0.5327466 0.5709769
vn 0.6363633 -0.5151513 0.5741611
vn 0.7790807 0.2160312 0.5885267
vn 0.7673506 0.2121211 0.6051262
vn 0.5777123 0.8005861 0.1590924
vn 0.6363633 0.7595304 0.1347415
vn 0.05180836 0.8514169 -0.5219244
vn 0.147605 0.8162264 -0.5585582
vn -0.3763438 0.3157378 -0.8710195
vn -0.2746822 0.3040076 -0.9122111
vn -0.4252198 0.3704787 0.8257927
vn -0.5796673 0.4134896 0.7021483
vn -0.4232647 0.3665687 0.8285375
vn -0.6969694 0.4056695 0.5913256
vn -0.7380251 0.02639294 0.6742569
vn -0.7067446 0.0420332 0.706219
vn -0.7849458 -0.03225803 0.618724
vn -0.5659821 -0.1045943 0.8177556
vn -0.8885627 -0.384164 -0.2507476
vn -0.8240465 -0.382209 -0.418167
vn -0.3704787 -0.01270771 0.928754
vn 0.1202345 0.2414466 0.9629368
vn 0.086999 0.3704787 0.9247577
vn 0.1964809 0.07331371 0.9777629
vn 0.1886607 -0.2238513 0.9561892
vn 0.2414466 -0.3528835 0.9039783
vn 0.2355815 -0.6637338 0.7099005
vn 0.2805473 -0.6891493 0.6681067
vn 0.206256 -0.7478002 0.6310731
vn 0.1984359 -0.7478002 0.6335756
vn 0.1867057 -0.7614855 0.62071
vn -0.0009775162 -0.7771257 0.6293446
vn -0.0009775162 -0.7693056 0.6388803
vn -0.1867057 -0.7614855 0.62071
vn -0.1984359 -0.7478002 0.6335756
vn -0.206256 -0.7478002 0.6310731
vn -0.2355815 -0.6637338 0.7099005
vn -0.2805473 -0.6891493 0.6681067
vn -0.2414466 -0.3528835 0.9039783
vn -0.1886607 -0.2238513 0.9561892
vn -0.1964809 0.07331371 0.9777629
vn -0.1202345 0.2414466 0.9629368
vn -0.08699894 0.3704787 0.9247577
vn 0.5151513 -0.1847506 0.8369507
vn 0.4428151 -0.1788855 0.8785868
vn 0.4604104 -0.2883674 0.8395633
vn 0.3352882 -0.2942325 0.8949911
vn 0.2864124 -0.1280547 0.9495104
vn 0.3782989 -0.673509 0.6350398
vn 0.1984359 -0.2609969 0.9447242
vn 0.2609969 -0.5679371 0.7805946
vn 0.206256 -0.5034211 0.8390623
vn -0.0009775162 -0.7888559 0.6145774
vn 0.1710654 -0.6285432 0.7587292
vn 0.1847506 -0.7067446 0.6829197
vn -0.0009775162 -0.7008795 0.7132791
vn -0.0009775162 -0.6304982 0.77619
vn -0.2609969 -0.5679371 0.7805946
vn -0.378299 -0.673509 0.6350397
vn -0.3352882 -0.2942325 0.8949911
vn -0.4604104 -0.2883674 0.8395633
vn -0.4428151 -0.1788855 0.8785868
vn -0.5151513 -0.1847506 0.8369507
vn -0.2864124 -0.1280547 0.9495104
vn -0.1984359 -0.2609969 0.9447242
vn -0.206256 -0.5034211 0.8390623
vn -0.1710654 -0.6285432 0.7587292
vn -0.1847507 -0.7067446 0.6829197
vn -0.0009775162 -0.6363633 0.7713889
vn -0.0009775162 -0.6911043 0.7227544
vn 0.384164 0.5855324 0.7138416
vn 0.1886607 0.7712606 0.6079179
vn 0.3958942 0.5777123 0.7138041
vn 0.2434016 0.6891493 0.6825166
vn 0.2394916 0.6871942 0.6858628
vn -0.0009775162 0.8025411 0.5965959
vn -0.0009775162 0.8220915 0.5693547
vn -0.0009775162 0.8611921 0.5082787
vn -0.1886607 0.7712606 0.6079179
vn -0.2473117 0.6871942 0.683082
vn -0.2394916 0.6871942 0.6858628
vn -0.3861191 0.5855324 0.712786
vn -0.3958943 0.5777123 0.713804
vn 0.1378298 0.8416418 0.5221514
vn 0.1886607 0.7712606 0.6079179
vn 0.0928641 0.8651022 0.4929245
vn -0.0009775162 0.8611921 0.5082787
vn -0.0009775162 0.9022479 0.4312166
vn -0.0009775162 0.9022479 0.4312166
vn -0.09286404 0.8651022 0.4929245
vn -0.1886607 0.7712606 0.6079179
vn -0.1378299 0.8416418 0.5221514
vn 0.1827956 -0.9824042 0.03831064
vn 0.1827956 -0.9824042 0.03831064
vn 0.1827956 -0.9824042 0.03831064
vn 0.1808406 -0.9824042 0.04667621
vn 0.14565 -0.9745841 0.1702114
vn 0.14565 -0.9745841 0.1702114
vn 0.147605 -0.9745841 0.1685188
vn 0.1436949 -0.9745841 0.1718649
vn 0.1104594 -0.9433036 0.3130129
vn 0.1124144 -0.9433036 0.3123161
vn 0.1143695 -0.9452586 0.3056236
vn 0.1085044 -0.9433036 0.313696
vn 0.3704788 -0.9081129 0.1951316
vn 0.3646137 -0.910068 0.1970613
vn 0.3587486 -0.910068 0.207547
vn 0.3763439 -0.9081129 0.1835652
vn 0.3900291 -0.8983378 0.2021546
vn 0.382209 -0.9002928 0.2083006
vn 0.3763439 -0.9002928 0.2187193
vn 0.3939392 -0.8983378 0.1944252
vn -0.3763438 -0.8709673 -0.3158816
vn -0.8260015 -0.1925708 -0.5297527
vn -0.6480936 -0.2414466 -0.722273
vn -0.4936459 -0.8572821 -0.1462229
vn 0.1260996 -0.9413486 0.3129885
vn -0.5718472 -0.8064512 0.1504235
vn -0.8748773 -0.06158358 -0.4804135
vn -0.5425217 -0.8299116 0.1300646
vn -0.857282 -0.1280547 -0.4986677
vn -0.7575754 -0.2785922 -0.59031
vn 0.09090906 -0.910068 0.4043659
vn 0.5464318 -0.438905 0.7132845
vn -0.204301 -0.9354835 0.2883259
vn -0.3000976 -0.9511237 0.0728362
vn -0.6637338 -0.4799607 -0.5736682
vn 0.5249264 -0.4056694 0.7482544
vn 0.6578687 0.1906158 0.7286112
vn 0.04594326 -0.8338217 0.5501187
vn 0.1280547 -0.8924727 0.4325442
vn 0.4154446 -0.8651022 0.2810764
vn -0.675464 -0.5053761 -0.5369762
vn 0.4095795 -0.8826975 0.2304121
vn 0.08504397 -0.9960895 -0.02394321
vn 0.3939392 -0.8768324 0.2756389
vn -0.1906158 -0.499511 -0.8450766
vn 0.9745841 0.002932549 0.2240027
vn 0.7556204 -0.5112412 -0.4094757
vn 0.9569888 0.0967741 0.2735091
vn -0.2590419 -0.6911043 -0.6747386
vn -0.2101661 -0.9765391 0.04692075
vn 0.618768 -0.7556204 -0.214858
vn 0.9315734 0.2570869 -0.2570552
vn 0.9315734 0.2570869 -0.2570552
vn 0.1436949 0.4740956 -0.8686686
vn -0.1788856 -0.966764 -0.1826673
vn -0.4838707 -0.675464 -0.5564328
vn 0.2277614 -0.8025411 0.5514095
vn 0.6422284 -0.2570869 0.7221143
vn 0.3176929 -0.8729224 0.3702401
vn 0.5210164 -0.3176929 0.7922204
vn 0.616813 0.2414466 0.749163
vn 0.3000976 -0.8905177 0.3419353
vn -0.6793741 -0.5444767 -0.4919308
vn 0.6441835 0.2199413 0.7325664
vn 0.2160312 0.9393935 0.2662148
vn 0.3587486 0.857282 0.369279
vn 0.3509285 0.8631471 0.3630787
vn -0.2277614 0.9550338 -0.1898295
vn -0.1867057 0.9511237 -0.245977
vn -0.558162 0.4956009 -0.6654584
vn -0.6089928 0.5288365 -0.5911512
vn -0.4799607 0.6402735 -0.5997397
vn -0.7008795 0.1319648 -0.7009659
vn -0.6480936 -0.2414466 -0.722273
vn -0.8260015 -0.1925708 -0.5297527
vn -0.8748773 -0.06158358 -0.4804135
vn -0.5562069 0.262952 -0.7883465
vn -0.2727271 0.4623654 -0.843705
vn -0.857282 -0.1280547 -0.4986677
vn -0.7575754 -0.2785922 -0.59031
vn -0.6637338 -0.4799607 -0.5736682
vn -0.2707721 0.1769305 -0.9462442
vn -0.4584553 0.04985332 -0.8873181
vn 0.5464318 0.3196479 -0.7741044
vn 0.7282499 0.6344084 -0.2591874
vn -0.2199413 0.6285433 -0.746029
vn -0.675464 -0.5053761 -0.5369762
vn 0.1436949 0.4740956 -0.8686686
vn -0.1906158 -0.499511 -0.8450766
vn 0.9315734 0.2570869 -0.2570552
vn 0.9569888 0.0967741 0.2735091
vn 0.9745841 0.002932549 0.2240027
vn 0.7556204 -0.5112412 -0.4094757
vn 0.0361681 -0.02248287 -0.9990928
vn -0.2590419 -0.6911043 -0.6747386
vn -0.4838707 -0.675464 -0.5564328
vn -0.2453567 0.2942325 -0.9237031
vn -0.6793741 -0.5444767 -0.4919308
vn -0.1827956 0.7888559 -0.5867641
vn -0.030303 0.5874875 -0.8086657
vn -0.438905 -0.4760506 -0.7620618
vn -0.2609969 -0.1749755 -0.9493493
vn -0.2140762 0.2003909 -0.9560413
vn -0.5366566 -0.6129029 -0.5799566
vn -0.3528835 0.6363634 -0.6859409
vn -0.3509284 -0.5757573 -0.7384801
vn -0.204301 0.5249264 -0.8262647
vn -0.2199413 -0.3998043 -0.8898215
vn -0.2707721 0.2258064 -0.9357852
vn -0.4271748 -0.7771257 -0.4621659
vn -0.5053761 0.5092862 -0.6965792
vn -0.2316715 -0.6891493 -0.6865869
vn -0.2414466 0.3958943 -0.885986
vn -0.3548385 -0.3489735 -0.8673564
vn -0.4897358 0.5640271 -0.6648551
vn -0.380254 -0.8318667 -0.4042335
vn -0.4115345 0.6480936 -0.6407917
vn -0.6617788 0.4623654 -0.5901415
vn -0.1378299 -0.7575754 -0.6380301
vn -0.3626586 0.264907 -0.893478
vn 0.5327466 0.6344084 -0.5600957
vn 0.1280547 0.9863143 0.1038562
vn 0.321603 0.9452586 0.0552961
vn 0.3665687 0.9296184 0.03790868
vn 0.5640271 0.5757573 0.5919265
vn 0.6500486 0.6480936 0.3967513
vn 0.7145647 0.1749755 0.6773337
vn 0.9178881 0.3646137 0.1566471
vn 0.7751707 0.3626586 0.5172902
vn 0.4193546 0.906158 0.05494954
vn 0.9061579 -0.3098727 0.2878484
vn 0.7458452 0.09286404 -0.6596144
vn 0.8318667 0.5249264 0.180139
vn 0.8279566 0.1182795 0.5481768
vn 0.8064512 -0.06353861 0.5878769
vn 0.851417 -0.4349949 0.2930333
vn 0.9296184 -0.06353861 0.3630049
vn 0.6441835 0.7556204 0.1185983
vn 0.7399801 -0.2961875 0.603906
vn 0.9491687 -0.1045943 0.2968819
vn 0.8631472 -0.380254 0.3322406
vn 0.7282499 -0.1710654 -0.6636178
vn 0.8983378 0.3372432 0.2815249
vn 0.9198431 0.1632453 0.3567065
vn 0.9061579 -0.1769305 -0.3841529
vn 0.5464318 -0.7771257 0.3122306
vn 0.7067446 -0.616813 0.3464878
vn 0.3079177 -0.910068 0.277422
vn 0.7849458 0.5894425 0.1908338
vn 0.8807425 0.4017594 0.250763
vn 0.3411533 -0.9022478 0.2637485
vn 0.4780056 -0.8084062 -0.3434967
vn -0.438905 -0.4760506 -0.7620618
vn 0.9159331 0.1671554 -0.3648639
vn -0.438905 -0.4760506 -0.7620618
vn -0.030303 0.5874875 -0.8086657
vn -0.030303 0.5874875 -0.8086657
vn -0.1827956 0.7888559 -0.5867641
vn -0.2453567 0.2942325 -0.9237031
vn -0.2609969 -0.1749755 -0.9493493
vn -0.5366566 -0.6129029 -0.5799566
vn 0.5464318 -0.7810358 0.3023168
vn -0.3509284 -0.5757573 -0.7384801
vn 0.6383184 -0.6871942 -0.3468627
vn 0.7810358 0.4584553 -0.4240305
vn -0.3509284 -0.5757573 -0.7384801
vn -0.204301 0.5249264 -0.8262647
vn 0.7575754 0.6285433 0.1761048
vn -0.204301 0.5249264 -0.8262647
vn -0.3528835 0.6363634 -0.6859409
vn -0.2140762 0.2003909 -0.9560413
vn -0.2199413 -0.3998043 -0.8898215
vn -0.4271748 -0.7771257 -0.4621659
vn 0.7008795 -0.6226781 0.347908
vn -0.2316715 -0.6891493 -0.6865869
vn 0.7478002 -0.6031278 -0.2775459
vn 0.618768 0.7771257 0.1148987
vn 0.6793741 0.6168129 -0.3974829
vn -0.2414466 0.3958943 -0.885986
vn -0.2316715 -0.6891493 -0.6865869
vn -0.2414466 0.3958943 -0.885986
vn -0.5053761 0.5092862 -0.6965792
vn -0.2707721 0.2258064 -0.9357852
vn -0.3548385 -0.3489735 -0.8673564
vn -0.380254 -0.8318667 -0.4042335
vn -0.1378299 -0.7575754 -0.6380301
vn 0.8768324 -0.4154446 -0.2420138
vn -0.1378299 -0.7575754 -0.6380301
vn -0.3626586 0.264907 -0.893478
vn 0.6300408 0.776562 0
vn 0.6304982 0.0009775162 0.77619
vn 0.6304982 0.5483868 0.5493122
vn 0.6304982 0.0009775162 -0.77619
vn 0.6304982 0.5483868 -0.5493122
vn 0.6300408 -0.776562 0
vn 0.6304982 -0.5483868 0.5493122
vn 0.6304982 -0.5483868 -0.5493122
vn 0.6422284 0.2981426 -0.7061542
vn 0.9433036 0.2218963 -0.2468611
vn 0.5816224 -0.06940371 -0.8104928
vn 0.8475069 -0.3998043 -0.3491253
vn 0.4349949 -0.3919842 -0.8106343
vn 0.853372 -0.43695 -0.2843077
vn 0.9198431 0.2825023 -0.2721783
vn 0.6930593 -0.6911043 -0.2050454
vn 0.1612902 -0.8885626 -0.429467
vn 0.1515151 -0.9804492 -0.1255491
vn -0.04789829 -0.9960895 -0.07423963
vn 0.2316715 -0.9393935 -0.2527215
vn -0.4525902 -0.8905177 0.04626449
vn -0.4604104 -0.8729224 0.1613345
vn 0.2825023 -0.913978 -0.2912672
vn -0.4232647 -0.9022478 -0.08243679
vn -0.8357767 -0.5366566 0.1160905
vn -0.8142713 -0.4956009 0.3022283
vn 0.8064512 -0.4623654 -0.3685847
vn 0.910068 0.3313781 -0.2489274
vn 0.2355815 -0.8924727 -0.3846997
vn 0.7595304 -0.4525902 -0.4671997
vn 0.9237532 0.3098727 -0.2250753
vn 0.9628539 0.2179862 -0.159356
vn -0.9824042 -0.02248287 0.1854089
vn -0.9393935 -0.008797646 0.3427279
vn -0.8142713 0.5562069 0.1661206
vn -0.7829908 0.5307915 0.3243235
vn -0.3685237 0.9296184 0
vn -0.9980445 -0.0361681 0.0509811
vn -0.7904032 0.6125869 0
vn -0.8137334 -0.5812382 0
vn 0.1182795 -0.8846526 -0.4509987
vn 0.7184747 -0.5249264 -0.4563401
vn 0.9643115 0.2647704 0
vn 0.01270771 -0.8826975 -0.4697698
vn -0.4173996 -0.8357767 -0.3567279
vn 0.8279566 -0.4897358 -0.2732154
vn 0.9608989 0.2707721 -0.05792928
vn -0.9999881 0.004887525 0
vn -0.4095795 -0.8924727 -0.1890427
vn -0.4134896 -0.8651022 -0.2839445
vn -0.8162264 -0.5698922 -0.09485468
vn 0.02248287 -0.9237532 -0.3823277
vn -0.7673506 -0.5992177 -0.2282789
vn -0.8162264 -0.5522969 -0.1695366
vn -0.8455518 -0.5131962 -0.1472131
vn -0.9960895 0.01466274 -0.08712502
vn -0.9980445 0.04398823 0.0444099
vn -0.6402735 0.7517103 0.1580554
vn -0.9902244 0.004887581 0.1393981
vn -0.7204298 -0.6559137 -0.2252956
vn -0.6903132 0.7235107 0
vn -0.9960895 -0.02248287 0.08544171
vn -0.7380251 0.673509 -0.04128684
vn -0.2238513 0.970674 -0.08764988
vn 0.202346 0.853372 -0.4804294
vn -0.1241446 0.9882693 -0.08894864
vn 0.4349949 0.8611921 -0.2629213
vn 0.2473117 0.966764 -0.06484082
vn 0.9433036 0.2218963 -0.2468611
vn 0.6422284 0.2981426 -0.7061542
vn 0.9198431 0.2825023 -0.2721783
vn 0.4799607 0.8494619 -0.2192082
vn 0.910068 0.3313781 -0.2489274
vn 0.3000976 0.9452586 0.1281701
vn 0.9237532 0.3098727 -0.2250753
vn 0.3880741 0.8924727 0.2299802
vn 0.9628539 0.2179862 -0.159356
vn -0.6344084 0.7067446 0.3131106
vn 0.3372433 0.910068 0.2409215
vn 0.9643115 0.2647704 0
vn -0.6480936 0.7302049 0.2162763
vn 0.3431084 0.9374385 0.05904015
vn 0.9608989 0.2707721 -0.05792928
vn -0.9980445 -0.05571842 -0.02833127
vn -0.6460299 0.7633121 0
vn -0.9941344 0.0009775162 -0.1081471
vn 0.3763439 0.9257083 -0.03780792
vn 0.966764 0.2434016 -0.07824986
vn -0.6402735 0.7653955 -0.06495792
vn 0.3743889 0.9257083 -0.05382512
vn 0.9472136 0.3137828 -0.06577726
vn -0.5405667 0.8377317 -0.07741568
vn -0.9804492 0.1104593 -0.1628438
vn -0.9863143 0.03225803 -0.1616897
vn -0.7751707 -0.5894425 -0.2273059
vn -0.7223848 -0.6598238 -0.2068642
vn 0.03421307 -0.9726291 -0.2298307
vn -0.7145647 -0.671554 -0.1959912
vn 0.04007816 -0.970674 -0.237035
vn 0.05571842 -0.9569888 -0.2847242
vn 0.8299116 -0.5229714 -0.1942873
vn 0.8181814 -0.5483868 -0.1727748
vn 0.8435969 -0.5151513 -0.1515371
vn 0.966764 0.2434016 -0.07824986
vn 0.9472136 0.3137828 -0.06577726
vn -0.8435968 0.3352882 0.4194356
vn -0.8435968 0.3352882 0.4194356
vn -0.8435968 0.3352882 0.4194356
vn -0.8435968 0.3352882 0.4194356
vn -0.3978493 0.1749755 0.9006106
vn -0.3978493 0.1749755 0.9006106
vn -0.3978493 0.1749755 0.9006106
vn -0.3978493 0.1749755 0.9006106
vn 0.3157379 -0.2355815 0.9191359
vn 0.3157379 -0.2355815 0.9191359
vn 0.3157379 -0.2355815 0.9191359
vn 0.3157379 -0.2355815 0.9191359
vn 0.6950144 -0.5503418 0.4626866
vn 0.6950144 -0.5503418 0.4626866
vn 0.6950144 -0.5503418 0.4626866
vn 0.6950144 -0.5503418 0.4626866
vn 0.6402734 -0.6832842 -0.3509597
vn 0.6402734 -0.6832842 -0.3509597
vn 0.6402734 -0.6832842 -0.3509597
vn 0.6402734 -0.6832842 -0.3509597
vn 0.1964809 -0.5249264 -0.8281591
vn 0.1964809 -0.5249264 -0.8281591
vn 0.1964809 -0.5249264 -0.8281591
vn 0.1964809 -0.5249264 -0.8281591
vn -0.5190613 -0.1124144 -0.8473124
vn -0.5190613 -0.1124144 -0.8473124
vn -0.5190613 -0.1124144 -0.8473124
vn -0.5190613 -0.1124144 -0.8473124
vn -0.8983378 0.202346 -0.3899298
vn -0.8983378 0.202346 -0.3899298
vn -0.8983378 0.202346 -0.3899298
vn -0.8983378 0.202346 -0.3899298
vn 0.2707721 -0.9433036 -0.1919917
vn 0.2707721 -0.9433036 -0.1919917
vn 0.2707721 -0.9433036 -0.1919917
vn 0.2707721 -0.9433036 -0.1919917
vn -0.07917881 -0.8162264 -0.5722807
vn -0.07917881 -0.8162264 -0.5722807
vn -0.07917881 -0.8162264 -0.5722807
vn -0.07917881 -0.8162264 -0.5722807
vn -0.6441835 -0.4916909 -0.5858905
vn -0.6441835 -0.4916909 -0.5858905
vn -0.6441835 -0.4916909 -0.5858905
vn -0.6441835 -0.4916909 -0.5858905
vn -0.9433036 -0.2434016 -0.2256856
vn -0.9433036 -0.2434016 -0.2256856
vn -0.9433036 -0.2434016 -0.2256856
vn -0.9433036 -0.2434016 -0.2256856
vn -0.8983378 -0.1378298 0.4171235
vn -0.8983378 -0.1378298 0.4171235
vn -0.8983378 -0.1378298 0.4171235
vn -0.8983378 -0.1378298 0.4171235
vn -0.5483868 -0.264907 0.7931558
vn -0.5483868 -0.264907 0.7931558
vn -0.5483868 -0.264907 0.7931558
vn -0.5483868 -0.264907 0.7931558
vn 0.01466274 -0.5894425 0.8076773
vn 0.01466274 -0.5894425 0.8076773
vn 0.01466274 -0.5894425 0.8076773
vn 0.01466274 -0.5894425 0.8076773
vn 0.3157379 -0.8377318 0.4455503
vn 0.3157379 -0.8377318 0.4455503
vn 0.3157379 -0.8377318 0.4455503
vn 0.3157379 -0.8377318 0.4455503
vn -0.4956009 -0.851417 0.1716647
vn -0.4956009 -0.851417 0.1716647
vn -0.4956009 -0.851417 0.1716647
vn -0.4956009 -0.851417 0.1716647
vn -0.4956009 -0.851417 0.1716647
vn -0.4956009 -0.851417 0.1716647
vn -0.4956009 -0.851417 0.1716647
vn -0.4956009 -0.851417 0.1716647
vn 0.7556204 0.4017594 -0.5173271
vn 0.6480935 -0.2473117 -0.7202858
vn 0.6324533 0.3841641 -0.6726224
vn 0.7908109 -0.2805473 -0.5439773
vn 0.438905 -0.8611922 -0.2563406
vn 0.1925708 -0.8435969 -0.5012592
vn 0.7986311 -0.262952 -0.541336
vn 0.7419351 0.4095795 -0.5308266
vn 0.6304982 0.4154446 -0.6556506
vn -0.09872913 -0.966764 0.2358388
vn -0.2922775 -0.9393935 0.179203
vn 0.501466 -0.8435969 -0.1920316
vn -0.5073311 -0.5562069 0.6582165
vn -0.5151513 -0.558162 0.6504416
vn -0.03812313 -0.9569888 0.2876092
vn -0.622678 0.204301 0.7553365
vn -0.6129029 0.1749755 0.7705411
vn -0.327468 0.8396868 0.433233
vn -0.4936459 -0.5464318 0.6765546
vn -0.618768 0.2160312 0.7552859
vn -0.3000976 0.8455518 0.4415693
vn 0.2316715 0.9452586 -0.229814
vn -0.4838707 -0.5464318 0.6835799
vn -0.01466274 -0.9530787 0.3023672
vn -0.2922775 0.8416418 0.4541068
vn 0.3059627 0.9433036 -0.1287059
vn 0.6324533 0.3841641 -0.6726224
vn 0.7556204 0.4017594 -0.5173271
vn 0.7419351 0.4095795 -0.5308266
vn 0.3079177 0.9452586 -0.1080407
vn -0.6598238 0.2140762 0.7202805
vn 0.206256 0.9530787 -0.2215837
vn 0.6304982 0.4154446 -0.6556506
vn 0.4193546 0.3567935 -0.8347695
vn -0.378299 0.8455518 0.3767385
vn 0.0009775162 0.8963828 -0.4432797
vn -0.5503418 0.8103613 0.2010933
vn -0.1476051 0.8162264 -0.5585582
vn 0.2746822 0.3040076 -0.9122111
vn -0.6363634 0.7595304 0.1347411
vn -0.7067446 0.206256 0.6767352
vn -0.7673506 0.2121211 0.6051262
vn -0.5347016 -0.560117 0.6327426
vn -0.6363634 -0.5151513 0.5741609
vn -0.1534702 -0.968719 0.1950138
vn -0.2844573 -0.9491687 0.1347696
vn 0.1006842 -0.8807425 -0.4627692
vn 0.4819157 -0.8396868 -0.2503663
vn 0.2707721 -0.8748774 -0.4015868
vn 0.3567936 -0.319648 -0.8777947
vn 0.7223848 -0.2551318 -0.6427036
vn 0.5092862 -0.3020526 -0.8058485
vn 0.2746822 0.3040076 -0.9122111
vn 0.4193546 0.3567935 -0.8347695
vn 0.5171063 0.3450633 -0.7832831
vn 0.4604104 -0.3274681 -0.8250981
vn 0.3763439 0.3157378 -0.8710195
vn 0.5933526 -0.3274681 -0.7353212
vn 0.2082111 -0.8944277 -0.3957868
vn 0.3313782 -0.8924727 -0.3060736
vn -0.1260996 -0.9589438 0.2540189
vn -0.2140762 -0.9608989 0.1756267
vn -0.5483868 -0.5366566 0.6413046
vn -0.6246331 -0.5327466 0.5709769
vn -0.7047895 0.2179862 0.6750953
vn -0.7790807 0.2160312 0.5885267
vn -0.4623654 0.8396868 0.2848586
vn -0.5777123 0.8005861 0.1590924
vn -0.05180836 0.8514169 -0.5219244
vn 0.08308893 0.910068 -0.4060448
vn 0.3763439 0.3157378 -0.8710195
vn 0.5171063 0.3450633 -0.7832831
vn 0.5640271 0.3587486 -0.743756
vn 0.5933526 -0.3274681 -0.7353212
vn 0.5171063 0.3450633 -0.7832831
vn 0.6344083 -0.319648 -0.7038119
vn 0.3313782 -0.8924727 -0.3060736
vn 0.3665687 -0.8846526 -0.2881271
vn -0.1085043 -0.9589438 0.2620182
vn -0.1260996 -0.9589438 0.2540189
vn -0.5444767 -0.5386117 0.642995
vn -0.5483868 -0.5366566 0.6413046
vn -0.7028345 0.2238513 0.6752142
vn -0.7047895 0.2179862 0.6750953
vn -0.4310849 0.8514169 0.2987558
vn -0.4623654 0.8396868 0.2848586
vn 0.1319647 0.9276633 -0.3493223
vn 0.08308893 0.910068 -0.4060448
vn 0.5171063 0.3450633 -0.7832831
vn 0.5640271 0.3587486 -0.743756
vn 0.4604104 -0.3274681 -0.8250981
vn 0.2746822 0.3040076 -0.9122111
vn 0.3763439 0.3157378 -0.8710195
vn 0.3567936 -0.319648 -0.8777947
vn 0.2082111 -0.8944277 -0.3957868
vn 0.1006842 -0.8807425 -0.4627692
vn -0.2140762 -0.9608989 0.1756267
vn -0.2844573 -0.9491687 0.1347696
vn -0.6246331 -0.5327466 0.5709769
vn -0.6363634 -0.5151513 0.5741609
vn -0.7790807 0.2160312 0.5885267
vn -0.7673506 0.2121211 0.6051262
vn -0.5777123 0.8005861 0.1590924
vn -0.6363634 0.7595304 0.1347411
vn -0.05180836 0.8514169 -0.5219244
vn -0.1476051 0.8162264 -0.5585582
vn 0.3763439 0.3157378 -0.8710195
vn 0.2746822 0.3040076 -0.9122111
vn 0.5796673 0.4134896 0.7021483
vn 0.4252197 0.3704787 0.8257927
vn 0.4232647 0.3665687 0.8285375
vn 0.6969694 0.4056695 0.5913256
vn 0.7380251 0.02639294 0.6742569
vn 0.7067446 0.0420332 0.706219
vn 0.7849458 -0.03225803 0.618724
vn 0.5659821 -0.1045943 0.8177556
vn 0.8885626 -0.384164 -0.2507478
vn 0.3704788 -0.01270771 0.928754
vn 0.8240465 -0.382209 -0.418167
vn -0.1827956 -0.9824042 0.03831064
vn -0.1827956 -0.9824042 0.03831064
vn -0.1808406 -0.9824042 0.04667557
vn -0.1827956 -0.9824042 0.03831064
vn -0.14565 -0.9745841 0.1702112
vn -0.14565 -0.9745841 0.1702112
vn -0.143695 -0.9745841 0.1718649
vn -0.1476051 -0.9745841 0.1685188
vn -0.1104593 -0.9433036 0.3130129
vn -0.1124144 -0.9433036 0.3123162
vn -0.1085043 -0.9433036 0.313696
vn -0.1143694 -0.9452586 0.3056236
vn -0.3704787 -0.9081129 0.1951317
vn -0.3646137 -0.910068 0.1970614
vn -0.3763438 -0.9081129 0.1835652
vn -0.3587486 -0.910068 0.2075471
vn -0.3900292 -0.8983378 0.2021546
vn -0.3822091 -0.9002928 0.2083005
vn -0.3939393 -0.8983378 0.194425
vn -0.3763438 -0.9002928 0.2187193
vn 0.8260015 -0.1925708 -0.5297527
vn 0.3763439 -0.8709673 -0.3158816
vn 0.6480935 -0.2414466 -0.7222731
vn 0.4936459 -0.8572821 -0.1462229
vn -0.1260996 -0.9413486 0.3129886
vn 0.5718472 -0.8064512 0.1504235
vn 0.8748774 -0.06158358 -0.4804133
vn 0.5425217 -0.8299116 0.1300646
vn 0.8572821 -0.1280547 -0.4986676
vn 0.7575754 -0.2785922 -0.59031
vn -0.090909 -0.910068 0.404366
vn -0.5464318 -0.438905 0.7132845
vn 0.204301 -0.9354835 0.2883259
vn 0.3000976 -0.9511237 0.0728362
vn 0.6637338 -0.4799607 -0.5736682
vn -0.5249264 -0.4056694 0.7482544
vn -0.6578687 0.1906158 0.7286112
vn -0.04594326 -0.8338217 0.5501187
vn -0.1280547 -0.8924727 0.4325442
vn -0.4154446 -0.8651022 0.2810764
vn 0.675464 -0.5053761 -0.5369762
vn -0.4095795 -0.8826975 0.2304121
vn -0.08504391 -0.9960895 -0.02394321
vn -0.3939393 -0.8768324 0.2756388
vn 0.1906158 -0.499511 -0.8450766
vn -0.9745841 0.002932549 0.2240027
vn -0.7556204 -0.5112412 -0.4094757
vn -0.9569888 0.0967741 0.2735091
vn 0.2590419 -0.6911043 -0.6747386
vn 0.2101661 -0.9765391 0.04692075
vn -0.618768 -0.7556204 -0.2148583
vn -0.9315734 0.2570869 -0.2570552
vn -0.9315734 0.2570869 -0.2570552
vn -0.143695 0.4740956 -0.8686686
vn 0.1788855 -0.966764 -0.1826674
vn 0.4838707 -0.675464 -0.5564328
vn -0.2277614 -0.8025411 0.5514095
vn -0.6422285 -0.2570869 0.7221141
vn -0.3176929 -0.8729224 0.3702401
vn -0.5210164 -0.3176929 0.7922204
vn -0.6168129 0.2414466 0.7491631
vn -0.3000976 -0.8905177 0.3419353
vn 0.6793741 -0.5444767 -0.4919308
vn -0.6441835 0.2199413 0.7325663
vn -0.2160312 0.9393935 0.2662148
vn -0.3587486 0.857282 0.3692791
vn -0.3509284 0.8631471 0.3630788
vn 0.2277614 0.9550338 -0.1898295
vn 0.1867057 0.9511237 -0.245977
vn 0.558162 0.4956009 -0.6654584
vn 0.6089929 0.5288365 -0.5911511
vn 0.4799607 0.6402735 -0.5997397
vn 0.7008795 0.1319648 -0.7009659
vn 0.6480935 -0.2414466 -0.7222731
vn 0.8260015 -0.1925708 -0.5297527
vn 0.8748774 -0.06158358 -0.4804133
vn 0.5562069 0.262952 -0.7883465
vn 0.2727271 0.4623654 -0.843705
vn 0.8572821 -0.1280547 -0.4986676
vn 0.7575754 -0.2785922 -0.59031
vn 0.6637338 -0.4799607 -0.5736682
vn 0.2707721 0.1769305 -0.9462442
vn 0.4584553 0.04985332 -0.8873181
vn -0.5464318 0.3196479 -0.7741044
vn -0.7282499 0.6344084 -0.2591874
vn 0.2199413 0.6285433 -0.746029
vn 0.675464 -0.5053761 -0.5369762
vn -0.143695 0.4740956 -0.8686686
vn 0.1906158 -0.499511 -0.8450766
vn -0.9315734 0.2570869 -0.2570552
vn -0.9569888 0.0967741 0.2735091
vn -0.9745841 0.002932549 0.2240027
vn -0.7556204 -0.5112412 -0.4094757
vn -0.0361681 -0.02248287 -0.9990928
vn 0.2590419 -0.6911043 -0.6747386
vn 0.4838707 -0.675464 -0.5564328
vn 0.2453567 0.2942325 -0.9237031
vn 0.6793741 -0.5444767 -0.4919308
vn 0.1827956 0.7888559 -0.5867641
vn 0.030303 0.5874875 -0.8086657
vn 0.438905 -0.4760506 -0.7620618
vn 0.2609969 -0.1749755 -0.9493493
vn 0.2140762 0.2003909 -0.9560413
vn 0.5366566 -0.6129029 -0.5799566
vn 0.3528835 0.6363634 -0.6859409
vn 0.3509285 -0.5757573 -0.73848
vn 0.204301 0.5249264 -0.8262647
vn 0.2199413 -0.3998043 -0.8898215
vn 0.2707721 0.2258064 -0.9357852
vn 0.4271747 -0.7771257 -0.462166
vn 0.5053761 0.5092862 -0.6965792
vn 0.2316715 -0.6891493 -0.6865869
vn 0.2414466 0.3958943 -0.885986
vn 0.3548386 -0.3489735 -0.8673564
vn 0.4897358 0.5640271 -0.6648551
vn 0.380254 -0.8318667 -0.4042335
vn 0.4115345 0.6480936 -0.6407918
vn 0.6617788 0.4623654 -0.5901415
vn 0.1378298 -0.7575754 -0.6380301
vn 0.3626587 0.264907 -0.893478
vn -0.5327466 0.6344084 -0.5600957
vn -0.1280547 0.9863143 0.1038562
vn -0.3216029 0.9452586 0.0552961
vn -0.3665687 0.9296184 0.03790947
vn -0.5640271 0.5757573 0.5919265
vn -0.6500486 0.6480936 0.3967512
vn -0.7145647 0.1749755 0.6773337
vn -0.9178882 0.3646137 0.1566467
vn -0.7751707 0.3626586 0.5172902
vn -0.4193547 0.906158 0.05494846
vn -0.906158 -0.3098727 0.2878482
vn -0.7458452 0.09286404 -0.6596144
vn -0.8318666 0.5249264 0.1801394
vn -0.8279566 0.1182795 0.5481769
vn -0.8064512 -0.06353861 0.5878769
vn -0.8514169 -0.4349949 0.2930335
vn -0.9296184 -0.06353861 0.3630049
vn -0.6441835 0.7556204 0.1185978
vn -0.7399801 -0.2961875 0.603906
vn -0.9491687 -0.1045943 0.2968819
vn -0.8631471 -0.380254 0.3322408
vn -0.7282499 -0.1710654 -0.6636178
vn -0.8983378 0.3372432 0.2815247
vn -0.9198432 0.1632453 0.3567064
vn -0.906158 -0.1769305 -0.3841527
vn -0.5464318 -0.7771257 0.3122306
vn -0.7067446 -0.616813 0.3464878
vn -0.3079177 -0.910068 0.277422
vn -0.7849458 0.5894425 0.1908338
vn -0.8807425 0.4017594 0.2507628
vn -0.3411533 -0.9022478 0.2637485
vn -0.4780056 -0.8084062 -0.3434967
vn 0.438905 -0.4760506 -0.7620618
vn -0.9159331 0.1671554 -0.3648637
vn 0.438905 -0.4760506 -0.7620618
vn 0.030303 0.5874875 -0.8086657
vn 0.030303 0.5874875 -0.8086657
vn 0.1827956 0.7888559 -0.5867641
vn 0.2453567 0.2942325 -0.9237031
vn 0.2609969 -0.1749755 -0.9493493
vn 0.5366566 -0.6129029 -0.5799566
vn -0.5464318 -0.7810358 0.3023168
vn 0.3509285 -0.5757573 -0.73848
vn -0.6383184 -0.6871942 -0.3468626
vn -0.7810358 0.4584553 -0.4240305
vn 0.3509285 -0.5757573 -0.73848
vn 0.204301 0.5249264 -0.8262647
vn -0.7575754 0.6285433 0.1761048
vn 0.204301 0.5249264 -0.8262647
vn 0.3528835 0.6363634 -0.6859409
vn 0.2140762 0.2003909 -0.9560413
vn 0.2199413 -0.3998043 -0.8898215
vn 0.4271747 -0.7771257 -0.462166
vn -0.7008795 -0.6226781 0.347908
vn 0.2316715 -0.6891493 -0.6865869
vn -0.7478002 -0.6031278 -0.2775459
vn -0.618768 0.7771257 0.1148992
vn -0.6793741 0.6168129 -0.3974829
vn 0.2414466 0.3958943 -0.885986
vn 0.2316715 -0.6891493 -0.6865869
vn 0.2414466 0.3958943 -0.885986
vn 0.5053761 0.5092862 -0.6965792
vn 0.2707721 0.2258064 -0.9357852
vn 0.3548386 -0.3489735 -0.8673564
vn 0.380254 -0.8318667 -0.4042335
vn 0.1378298 -0.7575754 -0.6380301
vn -0.8768324 -0.4154446 -0.2420141
vn 0.1378298 -0.7575754 -0.6380301
vn 0.3626587 0.264907 -0.893478
vn -0.6304983 0.0009775162 -0.77619
vn -0.6300409 -0.776562 0
vn -0.6304983 -0.5483868 -0.5493122
vn -0.6304983 0.0009775162 0.77619
vn -0.6304983 -0.5483868 0.5493122
vn -0.6300409 0.776562 0
vn -0.6304983 0.5483868 -0.5493122
vn -0.6304983 0.5483868 0.5493122
vn 0.6304982 0.5483868 0.5493122
vn -0.6300409 0.776562 0
vn 0.6300408 0.776562 0
vn -0.6304983 0.5483868 0.5493122
vn 0.6304982 0.0009775162 0.77619
vn -0.6304983 0.0009775162 0.77619
vn 0.6304982 -0.5483868 0.5493122
vn -0.6304983 -0.5483868 0.5493122
vn 0.6300408 -0.776562 0
vn -0.6300409 -0.776562 0
vn 0.6304982 -0.5483868 -0.5493122
vn -0.6304983 -0.5483868 -0.5493122
vn 0.6304982 0.0009775162 -0.77619
vn -0.6304983 0.0009775162 -0.77619
vn 0.6304982 0.5483868 -0.5493122
vn -0.6304983 0.5483868 -0.5493122
vn 0.6300408 0.776562 0
vn -0.6300409 0.776562 0
vn 0.1632453 -0.4682305 -0.8683958
vn -0.006842613 -0.4780056 -0.8783301
vn -0.0009775162 -0.4780056 -0.8783562
vn -0.1730205 -0.4760506 -0.8622295
vn 0.9882693 -0.086999 0.1255185
vn 0.7810358 -0.5444767 0.3058238
vn 0.966764 0.1026392 0.2341636
vn 0.7653955 -0.4877808 0.419809
vn 0.9042029 0.1593353 0.3962694
vn 0.7556204 -0.4056694 0.5142667
vn 0.8005861 0.2609969 0.5393909
vn 0.6871942 -0.3900291 0.6128958
vn 0.5718472 0.4936459 0.6552134
vn 0.5562069 0.5405667 0.6312064
vn -0.06353855 -0.2179862 0.9738813
vn 0.2746822 0.73216 0.6232908
vn -0.5738022 0.44086 0.6902125
vn 0.1730204 0.8494619 0.4984761
vn 0.1554251 0.9178882 0.365136
vn 0.1573802 0.2688171 0.9502468
vn -0.2140762 0.966764 0.1397813
vn -0.1476051 0.9784942 0.1440901
vn -0.5816224 0.8123163 -0.04310033
vn -0.1867057 0.9374385 0.2938538
vn 0.7556204 -0.07526881 0.6506708
vn -0.6089928 0.7732157 -0.17682
vn -0.1065493 0.9530787 0.2833517
vn 0.8318667 -0.09872919 0.546123
vn -0.7184747 0.6031277 -0.3464549
vn -0.0967741 0.968719 0.2285132
vn 0.8983378 -0.1397849 0.4164726
vn -0.7673506 0.558162 -0.3156396
vn -0.090909 0.9726291 0.2138417
vn 0.9002928 -0.3352882 0.2775872
vn -0.906158 0.2414466 -0.3472481
vn -0.9433036 0.08308887 -0.3213637
vn -0.8807425 -0.2727271 -0.3871853
vn 0.7810358 -0.5444767 0.3058238
vn 0.9882693 -0.086999 0.1255185
vn 0.1339198 -0.9354835 0.327011
vn 0.2375365 -0.9237532 0.300427
vn 0.7653955 -0.4877808 0.419809
vn 0.7556204 -0.4056694 0.5142667
vn 0.3743889 -0.8631472 0.3388361
vn 0.3079177 -0.8748774 0.3738665
vn 0.6871942 -0.3900291 0.6128958
vn -0.06353855 -0.2179862 0.9738813
vn -0.7126096 -0.5034211 0.4886253
vn -0.5738022 0.44086 0.6902125
vn -0.9784942 -0.204301 0.02846569
vn -0.6265881 -0.6871942 0.3676294
vn 0.1573802 0.2688171 0.9502468
vn 0.4037144 -0.7497553 0.5242917
vn 0.7556204 -0.07526881 0.6506708
vn 0.7223848 -0.5464318 0.42376
vn 0.8318667 -0.09872919 0.546123
vn 0.73607 -0.5933526 0.3257814
vn 0.8983378 -0.1397849 0.4164726
vn 0.3059627 -0.9511237 -0.04183932
vn 0.9002928 -0.3352882 0.2775872
vn -0.2844573 -0.9042029 -0.3185925
vn -0.906158 0.2414466 -0.3472481
vn -0.8807425 -0.2727271 -0.3871853
vn -0.9726291 0.01075268 -0.2321143
vn -0.9589438 0.004887581 -0.2835539
vn -0.966764 0.002932549 -0.2556537
vn -0.9178882 -0.002932549 -0.3968283
vn -0.9335284 -0.02639294 -0.3575305
vn -0.8084062 -0.1378298 -0.5722607
vn -0.8729223 -0.06549364 -0.4834431
vn -0.7634405 -0.1788855 -0.6206114
vn -0.5053761 -0.4623654 -0.7285693
vn -0.499511 -0.4799607 -0.721198
vn -0.5913975 -0.4134895 -0.6922972
vn -0.1358749 -0.6656889 -0.733755
vn -0.004887581 -0.734115 -0.6790076
vn 0.1124144 -0.7771257 -0.6192242
vn 0.3724338 -0.8572821 -0.3554721
vn -0.3685237 -0.6950144 -0.6173697
vn 0.05376339 -0.8944277 -0.443969
vn 0.2082111 -0.8787875 -0.4293958
vn -0.4819157 -0.673509 -0.5604845
vn -0.5738022 -0.5444767 -0.6117974
vn -0.620723 -0.4662755 -0.6303096
vn -0.6285433 -0.4565003 -0.6297149
vn -0.673509 -0.4428151 -0.5918618
vn -0.6813291 -0.4662755 -0.5642498
vn -0.6109478 -0.5855324 -0.5328175
vn -0.6011727 -0.5953076 -0.5331043
vn 0.9980445 -0.02248287 0.0583243
vn 0.2883674 -0.9569888 0.03188536
vn 0.9960895 0.05376339 0.07010894
vn 0.3255131 0.9452586 0.0229648
vn 0.9765391 0.2140762 0.02329673
vn 0.4819157 0.8592371 -0.1716651
vn -0.8103613 0.5542519 -0.1900512
vn 0.9569888 -0.2609969 0.1267006
vn 0.07722384 0.9804492 0.1809858
vn -0.0009775162 0.9784942 0.2062722
vn 0.02052784 0.9765391 0.2143594
vn -0.0009775162 0.9804492 0.1967699
vn -0.07722378 0.9804492 0.1809858
vn -0.02052784 0.9765391 0.2143594
vn -0.1651915 0.9862615 0
vn 0.6050828 0.794721 -0.04788829
vn -0.7826769 0.6224284 0
vn 0.9608989 -0.2766372 0.01204946
vn 0.05180836 -0.9178881 -0.3934429
vn -0.8260015 0.5229714 -0.2102913
vn -0.9257083 -0.2825023 -0.2515087
vn 0.968719 -0.1632453 -0.1869076
vn 0.7243398 0.675464 -0.1381309
vn 0.7302049 0.6793741 -0.07246783
vn -0.05180836 0.9980445 -0.03497266
vn -0.9216537 0.3880133 0
vn 0.9863143 -0.1593352 -0.04238425
vn 0.1945258 -0.9648089 0.1769277
vn 0.1124144 -0.9843593 0.135646
vn 0.0009775162 -0.9882693 0.1527179
vn -0.0009775162 -0.9921794 0.1248163
vn -0.1124144 -0.9843593 0.1356462
vn -0.1945258 -0.9648089 0.1769277
vn 0.4349949 -0.8826975 0.1778329
vn 0.2551318 -0.9511237 0.1739868
vn 0.1945258 -0.9648089 0.1769277
vn 0.2707721 -0.9491687 0.1605033
vn 0.4349949 -0.8826975 0.1778329
vn 0.618768 -0.7653955 0.1769061
vn 0.6207231 -0.7634405 0.1784979
vn 0.8142713 -0.5386117 0.216471
vn 0.9569888 -0.1104594 0.2682744
vn 0.9296184 -0.2492667 0.2714329
vn 0.9393935 -0.2336265 0.2509153
vn 0.8142713 -0.5386117 0.216471
vn 0.6676439 -0.5757573 -0.4719695
vn 0.9784942 0.1867057 -0.08769363
vn 0.3861191 0.9198432 -0.06928606
vn -0.6129029 -0.7732157 -0.1627503
vn -0.9608989 -0.2082111 -0.1825417
vn 0.6793741 -0.4682305 -0.5649877
vn 0.7653955 0.6422285 -0.04137914
vn -0.04398823 0.9960895 -0.07662127
vn -0.3313781 -0.9042029 -0.2694545
vn -0.9511237 -0.202346 -0.2332805
vn 0.966764 0.08308887 0.2417926
vn 0.9569888 -0.1104594 0.2682744
vn 0.9257082 0.3079177 0.219661
vn 0.912023 0.3470184 0.2186144
vn 0.8162264 0.5503418 0.1757793
vn 0.6539586 0.73216 0.1904727
vn 0.2609969 0.9433036 0.2050828
vn 0.1124144 0.9784942 0.1729514
vn 0.1104594 0.9784942 0.1742066
vn 0.07722384 0.9804492 0.1809858
vn 0.6539586 0.73216 0.1904727
vn 0.4467251 0.8690122 0.2127308
vn 0.4780056 0.8592371 0.1822697
vn 0.2609969 0.9433036 0.2050828
vn -0.9980445 -0.02248287 0.0583243
vn -0.9960895 0.05376339 0.07010894
vn -0.2883674 -0.9569888 0.03188536
vn -0.325513 0.9452586 0.02296609
vn -0.9648089 0.2453567 0.09457172
vn 0.8142713 0.5562069 -0.1661206
vn -0.4643204 0.8846526 -0.04238284
vn -0.9530787 -0.2590419 0.1566467
vn 0.1651915 0.9862615 0
vn 0.7826769 0.6224284 0
vn -0.6050828 0.794721 -0.04788954
vn -0.9608989 -0.2766372 0.01204946
vn -0.05180836 -0.9178881 -0.3934429
vn 0.9257082 -0.2825023 -0.2515089
vn 0.8260015 0.5229714 -0.2102913
vn -0.968719 -0.1632453 -0.1869076
vn -0.7243398 0.675464 -0.1381309
vn -0.7302049 0.6793741 -0.07246783
vn 0.9216538 0.3880134 0
vn 0.05180836 0.9980445 -0.03497266
vn -0.9863143 -0.1593352 -0.04238425
vn -0.4565003 -0.8768324 0.1509052
vn -0.264907 -0.9491687 0.1700092
vn -0.2961875 -0.9452586 0.1369638
vn -0.1945258 -0.9648089 0.1769277
vn -0.4565003 -0.8768324 0.1509052
vn -0.6461385 -0.7536653 0.1203893
vn -0.8260015 -0.5503418 0.1218415
vn -0.6656889 -0.7302049 0.153815
vn -0.9608989 -0.1319647 0.243431
vn -0.9413486 -0.264907 0.2090148
vn -0.9120231 -0.3137829 0.2641102
vn -0.8260015 -0.5503418 0.1218415
vn -0.6695989 -0.5855324 -0.4569345
vn -0.3333331 0.9413486 -0.052459
vn -0.9648089 0.2336265 -0.1206747
vn 0.6089929 -0.7771257 -0.1587554
vn 0.9608989 -0.2218963 -0.1656362
vn -0.6422285 -0.4173996 -0.6428998
vn 0.03224128 0.9994802 0
vn -0.794721 0.6031277 -0.06823108
vn 0.2903224 -0.9081129 -0.3017346
vn 0.9589438 -0.2160312 -0.1837314
vn -0.966764 0.08308887 0.2417926
vn -0.8983378 0.3567935 0.2562957
vn -0.9608989 -0.1319647 0.243431
vn -0.9120231 0.3470184 0.2186142
vn -0.7712606 0.5972626 0.2200781
vn -0.6129029 0.7438902 0.266416
vn -0.323558 0.9217982 0.2135375
vn -0.1124144 0.9784942 0.1729515
vn -0.07722378 0.9804492 0.1809858
vn -0.1104593 0.9784942 0.1742066
vn -0.6129029 0.7438902 0.266416
vn -0.4916909 0.8240465 0.2814026
vn -0.323558 0.9217982 0.2135375
vn -0.4584553 0.8338217 0.3075063
vn 0.3998043 0.9120231 -0.09149022
vn 0.8181814 0.5738022 -0.03647227
vn 0.4486802 0.8885627 -0.09561651
vn 0.8084062 0.5874875 -0.03657671
vn 0.9863143 0.1632453 -0.02313208
vn 0.9863143 0.1554252 -0.05501945
vn 0.9999881 -0.004887525 0
vn 0.9980445 -0.02639294 -0.0566623
vn 0.9198431 -0.384164 -0.07941394
vn 0.9296184 -0.3665687 -0.03790868
vn 0.5288365 -0.8357767 -0.1476794
vn 0.5640271 -0.8142713 -0.1372431
vn 0.1788855 -0.9804492 -0.08197165
vn -0.1554252 -0.9843593 -0.08294496
vn -0.1593353 -0.9863143 -0.04238425
vn -0.4467251 -0.8905177 -0.08611038
vn -0.7810358 -0.6070378 -0.1465885
vn -0.7399801 -0.6578687 -0.1401363
vn -0.9921794 -0.02834797 -0.1215584
vn -0.9902244 -0.04007816 -0.1336019
vn -0.9784942 0.206256 -0.002764158
vn -0.9824042 0.1847507 -0.02737037
vn -0.9217982 0.3861191 -0.03464196
vn -0.9276633 0.3704787 -0.04675755
vn -0.6265881 0.7771257 -0.0588465
vn -0.6363634 0.7693056 -0.05666167
vn -0.07917881 0.9921794 -0.09649239
vn -0.006842613 0.9941344 -0.1079347
vn 0.3998043 0.9120231 -0.09149022
vn 0.4486802 0.8885627 -0.09561651
vn 0.849462 -0.3978493 0.3465982
vn 0.7028345 -0.6637338 0.2558926
vn 0.8983378 -0.4310848 -0.08458795
vn 0.9797454 -0.2002471 0
vn 0.9608989 0.1476051 -0.2342778
vn 0.8455519 -0.501466 0.1832316
vn 0.9941344 -0.06158358 -0.08890567
vn 0.9335284 -0.3352882 0.1269112
vn 0.913978 0.2785922 -0.2950093
vn 0.7028345 -0.7106546 0.03152252
vn 0.7399801 0.6265881 -0.2445748
vn 0.8318667 0.497556 -0.2458371
vn 0.4916909 0.8651022 -0.09918842
vn 0.319648 0.9374385 -0.1379647
vn 0.3176929 0.9472136 -0.04309895
vn 0.4623654 -0.853372 0.2407787
vn 0.2727271 -0.9491687 0.1571583
vn -0.1495601 -0.9784942 0.1420598
vn -0.14565 -0.9569888 0.2509153
vn -0.6813291 -0.6950144 0.2296643
vn -0.5855324 -0.794721 0.1599073
vn -0.9120231 -0.3998043 0.09149005
vn -0.9550338 -0.1925708 0.2254484
vn -0.9960895 -0.03225803 0.08225074
vn -0.9960895 0.07722378 0.04292147
vn -0.9745841 0.204301 -0.09190703
vn -0.906158 -0.1749755 0.3850471
vn -0.9374385 -0.3313782 0.1067595
vn -0.73216 -0.5659821 0.3789538
vn -0.9237533 0.3470184 -0.1620438
vn -0.8866076 0.43695 -0.1516627
vn -0.5874875 0.7888559 -0.1804572
vn -0.6637338 0.7380251 -0.1215582
vn -0.2375365 0.970674 -0.03699033
vn 0.0009775162 0.9941344 -0.1081471
vn 0.147605 0.9882693 -0.03919807
vn -0.906158 -0.1749755 0.3850471
vn -0.73216 -0.5659821 0.3789538
vn -0.7399801 -0.4604104 0.4903588
vn -0.7008795 -0.5972627 0.3899298
vn -0.06353855 -0.7380251 0.6717752
vn -0.6344084 -0.4330398 0.6403145
vn -0.5307915 0.09286404 0.8423993
vn -0.01075268 -0.4291298 0.9031788
vn -0.05962849 -0.912023 0.4057813
vn 0.5698922 -0.1378298 0.8100777
vn 0.6246331 -0.7165197 0.3105366
vn 0.4604104 -0.3861191 0.7993337
vn 0.7028345 -0.6637338 0.2558926
vn 0.5933526 -0.6598238 0.461048
vn 0.849462 -0.3978493 0.3465982
vn -0.620723 -0.3998043 0.6744327
vn -0.6441835 -0.2609969 0.7189633
vn -0.09286404 -0.6363633 0.7657794
vn 0.4799607 -0.5464318 0.6863309
vn 0.5698922 -0.4076244 0.713488
vn -0.07917881 0.9921794 -0.09649239
vn -0.325513 0.9433036 -0.06495884
vn -0.6363634 0.7693056 -0.05666167
vn -0.6460299 0.7633121 0
vn -0.9120231 0.4095795 -0.02141316
vn -0.9276633 0.3704787 -0.04675755
vn -0.9784942 0.206256 -0.002764158
vn -0.0009775162 0.0009775162 -0.999999
vn -0.0009775162 0.0009775162 -0.999999
vn 0.0009775162 0.0009775162 -0.999999
vn -0.0009775162 0.0009775162 -0.999999
vn -0.0009775162 0.0009775162 -0.999999
vn 0.0009775162 0.0009775162 -0.999999
vn -0.0009775162 -0.0009775162 -0.999999
vn -0.0009775162 -0.0009775162 -0.999999
vn 0.0009775162 0.0009775162 -0.999999
vn 0.0009775162 0.0009775162 -0.999999
vn -0.0009775162 0.0009775162 -0.999999
vn -0.0009775162 0.0009775162 -0.999999
vn 0.0009775162 0.0009775162 -0.999999
vn 0.4486802 0.8885627 -0.09561651
vn 0.8181814 0.5738022 -0.03647227
vn 0.5933526 0.8044962 -0.02680548
vn 0.8377318 0.5444767 -0.04183968
vn 0.9820552 0.1885937 0
vn 0.9863143 0.1632453 -0.02313208
vn 0.9999881 -0.004887525 0
vn -0.6344084 -0.4330398 0.6403145
vn -0.73216 -0.5659821 0.3789538
vn -0.9374385 -0.3313782 0.1067595
vn -0.8905177 -0.3724338 0.2612877
vn -0.2179862 -0.3079177 0.926104
vn -0.9237533 0.3470184 -0.1620438
vn -0.9550338 0.2727271 0.1163202
vn -0.3626586 0.2453567 0.8990433
vn -0.5874875 0.7888559 -0.1804572
vn -0.6265881 0.7751707 0.08060856
vn -0.2707721 0.4780056 0.8355795
vn 0.004887581 0.9921794 0.1247243
vn 0.0009775162 0.9941344 -0.1081471
vn 0.0009775162 0.497556 0.8674313
vn 0.319648 0.9374385 -0.1379647
vn 0.2746822 0.9530787 0.1272422
vn 0.1202345 0.4545453 0.8825714
vn 0.7399801 0.6265881 -0.2445748
vn 0.7126096 0.6989244 0.06076306
vn 0.382209 0.4545453 0.8045526
vn 0.9843593 0.1202345 0.1287654
vn 0.9608989 0.1476051 -0.2342778
vn 0.4310848 0.1339198 0.892318
vn 0.8064512 -0.562072 0.1836068
vn 0.8983378 -0.4310848 -0.08458795
vn 0.2590419 -0.3391983 0.904346
vn 0.7028345 -0.6637338 0.2558926
vn 0.4604104 -0.3861191 0.7993337
vn 0.6559137 0.2766372 0.7023169
vn 0.73607 0.1358749 0.6631281
vn 0.7517103 0.1006842 0.6517625
vn 0.6363633 0.3059627 0.7081162
vn -0.0009775162 0.0009775162 0.999999
vn 0.002932549 0.0009775162 0.9999952
vn 0.002932549 0.0009775162 0.9999952
vn -0.0009775162 0.0009775162 0.999999
vn -0.004887581 0.002932549 0.9999837
vn -0.004887581 0.002932549 0.9999837
vn -0.7126096 0.264907 0.6496243
vn -0.7262949 0.2238513 0.6499125
vn -0.6324533 0.4623654 0.6214668
vn -0.6070378 0.5073311 0.6116537
vn -0.0361681 0.0009775162 0.9993452
vn -0.04007816 -0.008797646 0.9991578
vn -0.04007816 -0.008797646 0.9991578
vn -0.0361681 0.0009775162 0.9993452
vn -0.02834797 0.006842613 0.9995747
vn -0.02834797 0.006842613 0.9995747
vn -0.143695 -0.5034211 0.8520088
vn -0.1808406 -0.4956009 0.8495154
vn -0.1827956 -0.4956009 0.8490968
vn -0.14174 -0.5034211 0.8523362
vn -0.03225803 0.006842613 0.9994562
vn -0.008797646 -0.01661777 0.9998232
vn -0.006842613 -0.01661777 0.9998385
vn -0.03421307 0.006842613 0.9993911
vn -0.01857281 0.006842613 0.9998041
vn -0.01857281 0.006842613 0.9998041
vn -0.8651022 0.1652004 0.4736107
vn -0.7810358 0.4310849 0.4518284
vn -0.7673506 0.4584553 0.4483211
vn -0.8690122 0.14174 0.4740543
vn 0.004887581 -0.002932549 0.9999837
vn 0.01857281 0.002932549 0.9998232
vn 0.01857281 0.004887581 0.9998156
vn 0.004887581 -0.002932549 0.9999837
vn 0.0009775162 -0.01075268 0.9999417
vn -0.0009775162 -0.01075268 0.9999417
vn 0.1143695 -0.5112412 0.8517935
vn 0.006842613 -0.5268815 0.8499112
vn 0.0009775162 -0.5288365 0.8487232
vn 0.1202345 -0.5092862 0.8521568
vn 0.0361681 -0.01270771 0.9992649
vn 0.030303 -0.004887581 0.9995288
vn 0.030303 -0.004887581 0.9995288
vn 0.0361681 -0.01270771 0.9992649
vn 0.02639294 -0.01661777 0.9995135
vn 0.02639294 -0.01661777 0.9995135
vn 0.5698922 -0.4076244 0.713488
vn 0.7869009 -0.3470184 0.51026
vn 0.4799607 -0.5464318 0.6863309
vn 0.792766 -0.4721406 0.3854938
vn 0.4525902 -0.7693056 0.4509224
vn -0.1241446 -0.853372 0.5063046
vn -0.09286404 -0.6363633 0.7657794
vn -0.675464 -0.6109479 0.4129056
vn -0.620723 -0.3998043 0.6744327
vn -0.8885627 -0.1769305 0.4232635
vn -0.857282 -0.147605 0.4932345
vn -0.6441835 -0.2609969 0.7189633
vn 0.147605 0.9882693 -0.03919807
vn 0.319648 0.9374385 -0.1379647
vn 0.0009775162 0.9941344 -0.1081471
vn 0.3176929 0.9472136 -0.04309895
vn -0.0009775162 -0.0009775162 0.999999
vn -0.0009775162 -0.0009775162 0.999999
vn -0.0009775162 -0.0009775162 0.999999
vn -0.0009775162 -0.0009775162 0.999999
vn 0.8181814 -0.1319647 0.5596111
vn 0.8162264 0.1710654 0.5518253
vn 0.8162264 -0.1534701 0.5569752
vn 0.8123163 0.1964809 0.5491243
vn 0.0009775162 0.01661777 -0.9998614
vn 0.07526881 0.8494619 -0.5222538
vn 0.07331377 0.8475069 -0.5256969
vn 0.002932549 0.02639294 -0.9996473
vn -0.07331371 -0.8279566 -0.5559793
vn -0.07135868 -0.8220915 -0.5648659
vn -0.08504391 -0.9745841 0.2072518
vn -0.08504391 -0.9745841 0.2072518
vn -0.06744862 -0.7771257 0.6257206
vn -0.06744862 -0.7751707 0.628141
vn 0.002932549 0.03225803 0.9994753
vn 0.002932549 0.04007816 0.9991922
vn 0.07526881 0.857282 0.5093153
vn 0.07526881 0.8611921 0.5026756
vn 0.086999 0.9882693 0.1255184
vn 0.086999 0.9882693 0.1255184
vn 0.07331377 0.8475069 -0.5256969
vn 0.07526881 0.8494619 -0.5222538
vn 0.8299116 -0.5112412 0.2233362
vn 0.6324533 -0.7126096 0.3036287
vn 0.8435969 -0.4799607 0.2407947
vn 0.6070378 -0.734115 0.30427
vn 0.1612902 -0.8983378 0.4086253
vn 0.1691104 -0.9002928 0.4010917
vn -0.327468 -0.8455519 0.4216713
vn -0.3157378 -0.851417 0.4188063
vn -0.7575754 -0.5444767 0.3600341
vn -0.7849458 -0.5190613 0.3382829
vn -0.7849458 -0.5190613 0.3382829
vn -0.9413486 -0.2746822 0.1959914
vn -0.9296184 -0.2844573 0.2342941
vn -0.7575754 -0.5444767 0.3600341
vn 0.4017593 0.8142713 -0.4189889
vn 0.4760506 0.7693056 -0.4260806
vn 0.499511 0.7536653 -0.4271737
vn 0.384164 0.8260015 -0.4124797
vn 0.07331377 0.4193547 0.9048573
vn 0.09677416 0.4193547 0.9026496
vn 0.09872919 0.4193547 0.9024379
vn 0.07331377 0.4193547 0.9048573
vn 0.05571842 0.4154446 0.9079103
vn 0.05571842 0.4173996 0.9070132
vn 0.04789829 0.4252198 0.9038218
vn 0.04985332 0.4271748 0.9027936
vn 0.1085044 0.43695 0.8929175
vn 0.1085044 0.438905 0.8919581
vn -0.06744862 -0.4232647 -0.9034919
vn -0.08113384 -0.4252197 -0.9014463
vn -0.08113384 -0.4252197 -0.9014463
vn -0.06744862 -0.4232647 -0.9034919
vn -0.04789829 -0.4193546 -0.906558
vn -0.04789829 -0.4193546 -0.906558
vn -0.03812313 -0.4330398 -0.9005682
vn -0.04007816 -0.4349949 -0.8995405
vn -0.08699894 -0.4467251 -0.8904313
vn -0.08504391 -0.4467251 -0.8906201
vn 0.1085044 0.438905 0.8919581
vn 0.1124144 0.3861191 0.9155736
vn 0.1085044 0.3841641 0.9168668
vn 0.1085044 0.43695 0.8929175
vn -0.3372432 0.8826976 -0.3272797
vn -0.325513 0.8866076 -0.3285851
vn -0.323558 0.8866076 -0.3305103
vn -0.3391982 0.8826976 -0.325253
vn -0.07526875 -0.4193546 -0.9046968
vn -0.08504391 -0.4467251 -0.8906201
vn -0.08699894 -0.4467251 -0.8904313
vn -0.07135868 -0.4193546 -0.9050136
vn -0.5307915 0.09286404 0.8423993
vn 0.5698922 -0.1378298 0.8100777
vn -0.01075268 -0.4291298 0.9031788
vn 0.02052784 0.1534702 0.98794
vn -0.6344084 -0.4330398 0.6403145
vn 0.4604104 -0.3861191 0.7993337
vn -0.2179862 -0.3079177 0.926104
vn 0.2590419 -0.3391983 0.904346
vn -0.3626586 0.2453567 0.8990433
vn 0.4310848 0.1339198 0.892318
vn -0.2707721 0.4780056 0.8355795
vn 0.382209 0.4545453 0.8045526
vn 0.0009775162 0.497556 0.8674313
vn 0.1202345 0.4545453 0.8825714
vn -0.8181814 0.5738022 -0.03647227
vn -0.3998044 0.9120231 -0.09148989
vn -0.4486802 0.8885627 -0.09561651
vn -0.8084062 0.5874875 -0.03657671
vn -0.9863143 0.1632453 -0.02313208
vn -0.9863143 0.1554252 -0.05501945
vn -0.9999881 -0.004887525 0
vn -0.9980445 -0.02639294 -0.0566623
vn -0.9198432 -0.384164 -0.07941319
vn -0.9296184 -0.3665687 -0.03790868
vn -0.5288365 -0.8357767 -0.1476794
vn -0.5640271 -0.8142713 -0.1372431
vn -0.1788856 -0.9804492 -0.08197128
vn 0.1554251 -0.9843593 -0.08294496
vn 0.1593352 -0.9863143 -0.04238425
vn 0.4467251 -0.8905177 -0.08611038
vn 0.7810358 -0.6070378 -0.1465885
vn 0.7399801 -0.6578687 -0.1401363
vn 0.9921794 -0.02834797 -0.1215584
vn 0.9902244 -0.04007816 -0.1336019
vn 0.9784942 0.206256 -0.002764158
vn 0.9824042 0.1847507 -0.02737037
vn 0.9217982 0.3861191 -0.03464282
vn 0.9276633 0.3704787 -0.04675819
vn 0.6265882 0.7771257 -0.0588465
vn 0.6363633 0.7693056 -0.05666272
vn 0.07917887 0.9921794 -0.09649239
vn 0.006842613 0.9941344 -0.1079347
vn -0.3998044 0.9120231 -0.09148989
vn -0.4486802 0.8885627 -0.09561651
vn -0.8494619 -0.3978493 0.3465984
vn -0.8983378 -0.4310848 -0.08458724
vn -0.7028345 -0.6637338 0.2558926
vn -0.9797454 -0.2002471 0
vn -0.9608989 0.1476051 -0.2342778
vn -0.8455518 -0.501466 0.1832317
vn -0.9941344 -0.06158358 -0.08890567
vn -0.9335284 -0.3352882 0.1269112
vn -0.9139781 0.2785922 -0.2950092
vn -0.7028345 -0.7106546 0.03152252
vn -0.7399801 0.6265881 -0.2445748
vn -0.8318666 0.497556 -0.2458373
vn -0.4916909 0.8651022 -0.09918842
vn -0.3196479 0.9374385 -0.1379649
vn -0.3176929 0.9472136 -0.04309895
vn -0.4623654 -0.853372 0.2407787
vn -0.2727271 -0.9491687 0.1571583
vn 0.14956 -0.9784942 0.1420598
vn 0.14565 -0.9569888 0.2509154
vn 0.6813291 -0.6950144 0.2296643
vn 0.5855324 -0.794721 0.1599073
vn 0.912023 -0.3998043 0.0914907
vn 0.9550338 -0.1925708 0.2254484
vn 0.9960895 -0.03225803 0.08225074
vn 0.9960895 0.07722378 0.04292147
vn 0.9745841 0.204301 -0.09190703
vn 0.9061579 -0.1749755 0.3850473
vn 0.9374385 -0.3313782 0.1067595
vn 0.73216 -0.5659821 0.3789538
vn 0.9237532 0.3470184 -0.162044
vn 0.8866076 0.43695 -0.1516631
vn 0.5874875 0.7888559 -0.1804572
vn 0.6637338 0.7380251 -0.1215582
vn 0.2375365 0.970674 -0.03699033
vn -0.0009775162 0.9941344 -0.1081471
vn -0.1476051 0.9882693 -0.03919807
vn 0.9061579 -0.1749755 0.3850473
vn 0.7399801 -0.4604104 0.4903588
vn 0.73216 -0.5659821 0.3789538
vn 0.7008795 -0.5972627 0.3899298
vn 0.06353861 -0.7380251 0.6717752
vn 0.6344083 -0.4330398 0.6403145
vn 0.5307915 0.09286404 0.8423993
vn 0.01075268 -0.4291298 0.9031788
vn 0.05962849 -0.912023 0.4057813
vn -0.5698922 -0.1378298 0.8100777
vn -0.6246331 -0.7165197 0.3105366
vn -0.4604104 -0.3861191 0.7993337
vn -0.7028345 -0.6637338 0.2558926
vn -0.5933526 -0.6598238 0.4610481
vn -0.8494619 -0.3978493 0.3465984
vn 0.6207231 -0.3998043 0.6744326
vn 0.6441835 -0.2609969 0.7189633
vn 0.0928641 -0.6363633 0.7657794
vn -0.4799607 -0.5464318 0.6863309
vn -0.5698922 -0.4076244 0.713488
vn 0.07917887 0.9921794 -0.09649239
vn 0.6363633 0.7693056 -0.05666272
vn 0.3255131 0.9433036 -0.06495839
vn 0.6460298 0.7633121 0
vn 0.912023 0.4095795 -0.02141595
vn 0.9276633 0.3704787 -0.04675819
vn 0.9784942 0.206256 -0.002764158
vn 0.0009775162 0.0009775162 -0.999999
vn 0.0009775162 0.0009775162 -0.999999
vn -0.0009775162 0.0009775162 -0.999999
vn 0.0009775162 0.0009775162 -0.999999
vn 0.0009775162 0.0009775162 -0.999999
vn -0.0009775162 0.0009775162 -0.999999
vn 0.0009775162 -0.0009775162 -0.999999
vn 0.0009775162 -0.0009775162 -0.999999
vn -0.0009775162 0.0009775162 -0.999999
vn -0.0009775162 0.0009775162 -0.999999
vn 0.0009775162 0.0009775162 -0.999999
vn 0.0009775162 0.0009775162 -0.999999
vn -0.0009775162 0.0009775162 -0.999999
vn -0.4486802 0.8885627 -0.09561651
vn -0.5933526 0.8044962 -0.02680771
vn -0.8181814 0.5738022 -0.03647227
vn -0.8377317 0.5444767 -0.04184039
vn -0.9820552 0.1885937 0
vn -0.9863143 0.1632453 -0.02313208
vn -0.9999881 -0.004887525 0
vn 0.6344083 -0.4330398 0.6403145
vn 0.9374385 -0.3313782 0.1067595
vn 0.73216 -0.5659821 0.3789538
vn 0.8905177 -0.3724338 0.2612879
vn 0.2179862 -0.3079177 0.926104
vn 0.9237532 0.3470184 -0.162044
vn 0.9550338 0.2727271 0.1163202
vn 0.3626587 0.2453567 0.8990433
vn 0.5874875 0.7888559 -0.1804572
vn 0.6265882 0.7751707 0.08060856
vn 0.2707721 0.4780056 0.8355795
vn -0.004887581 0.9921794 0.1247243
vn -0.0009775162 0.9941344 -0.1081471
vn -0.0009775162 0.497556 0.8674313
vn -0.3196479 0.9374385 -0.1379649
vn -0.2746822 0.9530787 0.1272422
vn -0.1202345 0.4545453 0.8825714
vn -0.7399801 0.6265881 -0.2445748
vn -0.7126096 0.6989244 0.06076306
vn -0.3822091 0.4545453 0.8045526
vn -0.9843593 0.1202345 0.1287654
vn -0.9608989 0.1476051 -0.2342778
vn -0.4310849 0.1339198 0.892318
vn -0.8064512 -0.562072 0.1836068
vn -0.8983378 -0.4310848 -0.08458724
vn -0.2590419 -0.3391983 0.904346
vn -0.7028345 -0.6637338 0.2558926
vn -0.4604104 -0.3861191 0.7993337
vn -0.6559137 0.2766372 0.7023169
vn -0.73607 0.1358749 0.6631281
vn -0.6363634 0.3059627 0.7081162
vn -0.7517103 0.1006842 0.6517625
vn -0.002932549 0.0009775162 0.9999952
vn 0.0009775162 0.0009775162 0.999999
vn -0.002932549 0.0009775162 0.9999952
vn 0.0009775162 0.0009775162 0.999999
vn 0.004887581 0.002932549 0.9999837
vn 0.004887581 0.002932549 0.9999837
vn 0.7126096 0.264907 0.6496243
vn 0.6324533 0.4623654 0.6214669
vn 0.7262949 0.2238513 0.6499125
vn 0.6070378 0.5073311 0.6116537
vn 0.04007816 -0.008797646 0.9991578
vn 0.0361681 0.0009775162 0.9993452
vn 0.04007816 -0.008797646 0.9991578
vn 0.0361681 0.0009775162 0.9993452
vn 0.02834797 0.006842613 0.9995747
vn 0.02834797 0.006842613 0.9995747
vn 0.1436949 -0.5034211 0.8520088
vn 0.1808406 -0.4956009 0.8495154
vn 0.1417399 -0.5034211 0.8523362
vn 0.1827956 -0.4956009 0.8490968
vn 0.008797646 -0.01661777 0.9998232
vn 0.03225803 0.006842613 0.9994562
vn 0.006842613 -0.01661777 0.9998385
vn 0.03421307 0.006842613 0.9993911
vn 0.01857281 0.006842613 0.9998041
vn 0.01857281 0.006842613 0.9998041
vn 0.8651022 0.1652004 0.4736106
vn 0.7810358 0.4310849 0.4518284
vn 0.8690123 0.14174 0.4740542
vn 0.7673506 0.4584553 0.4483211
vn -0.01857281 0.002932549 0.9998232
vn -0.004887581 -0.002932549 0.9999837
vn -0.01857281 0.004887581 0.9998156
vn -0.004887581 -0.002932549 0.9999837
vn -0.0009775162 -0.01075268 0.9999417
vn 0.0009775162 -0.01075268 0.9999417
vn -0.1143694 -0.5112412 0.8517935
vn -0.006842613 -0.5268815 0.8499112
vn -0.1202345 -0.5092862 0.8521568
vn -0.0009775162 -0.5288365 0.8487232
vn -0.030303 -0.004887581 0.9995288
vn -0.0361681 -0.01270771 0.9992649
vn -0.030303 -0.004887581 0.9995288
vn -0.0361681 -0.01270771 0.9992649
vn -0.02639294 -0.01661777 0.9995135
vn -0.02639294 -0.01661777 0.9995135
vn -0.5698922 -0.4076244 0.713488
vn -0.4799607 -0.5464318 0.6863309
vn -0.7869009 -0.3470184 0.51026
vn -0.792766 -0.4721406 0.3854938
vn -0.4525902 -0.7693056 0.4509224
vn 0.1241446 -0.853372 0.5063045
vn 0.0928641 -0.6363633 0.7657794
vn 0.675464 -0.6109479 0.4129056
vn 0.6207231 -0.3998043 0.6744326
vn 0.8885626 -0.1769305 0.4232636
vn 0.8572821 -0.147605 0.4932344
vn 0.6441835 -0.2609969 0.7189633
vn -0.1476051 0.9882693 -0.03919807
vn -0.3196479 0.9374385 -0.1379649
vn -0.3176929 0.9472136 -0.04309895
vn -0.0009775162 0.9941344 -0.1081471
vn 0.0009775162 -0.0009775162 0.999999
vn 0.0009775162 -0.0009775162 0.999999
vn 0.0009775162 -0.0009775162 0.999999
vn 0.0009775162 -0.0009775162 0.999999
vn -0.8181814 -0.1319647 0.5596111
vn -0.8162264 0.1710654 0.5518253
vn -0.8123163 0.1964809 0.5491243
vn -0.8162264 -0.1534701 0.5569752
vn -0.07526875 0.8494619 -0.5222539
vn -0.0009775162 0.01661777 -0.9998614
vn -0.07331371 0.8475069 -0.5256969
vn -0.002932549 0.02639294 -0.9996473
vn 0.07331377 -0.8279566 -0.5559793
vn 0.07135874 -0.8220915 -0.5648659
vn 0.08504397 -0.9745841 0.2072518
vn 0.08504397 -0.9745841 0.2072518
vn 0.06744868 -0.7771257 0.6257206
vn 0.06744868 -0.7751707 0.628141
vn -0.002932549 0.03225803 0.9994753
vn -0.002932549 0.04007816 0.9991922
vn -0.07526875 0.857282 0.5093154
vn -0.07526875 0.8611921 0.5026757
vn -0.08699894 0.9882693 0.1255184
vn -0.08699894 0.9882693 0.1255184
vn -0.07331371 0.8475069 -0.5256969
vn -0.07526875 0.8494619 -0.5222539
vn -0.6324533 -0.7126096 0.3036285
vn -0.8299116 -0.5112412 0.2233365
vn -0.8435968 -0.4799607 0.2407948
vn -0.6070378 -0.734115 0.3042701
vn -0.1612903 -0.8983378 0.4086253
vn -0.1691104 -0.9002928 0.4010917
vn 0.3274681 -0.8455519 0.4216712
vn 0.3157379 -0.851417 0.4188062
vn 0.7575754 -0.5444767 0.3600341
vn 0.7849458 -0.5190613 0.3382829
vn 0.7849458 -0.5190613 0.3382829
vn 0.9296184 -0.2844573 0.2342941
vn 0.9413486 -0.2746822 0.1959914
vn 0.7575754 -0.5444767 0.3600341
vn -0.4017594 0.8142713 -0.4189889
vn -0.4760506 0.7693056 -0.4260806
vn -0.3841641 0.8260015 -0.4124796
vn -0.499511 0.7536653 -0.4271737
vn -0.0967741 0.4193547 0.9026496
vn -0.07331371 0.4193547 0.9048573
vn -0.09872913 0.4193547 0.9024379
vn -0.07331371 0.4193547 0.9048573
vn -0.05571842 0.4154446 0.9079103
vn -0.05571842 0.4173996 0.9070132
vn -0.04789829 0.4252198 0.9038218
vn -0.04985332 0.4271748 0.9027936
vn -0.1085043 0.43695 0.8929175
vn -0.1085043 0.438905 0.8919581
vn 0.0811339 -0.4252197 -0.9014463
vn 0.06744868 -0.4232647 -0.9034919
vn 0.0811339 -0.4252197 -0.9014463
vn 0.06744868 -0.4232647 -0.9034919
vn 0.04789829 -0.4193546 -0.906558
vn 0.04789829 -0.4193546 -0.906558
vn 0.03812313 -0.4330398 -0.9005682
vn 0.04007816 -0.4349949 -0.8995405
vn 0.086999 -0.4467251 -0.8904313
vn 0.08504397 -0.4467251 -0.8906201
vn -0.1085043 0.438905 0.8919581
vn -0.1124144 0.3861191 0.9155737
vn -0.1085043 0.43695 0.8929175
vn -0.1085043 0.3841641 0.9168668
vn 0.3372433 0.8826976 -0.3272797
vn 0.3255131 0.8866076 -0.328585
vn 0.3391983 0.8826976 -0.325253
vn 0.323558 0.8866076 -0.3305103
vn 0.07526881 -0.4193546 -0.9046968
vn 0.08504397 -0.4467251 -0.8906201
vn 0.07135874 -0.4193546 -0.9050136
vn 0.086999 -0.4467251 -0.8904313
vn 0.5307915 0.09286404 0.8423993
vn 0.01075268 -0.4291298 0.9031788
vn -0.5698922 -0.1378298 0.8100777
vn -0.02052784 0.1534702 0.98794
vn 0.6344083 -0.4330398 0.6403145
vn -0.4604104 -0.3861191 0.7993337
vn 0.2179862 -0.3079177 0.926104
vn -0.2590419 -0.3391983 0.904346
vn 0.3626587 0.2453567 0.8990433
vn -0.4310849 0.1339198 0.892318
vn 0.2707721 0.4780056 0.8355795
vn -0.3822091 0.4545453 0.8045526
vn -0.0009775162 0.497556 0.8674313
vn -0.1202345 0.4545453 0.8825714
vn -0.06158352 -0.910068 -0.4098582
vn -0.06353855 -0.8826975 -0.4656264
vn -0.05767345 -0.8807425 -0.4700707
vn -0.07135868 -0.9061579 -0.4168762
vn -0.06744862 -0.9433036 -0.3250062
vn -0.07135868 -0.9452586 -0.3184243
vn -0.6637338 -0.5562069 0.5000913
vn -0.6480936 -0.5210164 0.5554428
vn -0.6637338 -0.562072 0.4934901
vn -0.6422285 -0.5229714 0.5603958
vn -0.6383184 -0.499511 0.5856947
vn -0.6402735 -0.4936459 0.5885267
vn -0.8162264 -0.499511 -0.2902814
vn -0.8651022 -0.4838707 -0.132164
vn -0.8220915 -0.4916909 -0.287064
vn -0.8475069 -0.501466 -0.1739652
vn -0.8878875 -0.4600605 0
vn -0.8858698 -0.463934 0
vn 0.1554251 -0.9472136 0.2804092
vn 0.1691104 -0.9784942 0.1181139
vn 0.1612902 -0.9804492 0.1127155
vn 0.1300097 -0.9354835 0.3285852
vn 0.1221896 -0.8826975 0.4537784
vn 0.1339198 -0.8807425 0.4542667
vn 0.6637338 0.4584553 -0.5909958
vn 0.673509 0.4701855 -0.5703606
vn 0.673509 0.4721406 -0.5687433
vn 0.6598238 0.4525902 -0.5998289
vn 0.6461385 0.4056695 -0.6464807
vn 0.6461385 0.3978493 -0.6513225
vn 0.0009775162 0.8866076 0.4625213
vn -0.01270771 0.8396868 0.5429224
vn -0.01857281 0.8318666 0.5546648
vn -0.0009775162 0.8924727 0.4511003
vn -0.01270771 0.9120231 0.409942
vn -0.01075268 0.9139781 0.4056211
vn -0.202346 0.9217982 -0.3306723
vn -0.2473117 0.9569888 -0.1516884
vn -0.2394916 0.9589438 -0.1518896
vn -0.2336265 0.9276633 -0.2913064
vn -0.2238513 0.8611921 -0.4563319
vn -0.2414466 0.857282 -0.4547209
vn 0.8944277 0.4154446 0.165544
vn 0.8572821 0.4173996 0.3014049
vn 0.8631472 0.4037144 0.3033012
vn 0.8787875 0.438905 0.1873366
vn 0.9178881 0.3958943 0.02737044
vn 0.9157755 0.4016903 0
vn -0.3059627 -0.8435969 0.4412836
vn -0.3098727 -0.8318667 0.4604093
vn -0.3176929 -0.8299116 0.4586042
vn -0.2961875 -0.8475069 0.4404599
vn -0.3450633 -0.8279566 0.4420623
vn -0.3411533 -0.8279566 0.4450868
vn -0.3216029 -0.8220915 0.4698267
vn -0.3137828 -0.8240465 0.471686
vn 0.8905177 -0.4291298 -0.1510826
vn 0.8905177 -0.4291298 -0.1510826
vn 0.8905177 -0.4291298 -0.1510826
vn 0.8905177 -0.4291298 -0.1510826
vn -0.8905177 0.4291298 0.151082
vn -0.8905177 0.4291298 0.151082
vn -0.8905177 0.4291298 0.151082
vn -0.8905177 0.4291298 0.151082
vn -0.325513 -0.3040076 -0.8953327
vn -0.325513 -0.3040076 -0.8953327
vn -0.325513 -0.3040076 -0.8953327
vn -0.325513 -0.3040076 -0.8953327
vn -0.8905177 0.4271748 0.1565244
vn -0.8905177 0.4271748 0.1565244
vn -0.8905177 0.4271748 0.1565244
vn -0.8905177 0.4271748 0.1565244
vn 0.8905177 -0.4271747 -0.1565249
vn 0.8905177 -0.4271747 -0.1565249
vn 0.8905177 -0.4271747 -0.1565249
vn 0.8905177 -0.4271747 -0.1565249
vn 0.3274681 0.327468 0.8863009
vn 0.3274681 0.327468 0.8863009
vn 0.3274681 0.327468 0.8863009
vn 0.3274681 0.327468 0.8863009
vn 0.3274681 0.4134896 0.8495829
vn 0.3274681 0.4134896 0.8495829
vn 0.3274681 0.4134896 0.8495829
vn 0.3274681 0.4134896 0.8495829
vn 0.3313782 0.4134896 0.8480654
vn 0.3313782 0.4134896 0.8480654
vn 0.3313782 0.4134896 0.8480654
vn 0.3313782 0.4134896 0.8480654
vn 0.5874875 0.2101661 0.7814657
vn -0.07526875 0.03421307 0.9965762
vn -0.08504391 0.4056695 0.9100549
vn 0.6031278 -0.1417399 0.7849501
vn -0.08113384 -0.3489735 0.9336138
vn 0.7732157 -0.4213096 -0.4739575
vn 0.5796673 -0.4780056 0.6599215
vn -0.2277614 -0.6989244 0.6779597
vn 0.792766 -0.1827956 -0.5814705
vn 0.06744868 -0.4193546 -0.9053134
vn 0.44086 -0.7888559 0.4281924
vn -0.3157378 -0.8299116 0.4599524
vn 0.7790807 -0.006842613 -0.6268862
vn 0.06353861 -0.05376339 -0.9965302
vn -0.3528835 -0.8611922 0.3658159
vn -0.3157378 -0.8279566 0.4634624
vn -0.853372 -0.3391983 0.3958545
vn -0.2277614 -0.7028345 0.6739054
vn -0.7536653 -0.2883674 0.5906208
vn -0.06353855 -0.3333332 0.9406656
vn -0.6676439 -0.04007816 0.7434012
vn -0.5464318 0.7438902 -0.3847593
vn -0.04985332 0.07526875 0.9959163
vn -0.6891493 0.2199413 0.690434
vn -0.05962849 0.5073311 0.8596857
vn -0.6852392 0.4682305 0.5578597
vn -0.6852392 0.4037144 -0.6061864
vn -0.675464 0.0967741 -0.7310151
vn -0.7047895 -0.1534701 -0.6926172
vn 0.06549364 0.3137828 -0.9472333
vn -0.3939393 0.9120231 -0.1141305
vn 0.8651022 0.1319648 -0.483925
vn 0.8885626 0.2551318 -0.3812666
vn 0.3509285 -0.9257082 0.141115
vn -0.4428151 0.7262949 -0.5257476
vn 0.08308893 -0.8201364 -0.5661029
vn -0.9042029 -0.3098727 -0.2939318
vn 0.562072 0.2003909 -0.8024453
vn -0.6852392 0.4682305 0.5578597
vn -0.1652004 0.8826976 0.4399475
vn -0.05962849 0.5073311 0.8596857
vn -0.7614855 0.6168129 0.1992027
vn -0.7047895 -0.1534701 -0.6926172
vn -0.7106546 0.7028345 -0.03152299
vn -0.5640271 -0.6031278 -0.5640127
vn 0.8592371 -0.501466 -0.1012095
vn -0.6656889 -0.7262949 -0.1713302
vn 0.7732157 -0.4213096 -0.4739575
vn 0.5874875 0.2101661 0.7814657
vn 0.5053761 0.6402735 0.578485
vn -0.08504391 0.4056695 0.9100549
vn -0.1788856 0.857282 0.4827706
vn -0.1104593 0.9902244 0.08517324
vn 0.8416418 -0.5386117 0.03919845
vn 0.5894425 0.794721 0.1448312
vn 0.616813 -0.7145647 -0.3300591
vn 0.6500486 0.4193547 -0.6337022
vn 0.02834797 0.497556 -0.8669686
vn 0.2101661 -0.853372 -0.4770601
vn -0.499511 0.3157378 -0.8067207
vn -0.5190613 -0.7419351 -0.4243909
vn 0.08504397 0.8709673 0.4839252
vn 0.08504397 0.8709673 0.4839252
vn 0.08504397 0.8709673 0.4839252
vn 0.08504397 0.8709673 0.4839252
vn -0.08504391 -0.8748774 -0.4768197
vn -0.08504391 -0.8748774 -0.4768197
vn -0.08504391 -0.8748774 -0.4768197
vn -0.08504391 -0.8748774 -0.4768197
vn -0.030303 0.5307915 -0.8469605
vn -0.030303 0.5307915 -0.8469605
vn -0.030303 0.5307915 -0.8469605
vn -0.030303 0.5307915 -0.8469605
vn 0.02834797 -0.5444767 0.8382968
vn 0.02834797 -0.5444767 0.8382968
vn 0.02834797 -0.5444767 0.8382968
vn 0.02834797 -0.5444767 0.8382968
vn 0.9042029 0.378299 -0.19826
vn 0.7634405 0.620723 -0.178498
vn 0.7556204 0.5483868 -0.3582036
vn 0.9061579 0.3861191 -0.1725974
vn 0.9452586 -0.3098727 -0.1022987
vn 0.9804492 -0.1964809 -0.01070623
vn 0.8670573 0.4956009 0.05090566
vn 0.616813 0.7810358 -0.09759519
vn 0.4565003 0.8592371 0.2309094
vn 0.9237532 0.3587486 -0.1340876
vn 0.9257082 0.3548385 -0.1309729
vn 0.9002928 0.4310849 0.06032151
vn 0.9843593 -0.06353861 0.1643158
vn 0.7008795 0.5171063 0.4912932
vn 0.792766 0.1085043 0.5997908
vn 0.3372433 0.4721406 0.8144632
vn 0.43695 -0.004887581 0.8994725
vn 0.1769305 -0.004887581 0.9842112
vn 0.06353861 0.4193547 0.9055962
vn -0.2199413 0.3431083 0.9131826
vn -0.06940365 -0.1221896 0.9900772
vn -0.5171063 -0.1964809 0.8330644
vn -0.6520036 0.202346 0.730717
vn -0.7478002 -0.4682305 0.4706963
vn -0.9237533 0.008797646 0.3828871
vn -0.7497553 -0.5953076 0.2889219
vn -0.9745841 -0.07917887 0.2095626
vn -0.9765391 -0.07722384 0.201017
vn -0.9843593 -0.04594326 0.1700767
vn -0.8064512 -0.5112412 0.2971008
vn -0.9882693 -0.04985332 0.144355
vn -0.9296184 0.08113384 0.3594816
vn -0.910068 0.03225803 0.4132016
vn -0.966764 0.2199413 0.1303581
vn -0.9882693 0.14174 -0.05686386
vn -0.8846526 0.4310849 0.1776389
vn -0.6793741 0.5953076 0.4290218
vn -0.6930593 0.264907 0.6704424
vn -0.6520036 0.206256 0.729623
vn -0.266862 0.4740956 0.8390579
vn -0.2316715 0.3548385 0.9057693
vn -0.325513 0.8220915 0.4671263
vn 0.05571842 0.438905 0.8968043
vn 0.01270771 0.5698922 0.8216212
vn -0.14174 0.9042029 0.402898
vn 0.07135874 0.9159331 0.3949359
vn 0.2942325 0.6031277 0.7413934
vn 0.3372433 0.4877808 0.8051937
vn 0.6989244 0.5190613 0.4920163
vn 0.6891493 0.5855324 0.4268783
vn 0.8885626 0.4486802 0.09561698
vn 0.9237532 0.3587486 -0.1340876
vn 0.8983378 0.4349949 0.06138923
vn 0.9237532 0.3587486 -0.1340876
vn 0.8866076 0.4525902 0.09533653
vn 0.7047895 0.5229714 0.479346
vn 0.6911043 0.5229714 0.4988745
vn 0.3391983 0.4819157 0.8078996
vn 0.3372433 0.4799607 0.8098795
vn 0.05767345 0.43695 0.8976349
vn 0.05767345 0.43695 0.8976349
vn -0.2277614 0.3509284 0.9082808
vn -0.2277614 0.3509284 0.9082808
vn -0.6441835 0.2140762 0.7343017
vn -0.6617788 0.206256 0.7207685
vn -0.906158 0.03812313 0.4212177
vn -0.9276633 0.01270771 0.3732014
vn -0.9745841 -0.07917887 0.2095626
vn -0.9745841 -0.07917887 0.2095626
vn 0.8064512 0.5229714 -0.27593
vn 0.7184747 0.6950144 -0.02736935
vn 0.7478002 0.6559137 -0.1028203
vn 0.382209 0.8260015 0.4142919
vn 0.4056694 0.8279566 0.3871954
vn 0.09677416 0.6989244 0.7086179
vn 0.08504397 0.6891493 0.7196116
vn -0.0361681 0.6950144 0.7180856
vn -0.03812313 0.6989244 0.7141787
vn -0.1339198 0.6383184 0.7580337
vn -0.1515151 0.6402735 0.7530558
vn -0.5405667 0.6089928 0.5804441
vn -0.5718472 0.5992177 0.5602937
vn -0.9159331 0.3118278 0.2526458
vn -0.9452586 0.2609969 0.1958743
vn -0.9941344 0.1006842 0.03948994
vn 0.4525902 0.3118278 -0.8354194
vn 0.7556204 0.5483868 -0.3582036
vn 0.562072 0.5229714 -0.640762
vn 0.8103613 0.4545453 -0.369734
vn 0.7946907 0.6070146 0
vn 0.7634405 0.620723 -0.178498
vn 0.5034211 0.8416418 0.1954644
vn 0.616813 0.7810358 -0.09759519
vn 0.266862 0.9452586 -0.1878053
vn 0.1652003 0.9745841 -0.1513099
vn 0.01661777 0.9569888 0.2896485
vn 0.07326003 0.9973128 0
vn 0.4565003 0.8592371 0.2309094
vn 0.07135874 0.9159331 0.3949359
vn -0.2453567 0.9628539 -0.1127494
vn -0.1808406 0.9511237 0.2503205
vn -0.3567935 0.8690122 0.3428062
vn -0.206256 0.970674 0.1234922
vn -0.14174 0.9042029 0.402898
vn -0.325513 0.8220915 0.4671263
vn -0.5542519 0.8318666 -0.02833294
vn -0.499511 0.8631471 0.07393068
vn -0.6793741 0.5953076 0.4290218
vn -0.8846526 0.4310849 0.1776389
vn -0.6676439 0.7438902 0.02964877
vn -0.73216 0.5405667 0.4144025
vn -0.966764 0.2199413 0.1303581
vn -0.9335284 0.206256 0.2932288
vn -0.9882693 0.14174 -0.05686386
vn -0.9999957 -0.002932537 0
vn -0.9120231 0.1652004 -0.3753968
vn -0.7888559 0.0244379 -0.6140921
vn -0.2355815 0.970674 -0.04788767
vn -0.1632453 0.9863143 -0.0231316
vn 0.4310848 0.8963828 -0.1032654
vn -0.2375365 0.970674 -0.03699033
vn -0.2920944 0.9563895 0
vn -0.7849458 0.6109478 0.1029695
vn -0.2003909 0.2688171 -0.9421151
vn -0.2199413 0.2082111 -0.9530341
vn -0.2003909 0.2727271 -0.9409906
vn -0.2179862 0.204301 -0.9543286
vn -0.2570869 0.2551318 -0.932102
vn -0.2570869 0.2590419 -0.9310229
vn -0.206256 0.970674 0.1234922
vn -0.1280547 0.970674 0.2034549
vn 0.07326003 0.9973128 0
vn -0.1867057 0.9569888 0.2220663
vn -0.2453567 0.9433036 0.2235586
vn -0.499511 0.8631471 0.07393068
vn 0.2551318 -0.4213096 0.8702907
vn 0.2551318 -0.4213096 0.8702907
vn 0.2551318 -0.4213096 0.8702907
vn 0.2551318 -0.4213096 0.8702907
vn -0.2707721 0.5562069 -0.7856948
vn -0.2707721 0.5562069 -0.7856948
vn -0.2707721 0.5562069 -0.7856948
vn -0.2707721 0.5562069 -0.7856948
vn 0.147605 -0.913978 -0.3779641
vn 0.147605 -0.913978 -0.3779641
vn 0.147605 -0.913978 -0.3779641
vn 0.147605 -0.913978 -0.3779641
vn -0.143695 0.910068 0.3887518
vn -0.143695 0.910068 0.3887518
vn -0.143695 0.910068 0.3887518
vn -0.143695 0.910068 0.3887518
vn 0.2727271 -0.5698922 0.7751405
vn 0.2727271 -0.5698922 0.7751405
vn 0.2727271 -0.5698922 0.7751405
vn 0.2727271 -0.5698922 0.7751405
vn -0.2805473 0.673509 -0.6838705
vn -0.2805473 0.673509 -0.6838705
vn -0.2805473 0.673509 -0.6838705
vn -0.2805473 0.673509 -0.6838705
vn 0.1769305 -0.9491687 -0.2603352
vn 0.1769305 -0.9491687 -0.2603352
vn 0.1769305 -0.9491687 -0.2603352
vn 0.1769305 -0.9491687 -0.2603352
vn -0.1788856 0.9511237 0.2517213
vn -0.1788856 0.9511237 0.2517213
vn -0.1788856 0.9511237 0.2517213
vn -0.1788856 0.9511237 0.2517213
vn 0.01857281 0.853372 0.5209715
vn 0.01857281 0.853372 0.5209715
vn 0.01857281 0.853372 0.5209715
vn 0.01857281 0.853372 0.5209715
vn -0.01661777 -0.8553271 -0.5178218
vn -0.01661777 -0.8553271 -0.5178218
vn -0.01661777 -0.8553271 -0.5178218
vn -0.01661777 -0.8553271 -0.5178218
vn -0.1925708 0.5562069 -0.8084246
vn -0.1925708 0.5562069 -0.8084246
vn -0.1925708 0.5562069 -0.8084246
vn -0.1925708 0.5562069 -0.8084246
vn 0.1925708 -0.5698922 0.7988362
vn 0.1925708 -0.5698922 0.7988362
vn 0.1925708 -0.5698922 0.7988362
vn 0.1925708 -0.5698922 0.7988362
vn 0.8201364 0.1182795 0.5598091
vn 0.8201364 0.1182795 0.5598091
vn 0.8201364 0.1182795 0.5598091
vn 0.8201364 0.1182795 0.5598091
vn -0.8260015 -0.1163245 -0.5515343
vn -0.8260015 -0.1163245 -0.5515343
vn -0.8260015 -0.1163245 -0.5515343
vn -0.8260015 -0.1163245 -0.5515343
vn 0.6109479 -0.1964809 -0.7669015
vn 0.6109479 -0.1964809 -0.7669015
vn 0.6109479 -0.1964809 -0.7669015
vn 0.6109479 -0.1964809 -0.7669015
vn -0.622678 0.1945258 0.7579128
vn -0.622678 0.1945258 0.7579128
vn -0.622678 0.1945258 0.7579128
vn -0.622678 0.1945258 0.7579128
vn 0.02639294 0.05571842 -0.9980976
vn 0.02639294 0.05571842 -0.9980976
vn 0.02639294 0.05571842 -0.9980976
vn 0.02639294 0.05571842 -0.9980976
vn -0.008797646 0.0967741 -0.9952675
vn -0.008797646 0.0967741 -0.9952675
vn -0.008797646 0.0967741 -0.9952675
vn -0.008797646 0.0967741 -0.9952675
vn -0.1006842 0.9159331 -0.388496
vn -0.004887581 0.9589438 -0.2835539
vn -0.06353855 0.9726291 -0.2235074
vn -0.04007816 0.8963828 -0.4414653
vn 0.7028345 0.5464318 -0.4554514
vn 0.6402734 0.6930593 -0.3312382
vn 0.9042029 0.2394916 -0.3536396
vn 0.9276633 0.2883674 -0.2372448
vn 0.9804492 -0.1867057 -0.0621316
vn 0.9608989 -0.1104594 -0.2539135
vn 0.6539586 -0.7243398 0.2183343
vn 0.6207231 -0.7790807 0.08795503
vn 0.5698922 -0.8103613 0.1361526
vn 0.6070378 -0.7399801 0.2897146
vn -0.1358749 0.4936459 0.858983
vn -0.3626586 0.1534702 0.9191984
vn -0.6539587 0.2375365 0.7182719
vn -0.0361681 0.2864124 0.9574236
vn 0.4193546 0.6598238 0.6235177
vn 0.05180836 0.04594326 0.9975997
vn -0.4916909 -0.1827956 0.8513671
vn 0.614858 0.1612903 0.7719683
vn 0.5444767 0.4310849 0.7195213
vn 0.7517103 0.6422285 0.149914
vn 0.9413486 0.143695 0.3053108
vn 0.8787875 0.4115345 0.2416028
vn 0.7712606 0.6168129 -0.1571586
vn 0.9995412 0.03028911 0
vn 0.9354835 0.3411533 -0.09211497
vn 0.8025411 0.4506352 -0.3909675
vn 0.9628539 0.04398823 -0.2664158
vn 0.8826975 0.2121211 -0.4193444
vn -0.04007816 0.8963828 -0.4414653
vn -0.1006842 0.9159331 -0.388496
vn 0.01466274 0.7380251 -0.674614
vn -0.07331371 0.6695989 -0.7390956
vn 0.7028345 0.5464318 -0.4554514
vn 0.02834797 0.08113384 -0.9963
vn 0.1788855 0.01661777 -0.9837295
vn 0.1867057 -0.321603 -0.9282847
vn 0.5522969 0.3216029 -0.7691162
vn 0.9042029 0.2394916 -0.3536396
vn 0.7028345 0.002932549 -0.7113473
vn 0.2003909 -0.3040076 -0.9313554
vn 0.2844573 -0.6109479 -0.7388008
vn 0.3431084 -0.5249264 -0.778928
vn 0.5953076 -0.7829908 -0.1803723
vn 0.7634405 -0.2805473 -0.5817661
vn 0.9608989 -0.1104594 -0.2539135
vn 0.501466 -0.8279566 -0.2510371
vn 0.6207231 -0.7790807 0.08795503
vn 0.5698922 -0.8103613 0.1361526
vn -0.2453567 0.9628539 -0.1127494
vn -0.3157378 0.9217982 -0.2249393
vn -0.4349949 0.8123163 -0.3884864
vn -0.2590419 0.9472136 -0.188901
vn -0.3020526 0.9296184 -0.2111255
vn -0.323558 0.9296184 -0.1764085
vn -0.004887581 0.9589438 -0.2835539
vn 0.6402734 0.6930593 -0.3312382
vn -0.501466 0.8631471 0.05923518
vn -0.008797646 0.910068 0.4143655
vn 0.1945258 0.9726291 -0.127092
vn -0.06353855 0.9726291 -0.2235074
vn -0.5738022 0.8123163 -0.1043706
vn -0.6168129 0.7712606 -0.1571585
vn -0.9863143 -0.1104594 0.1224045
vn -0.6168129 0.7712606 -0.1571585
vn -0.9902244 -0.0811339 0.1134593
vn -0.6285433 0.7282499 -0.2731034
vn -0.06353855 0.9726291 -0.2235074
vn -0.1006842 0.9159331 -0.388496
vn 0.01466274 0.7380251 -0.674614
vn -0.5171063 0.325513 -0.7916074
vn -0.02639294 -0.2434016 -0.9695664
vn 0.1788855 0.01661777 -0.9837295
vn 0.4271747 -0.2003909 -0.8816832
vn 0.1867057 -0.321603 -0.9282847
vn 0.3431084 -0.5249264 -0.778928
vn 0.1104594 -0.497556 -0.8603702
vn -0.0244379 -0.9491687 -0.3138178
vn 0.5953076 -0.7829908 -0.1803723
vn -0.8377317 -0.4936459 0.2334936
vn 0.03812313 -0.966764 0.2528122
vn 0.5698922 -0.8103613 0.1361526
vn 0.6070378 -0.7399801 0.2897146
vn 0.05180836 -0.9374385 0.3442746
vn -0.8162264 -0.5229714 0.2455106
vn -0.6168129 0.7712606 -0.1571585
vn -0.5738022 0.8123163 -0.1043706
vn -0.9902244 -0.0811339 0.1134593
vn -0.6539587 0.2375365 0.7182719
vn -0.6363634 0.7693056 0.05666167
vn 0.1945258 0.9726291 -0.127092
vn 0.3372433 0.7008795 -0.6285181
vn -0.1573802 0.1006842 -0.9823921
vn -0.3548385 0.9257083 -0.1309725
vn -0.3665687 0.9022479 -0.2271038
vn -0.1358749 0.4936459 0.858983
vn -0.6246331 -0.14956 -0.7664629
vn 0.4193546 0.6598238 0.6235177
vn -0.9393935 -0.04985332 -0.3391968
vn 0.7517103 0.6422285 0.149914
vn -0.2844573 0.9491687 -0.1347696
vn -0.501466 0.8631471 0.05923518
vn -0.4916909 0.8455518 -0.2080436
vn 0.7712606 0.6168129 -0.1571586
vn -0.3841641 0.3607036 -0.8498887
vn 0.8025411 0.4506352 -0.3909675
vn -0.9863143 -0.1554251 0.05501961
vn 0.3098727 -0.1964809 -0.9302549
vn 0.8826975 0.2121211 -0.4193444
vn 0.3098727 -0.1964809 -0.9302549
vn 0.1163245 -0.8846526 -0.4515069
vn -0.8455518 -0.5171063 0.1328274
vn 0.9628539 0.04398823 -0.2664158
vn 0.9995412 0.03028911 0
vn 0.1984359 -0.9335284 0.2985764
vn 0.9413486 0.143695 0.3053108
vn 0.4076244 -0.8338217 0.3722683
vn 0.3470184 -0.8924727 0.28822
vn 0.2218963 -0.8162264 0.5334197
vn -0.6774191 -0.7184747 -0.1577893
vn 0.614858 0.1612903 0.7719683
vn -0.4252198 -0.6656889 -0.6132262
vn 0.05180836 0.04594326 0.9975997
vn 0.1045943 -0.6441835 -0.7576858
vn 0.3489735 -0.8475069 0.3999369
vn -0.4916909 -0.1827956 0.8513671
vn -0.02248287 -0.8357767 0.5486089
vn 0.8025411 -0.5327466 -0.2685308
vn 0.792766 -0.5190613 0.319527
vn 0.1045943 -0.9178881 0.3828074
vn -0.8162264 -0.5229714 0.2455106
vn 0.05180836 -0.9374385 0.3442746
vn 0.3880741 -0.8768324 0.2838369
vn 0.4525902 -0.8103613 0.3721246
vn 0.2570869 -0.9608989 0.1028574
vn 0.44086 -0.8416418 0.3118998
vn 0.4037144 -0.8690123 0.2860636
vn 0.3782989 -0.8651022 0.3293752
vn 0.6539586 -0.7243398 0.2183343
vn 0.2218963 -0.8162264 0.5334197
vn 0.9804492 -0.1867057 -0.0621316
vn 0.5053761 -0.3528835 0.7874441
vn 0.792766 -0.5190613 0.319527
vn 0.6070378 -0.7399801 0.2897146
vn 0.1045943 -0.9178881 0.3828074
vn 0.05180836 -0.9374385 0.3442746
vn 0.9315734 0.3216029 -0.1695364
vn -0.2003909 0.2375365 0.950484
vn -0.2140762 0.2336265 0.9484672
vn 0.9315734 0.3391982 -0.1308266
vn 0.266862 -0.2199413 -0.9383019
vn 0.2903224 -0.204301 -0.9348658
vn -0.7888559 -0.4701855 -0.3957675
vn -0.7790807 -0.4701855 -0.4146791
vn -0.2003909 0.2375365 0.950484
vn -0.2140762 0.2336265 0.9484672
vn 0.2140762 -0.8416418 -0.4957927
vn -0.3743888 -0.44086 -0.8157668
vn -0.5053761 -0.6285432 -0.5912093
vn 0.2981426 -0.7712606 -0.5623771
vn -0.2903224 -0.3665687 -0.8839345
vn 0.6891493 -0.7243398 -0.02012643
vn 0.3020526 -0.7126096 -0.6332075
vn 0.7126096 -0.7008795 -0.03091104
vn 0.8025411 -0.3685238 0.4691673
vn 0.7829908 -0.6050828 -0.1442228
vn 0.8005861 -0.3391983 0.4939701
vn 0.9257082 -0.1847506 0.3300477
vn 0.6089929 0.05767345 0.7910761
vn 0.6031278 0.07135868 0.7944462
vn 0.7165197 0.2727271 0.6420432
vn 0.2590419 0.5894425 0.7651502
vn 0.1906158 0.4037144 0.8948074
vn 0.2121211 0.43695 0.8741163
vn -0.3040076 0.7282499 0.6141917
vn -0.3118278 0.6129029 0.7260258
vn -0.4115345 0.6148579 0.6727474
vn -0.7653955 0.6324533 0.1190482
vn -0.8064512 0.560117 0.1894871
vn -0.8787875 0.4252198 0.2166117
vn -0.7888559 0.1534702 -0.5951077
vn -0.8611921 0.08504391 -0.5011145
vn -0.9550338 -0.08308893 -0.2846168
vn -0.2903224 -0.3665687 -0.8839345
vn -0.5053761 -0.6285432 -0.5912093
vn -0.3743888 -0.44086 -0.8157668
vn 0.3137829 -0.6480935 -0.6939129
vn -0.7888559 -0.4662755 -0.4003668
vn -0.2805473 -0.4134895 -0.8662099
vn 0.1202345 -0.6226781 -0.7731854
vn -0.6148579 -0.14956 -0.7743266
vn 0.1964809 0.5835774 -0.7879294
vn 0.8338217 -0.4252197 -0.3520362
vn 0.7419351 -0.202346 -0.6392092
vn 0.9980445 0.05376339 0.03188576
vn 0.912023 0.2434016 -0.3301055
vn 0.8025411 0.501466 0.323202
vn 0.7438902 0.6637338 -0.07800531
vn 0.3646137 0.7986311 0.4787956
vn 0.3489735 0.9354835 0.0555719
vn -0.2178614 0.9759797 0
vn -0.2570869 0.8846526 0.388968
vn -0.8416418 0.5151513 -0.162044
vn -0.6148579 -0.14956 -0.7743266
vn -0.7419351 0.6695989 -0.03419843
vn -0.7888559 -0.4662755 -0.4003668
vn -0.7810358 0.1867057 -0.5959229
vn -0.2805473 -0.4134895 -0.8662099
vn -0.7086996 -0.675464 0.203699
vn -0.5679371 -0.7849458 -0.2476034
vn -0.966764 -0.2512218 0.04748708
vn -0.8064512 0.1534702 0.5710371
vn -0.8592371 0.3059627 0.4099982
vn -0.6285433 -0.6774191 0.3821476
vn -0.3352882 0.6461385 0.6856288
vn -0.4037144 0.6109478 0.6809974
vn 0.2727271 0.6304983 0.7266992
vn -0.6871942 0.1808406 0.7036055
vn -0.4545453 -0.6911043 0.5619283
vn -0.2238513 0.380254 0.8973837
vn -0.1847507 0.7126096 0.6767973
vn 0.8260015 0.4076245 0.3893119
vn 0.3763439 0.73216 0.5677209
vn 0.7614855 0.3079177 0.5703741
vn 0.3411533 0.8240465 0.4522851
vn 0.8279566 0.4701855 0.305636
vn 0.9393935 -0.1906158 0.2849657
vn 0.3157379 -0.319648 0.8933839
vn -0.4545453 -0.6911043 0.5619283
vn 0.6480935 -0.734115 0.2026079
vn 0.1572666 -0.9875562 0
vn -0.6285433 -0.6774191 0.3821476
vn 0.7302049 0.6617788 0.1698516
vn 0.8064512 -0.5757573 -0.1346849
vn 0.9941344 0.09872913 -0.04415104
vn 0.9960895 -0.04985332 0.07294115
vn 0.7399801 -0.6598238 -0.1306219
vn 0.7184747 -0.6911043 -0.07854236
vn 0.1339198 -0.9452586 -0.2975763
vn 0.08308893 -0.9921794 -0.09314661
vn -0.7086996 -0.675464 0.203699
vn -0.5679371 -0.7849458 -0.2476034
vn -0.5679371 -0.7849458 -0.2476034
vn 0.1339198 -0.9452586 -0.2975763
vn -0.5053761 -0.6285432 -0.5912093
vn 0.2140762 -0.8416418 -0.4957927
vn 0.6891493 -0.7243398 -0.02012643
vn 0.7184747 -0.6911043 -0.07854236
vn 0.8025411 -0.3685238 0.4691673
vn 0.9393935 -0.1906158 0.2849657
vn 0.7614855 0.3079177 0.5703741
vn 0.6089929 0.05767345 0.7910761
vn 0.2121211 0.43695 0.8741163
vn 0.2727271 0.6304983 0.7266992
vn -0.4115345 0.6148579 0.6727474
vn -0.4037144 0.6109478 0.6809974
vn -0.8592371 0.3059627 0.4099982
vn -0.8787875 0.4252198 0.2166117
vn -0.966764 -0.2512218 0.04748708
vn -0.9550338 -0.08308893 -0.2846168
vn -0.5679371 -0.7849458 -0.2476034
vn -0.5053761 -0.6285432 -0.5912093
vn 0.3020526 -0.7126096 -0.6332075
vn -0.2805473 -0.4134895 -0.8662099
vn -0.2903224 -0.3665687 -0.8839345
vn 0.3137829 -0.6480935 -0.6939129
vn 0.7829908 -0.6050828 -0.1442228
vn 0.8338217 -0.4252197 -0.3520362
vn 0.9257082 -0.1847506 0.3300477
vn 0.9980445 0.05376339 0.03188576
vn 0.7165197 0.2727271 0.6420432
vn 0.8025411 0.501466 0.323202
vn 0.3646137 0.7986311 0.4787956
vn 0.2590419 0.5894425 0.7651502
vn -0.2570869 0.8846526 0.388968
vn -0.3040076 0.7282499 0.6141917
vn -0.7419351 0.6695989 -0.03419843
vn -0.7653955 0.6324533 0.1190482
vn -0.7888559 0.1534702 -0.5951077
vn -0.7810358 0.1867057 -0.5959229
vn -0.2805473 -0.4134895 -0.8662099
vn -0.2903224 -0.3665687 -0.8839345
vn 0.3743889 -0.44086 -0.8157668
vn -0.2140762 -0.8416418 -0.4957927
vn 0.5053761 -0.6285432 -0.5912093
vn -0.2981426 -0.7712606 -0.5623771
vn 0.2903224 -0.3665687 -0.8839345
vn -0.6891493 -0.7243398 -0.02012643
vn -0.3020526 -0.7126096 -0.6332075
vn -0.7126096 -0.7008795 -0.03091104
vn -0.8025411 -0.3685238 0.4691673
vn -0.7829908 -0.6050828 -0.1442228
vn -0.8005861 -0.3391983 0.4939701
vn -0.9257083 -0.1847506 0.3300475
vn -0.6089928 0.05767345 0.7910762
vn -0.6031277 0.07135868 0.7944463
vn -0.7165197 0.2727271 0.6420432
vn -0.2590419 0.5894425 0.7651502
vn -0.1906158 0.4037144 0.8948074
vn -0.2121211 0.43695 0.8741163
vn 0.3040076 0.7282499 0.6141917
vn 0.3118278 0.6129029 0.7260258
vn 0.4115345 0.6148579 0.6727474
vn 0.7653955 0.6324533 0.1190482
vn 0.8064512 0.560117 0.1894871
vn 0.8787875 0.4252198 0.216612
vn 0.7888559 0.1534702 -0.5951077
vn 0.8611922 0.08504391 -0.5011144
vn 0.9550338 -0.08308893 -0.2846168
vn 0.2903224 -0.3665687 -0.8839345
vn 0.5053761 -0.6285432 -0.5912093
vn 0.3743889 -0.44086 -0.8157668
vn 0.7888559 -0.4662755 -0.4003668
vn -0.3137828 -0.6480935 -0.6939129
vn 0.2805473 -0.4134895 -0.8662099
vn -0.1202345 -0.6226781 -0.7731854
vn 0.614858 -0.14956 -0.7743264
vn -0.1964809 0.5835774 -0.7879294
vn -0.8338217 -0.4252197 -0.3520364
vn -0.7419351 -0.202346 -0.6392092
vn -0.9980445 0.05376339 0.03188576
vn -0.9120231 0.2434016 -0.3301053
vn -0.8025411 0.501466 0.323202
vn -0.7438902 0.6637338 -0.07800531
vn -0.3646137 0.7986311 0.4787957
vn -0.3489734 0.9354835 0.05557244
vn 0.2178614 0.9759797 0
vn 0.2570869 0.8846526 0.388968
vn 0.8416418 0.5151513 -0.1620438
vn 0.614858 -0.14956 -0.7743264
vn 0.7419351 0.6695989 -0.03419843
vn 0.7888559 -0.4662755 -0.4003668
vn 0.7810358 0.1867057 -0.5959229
vn 0.2805473 -0.4134895 -0.8662099
vn 0.7086996 -0.675464 0.203699
vn 0.966764 -0.2512218 0.04748708
vn 0.5679371 -0.7849458 -0.2476034
vn 0.8064512 0.1534702 0.5710371
vn 0.8592371 0.3059627 0.409998
vn 0.6285432 -0.6774191 0.3821477
vn 0.3352882 0.6461385 0.6856288
vn 0.4037144 0.6109478 0.6809974
vn -0.2727271 0.6304983 0.7266992
vn 0.6871942 0.1808406 0.7036055
vn 0.4545453 -0.6911043 0.5619283
vn 0.2238513 0.380254 0.8973837
vn 0.1847506 0.7126096 0.6767974
vn -0.8260015 0.4076245 0.3893119
vn -0.3763438 0.73216 0.5677209
vn -0.7614855 0.3079177 0.5703741
vn -0.3411533 0.8240465 0.4522851
vn -0.8279566 0.4701855 0.3056363
vn -0.9393935 -0.1906158 0.2849657
vn -0.3157378 -0.319648 0.8933839
vn 0.4545453 -0.6911043 0.5619283
vn -0.6480936 -0.734115 0.2026077
vn -0.1572666 -0.9875562 0
vn 0.6285432 -0.6774191 0.3821477
vn -0.7302049 0.6617788 0.1698516
vn -0.8064512 -0.5757573 -0.1346849
vn -0.9941344 0.09872913 -0.04415104
vn -0.9960895 -0.04985332 0.07294115
vn -0.7399801 -0.6598238 -0.1306219
vn -0.7184747 -0.6911043 -0.07854236
vn -0.1339198 -0.9452586 -0.2975763
vn -0.08308887 -0.9921794 -0.09314661
vn 0.7086996 -0.675464 0.203699
vn 0.5679371 -0.7849458 -0.2476034
vn 0.5679371 -0.7849458 -0.2476034
vn 0.5053761 -0.6285432 -0.5912093
vn -0.1339198 -0.9452586 -0.2975763
vn -0.2140762 -0.8416418 -0.4957927
vn -0.6891493 -0.7243398 -0.02012643
vn -0.7184747 -0.6911043 -0.07854236
vn -0.8025411 -0.3685238 0.4691673
vn -0.9393935 -0.1906158 0.2849657
vn -0.7614855 0.3079177 0.5703741
vn -0.6089928 0.05767345 0.7910762
vn -0.2121211 0.43695 0.8741163
vn -0.2727271 0.6304983 0.7266992
vn 0.4115345 0.6148579 0.6727474
vn 0.4037144 0.6109478 0.6809974
vn 0.8592371 0.3059627 0.409998
vn 0.8787875 0.4252198 0.216612
vn 0.966764 -0.2512218 0.04748708
vn 0.9550338 -0.08308893 -0.2846168
vn 0.5679371 -0.7849458 -0.2476034
vn 0.5053761 -0.6285432 -0.5912093
vn 0.2805473 -0.4134895 -0.8662099
vn -0.3020526 -0.7126096 -0.6332075
vn 0.2903224 -0.3665687 -0.8839345
vn -0.3137828 -0.6480935 -0.6939129
vn -0.7829908 -0.6050828 -0.1442228
vn -0.8338217 -0.4252197 -0.3520364
vn -0.9257083 -0.1847506 0.3300475
vn -0.9980445 0.05376339 0.03188576
vn -0.7165197 0.2727271 0.6420432
vn -0.8025411 0.501466 0.323202
vn -0.3646137 0.7986311 0.4787957
vn -0.2590419 0.5894425 0.7651502
vn 0.2570869 0.8846526 0.388968
vn 0.3040076 0.7282499 0.6141917
vn 0.7419351 0.6695989 -0.03419843
vn 0.7653955 0.6324533 0.1190482
vn 0.7888559 0.1534702 -0.5951077
vn 0.7810358 0.1867057 -0.5959229
vn 0.2805473 -0.4134895 -0.8662099
vn 0.2903224 -0.3665687 -0.8839345
vn 0.9726291 -0.2179862 0.08046547
vn 0.5972627 0.2473117 0.7629641
vn 0.9765391 -0.1436949 0.1603842
vn 0.618768 -0.1163245 0.7769136
vn 0.9563895 -0.2920944 0
vn -0.6950144 0.1925708 0.6927276
vn -0.7008795 0.4349949 0.5652852
vn -0.9745841 0.1612903 -0.155471
vn -0.9745841 0.2140762 -0.06600906
vn -0.673509 -0.05767345 0.7369257
vn -0.9550338 0.2942325 0.03657478
vn 0.5894425 -0.4623654 0.6624015
vn 0.9159331 -0.3900291 -0.09457204
vn -0.7556204 -0.2922775 0.5861841
vn -0.9178882 0.3880742 0.08294433
vn 0.4428151 -0.7869009 0.4297695
vn 0.4037144 -0.558162 -0.7248931
vn 0.147605 -0.9335284 -0.3267069
vn -0.8592371 0.0420332 -0.5098479
vn -0.8846526 -0.4428151 -0.1459609
vn -0.5894425 0.4721406 -0.65547
vn -0.7008795 0.4349949 0.5652852
vn -0.9745841 0.1612903 -0.155471
vn -0.5933526 0.792766 -0.1394808
vn 0.7888559 0.5464318 -0.2812804
vn 0.5405667 0.8220915 0.1787548
vn 0.5972627 0.2473117 0.7629641
vn 0.9765391 -0.1436949 0.1603842
vn -0.5171063 0.734115 -0.4400866
vn -0.673509 0.4662755 -0.5735615
vn -0.3646137 0.8338217 -0.4144856
vn -0.5268815 0.7282499 -0.4382327
vn -0.4799607 0.6852392 -0.5478001
vn 0.5151513 0.7302049 -0.4487983
vn 0.3743889 0.8064512 -0.4576783
vn 0.6402734 0.4623654 -0.6134071
vn 0.5190613 0.7223848 -0.4568758
vn 0.4799607 0.6852392 -0.5478001
vn 0.4173996 -0.9081129 0.03329366
vn 0.4056694 -0.913978 0.00874487
vn 0.4252197 -0.9042029 0.04006659
vn 0.3976897 -0.91752 0
vn 0.4444763 -0.8957906 0
vn 0.44086 -0.8963827 0.04626449
vn 0.4310848 -0.9002928 0.06032201
vn 0.4252197 -0.9042029 0.04006659
vn -0.9042029 -0.4252197 0.04006529
vn -0.9042029 -0.4252197 0.04006529
vn -0.9042029 -0.4252197 0.04006529
vn -0.9042029 -0.4252197 0.04006529
vn 0.9042029 0.4252198 -0.04006622
vn 0.9042029 0.4252198 -0.04006622
vn 0.9042029 0.4252198 -0.04006622
vn 0.9042029 0.4252198 -0.04006622
vn -0.01857281 0.01466274 -0.99972
vn -0.01857281 0.01466274 -0.99972
vn -0.01857281 0.01466274 -0.99972
vn -0.01857281 0.01466274 -0.99972
vn 0.9042029 0.4252198 -0.04006622
vn 0.9042029 0.4252198 -0.04006622
vn 0.9042029 0.4252198 -0.04006622
vn 0.9042029 0.4252198 -0.04006622
vn -0.9042029 -0.4252197 0.04006529
vn -0.9042029 -0.4252197 0.04006529
vn -0.9042029 -0.4252197 0.04006529
vn -0.9042029 -0.4252197 0.04006529
vn 0.01466274 0.01075268 0.9998347
vn 0.01466274 0.01075268 0.9998347
vn 0.01466274 0.01075268 0.9998347
vn 0.01466274 0.01075268 0.9998347
vn 0.002932549 0.1045942 0.9945107
vn 0.002932549 0.1045942 0.9945107
vn 0.002932549 0.1045942 0.9945107
vn 0.002932549 0.1045942 0.9945107
vn 0.0009775162 0.1026392 0.9947181
vn 0.0009775162 0.1026392 0.9947181
vn 0.0009775162 0.1026392 0.9947181
vn 0.0009775162 0.1026392 0.9947181
vn 0.4916909 -0.8416418 0.2233364
vn -0.2825023 -0.9393935 0.1942481
vn 0.4447701 -0.8162264 0.3687195
vn -0.2336265 -0.9648089 0.1206746
vn -0.9178882 0.2121211 -0.3353892
vn 0.4310848 -0.8983378 0.08458795
vn -0.9452586 0.2414466 -0.2195215
vn -0.4428151 0.8201364 -0.362341
vn -0.3059627 -0.9511237 0.04183932
vn 0.4232064 -0.9060333 0
vn 0.4213096 -0.9061579 -0.03709492
vn 0.4232647 -0.9042029 0.05713308
vn 0.9354835 -0.3509285 -0.04147185
vn 0.4252197 -0.8983378 0.1103513
vn 0.9374385 -0.3352882 0.09375974
vn 0.4858258 -0.8377318 0.2493567
vn 0.9491687 -0.2121211 0.2325585
vn 0.3685238 0.9276633 -0.06025774
vn 0.438905 -0.8103613 0.3881715
vn 0.9042029 -0.2570869 0.3410623
vn 0.2434016 0.9628539 -0.1169102
vn 0.3352882 0.9237533 -0.1850993
vn -0.4682305 0.8514169 -0.2363248
vn 0.3509285 0.9354835 -0.04147158
vn -0.9452586 0.325513 0.02296577
vn -0.9374385 0.3352882 -0.09375998
vn -0.323558 -0.9452586 0.04238354
vn 0.2688171 0.8064512 -0.5266629
vn -0.3196479 -0.7106546 -0.6267338
vn 0.7282499 -0.2512218 -0.6376047
vn -0.3118278 0.7086996 -0.6328573
vn -0.792766 0.3352882 -0.5090226
vn 0.2414466 -0.5386117 -0.8072181
vn 0.3509285 -0.6031278 0.7163002
vn 0.9042029 -0.2570869 0.3410623
vn 0.438905 -0.8103613 0.3881715
vn 0.8357767 -0.1124144 0.5374386
vn 0.3352882 0.9237533 -0.1850993
vn 0.5171063 -0.3372433 0.7866817
vn 0.3470184 0.8611921 -0.3713844
vn -0.8924727 0.02052784 -0.450634
vn -0.9178882 0.2121211 -0.3353892
vn -0.2825023 -0.9393935 0.1942481
vn 0.6891493 0.7008795 -0.18396
vn 0.2883674 -0.5131962 0.8083773
vn -0.855327 -0.09090906 -0.5100502
vn 0.3587486 -0.6109479 0.705721
vn -0.2570869 -0.8553271 0.4498021
vn 0.4447701 -0.8162264 0.3687195
vn 0.03812313 -0.6480935 0.7606059
vn -0.2766372 -0.9393935 0.2025134
vn -0.8729223 -0.4780056 -0.0975564
vn -0.8611921 -0.499511 -0.09400492
vn -0.2590419 -0.9589438 0.1154295
vn -0.8957906 -0.4444762 0
vn 0.9413486 -0.2551318 0.2208408
vn 0.910068 -0.2512218 0.3296421
vn 0.8611922 0.499511 0.09400429
vn 0.8709673 0.4819157 0.09577666
vn 0.9413486 -0.323558 0.09577647
vn 0.8963827 0.4428151 0.02031728
vn -0.2961875 -0.9530787 0.06256053
vn -0.6520036 -0.3352882 -0.6800537
vn -0.2883674 -0.794721 -0.5340999
vn 0.6304982 0.262952 -0.7302933
vn 0.7575754 -0.3059627 -0.5765989
vn 0.910068 -0.2512218 0.3296421
vn 0.3743889 0.7067446 0.6002876
vn 0.8611922 0.499511 0.09400429
vn 0.5483868 0.1319648 0.8257465
vn -0.8260015 -0.1221896 0.5502647
vn -0.3958943 -0.5347016 0.7465667
vn -0.2766372 -0.9393935 0.2025134
vn -0.8611921 -0.499511 -0.09400492
vn -0.2883674 0.796676 -0.5311794
vn -0.2727271 0.5972626 -0.7542528
vn -0.2688171 0.5913975 -0.7602541
vn -0.2922775 0.7869009 -0.5434712
vn -0.2864124 0.9159331 -0.2811307
vn -0.2785922 0.9237533 -0.2628047
vn 0.1730204 0.9843593 0.03317798
vn 0.1730204 0.9843593 0.03317798
vn 0.1730204 0.9843593 0.03317798
vn 0.1730204 0.9843593 0.03317798
vn 0.1730204 0.9843593 0.03317798
vn 0.1730204 0.9843593 0.03317798
vn 0.1730204 0.9843593 0.03317798
vn 0.1730204 0.9843593 0.03317798
vn 0.1730204 0.9843593 0.03317798
vn 0.1730204 0.9843593 0.03317798
vn 0.1730204 0.9843593 0.03317798
vn 0.1730204 0.9843593 0.03317798
vn 0.1730204 0.9843593 0.03317798
vn 0.1730204 0.9843593 0.03317798
vn 0.1730204 0.9843593 0.03317798
vn 0.1730204 0.9843593 0.03317798
vn 0.1730204 0.9843593 0.03317798
vn 0.1730204 0.9843593 0.03317798
vn 0.1730204 0.9843593 0.03317798
vn -0.6148579 0.1202345 -0.7794186
vn -0.6148579 0.1202345 -0.7794186
vn -0.6148579 0.1202345 -0.7794186
vn -0.6148579 0.1202345 -0.7794186
vn 0.9804492 -0.1730204 0.09371921
vn 0.9804492 -0.1730204 0.09371921
vn 0.9804492 -0.1730204 0.09371921
vn 0.9804492 -0.1730204 0.09371921
vn -0.6559137 0.1260996 -0.7442285
vn -0.6559137 0.1260996 -0.7442285
vn -0.6559137 0.1260996 -0.7442285
vn -0.6559137 0.1260996 -0.7442285
vn -0.6695989 0.1065493 0.7350405
vn -0.6695989 0.1065493 0.7350405
vn -0.6695989 0.1065493 0.7350405
vn -0.6695989 0.1065493 0.7350405
vn 0.6832842 -0.1085044 -0.7220454
vn 0.6832842 -0.1085044 -0.7220454
vn 0.6832842 -0.1085044 -0.7220454
vn 0.6832842 -0.1085044 -0.7220454
vn -0.9804492 0.1730205 -0.0937191
vn -0.9804492 0.1730205 -0.0937191
vn -0.9804492 0.1730205 -0.0937191
vn -0.9804492 0.1730205 -0.0937191
vn 0.6911043 -0.1319647 0.7106055
vn 0.6911043 -0.1319647 0.7106055
vn 0.6911043 -0.1319647 0.7106055
vn 0.6911043 -0.1319647 0.7106055
vn -0.9804492 0.1730205 -0.0937191
vn -0.9804492 0.1730205 -0.0937191
vn -0.9804492 0.1730205 -0.0937191
vn -0.9804492 0.1730205 -0.0937191
vn 0.6911043 -0.1319647 0.7106055
vn 0.6911043 -0.1319647 0.7106055
vn 0.6911043 -0.1319647 0.7106055
vn 0.6911043 -0.1319647 0.7106055
vn -0.9804492 0.1730205 -0.0937191
vn -0.9804492 0.1730205 -0.0937191
vn -0.9804492 0.1730205 -0.0937191
vn -0.9804492 0.1730205 -0.0937191
vn 0.6911043 -0.1319647 0.7106055
vn 0.6911043 -0.1319647 0.7106055
vn 0.6911043 -0.1319647 0.7106055
vn 0.6911043 -0.1319647 0.7106055
vn 0.086999 -0.0009775162 -0.9962079
vn 0.086999 0.0009775162 -0.9962079
vn 0.086999 0.0009775162 -0.9962079
vn 0.086999 -0.0009775162 -0.9962079
vn -0.9804492 0.1730205 -0.0937191
vn -0.9804492 0.1730205 -0.0937191
vn -0.9804492 0.1730205 -0.0937191
vn -0.9804492 0.1730205 -0.0937191
vn 0.6911043 -0.1319647 0.7106055
vn 0.6911043 -0.1319647 0.7106055
vn 0.6911043 -0.1319647 0.7106055
vn 0.6911043 -0.1319647 0.7106055
vn 0.9804492 -0.1730204 0.09371921
vn 0.9804492 -0.1730204 0.09371921
vn 0.9804492 -0.1730204 0.09371921
vn 0.9804492 -0.1730204 0.09371921
vn 0.6500486 -0.1026393 -0.752929
vn 0.6500486 -0.1026393 -0.752929
vn 0.6500486 -0.1026393 -0.752929
vn 0.6500486 -0.1026393 -0.752929
vn -0.8592371 0.143695 0.4909821
vn -0.8592371 0.143695 0.4909821
vn -0.8592371 0.143695 0.4909821
vn -0.8592371 0.143695 0.4909821
vn 0.3861191 -0.05376339 -0.9208809
vn 0.07135874 0.002932549 -0.9974464
vn 0.07135874 0.002932549 -0.9974464
vn 0.3861191 -0.05376339 -0.9208809
vn 0.6598238 -0.1045943 -0.7441053
vn 0.6598238 -0.1045943 -0.7441053
vn -0.6559137 0.1045942 0.7475542
vn -0.6559137 0.1045942 0.7475542
vn -0.6559137 0.1045942 0.7475542
vn -0.6559137 0.1045942 0.7475542
vn -0.6617788 0.1045942 0.742367
vn -0.6617788 0.1045942 0.742367
vn -0.6617788 0.1045942 0.742367
vn -0.6617788 0.1045942 0.742367
vn 0.6656889 -0.1065493 -0.7385834
vn 0.6656889 -0.1065493 -0.7385834
vn 0.6656889 -0.1065493 -0.7385834
vn 0.6656889 -0.1065493 -0.7385834
vn -0.0009775162 -0.3411533 0.9400072
vn -0.0009775162 -0.3411533 0.9400072
vn -0.0009775162 -0.3411533 0.9400072
vn -0.0009775162 -0.3411533 0.9400072
vn 0.0009775162 -0.3411533 0.9400072
vn 0.0009775162 -0.3411533 0.9400072
vn 0.0009775162 -0.3411533 0.9400072
vn -0.0009775162 -0.3411533 0.9400072
vn 0.7067446 -0.6637338 -0.2448867
vn -0.0009775162 -0.9393935 -0.3428394
vn 0.7067446 -0.6637338 -0.2448867
vn -0.0009775162 -0.9393935 -0.3428394
vn -0.7067446 -0.6637338 -0.2448867
vn -0.7067446 -0.6637338 -0.2448867
vn -0.9999995 -0.0009775162 0
vn -0.9999995 -0.0009775162 0
vn -0.7067446 0.6637338 0.2448867
vn -0.7067446 0.6637338 0.2448867
vn 0.0009775162 0.9393935 0.3428394
vn 0.0009775162 0.9393935 0.3428394
vn 0.7067446 0.6637338 0.2448867
vn 0.7067446 0.6637338 0.2448867
vn 0.9999995 -0.0009775162 0
vn 0.9999995 -0.0009775162 0
vn 0.7067446 -0.6637338 -0.2448867
vn 0.7067446 -0.6637338 -0.2448867
vn -0.0009775162 0.3411533 -0.9400072
vn -0.0009775162 0.3411533 -0.9400072
vn -0.0009775162 0.3411533 -0.9400072
vn -0.0009775162 0.3411533 -0.9400072
vn 0.0009775162 0.3411533 -0.9400072
vn -0.0009775162 0.3411533 -0.9400072
vn 0.0009775162 0.3411533 -0.9400072
vn -0.0009775162 0.3411533 -0.9400072
vn -0.0009775162 0.0009775162 0.999999
vn -0.0009775162 0.0009775162 0.999999
vn -0.0009775162 0.0009775162 0.999999
vn -0.0009775162 0.0009775162 0.999999
vn -0.0009775162 0.0009775162 0.999999
vn -0.0009775162 0.0009775162 0.999999
vn -0.0009775162 0.0009775162 0.999999
vn -0.0009775162 0.0009775162 0.999999
vn 0.7067446 -0.7067446 -0.03200431
vn -0.0009775162 -0.9999995 0
vn 0.7067446 -0.7067446 -0.03200431
vn -0.0009775162 -0.9999995 0
vn -0.7067446 -0.7067446 -0.03200431
vn -0.7067446 -0.7067446 -0.03200431
vn -0.9999995 0.0009775162 0
vn -0.9999995 -0.0009775162 0
vn -0.7067446 0.7067446 -0.03200431
vn -0.7067446 0.7067446 -0.03200431
vn -0.0009775162 0.9999995 0
vn -0.0009775162 0.9999995 0
vn 0.7067446 0.7067446 -0.03200431
vn 0.7067446 0.7067446 -0.03200431
vn 0.9999995 0.0009775162 0
vn 0.9999995 0.0009775162 0
vn 0.7067446 -0.7067446 -0.03200431
vn 0.7067446 -0.7067446 -0.03200431
vn -0.0009775162 0.0009775162 -0.999999
vn -0.0009775162 0.0009775162 -0.999999
vn -0.0009775162 0.0009775162 -0.999999
vn -0.0009775162 0.0009775162 -0.999999
vn -0.0009775162 0.0009775162 -0.999999
vn -0.0009775162 0.0009775162 -0.999999
vn -0.0009775162 0.0009775162 -0.999999
vn -0.0009775162 0.0009775162 -0.999999
vn -0.2883674 -0.6441835 -0.7084292
vn -0.3216029 -0.7595304 -0.565407
vn -0.2883674 -0.6441835 -0.7084292
vn -0.3176929 -0.7419351 -0.5904265
vn -0.3411533 -0.8357767 -0.4302228
vn -0.3411533 -0.8357767 -0.4302228
vn 0.8866076 -0.3743889 0.2715878
vn 0.5816224 -0.7478002 0.3201722
vn 0.6226781 -0.7712606 0.1320191
vn 0.7732157 -0.5640271 0.2898466
vn 0.2492667 -0.9472136 0.2016244
vn 0.5503418 -0.7262949 0.411849
vn 0.3919842 -0.8846526 0.2524644
vn 0.2355815 0.9511237 0.1996623
vn -0.0009775162 0.970674 0.2403975
vn -0.0009775162 0.970674 0.2403975
vn -0.2355815 0.9511237 0.1996623
vn 0.2473117 0.9491687 0.1947197
vn -0.2473117 0.9491687 0.1947197
vn 0.6109479 0.7869009 0.08677371
vn -0.6109478 0.7869009 0.08677405
vn 0.6520036 0.7536653 0.08294532
vn -0.6520036 0.7536653 0.0829446
vn 0.9335284 0.2609969 0.2457748
vn 0.9315734 0.264907 0.2489886
vn 0.9159331 -0.2688171 0.2979999
vn 0.8866076 -0.3743889 0.2715878
vn -0.9335284 0.2609969 0.2457748
vn -0.9315734 0.264907 0.2489886
vn -0.9159331 -0.2688171 0.2979998
vn -0.8866076 -0.3743889 0.2715876
vn 0.6383184 -0.7673506 0.06101464
vn 0.6226781 -0.7712606 0.1320191
vn 0.2492667 -0.9472136 0.2016244
vn 0.2179862 -0.9530787 0.2100545
vn -0.6383184 -0.7673506 0.06101367
vn -0.6246331 -0.7673506 0.1449365
vn -0.2473117 -0.9472136 0.2040177
vn -0.2179862 -0.9530787 0.2100545
vn 0.0009775162 -0.9941344 0.1081471
vn 0.0009775162 -0.9941344 0.1081471
vn -0.202346 -0.3098727 0.9289968
vn -0.5757573 0.09286404 0.8123299
vn -0.1827956 0.1710654 0.9681541
vn 0.02834797 0.7086996 0.7049407
vn -0.3176929 -0.1808406 0.9307889
vn -0.3352882 0.3137828 0.8883255
vn -0.2453567 -0.4213096 0.8730969
vn -0.5366566 -0.3274681 0.7776659
vn -0.1515151 -0.4271747 0.8913837
vn -0.2434016 0.1202345 0.9624445
vn -0.1085043 0.7693056 0.6295997
vn -0.05962849 -0.4936459 0.8676164
vn -0.1652004 0.7712606 0.6147079
vn -0.0009775162 0.1593353 0.987224
vn 0.319648 0.0244379 0.9472212
vn 0.202346 0.4877808 0.8491914
vn 0.08504397 0.6480936 0.7567974
vn 0.3567936 0.2883674 0.8885621
vn 0.5738022 0.08113384 0.8149652
vn 0.1691104 0.1984359 0.9654143
vn 0.202346 -0.3098727 0.9289968
vn 0.3176929 -0.1808406 0.9307889
vn 0.2453567 -0.4213096 0.8730969
vn 0.5366566 -0.3274681 0.7776659
vn 0.1515151 -0.4271747 0.8913837
vn 0.05962849 -0.4936459 0.8676164
vn 0.0009775162 -0.5874875 0.8092327
vn 0.0009775162 0.02834797 0.9995977
vn 0.0009775162 -0.323558 0.9462078
vn 0.0009775162 -0.9921794 0.1248163
vn 0.2277614 -0.9628539 0.1450417
vn 0.0009775162 -0.9941344 0.1081471
vn -0.2277614 -0.9628539 0.1450417
vn 0.2316715 -0.9628539 0.1387108
vn -0.2316715 -0.9628539 0.1387108
vn 0.6265882 -0.7634405 0.1566713
vn -0.6265881 -0.7634405 0.1566713
vn 0.6129029 -0.7790807 0.1318452
vn -0.6129029 -0.7790807 0.1318457
vn 0.9413486 -0.2903224 0.1719762
vn -0.9413486 -0.2922775 0.1686322
vn 0.9276633 -0.2590419 0.2689575
vn -0.9276633 -0.2512218 0.2762759
vn 0.9569888 0.2414466 0.1608601
vn 0.9589438 0.2238513 0.1741186
vn 0.6461385 0.7575754 0.09265289
vn 0.6089929 0.7869009 0.09957257
vn 0.2316715 0.9589438 0.1635697
vn 0.2277614 0.9569888 0.1797142
vn -0.9569888 0.2414466 0.1608601
vn -0.9589438 0.2238513 0.1741186
vn -0.6461385 0.7575754 0.09265257
vn -0.6089928 0.7869009 0.09957287
vn -0.2316715 0.9589438 0.1635697
vn -0.2277614 0.9569888 0.1797142
vn -0.0009775162 0.9804492 0.1967699
vn -0.0009775162 0.9784942 0.2062722
vn 0.6559137 -0.2590419 -0.7089954
vn 0.3411533 -0.6441835 -0.6845744
vn 0.5425217 -0.6363633 -0.548372
vn 0.4662755 -0.7243398 -0.5078572
vn 0.3646137 -0.2512218 -0.8966295
vn 0.0009775162 -0.6676439 -0.7444801
vn 0.7380251 -0.3157379 -0.596346
vn -0.02248287 0.04985332 -0.9985034
vn 0.0009775162 -0.2473117 -0.9689355
vn -0.3646137 -0.2512218 -0.8966295
vn -0.3411533 -0.6441835 -0.6845744
vn -0.6559137 -0.2590419 -0.7089954
vn -0.5425217 -0.6363633 -0.548372
vn -0.4662755 -0.7243398 -0.5078572
vn 0.0009775162 0.4467251 -0.8946707
vn 0.3352882 0.3958943 -0.8548974
vn -0.3352882 0.3958943 -0.8548974
vn -0.7380251 -0.3157379 -0.596346
vn 0.02248287 0.04985332 -0.9985034
vn 0.0009775162 0.8201364 -0.5721672
vn 0.558162 0.618768 -0.5527942
vn 0.2101661 0.8084062 -0.5498269
vn 0.8103613 0.4897358 -0.3216729
vn 0.5171063 -0.1045943 -0.8495064
vn -0.558162 0.618768 -0.5527942
vn -0.8103613 0.4897358 -0.3216729
vn -0.2101661 0.8084062 -0.5498269
vn 0.0009775162 0.9999995 0
vn 0.1787994 0.9838855 0
vn 0.3391983 0.9354835 0.09907177
vn -0.1787995 0.9838855 0
vn -0.0009775162 0.8690122 -0.4947896
vn -0.3391982 0.9393935 0.04984357
vn -0.5190613 -0.1045943 -0.8483133
vn 0.6207231 0.7712606 0.1409252
vn 0.2922775 0.7732157 -0.5627713
vn 0.675464 0.2785922 -0.6827406
vn -0.3000976 0.7751707 -0.5559244
vn -0.73216 0.671554 -0.1138288
vn -0.6617788 0.4682305 -0.5854989
vn 0.5034211 0.2570869 -0.8249082
vn -0.05962849 0.6598238 -0.7490508
vn -0.8846526 0.3196479 -0.3394333
vn -0.3822091 0.5444767 -0.7466333
vn 0.2981426 0.5483868 -0.7812701
vn 0.8866076 0.3176929 -0.3361521
vn -0.5464318 0.7771257 -0.3122306
vn -0.1652004 0.7712606 0.6147079
vn 0.202346 0.4877808 0.8491914
vn -0.1085043 0.7693056 0.6295997
vn 0.08504397 0.6480936 0.7567974
vn 0.5288365 0.8396868 -0.1235238
vn 0.02834797 0.7086996 0.7049407
vn -0.6969694 0.3196479 0.6419182
vn 0.1691104 0.1984359 0.9654143
vn 0.202346 -0.3098727 0.9289968
vn 0.7067446 0.3059627 0.6378863
vn -0.1827956 0.1710654 0.9681541
vn -0.202346 -0.3098727 0.9289968
vn -0.6891493 -0.438905 0.5765724
vn 0.6891493 -0.438905 0.5765724
vn -0.7419351 -0.1691104 -0.6487942
vn 0.970674 -0.1339198 0.1996431
vn 0.9413486 0.1593353 0.2974478
vn -0.6070378 -0.7184747 0.3395573
vn 0.2453567 -0.4213096 0.8730969
vn -0.5112412 -0.1769305 -0.841028
vn -0.3157378 -0.4173996 -0.8521075
vn -0.2727271 -0.9491687 0.1571583
vn 0.1515151 -0.4271747 0.8913837
vn -0.0009775162 -0.9980445 0.0625
vn 0.0009775162 -0.5874875 0.8092327
vn -0.1515151 -0.4271747 0.8913837
vn -0.1612903 -0.09872919 -0.9819562
vn -0.0009775162 -0.8690123 -0.4947895
vn -0.0009775162 -0.6344083 -0.7729975
vn 0.1612902 -0.09872919 -0.9819562
vn 0.3157379 -0.4173996 -0.8521075
vn 0.2727271 -0.9491687 0.1571583
vn -0.2453567 -0.4213096 0.8730969
vn 0.5112412 -0.1769305 -0.841028
vn -0.9413486 0.1593353 0.2974478
vn 0.6070378 -0.7184747 0.3395572
vn 0.7419351 -0.1691104 -0.6487942
vn -0.970674 -0.1339198 0.1996431
vn -0.2238513 -0.4604104 0.8590186
vn 0.0009775162 -0.323558 0.9462078
vn -0.0009775162 -0.5503418 0.8349389
vn 0.2238513 -0.4604104 0.8590186
vn -0.05962849 -0.4936459 0.8676164
vn 0.05962849 -0.4936459 0.8676164
vn -0.2805473 -0.4780056 0.8323484
vn 0.2805473 -0.4780056 0.8323484
vn -0.5366566 -0.3274681 0.7776659
vn 0.5366566 -0.3274681 0.7776659
vn -0.1847507 -0.2961875 0.9370913
vn 0.1847506 -0.2961875 0.9370914
vn -0.3176929 -0.1808406 0.9307889
vn 0.3176929 -0.1808406 0.9307889
vn -0.1006842 0.1730205 0.9797584
vn -0.5757573 0.09286404 0.8123299
vn -0.3352882 0.3137828 0.8883255
vn -0.2922775 0.1573802 0.9432949
vn -0.2434016 0.1202345 0.9624445
vn 0.1006842 0.1730205 0.9797584
vn 0.5738022 0.08113384 0.8149652
vn 0.3567936 0.2883674 0.8885621
vn 0.2922775 0.1573802 0.9432949
vn 0.319648 0.0244379 0.9472212
vn 0.0009775162 0.08895397 0.9960353
vn -0.0009775162 0.1593353 0.987224
vn -0.0009775162 0.970674 0.2403975
vn 0.1280547 0.9608989 0.2455103
vn -0.0009775162 0.9745841 0.2240198
vn -0.1280547 0.9608989 0.2455103
vn 0.1085044 0.9511237 0.2891202
vn -0.1085043 0.9511237 0.2891202
vn 0.3646137 0.8631471 0.3493334
vn -0.3646137 0.8631471 0.3493335
vn 0.3431084 0.8944278 0.2868373
vn -0.3431083 0.8944278 0.2868374
vn 0.7380251 0.5366566 0.4090461
vn -0.7380251 0.5366566 0.4090461
vn 0.7184747 0.5913975 0.3661188
vn -0.7184747 0.5913975 0.3661188
vn 0.9217982 -0.002932549 0.387659
vn -0.9217982 -0.002932549 0.3876589
vn 0.9413486 0.04398823 0.3345564
vn -0.9413486 0.04398823 0.3345564
vn 0.8103613 -0.4819157 0.3332745
vn -0.8103613 -0.4819157 0.3332745
vn 0.8572821 -0.4349949 0.2754031
vn -0.857282 -0.4349949 0.2754033
vn 0.4916909 -0.8396868 0.2305779
vn -0.4916909 -0.8396868 0.2305779
vn 0.558162 -0.8142713 0.1594285
vn -0.558162 -0.8142713 0.1594285
vn 0.1358748 -0.9882693 0.06972641
vn -0.1358749 -0.9882693 0.06972598
vn 0.1691104 -0.9804492 0.1006034
vn -0.1691104 -0.9804492 0.1006034
vn -0.0009775162 -0.9999995 0
vn -0.0009775162 -0.9960895 0.08834484
vn -0.06353855 -0.7380251 0.6717752
vn 0.5933526 -0.6598238 0.461048
vn 0.5698922 -0.4076244 0.713488
vn 0.7869009 -0.3470184 0.51026
vn 0.849462 -0.3978493 0.3465982
vn 0.792766 -0.4721406 0.3854938
vn 0.8455519 -0.501466 0.1832316
vn 0.4525902 -0.7693056 0.4509224
vn 0.4623654 -0.853372 0.2407787
vn -0.1241446 -0.853372 0.5063046
vn -0.14565 -0.9569888 0.2509153
vn -0.675464 -0.6109479 0.4129056
vn -0.6813291 -0.6950144 0.2296643
vn -0.9550338 -0.1925708 0.2254484
vn -0.8885627 -0.1769305 0.4232635
vn -0.857282 -0.147605 0.4932345
vn -0.906158 -0.1749755 0.3850471
vn -0.6441835 -0.2609969 0.7189633
vn -0.7399801 -0.4604104 0.4903588
vn 0.6344083 -0.086999 -0.7680867
vn 0.9569888 0.1065493 -0.2698512
vn 0.6871942 0.090909 -0.7207633
vn 0.5640271 0.5190613 -0.6422217
vn 0.9824042 -0.086999 -0.1652668
vn 0.5855324 -0.3685238 -0.7220402
vn 0.8338217 0.5425217 -0.1020368
vn 0.4916909 0.8611921 -0.1287955
vn 0.614858 0.6050828 0.505791
vn 0.9315734 0.1241446 0.3417004
vn 0.8416418 -0.04985332 0.5377301
vn 0.8729224 -0.4740956 -0.1150648
vn 0.5190613 -0.8357767 -0.1790323
vn 0.7653955 -0.4134895 0.4931492
vn 0.06353861 -0.7380251 0.6717752
vn -0.5698922 -0.4076244 0.713488
vn -0.5933526 -0.6598238 0.4610481
vn -0.7869009 -0.3470184 0.51026
vn -0.8494619 -0.3978493 0.3465984
vn -0.792766 -0.4721406 0.3854938
vn -0.8455518 -0.501466 0.1832317
vn -0.4525902 -0.7693056 0.4509224
vn -0.4623654 -0.853372 0.2407787
vn 0.1241446 -0.853372 0.5063045
vn 0.14565 -0.9569888 0.2509154
vn 0.675464 -0.6109479 0.4129056
vn 0.6813291 -0.6950144 0.2296643
vn 0.9550338 -0.1925708 0.2254484
vn 0.8885626 -0.1769305 0.4232636
vn 0.8572821 -0.147605 0.4932344
vn 0.9061579 -0.1749755 0.3850473
vn 0.6441835 -0.2609969 0.7189633
vn 0.7399801 -0.4604104 0.4903588
vn -0.9569888 0.1065493 -0.2698512
vn -0.6344084 -0.086999 -0.7680867
vn -0.6871942 0.090909 -0.7207633
vn -0.5640271 0.5190613 -0.6422217
vn -0.9824042 -0.086999 -0.1652668
vn -0.5855324 -0.3685238 -0.7220402
vn -0.8338217 0.5425217 -0.1020373
vn -0.4916909 0.8611921 -0.1287955
vn -0.6148579 0.6050828 0.5057911
vn -0.9315734 0.1241446 0.3417004
vn -0.8416418 -0.04985332 0.5377302
vn -0.8729223 -0.4740956 -0.1150653
vn -0.5190613 -0.8357767 -0.1790323
vn -0.7653955 -0.4134895 0.4931492
vn 0.7693056 -0.04398823 -0.6373649
vn 0.7614855 0.0361681 -0.6471722
vn 0.4310848 -0.03812313 -0.9015057
vn 0.5190613 -0.501466 -0.6921757
vn 0.3724338 0.4701855 -0.8001366
vn -0.08895397 0.4799607 -0.8727686
vn 0.6637338 0.4134896 -0.6232847
vn 0.1769305 0.7008795 -0.6909874
vn -0.1202345 0.6500486 -0.7503203
vn -0.2805473 0.6656889 -0.691485
vn 0.1652003 -0.7458452 -0.6453091
vn 0.2551318 -0.913978 -0.3155184
vn 0.1964809 -0.9354835 -0.2937107
vn 0.06158358 -0.7556204 -0.6521084
vn 0.1691104 -0.9413486 -0.2920011
vn 0.1417399 -0.9472136 -0.2875693
vn 0.01270771 -0.05962849 -0.9981397
vn -0.1515151 -0.09677416 -0.9837062
vn -0.262952 0.4819157 -0.835831
vn -0.4193547 0.4037144 -0.8131152
vn -0.4252198 0.5777123 -0.6967328
vn -0.6774191 0.501466 -0.5381777
vn -0.02834797 -0.7908109 -0.6114037
vn -0.04789829 -0.9726291 -0.2273729
vn -0.3118278 -0.1339198 -0.9406534
vn -0.7771257 0.206256 -0.5945873
vn -0.9393935 0.04594326 -0.3397485
vn -0.8729223 -0.3313782 -0.3580435
vn -0.6422285 -0.2825023 -0.7125553
vn -0.6520036 -0.7243398 -0.2241049
vn -0.4467251 -0.7790807 -0.4398521
vn 0.9960895 -0.004887581 0.08821494
vn -0.3157378 0.7008795 -0.6395918
vn -0.4252198 0.6559137 -0.6236708
vn -0.3372432 -0.7106546 0.6174439
vn 0.9569888 0.1300098 0.2593644
vn -0.1534702 -0.794721 0.5872524
vn -0.1378299 0.7302049 -0.6691813
vn 0.1886607 -0.8416418 0.5060101
vn 0.5229714 0.4682305 0.7122227
vn 0.2140762 -0.9491687 0.2307602
vn -0.2355815 0.5522969 -0.7996684
vn 0.08308893 0.4447701 0.8917824
vn -0.3958943 0.3079177 0.8651326
vn -0.3352882 0.6950144 -0.6360321
vn 0.2160312 -0.8475069 0.4848324
vn 0.5894425 -0.6480935 0.4822161
vn -0.8025411 -0.1691104 0.5721271
vn -0.1534702 0.7282499 -0.6679064
vn -0.8514169 -0.323558 0.4127946
vn 0.73216 -0.5307915 0.4268514
vn -0.0361681 0.7223848 -0.6905448
vn 0.9804492 -0.1964809 -0.01070623
vn 0.6109479 -0.6617788 0.4345014
vn 0.9843593 -0.06353861 0.1643158
vn 0.792766 0.1085043 0.5997908
vn 0.43695 -0.004887581 0.8994725
vn 0.5464318 -0.8181814 0.1788618
vn 0.264907 -0.9296184 0.2561914
vn 0.9452586 -0.3098727 -0.1022987
vn 0.6793741 -0.7204298 0.1393979
vn 0.3626587 -0.8807425 0.3045839
vn 0.2688171 -0.913978 0.3039432
vn 0.1749755 -0.9237532 0.3406811
vn 0.2825023 -0.7908109 0.5429646
vn -0.04594326 -0.9569888 0.286464
vn -0.1847507 -0.9022478 0.3896357
vn -0.8064512 -0.5112412 0.2971008
vn -0.7497553 -0.5953076 0.2889219
vn -0.08308887 -0.8260015 0.5575103
vn -0.7478002 -0.4682305 0.4706963
vn -0.5171063 -0.1964809 0.8330644
vn -0.06940365 -0.1221896 0.9900772
vn 0.264907 -0.5073311 0.8200241
vn 0.1769305 -0.004887581 0.9842112
vn 0.3567936 0.2785922 -0.8916752
vn -0.04985332 0.1026392 -0.9934686
vn 0.4525902 0.3118278 -0.8354194
vn 0.562072 0.5229714 -0.640762
vn -0.1221895 0.206256 -0.9708389
vn -0.1925708 0.07722378 -0.9782397
vn 0.7536653 0.3509284 -0.5557318
vn 0.8944277 0.3509284 -0.2772152
vn 0.8103613 0.4545453 -0.369734
vn 0.9237532 0.3450633 -0.1661665
vn 0.7946907 0.6070146 0
vn 0.9157755 0.4016903 0
vn 0.5034211 0.8416418 0.1954644
vn 0.5757573 0.5874875 0.5686494
vn 0.01661777 0.9569888 0.2896485
vn 0.06353861 0.7517103 0.6564255
vn -0.1808406 0.9511237 0.2503205
vn -0.09286404 0.8299116 0.5501118
vn -0.1671554 0.7243398 0.6688728
vn -0.3567935 0.8690122 0.3428062
vn -0.5659821 0.3294231 0.7557412
vn -0.73216 0.5405667 0.4144025
vn -0.9335284 -0.02834797 0.3573808
vn -0.9335284 0.206256 0.2932288
vn -0.9882693 0.002932549 0.1526929
vn -0.9999193 -0.01270669 0
vn -0.9999957 -0.002932537 0
vn -0.9120231 0.1652004 -0.3753968
vn -0.9472136 0.3098727 0.08225076
vn -0.9002929 0.3939393 0.185161
vn -0.9257083 0.2844573 0.2492953
vn -0.5679371 0.6539587 0.4997854
vn -0.5229714 0.7908109 0.3179921
vn -0.204301 0.7751707 0.5978056
vn -0.5972626 0.7986311 -0.07393068
vn -0.2512218 0.9042029 0.3454051
vn -0.08308887 0.8005861 0.5934291
vn -0.3020526 0.9374385 -0.1731281
vn -0.9042029 0.3626586 -0.2256009
vn -0.1632453 0.9354835 0.3134033
vn -0.5718472 0.7145647 -0.402974
vn -0.9472136 0.1300098 -0.2930593
vn -0.06940365 0.9472136 0.3130006
vn 0.030303 0.8299116 0.5570713
vn 0.2003909 0.9608989 0.1910937
vn 0.3587486 0.8729223 0.3306147
vn -0.1886607 0.9589438 -0.21174
vn -0.2570869 0.9433036 -0.2099635
vn -0.3000976 0.8220915 -0.4838461
vn 0.6089929 0.792766 -0.02549137
vn 0.7419351 0.6695989 0.03419843
vn 0.1964809 0.9569888 -0.2134659
vn 0.7497553 0.622678 -0.2239176
vn -0.2785922 0.8220915 -0.49654
vn -0.6383184 0.378299 -0.6704025
vn -0.2199413 0.8377317 -0.4998313
vn 0.04398823 0.8435968 -0.5351723
vn 0.5307915 0.6617788 -0.5294423
vn 0.5933526 0.497556 -0.6327485
vn 0.1300097 0.5679371 -0.8127391
vn -0.2082111 0.5640271 -0.7990755
vn -0.2082111 0.1515151 -0.9662771
vn -0.264907 0.501466 -0.8236238
vn -0.2903224 0.5405667 -0.7896205
vn -0.2883674 0.1495601 -0.9457675
vn -0.3294231 0.03812313 -0.9434124
vn -0.7165197 -0.0244379 -0.6971387
vn -0.7888559 0.0244379 -0.6140921
vn -0.9530787 -0.06158358 -0.2963922
vn -0.8729223 0.3958943 -0.2850866
vn 0.7047895 0.5913975 -0.3918172
vn -0.7517103 0.4936459 -0.4373161
vn -0.2336265 -0.7399801 0.630752
vn -0.5347016 -0.8162264 0.2187892
vn 0.5405667 -0.5542519 0.6329237
vn 0.7438902 -0.5562069 0.3704879
vn 0.5757573 0.8025411 -0.1563051
vn 0.849462 -0.5151513 0.1141645
vn 0.3665687 0.8416418 0.3965683
vn -0.4271748 -0.8787875 -0.2127306
vn -0.9042029 0.3704787 -0.2125148
vn 0.910068 -0.1886607 0.3690304
vn -0.4565003 -0.8631472 -0.2158343
vn -0.8123163 0.4525902 -0.3678374
vn 0.3020526 0.9511237 0.06424889
vn -0.5210164 0.1045942 -0.8471139
vn -0.1143694 0.3098727 -0.9438742
vn -0.8435968 -0.5171063 0.1447255
vn 0.4877808 0.5386117 -0.6869988
vn -0.3470184 -0.7653955 -0.5419852
vn 0.8611922 0.4721406 0.1882322
vn 0.7497553 -0.3587486 -0.5560274
vn -0.6852392 0.2492667 0.6843342
vn 0.3861191 0.6930593 0.6087535
vn 0.8123163 -0.3607036 0.4582959
vn -0.2414466 -0.8201364 0.518729
vn 0.9765391 -0.1202345 0.1786477
vn 0.7204298 0.5151513 0.4643276
vn 0.7282499 0.5210164 0.4451898
vn 0.01857281 0.8651022 0.5012518
vn 0.9804492 -0.1260996 0.1510571
vn 0.02248287 0.8807425 0.4730614
vn 0.7438902 -0.6480935 -0.1631019
vn 0.7595304 -0.6265882 -0.1746448
vn -0.6989244 0.5171063 0.4940706
vn -0.7262949 0.4604104 0.5104097
vn -0.9765391 -0.1417399 0.1621146
vn -0.9824042 -0.1182795 0.1445403
vn -0.7438902 -0.6480935 -0.1631019
vn -0.7595304 -0.6265882 -0.1746448
vn -0.0009775162 -0.9452586 -0.3263207
vn -0.0009775162 -0.9452586 -0.3263207
vn 0.6246331 -0.7634405 -0.1642927
vn 0.5972627 -0.004887581 -0.8020308
vn 0.08308893 -0.8064512 -0.5854337
vn 0.9296184 -0.3411533 0.1393705
vn -0.3978493 -0.2864124 -0.8715985
vn 0.970674 0.1886607 0.1489933
vn -0.2844573 0.499511 -0.8182743
vn 0.7458452 0.6598238 -0.09136472
vn 0.2160312 0.857282 -0.4673308
vn -0.6246331 -0.7634405 -0.1642927
vn -0.08308887 -0.8064512 -0.5854337
vn -0.5972626 -0.004887581 -0.8020308
vn -0.9296184 -0.3411533 0.1393705
vn 0.3978493 -0.2864124 -0.8715985
vn -0.970674 0.1886607 0.1489933
vn 0.2844573 0.499511 -0.8182743
vn -0.7458452 0.6598238 -0.09136472
vn -0.2160312 0.857282 -0.4673308
vn -0.2805473 -0.4780056 0.8323484
vn 0.0009775162 -0.1984359 0.9801134
vn -0.1847507 -0.2961875 0.9370913
vn -0.2238513 -0.4604104 0.8590186
vn -0.1006842 0.1730205 0.9797584
vn -0.0009775162 -0.5503418 0.8349389
vn -0.2922775 0.1573802 0.9432949
vn 0.2238513 -0.4604104 0.8590186
vn 0.0009775162 0.08895397 0.9960353
vn 0.2805473 -0.4780056 0.8323484
vn 0.2922775 0.1573802 0.9432949
vn 0.1847506 -0.2961875 0.9370914
vn 0.1006842 0.1730205 0.9797584
vn -0.6363634 -0.2238513 -0.7381952
vn -0.5034211 0.3743888 -0.778717
vn -0.673509 0.4662755 -0.5735615
vn -0.3646137 0.8338217 -0.4144856
vn -0.4721406 -0.147605 -0.8690777
vn -0.3880742 -0.5268815 -0.7561709
vn -0.2003909 0.73607 -0.6465635
vn 0.002932549 0.9315734 -0.3635415
vn -0.008797646 0.143695 -0.9895829
vn -0.2512218 -0.4232647 -0.8704796
vn -0.0009775162 0.7829908 -0.6220325
vn -0.08895397 -0.5171063 -0.8512862
vn -0.1612903 -0.6656889 -0.7285903
vn 0.1984359 0.7282499 -0.6559537
vn 0.3743889 0.8064512 -0.4576783
vn 0.6402734 0.4623654 -0.6134071
vn -0.0009775162 -0.5307915 -0.8475019
vn 0.0009775162 -0.7008795 -0.7132791
vn 0.1593352 -0.6578687 -0.7360849
vn 0.4740956 0.3861191 -0.7912935
vn 0.6011727 -0.2082111 -0.7715176
vn 0.438905 -0.1436949 -0.8869691
vn 0.380254 -0.5053761 -0.7745979
vn 0.2355815 -0.4095795 -0.881332
vn 0.08308893 -0.5092862 -0.8565769
vn 0.7204298 -0.4721406 0.5080003
vn 0.8729224 -0.4682305 0.1369918
vn 0.8729224 -0.4682305 0.1369918
vn 0.7204298 -0.4721406 0.5080003
vn 0.7712606 -0.5933526 -0.230412
vn 0.3880741 -0.6422284 0.6610152
vn 0.7712606 -0.5933526 -0.230412
vn 0.3880741 -0.6422284 0.6610152
vn 0.4584553 -0.8123163 -0.360501
vn 0.06744868 -0.8475069 0.5264814
vn 0.4584553 -0.8123163 -0.360501
vn 0.06744868 -0.8475069 0.5264814
vn 0.1182795 -0.968719 -0.2181592
vn -0.02834797 -0.9863143 0.1624209
vn 0.1182795 -0.968719 -0.2181592
vn -0.02834797 -0.9863143 0.1624209
vn 0.7497553 -0.08308893 -0.6564779
vn 0.7478002 -0.086999 -0.6581991
vn 0.7478002 -0.08504397 -0.6584545
vn 0.7517103 -0.08308893 -0.6542384
vn 0.7517103 -0.0928641 -0.6529226
vn 0.7575754 -0.08308893 -0.6474378
vn 0.7517103 -0.09090906 -0.6531976
vn 0.7575754 -0.08308893 -0.6474378
vn 0.7536653 -0.0928641 -0.6506649
vn 0.7556204 -0.08504397 -0.6494654
vn 0.7536653 -0.0928641 -0.6506649
vn 0.7556204 -0.08504397 -0.6494654
vn 0.7575754 -0.09090906 -0.6463861
vn 0.7575754 -0.086999 -0.646924
vn 0.7575754 -0.09090906 -0.6463861
vn 0.7575754 -0.086999 -0.646924
vn -0.8729223 -0.4682305 0.1369922
vn -0.7204298 -0.4721406 0.5080003
vn -0.8729223 -0.4682305 0.1369922
vn -0.7204298 -0.4721406 0.5080003
vn -0.7712606 -0.5933526 -0.230412
vn -0.3880742 -0.6422284 0.6610152
vn -0.7712606 -0.5933526 -0.230412
vn -0.3880742 -0.6422284 0.6610152
vn -0.4584553 -0.8123163 -0.360501
vn -0.06744862 -0.8475069 0.5264814
vn -0.4584553 -0.8123163 -0.360501
vn -0.06744862 -0.8475069 0.5264814
vn -0.1182795 -0.968719 -0.2181592
vn 0.02834797 -0.9863143 0.1624209
vn -0.1182795 -0.968719 -0.2181592
vn 0.02834797 -0.9863143 0.1624209
vn -0.7497553 -0.08308893 -0.6564779
vn -0.7478002 -0.086999 -0.6581991
vn -0.7517103 -0.08308893 -0.6542384
vn -0.7478002 -0.08504397 -0.6584545
vn -0.7575754 -0.08308893 -0.6474378
vn -0.7517103 -0.0928641 -0.6529226
vn -0.7575754 -0.08308893 -0.6474378
vn -0.7517103 -0.09090906 -0.6531976
vn -0.7556204 -0.08504397 -0.6494654
vn -0.7536653 -0.0928641 -0.6506649
vn -0.7556204 -0.08504397 -0.6494654
vn -0.7536653 -0.0928641 -0.6506649
vn -0.7575754 -0.086999 -0.646924
vn -0.7575754 -0.09090906 -0.6463861
vn -0.7575754 -0.086999 -0.646924
vn -0.7575754 -0.09090906 -0.6463861
vn 0.4154446 0.5249264 0.7428715
vn 0.4134895 -0.910068 -0.02833189
vn 0.4780056 -0.5562069 0.6798121
vn -0.7008795 0.08113384 0.7086504
vn -0.9589438 0.202346 0.1987028
vn 0.6422284 0.7556204 -0.1287654
vn 0.02639294 -0.7517103 -0.6589651
vn 0.1573802 0.6656889 -0.7294449
vn -0.7653955 0.08699894 -0.6376526
vn 0.9530787 -0.3000976 0.03977854
vn 0.5874875 -0.3587486 0.7253674
vn 0.7106546 -0.03225803 0.7028012
vn 0.796676 -0.5835774 0.1573045
vn 0.6285432 -0.501466 -0.5945294
vn 0.008797646 -0.2199413 0.9754734
vn 0.04007816 0.1202345 0.9919362
vn 0.5171063 -0.7614855 -0.3908209
vn -0.07526875 -0.5405667 -0.8379274
vn -0.5992177 -0.2492667 0.7607918
vn -0.6617788 0.09481907 0.7436788
vn -0.090909 -0.7908109 -0.6052715
vn -0.7438902 -0.3743889 -0.5535887
vn -0.8787875 -0.4291298 0.2087585
vn -0.9863143 -0.1202345 0.1128175
vn -0.6695989 -0.6520036 -0.3557086
vn -0.07526875 -0.9354835 0.3452613
vn -0.07331371 -0.9237532 0.3759057
vn -0.04398823 -0.9393935 0.3400072
vn -0.07722378 -0.9354835 0.3448293
vn -0.07526875 -0.9354835 0.3452613
vn -0.07722378 -0.9472136 0.3111636
vn -0.1085043 -0.9335284 0.3416892
vn -0.07722378 -0.9354835 0.3448293
vn -0.4271618 -0.9041753 0
vn -0.09481907 -0.9824042 -0.1609077
vn -0.5542519 -0.7712606 0.3129886
vn -0.3861191 -0.671554 0.6323981
vn -0.03812313 -0.6500486 0.7589357
vn 0.2531768 -0.966764 -0.03562195
vn 0.2942325 -0.734115 0.611966
vn 0.4213096 -0.8611922 0.2843347
vn -0.4134896 -0.910068 -0.02833083
vn -0.4154446 0.5249264 0.7428715
vn -0.4780056 -0.5562069 0.6798121
vn 0.7008795 0.08113384 0.7086504
vn 0.9589438 0.202346 0.1987028
vn -0.6422285 0.7556204 -0.1287649
vn -0.02639294 -0.7517103 -0.6589651
vn -0.1573802 0.6656889 -0.7294449
vn 0.7653955 0.08699894 -0.6376526
vn -0.9530787 -0.3000976 0.03977854
vn -0.5874875 -0.3587486 0.7253674
vn -0.796676 -0.5835774 0.1573045
vn -0.7106546 -0.03225803 0.7028012
vn -0.6285433 -0.501466 -0.5945294
vn -0.008797646 -0.2199413 0.9754734
vn -0.04007816 0.1202345 0.9919362
vn -0.5171063 -0.7614855 -0.3908209
vn 0.07526881 -0.5405667 -0.8379273
vn 0.5992177 -0.2492667 0.7607918
vn 0.6617788 0.09481907 0.7436788
vn 0.09090906 -0.7908109 -0.6052715
vn 0.7438902 -0.3743889 -0.5535887
vn 0.8787875 -0.4291298 0.2087588
vn 0.9863143 -0.1202345 0.1128175
vn 0.6695989 -0.6520036 -0.3557086
vn 0.07526881 -0.9354835 0.3452612
vn 0.07331377 -0.9237532 0.3759057
vn 0.04398823 -0.9393935 0.3400072
vn 0.07722384 -0.9354835 0.3448293
vn 0.07526881 -0.9354835 0.3452612
vn 0.07722384 -0.9472136 0.3111636
vn 0.1085044 -0.9335284 0.3416892
vn 0.07722384 -0.9354835 0.3448293
vn 0.4271617 -0.9041753 0
vn 0.09481913 -0.9824042 -0.1609077
vn 0.5542519 -0.7712606 0.3129886
vn -0.2531768 -0.966764 -0.03562195
vn -0.4213097 -0.8611922 0.2843347
vn 0.3861191 -0.671554 0.6323981
vn 0.03812313 -0.6500486 0.7589357
vn -0.2942325 -0.734115 0.611966
vn -0.8201364 0.2199413 -0.5282065
vn -0.1065493 0.5347016 0.8382968
vn -0.3352882 0.6676439 0.6647055
vn -0.6520036 0.3646137 -0.6647918
vn 0.7008795 -0.497556 0.5110832
vn 0.204301 -0.5053761 -0.8383651
vn 0.4232647 -0.7262949 -0.5416113
vn 0.7908109 -0.206256 0.5762608
vn -0.558162 -0.5738022 -0.5993382
vn -0.855327 0.3528835 0.379327
vn 0.5151513 0.4760506 0.7127376
vn 0.6950144 -0.560117 -0.4508037
vn -0.9393935 -0.2805473 0.1970611
vn -0.1573802 0.8983378 0.410147
vn 0.9276633 0.204301 -0.3125731
vn 0.1221896 -0.910068 -0.3960378
vn -0.5738022 -0.3646137 0.7333538
vn -0.01857281 0.6813291 0.7317415
vn 0.9315734 0.1710654 0.3207922
vn 0.3900291 -0.851417 0.3506656
vn -0.8377317 -0.4467251 -0.3140736
vn -0.6129029 -0.2531768 0.7484996
vn 0.1221896 -0.9374385 0.3260043
vn 0.3782989 -0.9237532 -0.05974865
vn 0.4623654 0.1554252 0.8729612
vn -0.6246331 0.7184747 0.3059861
vn 0.7829908 0.2355815 0.5756968
vn -0.3900292 0.9198432 0.04202057
vn 0.9081129 0.2434016 0.3407147
vn -0.734115 -0.3391983 -0.5882344
vn -0.06353855 0.9745841 -0.2148224
vn -0.4271748 -0.1280547 -0.8950551
vn 0.5757573 -0.7145647 -0.3973674
vn 0.6285432 0.3294231 -0.7045665
vn 0.3782989 -0.9237532 -0.05974865
vn 0.3450634 0.2414466 -0.9069922
vn 0.02248287 -0.9061579 -0.4223415
vn -0.8299116 -0.4056694 0.3829871
vn -0.6950144 -0.2199413 -0.6845297
vn -0.622678 0.7653955 -0.162609
vn -0.618768 -0.438905 0.6515279
vn -0.3919842 0.9198432 0.01539054
vn 0.734115 0.1808406 -0.6545012
vn -0.3431083 -0.1300097 0.9302549
vn -0.08895397 0.968719 0.2316693
vn 0.8455519 0.323558 -0.424679
vn 0.6520036 -0.6793741 0.3366633
vn 0.7047895 0.2961875 0.6446275
vn -0.0009775162 0.6402735 -0.7681464
vn -0.0009775162 0.6402735 -0.7681464
vn -0.0009775162 0.6402735 -0.7681464
vn 0.06744868 0.9843593 0.1627499
vn 0.05376339 0.9824042 0.1788615
vn 0.06353861 0.970674 0.2318507
vn 0.05180836 0.9902244 0.1295053
vn 0.04007816 0.9882693 0.1473683
vn 0.04007816 0.9980445 0.04796788
vn 0.0361681 0.9980445 0.05098098
vn 0.030303 0.9960895 -0.08299094
vn 0.03812313 0.9980445 -0.04953589
vn 0.4017593 0.8885627 -0.2214629
vn 0.01661777 0.9824042 -0.1860263
vn -0.7223848 0.6852392 -0.09277633
vn -0.7145647 0.6950144 -0.07970154
vn -0.6871942 0.6832842 -0.2467526
vn -0.6656889 0.6950144 -0.2716861
vn -0.7908109 0.5483868 -0.2718271
vn -0.266862 0.7732157 -0.5752584
vn 0.7204298 0.6871942 -0.09351479
vn 0.6891493 0.6871942 -0.2298638
vn 0.7184747 0.6911043 -0.07854236
vn 0.4017593 0.8885627 -0.2214629
vn 0.7634405 0.6050828 -0.2259059
vn 0.3294231 0.7693056 -0.5474023
vn 0.5151513 0.3470184 -0.7837074
vn 0.6402734 -0.2590419 -0.7231509
vn 0.1749755 0.5562069 -0.8124146
vn 0.7497553 0.4115345 -0.518176
vn 0.8983378 0.4271748 -0.1025228
vn 0.9374385 -0.2688171 -0.2212385
vn 0.7614855 -0.3528835 -0.5437032
vn 0.3919842 -0.7810358 -0.4861394
vn 0.4310848 0.5190613 -0.7380659
vn 0.5522969 0.7653955 -0.3303601
vn 0.4956009 0.8670572 -0.05090669
vn 0.5131962 0.857282 0.04119615
vn 0.8938403 0.4483855 0
vn 0.4897358 0.8709673 -0.03968393
vn 0.8885626 0.4565003 -0.04543099
vn 0.560117 0.8260015 0.0631697
vn 0.919246 -0.3936835 0
vn 0.9276633 -0.3704788 -0.04675771
vn 0.9081129 -0.4173996 -0.03329366
vn 0.8963827 0.438905 0.06213199
vn 0.9250014 -0.3799636 0
vn 0.3782903 -0.9256871 0
vn 0.913978 0.3470184 0.2102912
vn 0.968719 0.01270771 0.2478346
vn 0.3763439 -0.9257082 0.03780949
vn 0.9374385 -0.2981426 0.1797779
vn 0.849462 0.264907 0.4563317
vn 0.8651022 0.09286404 0.4929243
vn 0.8631472 -0.2844573 0.4172061
vn 0.7282499 0.1906158 0.6582687
vn 0.7067446 0.02248287 0.7071115
vn 0.4721406 0.2121211 0.8556213
vn 0.4545453 0.1221895 0.8823028
vn 0.7028345 -0.3274681 0.6314968
vn 0.4486802 -0.8866076 0.1123081
vn 0.4192441 -0.9078735 0
vn 0.1691104 0.206256 0.9637739
vn 0.2121211 0.06158352 0.975301
vn -0.03812313 -0.06549364 0.9971245
vn 0.5131962 -0.3607036 0.7787955
vn -0.3743888 -0.01270771 0.9271848
vn -0.0009775162 -0.01075268 0.9999417
vn 0.002932549 -0.2590419 0.9658616
vn 0.1827956 -0.3607036 0.9145921
vn -0.2961875 -0.558162 0.7750666
vn 0.1143695 -0.5953076 0.7953166
vn -0.03812313 -0.9315734 0.3615489
vn 0.3900291 -0.7575754 0.5234088
vn 0.2961875 -0.8670573 0.4006053
vn 0.5073311 -0.7536653 0.4178561
vn 0.384164 -0.8826975 0.2706716
vn 0.675464 -0.6871942 0.2674181
vn 0.5933526 -0.7810358 0.1947197
vn 0.5405667 -0.8338217 0.1119328
vn -0.3216029 -0.9433036 -0.08215758
vn -0.6363634 -0.7712606 0.01409476
vn -0.6813291 -0.7302049 0.05090551
vn 0.3488734 -0.9371698 0
vn -0.3880742 -0.9198431 0.05733252
vn -0.4956009 -0.8670573 0.05090551
vn -0.7869009 -0.616813 0.01813063
vn 0.4213096 -0.9042029 0.07010961
vn -0.5425217 -0.8201364 0.1817868
vn -0.8279566 -0.5444767 0.134287
vn -0.8103613 -0.4291298 0.3989515
vn 0.8924727 -0.3939392 -0.2197827
vn 0.3919842 -0.9178881 0.06188568
vn -0.5210164 -0.7653955 0.3777719
vn -0.6793741 -0.4858258 0.549931
vn 0.7517103 -0.3567936 -0.554644
vn 0.4095795 -0.8983378 -0.1588517
vn -0.4701855 -0.7536653 0.459254
vn 0.266862 -0.9530787 -0.142918
vn -0.2766372 -0.6871942 0.671741
vn -0.2414466 -0.5698922 0.7854466
vn -0.1808406 -0.9178881 -0.3532394
vn 0.4115345 -0.2101661 -0.8868312
vn 0.09872919 -0.9354835 -0.3392982
vn 0.05962849 0.02639294 -0.9978717
vn -0.09286404 0.1730205 -0.9805306
vn 0.08504397 0.3020526 -0.9494902
vn 0.1749755 0.5562069 -0.8124146
vn 0.202346 0.1867057 -0.9613518
vn -0.8025411 0.5757573 0.1563051
vn -0.7771257 0.6168129 0.1249696
vn -0.8044962 0.5718472 0.1605511
vn -0.7478002 0.6617788 0.05332587
vn -0.7458452 0.6656889 0.02394259
vn -0.7730856 0.6343017 0
vn -0.7634405 0.6441835 0.04675691
vn -0.8377317 0.5405667 0.07741587
vn -0.7614855 0.6480936 0.01070606
vn -0.8807425 0.4721406 0.03709291
vn -0.857282 0.5131962 0.04119651
vn -0.8377317 0.5425217 0.06225538
vn -0.9335284 0.3567935 0.03497203
vn -0.8825964 0.4701316 0
vn -0.8784551 0.4778248 0
vn -0.8670572 0.4936459 0.06727204
vn -0.8846425 0.4662701 0
vn -0.9120231 0.3998044 0.09148981
vn -0.8514169 0.5229714 0.03987647
vn -0.8416418 0.5386117 0.03919921
vn -0.8748773 0.4819157 0.04844469
vn -0.5112412 0.3470184 -0.7862638
vn -0.1769305 0.5464318 -0.8186012
vn -0.6363634 -0.2609969 -0.7258941
vn -0.7478002 0.4115345 -0.5209934
vn -0.8944278 0.4291298 -0.1258831
vn -0.9354835 -0.2688171 -0.2293646
vn -0.7595304 -0.3528835 -0.5464309
vn -0.3880742 -0.7849458 -0.4829684
vn -0.4271748 0.5171063 -0.7417026
vn -0.5483868 0.7653955 -0.3368109
vn -0.4936459 0.8690122 -0.0336374
vn -0.5127712 0.8585254 0
vn -0.8944278 0.4467251 -0.02087188
vn -0.4897358 0.8709673 -0.03968393
vn -0.8898886 0.4561778 0
vn -0.560117 0.8260015 0.0631697
vn -0.9192461 -0.3936835 0
vn -0.9257083 -0.3724338 -0.0660089
vn -0.908113 -0.4173996 -0.03329187
vn -0.8963828 0.438905 0.06213103
vn -0.9250014 -0.3799636 0
vn -0.3782903 -0.9256871 0
vn -0.9139781 0.3470184 0.210291
vn -0.968719 0.01270771 0.2478346
vn -0.380254 -0.9237532 0.04568236
vn -0.9374385 -0.2981426 0.1797779
vn -0.8494619 0.264907 0.4563318
vn -0.8651022 0.09286404 0.4929245
vn -0.8631471 -0.2844573 0.4172062
vn -0.4682305 -0.8768324 0.1092021
vn -0.7282499 0.1906158 0.6582687
vn -0.7067446 0.02248287 0.7071115
vn -0.4192441 -0.9078735 0
vn -0.3488734 -0.9371698 0
vn -0.7028345 -0.3274681 0.6314968
vn -0.4701855 0.2121211 0.8566973
vn -0.4545453 0.1221895 0.8823028
vn 0.3880741 -0.9198431 0.05733304
vn 0.321603 -0.9433036 -0.08215758
vn -0.143695 0.2218963 0.9644241
vn -0.1886607 0.03225803 0.9815124
vn -0.5405667 -0.8338217 0.1119328
vn 0.6363633 -0.7712606 0.01409899
vn -0.5992177 -0.7849458 0.1574743
vn 0.6813291 -0.7302049 0.05090551
vn -0.6148579 -0.734115 0.2881406
vn 0.4916909 -0.8690123 0.05529664
vn 0.7849458 -0.616813 0.05832407
vn -0.380254 -0.8787875 0.2883392
vn -0.5073311 -0.7536653 0.4178561
vn -0.2961875 -0.8670573 0.4006053
vn -0.44086 -0.7106546 0.5482814
vn 0.5425217 -0.8162264 0.1986069
vn 0.8260015 -0.5444767 0.1458306
vn 0.8103613 -0.4291298 0.3989515
vn -0.4173996 -0.9081129 0.03329276
vn 0.5210164 -0.7673506 0.3737848
vn 0.6793741 -0.4858258 0.549931
vn -0.8924727 -0.3958942 -0.216241
vn -0.3900292 -0.9178881 0.07320312
vn -0.7478002 -0.3567936 -0.5599046
vn -0.4056695 -0.9002928 -0.1578136
vn 0.4682305 -0.7536653 0.461247
vn -0.264907 -0.9530787 -0.14651
vn 0.2766372 -0.6871942 0.671741
vn 0.2414466 -0.5698922 0.7854466
vn 0.1808406 -0.9178881 -0.3532395
vn -0.4095795 -0.2101661 -0.8877358
vn -0.09872913 -0.9354835 -0.3392982
vn -0.05962849 0.02639294 -0.9978717
vn 0.0928641 0.1730205 -0.9805306
vn -0.09286404 0.3040076 -0.9481327
vn -0.2003909 0.1906158 -0.9609938
vn -0.1769305 0.5464318 -0.8186012
vn 0.8025411 0.5757573 0.1563051
vn 0.8044962 0.5718472 0.1605511
vn 0.7771257 0.6168129 0.1249696
vn 0.7478002 0.6617788 0.05332587
vn 0.7458452 0.6656889 0.02394259
vn 0.7712606 0.6363634 -0.01409476
vn 0.7633121 0.6460299 0
vn 0.8357767 0.5444767 0.07086831
vn 0.7575754 0.6500486 0.05929854
vn 0.8768324 0.4760506 0.06738458
vn 0.8572821 0.5131962 0.04119507
vn 0.8377318 0.5425217 0.0622549
vn 0.9327907 0.3604186 0
vn 0.8787875 0.4760506 -0.03329276
vn 0.8748774 0.4838707 0.02141525
vn 0.8631472 0.499511 0.07393028
vn 0.8846526 0.4643204 0.04238425
vn 0.912023 0.3998044 0.09149045
vn 0.8768324 0.4760506 0.06738458
vn 0.8416418 0.5386117 0.03919845
vn 0.8435969 0.5210164 0.1299472
vn -0.7380251 0.6637338 0.1215581
vn -0.7145647 0.6950144 -0.07970154
vn -0.7223848 0.6852392 -0.09277633
vn -0.7399801 0.6695989 0.06377096
vn -0.7067446 0.675464 0.2103817
vn -0.6617788 0.671554 0.3332627
vn 0.7478002 0.6598238 0.07367103
vn 0.7204298 0.6871942 -0.09351479
vn 0.7184747 0.6911043 -0.07854236
vn 0.734115 0.6656889 0.1339161
vn 0.7067446 0.675464 0.2103817
vn 0.6617788 0.671554 0.3332627
vn -0.266862 0.7732157 -0.5752584
vn -0.7908109 0.5483868 -0.2718271
vn -0.8670572 0.438905 -0.2357418
vn -0.6422285 0.3548385 -0.6794352
vn -0.06158352 0.558162 -0.8274435
vn -0.4740956 0.08504391 -0.8763566
vn -0.2297164 0.5835774 -0.7788888
vn 0.006842613 0.4486802 -0.8936662
vn 0.2981426 0.6402735 -0.7079272
vn 0.7634405 0.6050828 -0.2259059
vn 0.3294231 0.7693056 -0.5474023
vn 0.6109479 0.4056695 -0.6798345
vn 0.2336265 0.5913975 -0.771795
vn 0.9002928 0.3489734 -0.2601738
vn 0.006842613 0.4486802 -0.8936662
vn 0.4858258 0.0967741 -0.8686818
vn -0.8748773 0.4819157 0.04844469
vn -0.8670572 0.438905 -0.2357418
vn -0.7908109 0.5483868 -0.2718271
vn -0.8514169 0.5229714 0.03987647
vn 0.7634405 0.6050828 -0.2259059
vn 0.8768324 0.4760506 0.06738458
vn 0.8435969 0.5210164 0.1299472
vn 0.9002928 0.3489734 -0.2601738
vn 0.147605 0.6461385 0.7488109
vn -0.0009775162 0.6598238 0.7514197
vn 0.2355815 0.8455518 0.4791069
vn 0.0009775162 0.8690122 0.4947896
vn -0.2355815 0.8455518 0.4791069
vn -0.1476051 0.6461385 0.7488109
vn 0.0009775162 0.9608989 0.2768978
vn 0.2531768 0.9374385 0.2389783
vn 0.5718472 0.7497553 0.3329532
vn 0.5698922 0.6774191 0.4651089
vn 0.558162 0.5777123 0.5955701
vn 0.5874875 0.792766 0.162421
vn 0.5816224 0.8123163 0.04310033
vn 0.0009775162 0.9960895 0.08834484
vn 0.2805473 0.9569888 0.07393028
vn 0.2825023 0.9511237 -0.1247243
vn 0.6011727 0.7888559 -0.1276622
vn -0.2531768 0.9374385 0.2389783
vn 0.0009775162 0.9902244 -0.1394804
vn 0.0009775162 0.9433036 -0.3319298
vn 0.2531768 0.9159331 -0.3113968
vn -0.2805473 0.9569888 0.07393028
vn 0.7497553 0.6109478 -0.2541845
vn 0.7908109 0.5366566 -0.2943089
vn 0.7302049 0.4349949 -0.5268587
vn -0.2825023 0.9511237 -0.1247243
vn 0.2551318 0.7849458 -0.5645952
vn 0.73216 0.4936459 -0.4693138
vn 0.7106546 0.2961875 -0.6381559
vn 0.7419351 0.2903224 -0.6043552
vn 0.7262949 0.1065493 -0.6790751
vn 0.262952 0.5855324 -0.7668169
vn 0.6461385 0.06744862 -0.760234
vn 0.6050828 -0.0420332 -0.7950522
vn -0.5816224 0.8123163 0.04310033
vn -0.5874875 0.792766 0.162421
vn -0.5718472 0.7497553 0.3329532
vn -0.5698922 0.6774191 0.4651089
vn -0.558162 0.5777123 0.5955701
vn -0.6011727 0.7888559 -0.1276627
vn -0.2531768 0.9159331 -0.3113968
vn -0.7497553 0.6109478 -0.2541845
vn -0.7908109 0.5366566 -0.2943089
vn -0.7302049 0.4349949 -0.5268587
vn -0.2551318 0.7849458 -0.5645952
vn -0.73216 0.4936459 -0.4693138
vn -0.7106546 0.2961875 -0.6381559
vn -0.0009775162 0.8181814 -0.5749593
vn -0.7419351 0.2903224 -0.6043552
vn -0.6852392 0.1397849 -0.7147779
vn -0.262952 0.5855324 -0.7668169
vn -0.6559137 0.1124144 -0.7464183
vn -0.7556204 -0.09090906 -0.6486705
vn -0.0009775162 0.6285433 -0.777774
vn -0.0009775162 0.4604104 -0.8877056
vn -0.2453567 0.4252198 -0.8711993
vn 0.2453567 0.4252198 -0.8711993
vn 0.2961875 0.206256 -0.9325939
vn 0.004887581 0.3059627 -0.952031
vn -0.2981426 0.2297164 -0.9264671
vn 0.3978493 0.202346 -0.8948587
vn 0.5679371 0.1006842 -0.8168905
vn 0.7380251 -0.1065493 -0.6663079
vn 0.5268815 0.2199413 -0.8209882
vn 0.5757573 0.2942325 -0.7628439
vn 0.2922775 0.1241446 -0.9482415
vn 0.1788855 0.1045942 -0.9782944
vn 0.264907 0.09286404 -0.959792
vn 0.2590419 0.07526875 -0.9629288
vn 0.2453567 0.06353855 -0.9673484
vn 0.0361681 0.0361681 -0.998691
vn 0.0009775162 0.14565 -0.9893357
vn 0.03812313 -0.0244379 -0.9989741
vn -0.06940365 0.04594326 -0.9965302
vn -0.2453567 0.05767345 -0.9677158
vn -0.2531768 -0.08895403 -0.9633217
vn -0.4486802 -0.09481913 -0.8886482
vn -0.4643204 0.06549358 -0.8832424
vn -0.2277614 0.06744862 -0.9713781
vn -0.378299 0.1319648 -0.9162288
vn -0.5268815 0.02052784 -0.8496908
vn -0.4154446 0.06549358 -0.9072576
vn -0.7262949 -0.1065493 -0.6790751
vn 0.2981426 0.6402735 -0.7079272
vn -0.266862 0.7732157 -0.5752584
vn -0.06158352 0.558162 -0.8274435
vn 0.3294231 0.7693056 -0.5474023
vn 0.01661777 0.9824042 -0.1860263
vn 0.4017593 0.8885627 -0.2214629
vn -0.0009775162 0.792766 -0.6095254
vn -0.0009775162 0.792766 -0.6095254
vn -0.0009775162 0.792766 -0.6095254
vn -0.0009775162 0.792766 -0.6095254
vn -0.6695989 -0.73216 -0.124816
vn -0.968719 0.01270771 0.2478346
vn -0.7145647 -0.6832842 0.1500668
vn -0.8357767 -0.5347016 0.124786
vn -0.73216 -0.6363633 0.2428651
vn -0.6637338 -0.6793741 0.312903
vn -0.7243398 -0.5894425 0.3576162
vn -0.5307915 -0.7282499 0.4334886
vn -0.7184747 -0.614858 0.3251826
vn -0.5992177 -0.6461385 0.4726978
vn -0.5131962 -0.7086996 0.4841224
vn -0.4330399 -0.7712606 0.4665121
vn -0.4623654 -0.8220915 0.3322407
vn -0.3333331 -0.8220915 0.4615784
vn -0.3391982 -0.7243398 0.6002302
vn -0.3470184 -0.7986311 0.4916977
vn -0.2082111 -0.8963827 0.3913389
vn -0.3391982 -0.9393935 0.04984357
vn -0.03225803 -0.9569888 0.2883259
vn 0.1006842 -0.9257082 0.3645915
vn -0.0009775162 -0.7556204 0.6550091
vn -0.0009775162 -0.8748774 0.4843434
vn 0.2082111 -0.8963827 0.3913389
vn -0.1006842 -0.9257082 0.3645915
vn 0.03225803 -0.9569888 0.2883259
vn 0.3391983 -0.9393935 0.04984297
vn 0.3391983 -0.7243398 0.6002302
vn 0.3470184 -0.7986311 0.4916977
vn 0.4330398 -0.7712606 0.4665121
vn 0.3333332 -0.8220915 0.4615784
vn 0.4623654 -0.8220915 0.3322407
vn 0.5131962 -0.7086996 0.4841224
vn 0.5992177 -0.6461385 0.4726978
vn 0.7184747 -0.614858 0.3251826
vn 0.7243398 -0.5894425 0.3576162
vn 0.5307915 -0.7282499 0.4334886
vn 0.6637338 -0.6793741 0.312903
vn 0.968719 0.01270771 0.2478346
vn 0.73216 -0.6363633 0.2428651
vn 0.8357767 -0.5347016 0.1247857
vn 0.7145647 -0.6832842 0.1500668
vn 0.6695989 -0.73216 -0.124816
vn 0.1026393 0.3196479 0.9419609
vn 0.1397849 0.3079177 0.9410881
vn 0.1026393 0.3098727 0.9452217
vn 0.04789829 0.3000976 0.9527052
vn 0.03812313 0.2942325 0.9549732
vn -0.3176929 -0.8905177 0.3256525
vn -0.1964809 -0.9178881 0.344785
vn -0.2003909 -0.913978 0.352828
vn -0.2707721 -0.910068 0.3137814
vn -0.4271748 -0.8435969 0.3253706
vn 0.1065493 0.9002929 0.4220426
vn 0.01857281 0.9257083 0.377782
vn 0.09481913 0.908113 0.4078481
vn 0.1827956 0.8846526 0.4289237
vn 0.1906158 0.8846526 0.425506
vn -0.5210164 -0.5464318 0.655709
vn -0.4956009 -0.6285432 0.5994273
vn -0.4740956 -0.6637338 0.5785246
vn -0.5405667 -0.5151513 0.6651367
vn -0.5112412 -0.5288365 0.6774691
vn 0.3313782 0.2864124 -0.8989753
vn 0.2003909 0.3000976 -0.9326226
vn 0.1534701 0.2746822 -0.9492084
vn 0.3743889 0.3040076 -0.8760207
vn 0.4760506 0.2453567 -0.8444974
vn 0.5131962 -0.3567936 -0.7805946
vn 0.4095795 -0.3176929 -0.8551701
vn 0.4115345 -0.3157379 -0.8549555
vn 0.5171063 -0.3607036 -0.7762048
vn 0.6363633 -0.3978493 -0.6608765
vn 0.4271747 -0.8220915 -0.3764139
vn 0.4134895 -0.8260015 -0.3830769
vn 0.4740956 -0.8044962 -0.3577978
vn 0.3255131 -0.8299116 -0.4530871
vn 0.3255131 -0.8279566 -0.4566498
vn 0.2121211 -0.8318667 -0.5128376
vn 0.1906158 -0.8279566 -0.5274025
vn 0.1221896 -0.8162264 -0.5646629
vn -0.1026392 0.3196479 0.9419609
vn -0.1026392 0.3098727 0.9452217
vn -0.1397849 0.3079177 0.9410881
vn -0.04789829 0.3000976 0.9527052
vn -0.03812313 0.2942325 0.9549732
vn 0.1964809 -0.9178881 0.344785
vn 0.3176929 -0.8905177 0.3256525
vn 0.2003909 -0.913978 0.352828
vn 0.2707721 -0.910068 0.3137814
vn 0.4271747 -0.8435969 0.3253707
vn -0.1065493 0.9002929 0.4220427
vn -0.09481907 0.908113 0.4078481
vn -0.01857281 0.9257083 0.377782
vn -0.1827956 0.8846526 0.4289237
vn -0.1906158 0.8846526 0.425506
vn 0.4956009 -0.6285432 0.5994273
vn 0.5210164 -0.5464318 0.655709
vn 0.4740956 -0.6637338 0.5785246
vn 0.5405667 -0.5151513 0.6651367
vn 0.5112412 -0.5288365 0.6774691
vn -0.2003909 0.3000976 -0.9326226
vn -0.3313781 0.2864124 -0.8989753
vn -0.1534702 0.2746822 -0.9492084
vn -0.3743888 0.3040076 -0.8760207
vn -0.4760506 0.2453567 -0.8444974
vn -0.4095795 -0.3176929 -0.8551701
vn -0.5131962 -0.3567936 -0.7805946
vn -0.4115345 -0.3157379 -0.8549555
vn -0.5171063 -0.3607036 -0.7762048
vn -0.6363634 -0.3978493 -0.6608764
vn -0.4271748 -0.8220915 -0.3764138
vn -0.4740956 -0.8044962 -0.3577978
vn -0.4134896 -0.8260015 -0.3830768
vn -0.325513 -0.8299116 -0.4530871
vn -0.325513 -0.8279566 -0.4566499
vn -0.2121211 -0.8318667 -0.5128376
vn -0.1906158 -0.8279566 -0.5274025
vn -0.1221895 -0.8162264 -0.5646629
vn 0.04007816 0.0244379 -0.9988976
vn 0.5816224 -0.3978493 -0.7095289
vn 0.5229714 -0.2825023 -0.8041725
vn 0.6578687 -0.4956009 -0.5670877
vn 0.6911043 -0.1612902 -0.7045285
vn 0.3294231 0.4545453 -0.8275681
vn 0.6559137 0.3880742 -0.6474378
vn 0.1827956 0.1358749 -0.9737164
vn -0.3431083 0.4349949 -0.8324999
vn -0.5249264 0.4799607 -0.7029154
vn -0.204301 0.673509 -0.710385
vn -0.2864124 0.7145647 -0.6382517
vn -0.02639294 0.9178882 -0.3959605
vn -0.2160312 0.9022479 -0.3732013
vn -0.04398823 0.9960895 -0.07662127
vn 0.8768324 0.1808406 -0.4454902
vn 0.5366566 0.6891493 -0.4869014
vn 0.09481913 0.9921794 -0.0811752
vn 0.9159331 0.3939393 -0.07667104
vn 0.1788855 0.9628539 0.202268
vn 0.5816224 0.7653955 0.2754724
vn 0.1925708 0.9628539 0.189285
vn 0.5992177 0.796676 -0.07902806
vn 0.2805473 0.8963828 0.3432071
vn 0.3059627 0.8983378 0.3152395
vn 0.4291298 0.8377317 0.3377176
vn 0.7888559 0.5913975 -0.1671984
vn 0.9002928 0.3079177 0.3076679
vn 0.7438902 0.5874875 0.3185686
vn 0.6402734 0.6637338 0.3866618
vn 0.3685238 0.8592371 0.3548265
vn 0.5913975 0.5874875 -0.5523654
vn 0.07135874 0.5151513 -0.8541236
vn 0.8084062 0.5131962 0.2882863
vn 0.7438902 0.6656889 -0.0590404
vn 0.5112412 0.8260015 0.2373898
vn 0.5855324 0.7829908 0.2099458
vn 0.5327466 0.8044962 0.2626157
vn 0.5522969 0.7653955 0.3303601
vn 0.4838707 0.8357767 0.2595118
vn 0.2981426 0.3567935 -0.8853301
vn 0.3665687 -0.5092862 -0.7786238
vn 0.6871942 -0.06549364 -0.7235155
vn 0.9374385 0.1026392 -0.3326774
vn 0.5503418 -0.8123163 -0.1930444
vn 0.002932549 -0.9491687 0.3147543
vn 0.6559137 -0.7536653 -0.04202127
vn -0.004887581 -0.9784942 0.2062166
vn 0.01075268 -0.9863143 0.1645251
vn 0.675464 -0.7204298 0.1572556
vn 0.02248287 -0.9941344 0.1057887
vn 0.9765391 0.206256 0.06188529
vn 0.5698922 -0.7751707 0.2726414
vn 0.02638376 -0.9996519 0
vn 0.7028345 0.6676439 0.2455102
vn 0.9413486 0.09872913 0.3226693
vn 0.6656889 0.6813291 0.3043829
vn 0.9374385 0.04007816 0.3458364
vn 0.4799607 -0.8592371 0.1770573
vn 0.9589438 -0.01661777 0.2831087
vn 0.4701855 -0.8768324 0.1004513
vn 0.04007816 -0.9980445 -0.04796788
vn 0.6617788 0.6989244 0.2712074
vn 0.9472136 -0.01270771 0.3203511
vn 0.4721406 -0.8768324 0.09081933
vn 0.05180836 -0.9941344 -0.09493493
vn 0.4095795 -0.9042029 0.1210859
vn 0.01270771 -0.9902244 -0.1389038
vn 0.7478002 0.5953076 0.293945
vn 0.6461385 0.7028345 0.2975378
vn 0.8455519 -0.2179862 0.4873643
vn 0.1182795 -0.913978 0.3881418
vn -0.1925708 -0.849462 0.4912544
vn 0.6637338 0.6480936 0.3734061
vn 0.7204298 0.6011727 0.3457924
vn 0.1143695 -0.3079177 0.9445138
vn -0.2609969 -0.3998043 0.8786564
vn 0.3157379 0.4213097 0.850181
vn 0.5698922 -0.2590419 0.7798206
vn 0.6363633 0.5366566 0.5541132
vn 0.5268815 0.438905 0.727845
vn 0.8924727 -0.3978493 0.2126229
vn 0.4349949 -0.8983378 0.0613896
vn 0.7712606 -0.5347016 0.3453277
vn 0.2785922 -0.9550338 0.1014733
vn 0.9452586 0.03812313 0.3240876
vn 0.3919842 -0.6930593 0.6049935
vn 0.0009775162 -0.9980445 0.0625
vn 0.8044962 -0.0811339 0.5883904
vn 0.0009775162 -0.7712606 0.6365187
vn 0.4330398 -0.0811339 0.8977159
vn -0.3919842 -0.6930593 0.6049935
vn -0.2785922 -0.9550338 0.1014733
vn -0.7712606 -0.5347016 0.3453277
vn -0.4349949 -0.8983378 0.06138911
vn -0.8924727 -0.3978493 0.2126226
vn -0.9452586 0.03812313 0.3240876
vn -0.8044962 -0.0811339 0.5883904
vn -0.4330399 -0.0811339 0.8977158
vn 0.0009775162 -0.1124144 0.9936609
vn 0.4584553 0.4760506 0.7504629
vn -0.4584553 0.4760506 0.7504629
vn -0.7732157 0.4115345 0.4824696
vn 0.0009775162 0.5327466 0.8462743
vn 0.7732157 0.4115345 0.4824696
vn -0.7517103 0.5874875 0.29965
vn -0.4447701 0.855327 0.2656977
vn -0.9120231 0.3372432 0.2334115
vn -0.4545453 0.7908109 0.4098862
vn 0.4545453 0.7908109 0.4098862
vn 0.4447701 0.855327 0.2656977
vn 0.7517103 0.5874875 0.29965
vn 0.912023 0.3372432 0.2334117
vn -0.0009775162 0.8846526 0.4662497
vn -0.7262949 0.6500486 0.2234559
vn -0.9276633 0.3313781 0.1721317
vn 0.7262949 0.6500486 0.2234559
vn 0.9276633 0.3313781 0.1721319
vn -0.6539587 0.7223848 0.2247182
vn -0.7008795 0.6637338 0.2611998
vn -0.8592371 0.4486802 0.2457596
vn -0.8748773 0.4193547 0.2423454
vn -0.6422285 0.7282499 0.2391539
vn -0.6852392 0.673509 0.2771874
vn 0.6539586 0.7223848 0.2247183
vn 0.7008795 0.6637338 0.2611998
vn 0.8592371 0.4486802 0.2457593
vn 0.8748774 0.4193547 0.2423451
vn 0.6422284 0.7282499 0.2391542
vn 0.6852392 0.673509 0.2771874
vn -0.6598238 0.6930593 0.290347
vn -0.8299116 0.5092862 0.2277595
vn 0.6598238 0.6930593 0.290347
vn 0.8299116 0.5092862 0.2277592
vn -0.7633121 0.6460299 0
vn -0.966764 0.2473117 -0.06484071
vn 0.7633121 0.6460299 0
vn 0.966764 0.2473117 -0.06484071
vn -0.9042029 0.3020526 -0.3019623
vn -0.794721 -0.5092862 -0.3302213
vn -0.796676 0.1515151 -0.5851072
vn -0.8181814 -0.5151513 -0.2553398
vn 0.9042029 0.3020526 -0.3019625
vn 0.794721 -0.5092862 -0.3302213
vn 0.796676 0.1515151 -0.5851072
vn 0.8181814 -0.5151513 -0.2553398
vn -0.6109478 0.6891493 -0.3896357
vn -0.6168129 -0.08308893 -0.7827119
vn -0.622678 -0.6520036 -0.4326238
vn 0.5444767 -0.6461385 -0.5348365
vn -0.438905 0.4877808 -0.7546074
vn -0.2179862 0.2766372 -0.9359241
vn 0.7380251 0.3157378 -0.596346
vn 0.6324533 0.4956009 -0.5953004
vn -0.7497553 0.4760506 -0.4596116
vn -0.7106546 0.6969694 -0.09593593
vn -0.5992177 0.796676 -0.07902806
vn -0.6871942 0.6989244 0.1981634
vn -0.6246331 0.7086996 0.3279915
vn -0.5562069 0.794721 0.2430069
vn -0.5992177 0.7497553 0.2807226
vn -0.5464318 0.794721 0.2642553
vn -0.560117 0.7673506 0.3121571
vn 0.0009775162 0.9569888 0.2901232
vn -0.5835774 0.7712606 0.2541544
vn -0.5464318 0.7478002 0.3771036
vn -0.0009775162 0.9589438 0.2835943
vn 0.0009775162 0.9374385 0.3481496
vn -0.0009775162 0.9022479 0.4312166
vn -0.0009775162 0.9589438 0.2835943
vn 0.5835774 0.7712606 0.2541544
vn 0.5464318 0.794721 0.2642553
vn 0.560117 0.7673506 0.3121571
vn 0.5992177 0.7497553 0.2807226
vn 0.6246331 0.7086996 0.3279915
vn 0.5464318 0.7478002 0.3771036
vn 0.6871942 0.6989244 0.1981634
vn 0.5562069 0.794721 0.2430069
vn 0.5992177 0.796676 -0.07902806
vn -0.0009775162 0.966764 0.2556686
vn 0.7106546 0.6969694 -0.09593593
vn 0.6109479 0.6891493 -0.3896357
vn 0.7497553 0.4760506 -0.4596116
vn 0.438905 0.4877808 -0.7546074
vn -0.0009775162 0.9980445 -0.0625
vn -0.0009775162 0.8924727 -0.4511003
vn 0.616813 -0.08308893 -0.7827119
vn 0.6226781 -0.6520036 -0.4326238
vn -0.5444767 -0.6461385 -0.5348365
vn 0.2179862 0.2766372 -0.9359241
vn -0.7380251 0.3157378 -0.596346
vn -0.6324533 0.4956009 -0.5953003
vn 0.616813 0.6774191 -0.4008056
vn 0.6891493 0.2864124 -0.6656135
vn 0.8983378 -0.3626587 -0.2479272
vn 0.8162264 -0.44086 -0.3733858
vn 0.5835774 0.07722378 -0.8083773
vn 0.0009775162 -0.6832842 -0.7301519
vn -0.0009775162 0.622678 -0.7824775
vn 0.0009775162 0.3333331 -0.9428086
vn -0.5835774 0.07722378 -0.8083773
vn -0.8162264 -0.44086 -0.3733858
vn -0.6891493 0.2864124 -0.6656135
vn -0.8983378 -0.3626587 -0.247927
vn -0.6168129 0.6774191 -0.4008057
vn -0.04007816 0.0244379 -0.9988976
vn 0.558162 0.4467251 -0.6992081
vn 0.3333332 0.4154446 -0.846342
vn 0.2942325 0.7302049 -0.6166263
vn -0.1827956 0.1358749 -0.9737164
vn -0.3294231 0.4545453 -0.8275682
vn -0.4956009 -0.2707721 -0.8252649
vn -0.5483868 -0.43695 -0.7129843
vn -0.6969694 -0.14956 -0.7013313
vn -0.6774191 -0.5073311 -0.5326524
vn -0.6559137 0.3880742 -0.6474378
vn 0.1867057 0.6813291 -0.7077652
vn 0.02639294 0.9178882 -0.3959605
vn 0.2160312 0.9022479 -0.3732013
vn 0.04398823 0.9960895 -0.07662127
vn -0.8768324 0.1808406 -0.4454904
vn -0.5366566 0.6891493 -0.4869014
vn -0.09481907 0.9921794 -0.0811752
vn -0.9159331 0.3939393 -0.07667027
vn -0.1788856 0.9628539 0.2022678
vn -0.5816224 0.7653955 0.2754724
vn -0.1925708 0.9628539 0.189285
vn -0.5992177 0.796676 -0.07902806
vn -0.2805473 0.8963828 0.3432071
vn -0.3059627 0.8983378 0.3152395
vn -0.4291298 0.8377317 0.3377175
vn -0.7888559 0.5913975 -0.1671984
vn -0.9002929 0.3079177 0.3076677
vn -0.7438902 0.5874875 0.3185686
vn -0.6402735 0.6637338 0.3866617
vn -0.3685237 0.8592371 0.3548266
vn -0.5913975 0.5874875 -0.5523654
vn -0.07135868 0.5151513 -0.8541236
vn -0.8084062 0.5131962 0.2882863
vn -0.7438902 0.6656889 -0.0590404
vn -0.5112412 0.8260015 0.2373898
vn -0.5855324 0.7829908 0.2099458
vn -0.5327466 0.8044962 0.2626157
vn -0.5522969 0.7653955 0.3303601
vn -0.4838707 0.8357767 0.2595118
vn -0.2981426 0.3567935 -0.8853301
vn -0.3665687 -0.5092862 -0.7786238
vn -0.6871942 -0.06549364 -0.7235155
vn -0.9374385 0.1026392 -0.3326774
vn -0.5503418 -0.8123163 -0.1930444
vn -0.002932549 -0.9491687 0.3147543
vn -0.6559137 -0.7536653 -0.04202127
vn 0.004887581 -0.9784942 0.2062166
vn -0.01075268 -0.9863143 0.1645251
vn -0.675464 -0.7204298 0.1572556
vn -0.02248287 -0.9941344 0.1057887
vn -0.9765391 0.206256 0.06188529
vn -0.5698922 -0.7751707 0.2726414
vn -0.02638376 -0.9996519 0
vn -0.7028345 0.6676439 0.2455102
vn -0.9413486 0.09872913 0.3226693
vn -0.6656889 0.6813291 0.3043829
vn -0.9374385 0.04007816 0.3458364
vn -0.4799607 -0.8592371 0.1770573
vn -0.9589438 -0.01661777 0.2831087
vn -0.4701855 -0.8768324 0.1004513
vn -0.04007816 -0.9980445 -0.04796788
vn -0.6617788 0.6989244 0.2712074
vn -0.9472136 -0.01270771 0.3203511
vn -0.4721406 -0.8768324 0.09081933
vn -0.05180836 -0.9941344 -0.09493493
vn -0.4095795 -0.9042029 0.1210859
vn -0.01270771 -0.9902244 -0.1389038
vn -0.7478002 0.5953076 0.293945
vn -0.6461385 0.7028345 0.2975377
vn -0.8455518 -0.2179862 0.4873644
vn -0.1182795 -0.913978 0.3881418
vn 0.1925708 -0.849462 0.4912544
vn -0.6637338 0.6480936 0.3734061
vn -0.7204298 0.6011727 0.3457924
vn -0.1143694 -0.3079177 0.9445138
vn 0.2609969 -0.3998043 0.8786564
vn -0.3157378 0.4213097 0.850181
vn -0.6363634 0.5366566 0.5541131
vn -0.5698922 -0.2590419 0.7798206
vn -0.5268815 0.438905 0.727845
vn -0.9628539 0.264907 -0.05231265
vn -0.9843593 -0.02248287 0.1747323
vn -0.9589438 -0.05180836 0.2788236
vn -0.8416418 -0.323558 0.4323763
vn -0.8768324 -0.4545453 0.1566959
vn -0.6461385 -0.7380251 -0.1944839
vn -0.9974537 -0.0713165 0
vn -0.857282 -0.5092862 -0.07546611
vn -0.9648089 -0.1769305 -0.1945233
vn -0.5503418 -0.8084062 -0.2088139
vn -0.6363634 -0.6950144 -0.334659
vn -0.8475069 -0.4271747 -0.3150457
vn -0.1925708 -0.9726291 -0.1300353
vn -0.2375365 -0.968719 -0.07183213
vn -0.2414466 -0.9648089 -0.1041502
vn 0.2707721 -0.9608989 -0.05792928
vn -0.14565 -0.9863143 -0.07726694
vn 0.3097709 -0.9508112 0
vn 0.06940371 -0.9921794 -0.1037457
vn -0.01466274 -0.9843593 -0.1755616
vn -0.05962849 -0.9960895 -0.06519377
vn 0.4349949 -0.8983378 0.0613896
vn -0.3079177 -0.9315734 -0.1932814
vn -0.3763438 -0.8924727 -0.2487123
vn 0.0420332 -0.9648089 -0.2595706
vn 0.2785922 -0.9550338 0.1014733
vn -0.0009775162 -0.9452586 -0.3263207
vn -0.1163244 -0.9159331 -0.3841031
vn 0.0009775162 -0.9980445 0.0625
vn -0.2785922 -0.9550338 0.1014733
vn -0.0244379 -0.9374385 -0.3472922
vn -0.1280547 -0.9315734 -0.3402543
vn -0.9413486 -0.2531768 -0.2230794
vn 0.1163245 -0.9589438 -0.2586413
vn -0.9296184 -0.3567936 -0.09223913
vn -0.9159331 -0.3470184 0.2016053
vn -0.4858258 -0.7673506 -0.418505
vn 0.794721 -0.5092862 -0.3302213
vn 0.206256 -0.9648089 -0.1631017
vn -0.9784942 0.1241446 0.1647341
vn -0.9589438 0.02248287 0.2827034
vn -0.8514169 -0.4740956 -0.2243269
vn 0.1553604 -0.9878579 0
vn 0.8181814 -0.5151513 -0.2553398
vn 0.6226781 -0.6520036 -0.4326238
vn -0.8826976 -0.4662755 -0.05858485
vn -0.03225803 -0.9902244 0.1357024
vn -0.5444767 -0.6461385 -0.5348365
vn -0.8963828 -0.4330398 0.09473309
vn -0.9120231 -0.2512218 0.3241937
vn -0.7380251 0.3157378 -0.596346
vn -0.6324533 0.4956009 -0.5953003
vn 0.7497553 0.4760506 -0.4596116
vn -0.3470184 -0.8064512 -0.4787637
vn 0.6539586 -0.7380251 -0.1663042
vn 0.8983378 -0.3626587 -0.2479272
vn 0.5738022 -0.7849458 -0.2336899
vn -0.0009775162 -0.9784942 -0.2062722
vn 0.5386117 -0.8396868 -0.06945189
vn 0.8162264 -0.44086 -0.3733858
vn -0.0009775162 -0.9296184 -0.3685224
vn 0.1163245 -0.9159331 -0.3841031
vn 0.4232064 -0.9060333 0
vn 0.0009775162 -0.6832842 -0.7301519
vn -0.0009775162 -0.9589438 -0.2835943
vn -0.5738022 -0.7849458 -0.2336899
vn 0.0009775162 -0.9999995 0
vn -0.0009775162 -0.9941344 0.1081471
vn -0.4232065 -0.9060333 0
vn -0.8162264 -0.44086 -0.3733858
vn -0.5386117 -0.8396868 -0.06945189
vn -0.8983378 -0.3626587 -0.247927
vn -0.6539587 -0.7380251 -0.166304
vn -0.7497553 0.4760506 -0.4596116
vn 0.3470184 -0.8064512 -0.4787637
vn 0.8826975 -0.4662755 -0.05858587
vn 0.6324533 0.4956009 -0.5953004
vn 0.851417 -0.4740956 -0.2243267
vn 0.8963827 -0.4330398 0.09473372
vn 0.7380251 0.3157378 -0.596346
vn 0.912023 -0.2512218 0.3241938
vn 0.5444767 -0.6461385 -0.5348365
vn 0.03225803 -0.9902244 0.1357024
vn -0.622678 -0.6520036 -0.4326238
vn -0.1553605 -0.9878579 0
vn -0.8181814 -0.5151513 -0.2553398
vn -0.794721 -0.5092862 -0.3302213
vn -0.206256 -0.9648089 -0.1631017
vn -0.1163244 -0.9589438 -0.2586413
vn 0.4858258 -0.7673506 -0.418505
vn 0.0244379 -0.9374385 -0.3472922
vn 0.1280547 -0.9315734 -0.3402543
vn 0.01466274 -0.9843593 -0.1755616
vn -0.0420332 -0.9648089 -0.2595706
vn -0.4349949 -0.8983378 0.06138911
vn 0.05962849 -0.9960895 -0.06519377
vn -0.06940365 -0.9921794 -0.1037457
vn -0.2707721 -0.9608989 -0.05792928
vn 0.1925708 -0.9726291 -0.1300353
vn 0.2414466 -0.9648089 -0.1041502
vn 0.2375365 -0.968719 -0.07183213
vn 0.5503418 -0.8084062 -0.2088139
vn 0.3763439 -0.8924727 -0.2487123
vn 0.9413486 -0.2531768 -0.2230794
vn 0.3079177 -0.9315734 -0.1932814
vn 0.9296184 -0.3567936 -0.09223913
vn 0.910068 -0.3665687 0.1934002
vn 0.9784942 0.1241446 0.1647341
vn 0.9589438 0.02248287 0.2827034
vn 0.1339198 -0.9882693 -0.07341126
vn 0.6363633 -0.6950144 -0.3346592
vn 0.8475069 -0.4271747 -0.3150456
vn 0.9648089 -0.1788855 -0.192727
vn 0.8572821 -0.5092862 -0.07546532
vn 0.6324533 -0.7478002 -0.2019844
vn 0.9960895 -0.07526881 -0.04626415
vn 0.8768324 -0.4545453 0.1566955
vn 0.9843593 -0.02834797 0.1738771
vn 0.8416418 -0.323558 0.4323763
vn 0.9589438 -0.05376339 0.2784532
vn 0.9648089 0.2590419 -0.04517748
vn -0.3724338 -0.9276633 0.02709081
vn 0.1730204 -0.9784942 0.1123081
vn -0.02248287 -0.9628539 0.2690852
vn -0.3626586 -0.9315734 0.0254902
vn 0.5229714 -0.5855324 0.619397
vn 0.7575754 -0.4428151 0.4795772
vn -0.1593353 -0.9765391 0.1448573
vn -0.1339198 -0.9159331 0.378328
vn 0.2825023 -0.9511237 0.1247243
vn -0.5405667 -0.6031278 0.586536
vn -0.8201364 -0.3646137 0.4409457
vn 0.9941344 0.01661777 -0.1068672
vn 0.910068 -0.2707721 -0.3137814
vn 0.9863143 -0.0928641 -0.1362365
vn 0.9921794 -0.0244379 0.1224044
vn 0.8084062 -0.4838707 -0.3351842
vn 0.6539586 -0.5503418 -0.5190973
vn 0.9921794 -0.1143695 0.04999686
vn 0.5405667 -0.8338217 0.1119328
vn 0.3998043 -0.7204298 -0.56669
vn 0.1593352 -0.7419351 -0.6512638
vn 0.8318667 -0.5386117 -0.1337734
vn 0.3391983 -0.8611922 -0.37854
vn -0.004887581 -0.912023 -0.4101099
vn 0.9530787 -0.14956 0.263197
vn 0.1827956 -0.9804492 -0.0728362
vn -0.1143694 -0.9804492 -0.1601218
vn 0.6969694 -0.7047895 0.1323081
vn 0.8768324 -0.1906158 0.4413961
vn 0.5933526 -0.7810358 0.1947197
vn 0.675464 -0.6871942 0.2674181
vn 0.05180836 -0.9960895 0.0715657
vn -0.2413857 -0.9704292 0
vn 0.7732157 -0.2336265 0.589539
vn 0.5073311 -0.7536653 0.4178561
vn 0.6011727 -0.7458452 0.2868906
vn -0.03225803 -0.9726291 0.2301133
vn 0.3743889 -0.9002928 0.2220492
vn 0.497556 -0.7262949 0.4742719
vn 0.6441835 -0.266862 0.7168071
vn 0.3900291 -0.7575754 0.5234088
vn -0.1339198 -0.9198431 0.3687195
vn 0.2727271 -0.8709673 0.4087002
vn 0.4271747 -0.6500486 0.6284573
vn 0.4056694 -0.6774191 0.6136251
vn 0.3118278 -0.562072 0.7660537
vn 0.1143695 -0.5953076 0.7953166
vn -0.6148579 -0.734115 0.2881406
vn -0.8768324 -0.1906158 0.4413962
vn -0.5992177 -0.7849458 0.1574743
vn -0.5405667 -0.8338217 0.1119328
vn -0.7732157 -0.2336265 0.589539
vn -0.5073311 -0.7536653 0.4178561
vn -0.6539587 -0.262952 0.7093619
vn -0.44086 -0.7106546 0.5482814
vn -0.1632453 -0.6422284 0.7489283
vn 0.01857281 -0.6246331 0.7806975
vn -0.1378299 -0.7810358 0.6090862
vn -0.4682305 -0.7204298 0.5116065
vn -0.3900292 -0.6969694 0.6017566
vn -0.5053761 -0.7165197 0.4808269
vn 0.1769305 -0.9511237 0.2530993
vn -0.1573802 -0.9628539 0.219417
vn -0.4545453 -0.8905177 0.01915532
vn -0.07526875 -0.9941344 0.07766205
vn 0.0928641 -0.9843593 -0.1497102
vn -0.6129029 -0.734115 0.292276
vn -0.204301 -0.9765391 -0.06806228
vn -0.04985332 -0.9159331 -0.3982226
vn -0.7067446 -0.6950144 0.1321634
vn -0.3646137 -0.8690123 -0.3344765
vn -0.06744862 -0.7556204 -0.6515279
vn -0.9530787 -0.14956 0.263197
vn -0.3998044 -0.7184747 -0.5691665
vn -0.6539587 -0.5307915 -0.5390718
vn -0.8396868 -0.5288365 -0.1235238
vn -0.9921794 -0.1143695 0.04999686
vn -0.9921794 -0.0244379 0.1224044
vn -0.8514169 -0.4271747 -0.3043205
vn -0.910068 -0.2707721 -0.3137812
vn -0.9863143 -0.0928641 -0.1362365
vn -0.9941344 0.01661777 -0.1068672
vn -0.5131962 -0.3607036 0.7787955
vn -0.1827956 -0.3607036 0.9145921
vn 0.3646137 0.0009775162 0.9311584
vn -0.008797646 -0.1006842 0.9948795
vn -0.0009775162 -0.01075268 0.9999417
vn 0.002932549 -0.2590419 0.9658616
vn 0.3157379 -0.5874875 0.745096
vn 0.01857281 -0.6246331 0.7806975
vn 0.1085044 -0.9433036 0.313696
vn -0.4682305 -0.7204298 0.5116065
vn -0.8181814 -0.5249264 0.2345879
vn -0.1573802 -0.9628539 0.219417
vn -0.4545453 -0.8905177 0.01915532
vn -0.7517103 -0.4740956 0.4584376
vn -0.1378299 -0.7810358 0.6090862
vn -0.8514169 -0.5210164 0.06025898
vn -0.910068 -0.3919842 -0.1346276
vn -0.6852392 -0.2883674 0.6687986
vn 0.01857281 -0.6246331 0.7806975
vn -0.3079177 -0.2336265 0.9222826
vn 0.002932549 -0.2590419 0.9658616
vn -0.3587486 -0.5171063 0.7771104
vn -0.4349949 -0.6950144 0.572481
vn 0.2414466 -0.266862 0.9329996
vn 0.1143695 -0.5953076 0.7953166
vn 0.1534701 -0.5835774 0.7974235
vn 0.6129029 -0.3782989 0.6937146
vn 0.6441835 -0.5874875 0.4897818
vn 0.4271747 -0.6500486 0.6284573
vn 0.2727271 -0.8709673 0.4087002
vn 0.3743889 -0.9002928 0.2220492
vn 0.1397849 -0.7888559 0.5984702
vn -0.4838707 -0.8005861 0.3534558
vn 0.14565 -0.913978 0.3787218
vn 0.6793741 -0.671554 0.2957467
vn 0.8846526 -0.4565003 0.09485444
vn 0.6989244 -0.7067446 0.1096212
vn 0.8787875 -0.4740956 -0.05446074
vn 0.14956 -0.9804492 0.1278717
vn 0.6871942 -0.7204298 -0.09351479
vn 0.849462 -0.4936459 -0.1863548
vn -0.4799607 -0.8709673 0.1051365
vn 0.6930593 -0.6793741 -0.2410801
vn 0.8240465 -0.4682305 -0.3189162
vn 0.1710654 -0.9784942 -0.1152641
vn -0.8338217 -0.5366566 -0.1293875
vn 0.6813291 -0.6461385 -0.3439414
vn 0.8592371 -0.3704788 -0.3527846
vn 0.202346 -0.9374385 -0.2833112
vn -0.4486802 -0.8807425 -0.1515877
vn -0.4134896 -0.8475069 -0.3328037
vn -0.8044962 -0.4936459 -0.3303023
vn -0.8924727 -0.2766372 -0.3563205
vn -0.8299116 -0.147605 -0.5380144
vn 0.204301 -0.8709673 -0.4468524
vn 0.6852392 -0.5972627 -0.4168028
vn 0.1045943 -0.614858 -0.7816711
vn 0.202346 -0.8064512 -0.5556011
vn -0.7438902 -0.3743889 -0.5535887
vn -0.3763438 -0.7556204 -0.5361
vn -0.3567935 -0.6559137 -0.6651884
vn -0.6774191 -0.2336265 -0.6975114
vn -0.73216 0.04398823 -0.6797108
vn -0.3059627 0.853372 -0.4220701
vn -0.6969694 0.560117 -0.4477752
vn -0.8220915 0.02834797 -0.5686493
vn -0.6617788 0.5034211 -0.5555322
vn -0.8240465 -0.4506352 -0.3433297
vn -0.438905 -0.8846526 -0.1573287
vn -0.8866076 -0.384164 -0.2575749
vn -0.5386117 -0.8201364 -0.1930642
vn -0.622678 -0.7438902 -0.2426921
vn -0.7693056 0.5444767 -0.3342364
vn -0.9589438 -0.086999 -0.269922
vn -0.8709673 -0.4877808 0.05904166
vn -0.6695989 -0.73216 -0.124816
vn -0.968719 0.01270771 0.2478346
vn -0.9941344 -0.07135874 -0.08126922
vn -0.8044962 -0.2961875 -0.5148386
vn -0.560117 -0.3118278 -0.7674844
vn -0.9824042 -0.1827956 -0.03831088
vn -0.8416418 -0.2238513 -0.4914567
vn -0.675464 -0.6402734 -0.3657846
vn -0.8064512 -0.1710654 -0.5660151
vn -0.7536653 -0.3528835 -0.5544924
vn -0.5562069 0.06744862 -0.8283022
vn -0.7262949 -0.1065493 -0.6790751
vn -0.7556204 -0.09090906 -0.6486705
vn -0.6852392 0.1397849 -0.7147779
vn -0.497556 0.3157378 -0.807928
vn -0.7106546 0.2961875 -0.6381559
vn -0.6363634 0.4604104 -0.6189216
vn -0.7302049 0.4349949 -0.5268587
vn -0.9374385 0.1652004 -0.3064603
vn -0.73216 0.5972626 -0.3274433
vn -0.7908109 0.5366566 -0.2943089
vn -0.6011727 0.7888559 -0.1276627
vn -0.906158 0.3607036 -0.2208408
vn -0.8005861 0.5953076 -0.06834302
vn -0.7653955 0.6422285 0.04137914
vn -0.5816224 0.8123163 0.04310033
vn -0.5874875 0.792766 0.162421
vn -0.9452586 0.1006842 -0.3104011
vn -0.9178882 0.3958943 -0.02736826
vn -0.7243398 0.6617788 0.1933406
vn -0.5718472 0.7497553 0.3329532
vn -0.7419351 0.6539587 0.1478862
vn -0.8905177 -0.321603 0.3217914
vn -0.9550338 0.264907 -0.1331719
vn -0.9960895 0.08504391 0.02394365
vn -0.8611921 0.5053761 0.05425088
vn -0.8435968 0.5366566 -0.01854906
vn -0.9765391 0.204301 0.06806205
vn -0.9921794 -0.1085044 0.06169978
vn -0.9765391 0.1182795 -0.1799481
vn -0.8435968 -0.01857281 -0.5366558
vn -0.9589438 0.2805473 -0.04147203
vn -0.966764 0.1671554 -0.1934592
vn -0.9433036 0.325513 -0.06495873
vn -0.9882693 0.07331371 0.1339732
vn -0.7126096 0.6930593 0.1088864
vn -0.7497553 0.6324533 0.1946017
vn -0.8846526 0.4643204 0.04238284
vn -0.8162264 0.4271748 0.3889681
vn -0.5698922 0.6774191 0.4651089
vn -0.9433036 0.2355815 0.2338369
vn -0.7204298 0.323558 0.6134257
vn -0.558162 0.5777123 0.5955701
vn -0.9257083 0.1612903 0.3421251
vn -0.9178882 -0.1867057 0.3501747
vn -0.9804492 -0.1788855 0.08197151
vn -0.8651022 0.09286404 0.4929245
vn -0.8416418 0.1280547 0.5246342
vn -0.8826976 0.1945258 0.4277905
vn -0.7419351 -0.1808406 0.6456229
vn -0.7067446 0.02248287 0.7071115
vn -0.4545453 0.1221895 0.8823028
vn -0.7243398 0.3450633 0.5968778
vn -0.8885627 0.1906158 0.4172793
vn -0.7849458 0.3861191 0.4845328
vn -0.6911043 0.1691104 0.7026923
vn -0.6520036 -0.1417399 0.7448496
vn -0.6285433 0.3724338 0.6828078
vn -0.6050828 0.3880742 0.6951786
vn -0.6695989 0.1593353 0.7254306
vn -0.3704787 0.6363634 0.6765997
vn -0.2355815 0.8455518 0.4791069
vn -0.1476051 0.6461385 0.7488109
vn -0.4956009 0.4076245 0.7669563
vn -0.5444767 0.1319648 0.8283299
vn -0.5268815 -0.1691104 0.8329451
vn -0.1788856 0.378299 0.9082344
vn 0.0009775162 0.3919842 0.9199715
vn -0.0009775162 0.6598238 0.7514197
vn 0.147605 0.6461385 0.7488109
vn -0.1906158 0.1397849 0.9716613
vn -0.2297164 -0.1730204 0.9577548
vn 0.0009775162 -0.1769305 0.9842228
vn -0.1886607 0.03225803 0.9815124
vn -0.008797646 -0.1006842 0.9948795
vn -0.0009775162 -0.01075268 0.9999417
vn -0.03812313 -0.06549364 0.9971245
vn 0.0009775162 0.1593353 0.987224
vn 0.2297164 -0.1730204 0.9577548
vn 0.2121211 0.06158352 0.975301
vn 0.4545453 0.1221895 0.8823028
vn 0.1906158 0.1397849 0.9716613
vn 0.5268815 -0.1691104 0.8329451
vn 0.1788855 0.378299 0.9082345
vn 0.5444767 0.1319648 0.8283299
vn 0.6520036 -0.1417399 0.7448497
vn 0.4956009 0.4076245 0.7669563
vn 0.7419351 -0.1808406 0.6456229
vn 0.7067446 0.02248287 0.7071115
vn 0.8651022 0.09286404 0.4929243
vn 0.9178881 -0.1867057 0.3501748
vn 0.968719 0.01270771 0.2478346
vn 0.6695989 0.1593353 0.7254306
vn 0.3704788 0.6363634 0.6765997
vn 0.2355815 0.8455518 0.4791069
vn 0.558162 0.5777123 0.5955701
vn 0.6050828 0.3880742 0.6951786
vn 0.6911043 0.1691104 0.7026923
vn 0.8885626 0.1906158 0.4172794
vn 0.6285432 0.3724338 0.6828078
vn 0.7849458 0.3861191 0.4845328
vn 0.7243398 0.3450633 0.5968778
vn 0.8826975 0.1945258 0.4277906
vn 0.7204298 0.323558 0.6134257
vn 0.5698922 0.6774191 0.4651089
vn 0.8416418 0.1280547 0.5246342
vn 0.8162264 0.4271748 0.3889681
vn 0.5718472 0.7497553 0.3329532
vn 0.9257082 0.1612903 0.3421253
vn 0.9882693 0.07331371 0.1339732
vn 0.9433036 0.2355815 0.2338369
vn 0.9804492 -0.1788855 0.08197151
vn 0.9824042 -0.1827956 -0.03831088
vn 0.8846526 0.4643204 0.04238425
vn 0.9433036 0.325513 -0.06495873
vn 0.8435969 0.5366566 -0.01854746
vn 0.7497553 0.6324533 0.1946017
vn 0.966764 0.1671554 -0.1934592
vn 0.7126096 0.6930593 0.1088864
vn 0.7419351 0.6539587 0.1478862
vn 0.9589438 0.2805473 -0.04147203
vn 0.7243398 0.6617788 0.1933406
vn 0.7653955 0.6422285 0.04137914
vn 0.5874875 0.792766 0.162421
vn 0.5816224 0.8123163 0.04310033
vn 0.6011727 0.7888559 -0.1276622
vn 0.8611922 0.5053761 0.05424978
vn 0.9765391 0.204301 0.06806205
vn 0.9765391 0.1182795 -0.1799481
vn 0.9178881 0.3958943 -0.02737044
vn 0.8005861 0.5953076 -0.06834302
vn 0.73216 0.5972626 -0.3274433
vn 0.7908109 0.5366566 -0.2943089
vn 0.7302049 0.4349949 -0.5268587
vn 0.8435969 -0.01857281 -0.5366557
vn 0.9589438 -0.086999 -0.269922
vn 0.9941344 -0.07135874 -0.08126922
vn 0.8866076 -0.384164 -0.2575752
vn 0.8709673 -0.4877808 0.05904065
vn 0.6695989 -0.73216 -0.124816
vn 0.6226781 -0.7438902 -0.2426921
vn 0.5386117 -0.8201364 -0.1930642
vn 0.438905 -0.8846526 -0.1573287
vn 0.9921794 -0.1085044 0.06169978
vn 0.8240465 -0.4506352 -0.3433297
vn 0.8220915 0.02834797 -0.5686493
vn 0.9960895 0.08504391 0.02394365
vn 0.7693056 0.5444767 -0.3342364
vn 0.6969694 0.560117 -0.4477752
vn 0.3059627 0.853372 -0.4220701
vn 0.6617788 0.5034211 -0.5555322
vn 0.8905177 -0.321603 0.3217916
vn 0.8044962 -0.2961875 -0.5148386
vn 0.560117 -0.3118278 -0.7674844
vn 0.9452586 0.1006842 -0.3104011
vn 0.8416418 -0.2238513 -0.4914566
vn 0.6774191 -0.6402734 -0.3621511
vn 0.9550338 0.264907 -0.1331719
vn 0.9061579 0.3607036 -0.220841
vn 0.8025411 -0.1730204 -0.5709568
vn 0.7614855 -0.2981426 -0.5755441
vn 0.9374385 0.1652004 -0.3064603
vn 0.6363633 0.4604104 -0.6189217
vn 0.7106546 0.2961875 -0.6381559
vn 0.5034211 0.2766372 -0.8185592
vn 0.7262949 0.1065493 -0.6790751
vn 0.6050828 0.01466274 -0.7960275
vn 0.7380251 -0.1065493 -0.6663079
vn 0.6050828 -0.0420332 -0.7950522
vn 0.3958942 -0.8866076 -0.2391542
vn 0.4799607 -0.8748774 -0.06501754
vn 0.4799607 -0.8748774 0.06501754
vn 0.3528835 -0.8905177 -0.2871437
vn 0.3509285 -0.8318667 -0.4299384
vn 0.0009775162 -0.970674 -0.2403975
vn 0.2942325 -0.8416418 -0.4528424
vn 0.3450634 -0.73216 -0.5872589
vn 0.2922775 -0.73607 -0.6105528
vn 0.3352882 -0.6070378 -0.7204769
vn 0.3137829 -0.5992177 -0.7365314
vn -0.0009775162 -0.7086996 -0.7055097
vn -0.0009775162 -0.8044962 -0.593957
vn -0.0009775162 -0.8709673 -0.49134
vn 0.0009775162 -0.9178881 -0.3968381
vn -0.3528835 -0.8905177 -0.2871438
vn -0.4799607 -0.8748774 -0.06501754
vn -0.2922775 -0.73607 -0.6105528
vn -0.3137828 -0.5992177 -0.7365314
vn -0.3352882 -0.6070378 -0.7204769
vn -0.3450633 -0.73216 -0.5872589
vn -0.2942325 -0.8416418 -0.4528424
vn -0.3509284 -0.8318667 -0.4299384
vn -0.3958943 -0.8866076 -0.239154
vn -0.4799607 -0.8748774 0.06501754
vn 0.1710654 0.3939393 -0.9030772
vn 0.2570869 0.3118278 -0.9146965
vn 0.5464318 0.675464 -0.495137
vn 0.9042029 0.1124144 -0.4120439
vn 0.9433036 -0.030303 0.3305451
vn 0.4017593 0.8807425 0.2507629
vn 0.3157379 0.8690122 0.3809558
vn 0.3352882 -0.9315734 -0.1405449
vn 0.5444767 -0.01857281 0.8385703
vn -0.1652004 0.1163244 -0.979376
vn 0.004887581 0.8025411 0.5965768
vn -0.2160312 0.6324533 0.7438638
vn 0.1104594 -0.3411533 0.9334952
vn -0.3489734 0.5874875 0.7301206
vn -0.266862 -0.3958942 0.8786651
vn -0.6070378 0.4760506 0.6363025
vn -0.6011727 -0.5679371 0.5621733
vn -0.8084062 0.3704787 0.457411
vn -0.9315734 0.2492667 0.2646453
vn -0.7262949 -0.6656889 0.1713303
vn -0.7771257 -0.6265882 -0.05884625
vn -0.9374385 0.2864124 0.1979319
vn -0.7399801 -0.1769305 -0.6489415
vn -0.560117 -0.5092862 -0.6533732
vn -0.09872913 0.3861191 -0.9171503
vn -0.08504391 0.4213097 -0.9029206
vn 0.006842613 0.4584553 -0.8886911
vn 0.1710654 0.3939393 -0.9030772
vn -0.1710654 0.3939393 -0.9030772
vn -0.5464318 0.675464 -0.495137
vn -0.2570869 0.3118278 -0.9146965
vn -0.9042029 0.1124144 -0.4120438
vn -0.9433036 -0.030303 0.3305451
vn -0.4017594 0.8807425 0.2507629
vn -0.3157378 0.8690122 0.3809558
vn -0.3352882 -0.9315734 -0.1405449
vn -0.5444767 -0.01857281 0.8385703
vn 0.1652003 0.1163244 -0.9793761
vn -0.004887581 0.8025411 0.5965768
vn 0.2160312 0.6324533 0.7438638
vn -0.1104593 -0.3411533 0.9334952
vn 0.3489735 0.5874875 0.7301206
vn 0.266862 -0.3958942 0.8786651
vn 0.6070378 0.4760506 0.6363025
vn 0.6011727 -0.5679371 0.5621732
vn 0.8084062 0.3704787 0.457411
vn 0.9315734 0.2492667 0.2646453
vn 0.7262949 -0.6656889 0.1713303
vn 0.7771257 -0.6265882 -0.05884625
vn 0.9374385 0.2864124 0.1979319
vn 0.7399801 -0.1769305 -0.6489415
vn 0.560117 -0.5092862 -0.6533732
vn 0.09872919 0.3861191 -0.9171503
vn 0.08504397 0.4213097 -0.9029206
vn -0.006842613 0.4584553 -0.8886911
vn -0.1710654 0.3939393 -0.9030772
vn 0.2258064 -0.9472136 -0.2275913
vn 0.2981426 -0.9452586 -0.1326542
vn 0.2512218 -0.9354835 -0.2485123
vn 0.2336265 -0.9550338 -0.1825627
vn 0.1808406 -0.9569888 -0.2268681
vn 0.2434016 -0.9628539 -0.1169102
vn 0.1827956 -0.9628539 -0.1987413
vn 0.2414466 -0.9648089 -0.1041502
vn 0.264907 -0.9433036 -0.2000066
vn 0.3000976 -0.9511237 -0.0728362
vn 0.3020526 -0.9354835 -0.1833984
vn 0.3919842 -0.9198431 -0.01539442
vn 0.3431084 -0.9296184 -0.1344856
vn 0.382209 -0.9237532 -0.02441894
vn 0.3724338 -0.9257082 -0.06600969
vn 0.3548386 -0.9335284 -0.05112983
vn 0.3782903 -0.9256871 0
vn 0.3782989 -0.9237532 -0.05974865
vn 0.382209 -0.9237532 -0.02441894
vn -0.2258064 -0.9472136 -0.2275913
vn -0.2512218 -0.9354835 -0.2485123
vn -0.2981426 -0.9452586 -0.1326542
vn -0.2336265 -0.9550338 -0.1825627
vn -0.1808406 -0.9569888 -0.226868
vn -0.2434016 -0.9628539 -0.1169102
vn -0.1827956 -0.9628539 -0.1987413
vn -0.2414466 -0.9648089 -0.1041502
vn -0.264907 -0.9433036 -0.2000066
vn -0.3000976 -0.9511237 -0.0728362
vn -0.3020526 -0.9354835 -0.1833984
vn -0.3919842 -0.9198431 -0.01539442
vn -0.3431083 -0.9296184 -0.1344858
vn -0.3822091 -0.9237532 -0.02441772
vn -0.3724338 -0.9257082 -0.06601013
vn -0.3548385 -0.9335284 -0.05113041
vn -0.3782903 -0.9256871 0
vn -0.378299 -0.9237532 -0.05974815
vn -0.3822091 -0.9237532 -0.02441772
vn 0.3372433 -0.9413486 -0.01139904
vn 0.43695 -0.8944277 0.09525646
vn 0.4662701 -0.8846424 0
vn 0.380254 -0.913978 0.1416018
vn 0.4643204 -0.8826975 -0.07246824
vn 0.3040076 -0.9374385 0.1696716
vn 0.4310848 -0.8885626 -0.1569152
vn 0.2375365 -0.9628539 0.1284084
vn 0.3665687 -0.9081129 -0.2023814
vn 0.202346 -0.9784942 0.04006659
vn 0.2922775 -0.9374385 -0.1891639
vn 0.204301 -0.9784942 -0.02846621
vn 0.2336265 -0.9628539 -0.135392
vn -0.2570869 -0.9530787 -0.1598349
vn -0.1319648 -0.9882693 -0.07687019
vn -0.1182795 -0.9784942 -0.1689945
vn -0.1749755 -0.9843593 -0.02050491
vn -0.1339198 -0.9569888 -0.2573673
vn -0.2473117 -0.968719 0.02050345
vn -0.1788856 -0.9296184 -0.3221951
vn -0.3232505 -0.9463134 0
vn -0.2512218 -0.9042029 -0.3454052
vn -0.3743888 -0.9237532 -0.08070315
vn -0.323558 -0.8924727 -0.314329
vn -0.3900292 -0.9061579 -0.1635699
vn -0.3743888 -0.8944277 -0.2446059
vn -0.4447701 0.7673506 0.4619012
vn -0.4447701 0.7673506 0.4619012
vn -0.4447701 0.7673506 0.4619012
vn 0.4447701 0.7673506 0.4619012
vn 0.4447701 0.7673506 0.4619012
vn 0.4447701 0.7673506 0.4619012
vn 0.9960895 0.02052784 -0.08593237
vn 0.7302049 0.6813291 0.05090551
vn -0.325513 0.266862 0.9070976
vn -0.01857281 0.7751707 0.6314788
vn 0.086999 0.9921794 0.08950543
vn -0.01661777 0.9002929 -0.4349673
vn -0.07135868 0.73607 -0.6731336
vn 0.2179862 0.7497553 -0.6247792
vn -0.1300098 0.6050828 -0.7854759
vn 0.5151513 0.3841641 -0.7661834
vn 0.9960895 0.02052784 -0.08593237
vn 0.9511237 0.1886607 -0.2444807
vn 0.7302049 0.6813291 0.05090551
vn 0.9824042 0.090909 -0.1631487
vn 0.9980445 0.05962849 -0.01875226
vn 0.9745841 -0.1241446 -0.1864777
vn 0.968719 0.1124144 -0.2212385
vn 0.9296184 -0.01075268 -0.3683668
vn 0.9315734 0.2394916 -0.273523
vn 0.9745841 -0.1260996 -0.1851612
vn 0.9374385 0.1280547 -0.3237454
vn 0.7458452 0.1476051 -0.6495596
vn 0.9745841 -0.1378298 -0.1766033
vn 0.9902244 -0.08895403 0.1074379
vn 0.9726291 -0.202346 -0.1142313
vn 0.9081129 -0.2140762 0.3598642
vn 0.9374385 -0.1827956 0.296302
vn 0.6852392 -0.2981426 0.6644985
vn 0.7028345 -0.2179862 0.6771305
vn 0.3411533 -0.3743889 0.862234
vn 0.3489735 -0.2179862 0.9114272
vn 0.6109479 -0.5796673 0.5391924
vn 0.8435969 -0.4525902 0.2889748
vn 0.9550338 -0.2785922 0.1014734
vn -0.0009775162 -0.4076244 0.9131492
vn -0.0009775162 -0.2316715 0.9727936
vn -0.3489734 -0.2179862 0.9114272
vn -0.3411533 -0.3743889 0.862234
vn -0.7028345 -0.2179862 0.6771305
vn -0.0009775162 -0.73216 0.681132
vn 0.2844573 -0.6989244 0.6561925
vn 0.5288365 -0.792766 0.3030744
vn -0.6852392 -0.2981426 0.6644985
vn -0.9374385 -0.1827956 0.296302
vn -0.908113 -0.2140762 0.3598641
vn -0.9980445 0.05962849 -0.01875226
vn -0.6109478 -0.5796673 0.5391924
vn -0.2844573 -0.6989244 0.6561925
vn -0.0009775162 -0.9296184 0.3685224
vn 0.2512218 -0.9022478 0.3504803
vn -0.0009775162 -0.9941344 0.1081471
vn -0.2512218 -0.9022478 0.3504803
vn -0.5288365 -0.792766 0.3030744
vn -0.8435968 -0.4525902 0.2889749
vn -0.9902244 -0.08895403 0.1074379
vn 0.2531768 -0.9608989 0.1121376
vn -0.2531768 -0.9608989 0.1121376
vn -0.9824042 0.090909 -0.1631487
vn -0.9511237 0.1886607 -0.2444807
vn -0.5288365 -0.8377318 0.1361523
vn 0.5288365 -0.8377318 0.1361523
vn 0.7771257 -0.6285432 0.0317655
vn 0.4799607 -0.8729224 -0.08743166
vn 0.8357767 -0.5210164 -0.1732605
vn -0.9960895 0.02052784 -0.08593237
vn -0.7302049 0.6813291 0.05090551
vn 0.2492667 -0.9628539 -0.1038192
vn 0.6050828 -0.7634405 -0.2259057
vn 0.8866076 -0.4193546 -0.195112
vn 0.7497553 -0.6109479 -0.2541844
vn 0.8651022 -0.4584553 -0.2035113
vn 0.4858258 -0.8123163 -0.3226694
vn 0.7067446 -0.6617788 -0.2501219
vn 0.4134895 -0.853372 -0.3174627
vn 0.319648 -0.853372 -0.4118026
vn 0.3020526 -0.8396868 -0.4513206
vn 0.794721 -0.5796673 -0.180012
vn 0.6285432 -0.7693056 -0.1144655
vn 0.321603 -0.8826975 -0.3426611
vn 0.2316715 -0.8396868 -0.4911765
vn 0.9608989 -0.2218963 -0.1656362
vn 0.7575754 -0.6480935 -0.07780946
vn 0.5190613 -0.851417 0.07526226
vn 0.9433036 -0.2199413 -0.2486045
vn 0.7556204 -0.6520036 0.06268331
vn 0.4760506 -0.8162264 0.3273382
vn 0.2140762 -0.9002928 0.3790043
vn 0.8025411 0.1691104 -0.572127
vn 0.5425217 0.3059627 -0.7823408
vn 0.5151513 0.3841641 -0.7661834
vn 0.7380251 -0.673509 0.04128684
vn 0.438905 -0.8709673 0.2208582
vn 0.2316715 -0.796676 0.5582433
vn 0.1534701 -0.7751707 0.6128274
vn 0.2883674 -0.7517103 0.593107
vn 0.2609969 -0.7693056 0.5831376
vn 0.3098727 -0.8435969 0.4385467
vn 0.8787875 -0.2140762 -0.426502
vn 0.6695989 0.07722378 -0.7386974
vn 0.7419351 -0.6050828 -0.2888028
vn 0.7008795 -0.2766372 -0.6574495
vn 0.5386117 -0.04594326 -0.8413006
vn 0.2688171 -0.8553271 0.4428916
vn 0.2883674 -0.9178881 0.2726274
vn 0.3255131 -0.8807425 0.343997
vn 0.3528835 -0.9217982 0.1605033
vn 0.3000976 -0.9393935 0.1657747
vn 0.2766372 -0.9608989 0.01204977
vn 0.3098727 -0.9491687 0.05529664
vn 0.2922775 -0.9354835 -0.1986067
vn 0.3587486 -0.9002928 0.2465204
vn 0.4056694 -0.8260015 0.3913487
vn 0.3939392 -0.7771257 0.4908029
vn 0.3333332 -0.9061579 0.2603205
vn 0.3411533 -0.9237532 -0.1740529
vn 0.4467251 -0.8631472 0.2354009
vn 0.3176929 -0.9315734 -0.1767548
vn 0.3000976 -0.9061579 -0.2980256
vn 0.3391983 -0.9198431 0.1970611
vn -0.0009775162 -0.9784942 0.2062722
vn 0.3431084 -0.9081129 -0.2400157
vn 0.321603 -0.8377318 -0.4413355
vn 0.2375365 -0.8768324 -0.4180207
vn 0.2688171 -0.8279566 -0.4921638
vn 0.266862 -0.8611922 -0.4325884
vn 0.2746822 -0.8983378 -0.3428395
vn 0.1808406 -0.9452586 -0.27163
vn -0.0009775162 -0.9608989 -0.2768978
vn -0.0009775162 -0.9960895 -0.08834484
vn -0.0009775162 -0.9198431 -0.3922851
vn -0.2492667 -0.9628539 -0.1038192
vn -0.0009775162 -0.968719 -0.2481582
vn -0.1808406 -0.9452586 -0.2716299
vn -0.266862 -0.8611922 -0.4325884
vn -0.3431083 -0.9081129 -0.2400158
vn -0.4799607 -0.8729224 -0.08743166
vn -0.2746822 -0.8983378 -0.3428395
vn -0.3216029 -0.8826975 -0.3426611
vn -0.2688171 -0.8279566 -0.4921638
vn -0.3216029 -0.8377318 -0.4413355
vn -0.7771257 -0.6285432 0.0317655
vn -0.2316715 -0.8396868 -0.4911765
vn -0.2375365 -0.8768324 -0.4180207
vn -0.3020526 -0.8396868 -0.4513206
vn -0.3000976 -0.9061579 -0.2980256
vn -0.4134896 -0.853372 -0.3174626
vn -0.3196479 -0.853372 -0.4118026
vn -0.4858258 -0.8123163 -0.3226694
vn -0.3176929 -0.9315734 -0.1767548
vn -0.2922775 -0.9354835 -0.1986067
vn -0.6050828 -0.7634405 -0.2259059
vn -0.7497553 -0.6109479 -0.2541844
vn -0.3098727 -0.9491687 0.05529664
vn -0.2766372 -0.9608989 0.01204977
vn -0.8357767 -0.5210164 -0.1732607
vn -0.3391982 -0.9198431 0.1970613
vn -0.3939393 -0.7771257 0.4908029
vn -0.3000976 -0.9393935 0.1657747
vn -0.3528835 -0.9217982 0.1605035
vn -0.3587486 -0.9002928 0.2465205
vn -0.325513 -0.8807425 0.3439971
vn -0.3098727 -0.8435969 0.4385467
vn -0.4056695 -0.8260015 0.3913487
vn -0.2688171 -0.8553271 0.4428916
vn -0.0009775162 -0.7751707 0.6317511
vn -0.0009775162 -0.8866076 0.4625214
vn -0.2609969 -0.7693056 0.5831376
vn -0.2883674 -0.7517103 0.593107
vn 0.5210164 -0.8357767 0.1732606
vn -0.2316715 -0.796676 0.5582433
vn -0.438905 -0.8709673 0.2208582
vn -0.1534702 -0.7751707 0.6128274
vn -0.2140762 -0.9002928 0.3790043
vn -0.4760506 -0.8162264 0.3273382
vn -0.5190613 -0.851417 0.07526226
vn -0.2883674 -0.9178881 0.2726274
vn -0.3333331 -0.9061579 0.2603207
vn -0.3411533 -0.9237532 -0.1740529
vn -0.4467251 -0.8631472 0.2354009
vn -0.3431083 -0.9257082 -0.1591885
vn -0.5210164 -0.8357767 0.1732606
vn -0.3646137 -0.8905177 -0.2720942
vn -0.0009775162 -0.9999995 0
vn 0.3646137 -0.8905177 -0.272094
vn -0.0009775162 -0.9159331 -0.4013298
vn 0.3431084 -0.9257082 -0.1591883
vn -0.3509284 -0.8123163 -0.4658234
vn -0.327468 -0.8357767 -0.4407289
vn -0.2942325 -0.8416418 -0.4528424
vn -0.4936459 -0.849462 -0.1863548
vn 0.2942325 -0.8416418 -0.4528424
vn 0.3274681 -0.8357767 -0.4407288
vn 0.3509285 -0.8123163 -0.4658234
vn -0.0009775162 -0.8709673 -0.49134
vn 0.4936459 -0.849462 -0.1863548
vn 0.5405667 -0.6539586 -0.5292691
vn 0.4017593 -0.6207231 -0.6732699
vn 0.562072 -0.3743889 -0.7375012
vn 0.3391983 -0.7126096 -0.6141107
vn 0.4095795 -0.2316715 -0.8823678
vn 0.2766372 -0.73607 -0.6177967
vn 0.3079177 -0.323558 -0.8947049
vn 0.2785922 0.1515151 -0.9483826
vn 0.4095795 0.2336265 -0.8818522
vn -0.0009775162 -0.7888559 -0.6145774
vn 0.2453567 -0.3431084 -0.9066845
vn 0.1749755 0.1085043 -0.9785757
vn -0.2766372 -0.73607 -0.6177967
vn -0.3391982 -0.7126096 -0.6141108
vn -0.4017594 -0.6207231 -0.6732699
vn -0.3079177 -0.323558 -0.8947049
vn -0.2453567 -0.3431084 -0.9066845
vn -0.0009775162 -0.4565003 -0.8897228
vn -0.0009775162 0.09481907 -0.9954941
vn 0.1280547 0.1085043 -0.9858138
vn -0.0009775162 -0.1749755 -0.9845723
vn -0.1280547 0.1085043 -0.9858138
vn -0.1749755 0.1085043 -0.9785757
vn 0.4545453 -0.04789829 -0.8894349
vn 0.5425217 0.262952 -0.7978261
vn -0.4545453 -0.04789829 -0.8894349
vn -0.2785922 0.1515151 -0.9483826
vn -0.5425217 0.262952 -0.7978261
vn 0.3255131 0.3646137 -0.8724094
vn 0.4310848 0.6695989 -0.6048166
vn 0.1867057 0.4310849 -0.8827836
vn -0.0009775162 0.8396868 -0.5430702
vn -0.0009775162 0.5972626 -0.8020451
vn 0.4428151 0.3978493 -0.8035115
vn 0.6598238 0.2355815 -0.7135362
vn 0.2179862 0.7497553 -0.6247792
vn 0.9257082 -0.2336265 -0.2974608
vn 0.7302049 0.6813291 0.05090551
vn 0.9511237 0.1886607 -0.2444807
vn -0.1867057 0.4310849 -0.8827836
vn -0.4310849 0.6695989 -0.6048166
vn -0.325513 0.3646137 -0.8724094
vn -0.4428151 0.3978493 -0.8035115
vn -0.5425217 0.3059627 -0.7823408
vn -0.4095795 0.2336265 -0.8818522
vn -0.5386117 -0.04594326 -0.8413006
vn -0.5151513 0.3841641 -0.7661834
vn -0.6598238 0.2355815 -0.7135362
vn -0.2179862 0.7497553 -0.6247792
vn -0.9257083 -0.2336265 -0.2974606
vn -0.7302049 0.6813291 0.05090551
vn -0.9511237 0.1886607 -0.2444807
vn -0.7458452 0.1476051 -0.6495596
vn -0.4095795 -0.2316715 -0.8823678
vn -0.562072 -0.3743889 -0.7375012
vn -0.5405667 -0.6539586 -0.5292691
vn -0.7008795 -0.2766372 -0.6574495
vn -0.7419351 -0.6050828 -0.2888028
vn -0.6695989 0.07722378 -0.7386974
vn -0.8025411 0.1691104 -0.572127
vn -0.8787875 -0.2140762 -0.4265019
vn -0.7380251 -0.673509 0.04128684
vn -0.9374385 0.1280547 -0.3237454
vn -0.9745841 -0.1260996 -0.1851612
vn -0.9433036 -0.2199413 -0.2486045
vn -0.7556204 -0.6520036 0.06268331
vn -0.7575754 -0.6480935 -0.07780946
vn -0.6285433 -0.7693056 -0.1144653
vn -0.9608989 -0.2218963 -0.1656362
vn -0.794721 -0.5796673 -0.180012
vn -0.7067446 -0.6617788 -0.2501219
vn -0.968719 0.1124144 -0.2212385
vn -0.9315734 0.2394916 -0.273523
vn -0.9296184 -0.01075268 -0.3683668
vn -0.9745841 -0.1378298 -0.1766033
vn -0.8651022 -0.4584553 -0.2035116
vn -0.9745841 -0.1241446 -0.1864777
vn -0.8866076 -0.4193546 -0.1951117
vn -0.9726291 -0.202346 -0.1142313
vn -0.9550338 -0.2785922 0.1014734
vn 0.2883674 -0.7517103 0.593107
vn 0.3098727 -0.8435969 0.4385467
vn 0.3020526 -0.8220915 0.4826281
vn 0.1534701 -0.7751707 0.6128274
vn 0.1886607 -0.8201364 0.5401698
vn 0.2140762 -0.9002928 0.3790043
vn 0.2316715 -0.9276633 0.2928638
vn 0.5190613 -0.851417 0.07526226
vn 0.4584553 -0.8885626 0.01658899
vn 0.6285432 -0.7693056 -0.1144655
vn -0.9960895 0.02052784 -0.08593237
vn 0.3255131 0.266862 0.9070975
vn -0.7302049 0.6813291 0.05090551
vn 0.01857281 0.7751707 0.6314788
vn -0.08699894 0.9921794 0.08950543
vn 0.01661777 0.9002929 -0.4349673
vn 0.07135874 0.73607 -0.6731336
vn -0.2179862 0.7497553 -0.6247792
vn 0.1300097 0.6050828 -0.7854759
vn -0.5151513 0.3841641 -0.7661834
vn -0.2883674 -0.7517103 0.593107
vn -0.3020526 -0.8220915 0.4826281
vn -0.3098727 -0.8435969 0.4385467
vn -0.1534702 -0.7751707 0.6128274
vn -0.1886607 -0.8201364 0.5401698
vn -0.2140762 -0.9002928 0.3790043
vn -0.2316715 -0.9276633 0.2928638
vn -0.5190613 -0.851417 0.07526226
vn -0.4584553 -0.8885626 0.01658899
vn -0.6285433 -0.7693056 -0.1144653
vn 0.5151513 0.3841641 -0.7661834
vn 0.7204298 -0.1847506 -0.668467
vn -0.1300098 0.6050828 -0.7854759
vn 0.7458452 0.1476051 -0.6495596
vn -0.07135868 0.73607 -0.6731336
vn 0.7165197 -0.6656889 0.2084654
vn 0.9745841 -0.1260996 -0.1851612
vn 0.8162264 -0.5777123 -0.004796602
vn 0.9315734 0.2394916 -0.273523
vn 0.9296184 -0.01075268 -0.3683668
vn 0.7751707 -0.1436949 -0.6151928
vn -0.01661777 0.9002929 -0.4349673
vn 0.5796673 -0.7888559 0.2041865
vn 0.8709673 0.1632453 -0.4634295
vn 0.086999 0.9921794 0.08950543
vn 0.5913637 -0.8064051 0
vn 0.9704292 0.2413857 0
vn -0.01857281 0.7751707 0.6314788
vn 0.6539586 -0.73216 -0.1904727
vn 0.8729224 0.1397849 0.4674042
vn -0.325513 0.266862 0.9070976
vn 0.7204298 -0.6031278 -0.3423709
vn 0.6930593 -0.2609969 0.6719742
vn 0.9960895 0.02052784 -0.08593237
vn 0.7771257 -0.4760506 -0.4116448
vn 0.73607 0.6324533 0.2412544
vn -0.0009775162 0.9804492 0.1967699
vn -0.0009775162 0.9433036 0.3319298
vn -0.73607 0.6324533 0.2412544
vn 0.7399801 0.6617788 0.1203258
vn 0.9980445 -0.02052784 -0.05904076
vn -0.7399801 0.6617788 0.1203258
vn -0.9980445 -0.02052784 -0.05904076
vn 0.9569888 0.01466274 -0.2897541
vn 0.7517103 -0.5386117 -0.3805642
vn 0.7790807 -0.5562069 -0.2892525
vn -0.0009775162 -0.8377318 -0.5460811
vn -0.0009775162 -0.8748774 -0.4843434
vn -0.7790807 -0.5562069 -0.2892525
vn -0.7517103 -0.5386117 -0.3805642
vn 0.4545453 -0.04789829 -0.8894349
vn 0.5425217 0.262952 -0.7978261
vn -0.0009775162 -0.1749755 -0.9845723
vn 0.4310848 0.6695989 -0.6048166
vn -0.4545453 -0.04789829 -0.8894349
vn -0.0009775162 0.8396868 -0.5430702
vn -0.4310849 0.6695989 -0.6048166
vn -0.5425217 0.262952 -0.7978261
vn -0.9569888 0.01466274 -0.2897541
vn 0.0244379 -0.8611922 -0.5076916
vn -0.438905 -0.4154446 0.7967234
vn -0.2277614 -0.966764 -0.1161558
vn -0.2218963 -0.9589438 -0.1766033
vn -0.006842613 -0.9159331 0.4012727
vn 0.1319647 -0.9726291 -0.1912538
vn 0.2512218 -0.8944277 -0.369982
vn 0.1632453 -0.9589438 0.2319002
vn 0.2492667 -0.9374385 0.2430539
vn -0.1593353 -0.9863143 0.04238425
vn 0.1026393 -0.9002928 -0.4230107
vn 0.5464318 0.675464 -0.495137
vn 0.1710654 0.3939393 -0.9030772
vn 0.006842613 0.4584553 -0.8886911
vn -0.08504391 0.4213097 -0.9029206
vn 0.3137829 -0.8670573 -0.386978
vn 0.3313782 -0.913978 0.2341637
vn -0.09872913 0.3861191 -0.9171503
vn 0.3450634 -0.8416418 -0.4154158
vn 0.4799607 -0.8455519 -0.233837
vn 0.8025411 -0.5894425 -0.09211546
vn -0.7399801 -0.1769305 -0.6489415
vn 0.5307915 -0.6304982 -0.5663323
vn 0.8866076 -0.2179862 -0.4079325
vn 0.3743889 -0.8475069 -0.3762512
vn -0.3391982 -0.9374385 -0.07844516
vn 0.849462 -0.3528835 -0.3922851
vn -0.9315734 0.2492667 0.2646453
vn -0.7204298 -0.1847506 -0.668467
vn -0.5151513 0.3841641 -0.7661834
vn 0.1300097 0.6050828 -0.7854759
vn -0.7458452 0.1476051 -0.6495596
vn 0.07135874 0.73607 -0.6731336
vn -0.7165197 -0.6656889 0.2084654
vn -0.9745841 -0.1260996 -0.1851612
vn -0.8162264 -0.5777123 -0.004796602
vn -0.9315734 0.2394916 -0.273523
vn -0.9296184 -0.01075268 -0.3683668
vn -0.7751707 -0.1436949 -0.6151928
vn 0.01661777 0.9002929 -0.4349673
vn -0.5796673 -0.7888559 0.2041865
vn -0.8709673 0.1632453 -0.4634296
vn -0.08699894 0.9921794 0.08950543
vn -0.5913637 -0.8064051 0
vn -0.9704292 0.2413857 0
vn 0.01857281 0.7751707 0.6314788
vn -0.6539587 -0.73216 -0.1904726
vn -0.8729223 0.1397849 0.4674043
vn 0.3255131 0.266862 0.9070975
vn -0.7204298 -0.6031278 -0.3423709
vn -0.6930593 -0.2609969 0.6719742
vn -0.9960895 0.02052784 -0.08593237
vn -0.7771257 -0.4760506 -0.4116448
vn -0.0244379 -0.8611922 -0.5076916
vn 0.2277614 -0.966764 -0.1161558
vn 0.438905 -0.4154446 0.7967234
vn 0.2218963 -0.9589438 -0.1766033
vn 0.006842613 -0.9159331 0.4012727
vn -0.1319648 -0.9726291 -0.1912538
vn -0.2512218 -0.8944277 -0.369982
vn -0.1632453 -0.9589438 0.2319001
vn -0.2492667 -0.9374385 0.2430539
vn 0.1593352 -0.9863143 0.04238425
vn -0.1026392 -0.9002928 -0.4230107
vn -0.5464318 0.675464 -0.495137
vn -0.1710654 0.3939393 -0.9030772
vn -0.006842613 0.4584553 -0.8886911
vn 0.08504397 0.4213097 -0.9029206
vn -0.3137828 -0.8670573 -0.3869781
vn -0.3313781 -0.913978 0.2341638
vn 0.09872919 0.3861191 -0.9171503
vn -0.3450633 -0.8416418 -0.4154159
vn -0.4799607 -0.8455519 -0.233837
vn -0.8025411 -0.5894425 -0.09211546
vn 0.7399801 -0.1769305 -0.6489415
vn -0.5307915 -0.6304982 -0.5663323
vn -0.8866076 -0.2179862 -0.4079324
vn -0.3743888 -0.8475069 -0.3762512
vn 0.3391983 -0.9374385 -0.07844478
vn -0.8494619 -0.3528835 -0.3922853
vn 0.9315734 0.2492667 0.2646453
vn 0.4115345 -0.796676 -0.4426586
vn 0.3528835 -0.9237532 0.1488395
vn 0.380254 -0.9237532 -0.04568301
vn 0.1691104 -0.7517103 0.6374428
vn 0.2491982 -0.9684524 0
vn -0.03225803 -0.6363633 0.7707147
vn 0.3704788 -0.5171063 -0.7715871
vn -0.2453567 -0.7497553 0.6145463
vn 0.0420332 -0.9941344 -0.09964916
vn 0.3450634 -0.5288365 -0.7754117
vn -0.006842613 -0.9569888 -0.2900441
vn 0.006842613 -0.9569888 -0.2900441
vn -0.0420332 -0.9941344 -0.09964916
vn 0.2453567 -0.7497553 0.6145463
vn -0.3450633 -0.5288365 -0.7754117
vn -0.3704787 -0.5171063 -0.7715871
vn -0.2491982 -0.9684524 0
vn 0.03225803 -0.6363633 0.7707147
vn -0.4115345 -0.796676 -0.4426585
vn -0.1691104 -0.7517103 0.6374428
vn -0.3528835 -0.9237532 0.1488397
vn -0.380254 -0.9237532 -0.04568236
g Kayoko_Original_Body_0
f 3/3/3 2/2/2 1/1/1
f 5/5/5 4/4/4 2/2/2
f 4/4/4 5/5/5 6/6/6
f 5/5/5 2/2/2 7/7/7
f 8/8/8 7/7/7 2/2/2
f 9/9/9 6/6/6 5/5/5
f 9/9/9 5/5/5 7/7/7
f 6/6/6 9/9/9 10/10/10
f 7/7/7 8/8/8 11/11/11
f 8/8/8 12/12/12 11/11/11
f 13/13/13 10/10/10 9/9/9
f 10/10/10 13/13/13 14/14/14
f 15/15/15 9/9/9 7/7/7
f 13/13/13 9/9/9 15/15/15
f 7/7/7 11/11/11 15/15/15
f 16/16/16 14/14/14 13/13/13
f 16/16/16 13/13/13 15/15/15
f 14/14/14 16/16/16 17/17/17
f 11/11/11 12/12/12 18/18/18
f 19/19/19 18/18/18 12/12/12
f 18/18/18 19/19/19 20/20/20
f 21/21/21 20/20/20 19/19/19
f 21/21/21 22/22/22 20/20/20
f 23/23/23 15/15/15 11/11/11
f 11/11/11 18/18/18 23/23/23
f 24/24/24 17/17/17 16/16/16
f 17/17/17 24/24/24 25/25/25
f 26/26/26 16/16/16 15/15/15
f 15/15/15 23/23/23 26/26/26
f 16/16/16 26/26/26 24/24/24
f 27/27/27 26/26/26 23/23/23
f 18/18/18 28/28/28 23/23/23
f 18/18/18 20/20/20 28/28/28
f 23/23/23 28/28/28 27/27/27
f 29/29/29 24/24/24 26/26/26
f 26/26/26 27/27/27 29/29/29
f 30/30/30 20/20/20 22/22/22
f 22/22/22 31/31/31 30/30/30
f 32/32/32 25/25/25 24/24/24
f 24/24/24 29/29/29 32/32/32
f 33/33/33 30/30/30 31/31/31
f 31/31/31 34/34/34 33/33/33
f 30/30/30 35/35/35 20/20/20
f 36/36/36 28/28/28 20/20/20
f 36/36/36 20/20/20 35/35/35
f 36/36/36 37/37/37 28/28/28
f 36/36/36 35/35/35 37/37/37
f 27/27/27 28/28/28 38/38/38
f 38/38/38 28/28/28 37/37/37
f 30/30/30 33/33/33 39/39/39
f 35/35/35 30/30/30 39/39/39
f 39/39/39 40/40/40 35/35/35
f 41/41/41 37/37/37 35/35/35
f 35/35/35 40/40/40 41/41/41
f 37/37/37 42/42/42 38/38/38
f 37/37/37 41/41/41 42/42/42
f 27/27/27 38/38/38 43/43/43
f 43/43/43 38/38/38 42/42/42
f 44/44/44 42/42/42 41/41/41
f 41/41/41 40/40/40 44/44/44
f 42/42/42 45/45/45 43/43/43
f 42/42/42 44/44/44 45/45/45
f 43/43/43 46/46/46 27/27/27
f 46/46/46 43/43/43 45/45/45
f 47/47/47 45/45/45 44/44/44
f 44/44/44 40/40/40 47/47/47
f 27/27/27 46/46/46 48/48/48
f 48/48/48 29/29/29 27/27/27
f 29/29/29 48/48/48 49/49/49
f 48/48/48 46/46/46 49/49/49
f 45/45/45 50/50/50 46/46/46
f 45/45/45 47/47/47 50/50/50
f 51/51/51 29/29/29 49/49/49
f 51/51/51 32/32/32 29/29/29
f 52/52/52 49/49/49 46/46/46
f 52/52/52 46/46/46 50/50/50
f 52/52/52 53/53/53 49/49/49
f 50/50/50 54/54/54 52/52/52
f 53/53/53 52/52/52 54/54/54
f 55/55/55 50/50/50 47/47/47
f 50/50/50 55/55/55 54/54/54
f 56/56/56 54/54/54 55/55/55
f 55/55/55 47/47/47 57/57/57
f 56/56/56 55/55/55 57/57/57
f 32/32/32 51/51/51 58/58/58
f 51/51/51 59/59/59 58/58/58
f 58/58/58 25/25/25 32/32/32
f 49/49/49 60/60/60 51/51/51
f 53/53/53 60/60/60 49/49/49
f 51/51/51 60/60/60 59/59/59
f 54/54/54 61/61/61 53/53/53
f 54/54/54 56/56/56 61/61/61
f 62/62/62 57/57/57 47/47/47
f 47/47/47 40/40/40 62/62/62
f 62/62/62 40/40/40 63/63/63
f 62/62/62 63/63/63 57/57/57
f 64/64/64 25/25/25 58/58/58
f 25/25/25 64/64/64 65/65/65
f 66/66/66 63/63/63 40/40/40
f 40/40/40 39/39/39 66/66/66
f 67/67/67 65/65/65 64/64/64
f 68/68/68 65/65/65 67/67/67
f 69/69/69 66/66/66 39/39/39
f 39/39/39 33/33/33 69/69/69
f 70/70/70 69/69/69 33/33/33
f 34/34/34 70/70/70 33/33/33
f 34/34/34 71/71/71 70/70/70
f 72/72/72 71/71/71 34/34/34
f 73/73/73 71/71/71 72/72/72
f 71/71/71 74/74/74 70/70/70
f 71/71/71 73/73/73 74/74/74
f 74/74/74 69/69/69 70/70/70
f 75/75/75 74/74/74 73/73/73
f 75/75/75 76/76/76 74/74/74
f 77/77/77 74/74/74 76/76/76
f 77/77/77 69/69/69 74/74/74
f 76/76/76 78/78/78 77/77/77
f 77/77/77 79/79/79 69/69/69
f 79/79/79 77/77/77 78/78/78
f 79/79/79 66/66/66 69/69/69
f 78/78/78 80/80/80 79/79/79
f 79/79/79 81/81/81 66/66/66
f 81/81/81 79/79/79 80/80/80
f 63/63/63 66/66/66 81/81/81
f 80/80/80 82/82/82 81/81/81
f 81/81/81 83/83/83 63/63/63
f 83/83/83 81/81/81 82/82/82
f 84/84/84 63/63/63 83/83/83
f 63/63/63 84/84/84 57/57/57
f 82/82/82 85/85/85 83/83/83
f 84/84/84 83/83/83 85/85/85
f 86/86/86 84/84/84 85/85/85
f 87/87/87 57/57/57 84/84/84
f 87/87/87 84/84/84 86/86/86
f 87/87/87 56/56/56 57/57/57
f 82/82/82 88/88/88 85/85/85
f 82/82/82 89/89/89 88/88/88
f 90/90/90 88/88/88 89/89/89
f 89/89/89 68/68/68 90/90/90
f 68/68/68 91/91/91 90/90/90
f 91/91/91 68/68/68 67/67/67
f 92/92/92 90/90/90 91/91/91
f 92/92/92 88/88/88 90/90/90
f 92/92/92 93/93/93 88/88/88
f 67/67/67 94/94/94 91/91/91
f 93/93/93 92/92/92 95/95/95
f 64/64/64 94/94/94 67/67/67
f 96/96/96 94/94/94 64/64/64
f 94/94/94 96/96/96 97/97/97
f 95/95/95 98/98/98 93/93/93
f 99/99/99 97/97/97 96/96/96
f 100/100/100 88/88/88 93/93/93
f 88/88/88 100/100/100 85/85/85
f 100/100/100 101/101/101 85/85/85
f 86/86/86 85/85/85 101/101/101
f 100/100/100 102/102/102 101/101/101
f 100/100/100 93/93/93 102/102/102
f 64/64/64 103/103/103 96/96/96
f 103/103/103 64/64/64 58/58/58
f 104/104/104 103/103/103 58/58/58
f 58/58/58 59/59/59 104/104/104
f 103/103/103 104/104/104 105/105/105
f 103/103/103 105/105/105 96/96/96
f 86/86/86 101/101/101 106/106/106
f 106/106/106 101/101/101 102/102/102
f 104/104/104 59/59/59 107/107/107
f 107/107/107 105/105/105 104/104/104
f 108/108/108 86/86/86 106/106/106
f 109/109/109 108/108/108 106/106/106
f 106/106/106 102/102/102 109/109/109
f 108/108/108 110/110/110 86/86/86
f 102/102/102 111/111/111 109/109/109
f 112/112/112 86/86/86 110/110/110
f 110/110/110 113/113/113 112/112/112
f 87/87/87 86/86/86 112/112/112
f 114/114/114 112/112/112 113/113/113
f 112/112/112 114/114/114 87/87/87
f 113/113/113 115/115/115 114/114/114
f 56/56/56 87/87/87 114/114/114
f 116/116/116 114/114/114 115/115/115
f 114/114/114 116/116/116 56/56/56
f 116/116/116 115/115/115 117/117/117
f 102/102/102 118/118/118 111/111/111
f 118/118/118 102/102/102 93/93/93
f 119/119/119 56/56/56 116/116/116
f 119/119/119 61/61/61 56/56/56
f 120/120/120 116/116/116 117/117/117
f 116/116/116 120/120/120 119/119/119
f 117/117/117 121/121/121 120/120/120
f 121/121/121 111/111/111 122/122/122
f 118/118/118 122/122/122 111/111/111
f 122/122/122 120/120/120 121/121/121
f 93/93/93 123/123/123 118/118/118
f 122/122/122 118/118/118 123/123/123
f 123/123/123 93/93/93 98/98/98
f 120/120/120 122/122/122 124/124/124
f 123/123/123 124/124/124 122/122/122
f 123/123/123 98/98/98 124/124/124
f 124/124/124 119/119/119 120/120/120
f 125/125/125 124/124/124 98/98/98
f 126/126/126 124/124/124 125/125/125
f 119/119/119 124/124/124 126/126/126
f 61/61/61 119/119/119 126/126/126
f 128/128/128 61/61/61 127/127/127
f 128/128/128 53/53/53 61/61/61
f 129/129/129 128/128/128 127/127/127
f 129/129/129 127/127/127 130/130/130
f 130/130/130 99/99/99 129/129/129
f 131/131/131 129/129/129 99/99/99
f 96/96/96 131/131/131 99/99/99
f 96/96/96 132/132/132 131/131/131
f 132/132/132 96/96/96 105/105/105
f 131/131/131 133/133/133 129/129/129
f 133/133/133 131/131/131 132/132/132
f 129/129/129 134/134/134 128/128/128
f 134/134/134 129/129/129 133/133/133
f 128/128/128 135/135/135 53/53/53
f 135/135/135 128/128/128 134/134/134
f 132/132/132 105/105/105 136/136/136
f 132/132/132 136/136/136 133/133/133
f 136/136/136 105/105/105 137/137/137
f 138/138/138 133/133/133 136/136/136
f 133/133/133 138/138/138 134/134/134
f 105/105/105 107/107/107 137/137/137
f 139/139/139 134/134/134 138/138/138
f 135/135/135 134/134/134 139/139/139
f 140/140/140 137/137/137 107/107/107
f 59/59/59 140/140/140 107/107/107
f 141/141/141 135/135/135 139/139/139
f 140/140/140 59/59/59 142/142/142
f 143/143/143 53/53/53 135/135/135
f 135/135/135 141/141/141 143/143/143
f 53/53/53 143/143/143 60/60/60
f 144/144/144 143/143/143 141/141/141
f 145/145/145 142/142/142 59/59/59
f 59/59/59 60/60/60 145/145/145
f 145/145/145 60/60/60 143/143/143
f 143/143/143 144/144/144 145/145/145
f 142/142/142 145/145/145 144/144/144
f 148/148/148 147/147/147 146/146/146
f 72/72/72 150/150/150 149/149/149
f 153/153/153 152/152/152 151/151/151
f 156/156/156 155/155/155 154/154/154
f 159/159/159 158/158/158 157/157/157
f 162/162/162 161/161/161 160/160/160
f 165/165/165 164/164/164 163/163/163
f 168/168/168 167/167/167 166/166/166
f 171/171/171 170/170/170 169/169/169
f 174/174/174 173/173/173 172/172/172
f 177/177/177 176/176/176 175/175/175
f 180/180/180 179/179/179 178/178/178
f 183/183/183 182/182/182 181/181/181
f 186/186/186 185/185/185 184/184/184
f 189/189/189 188/188/188 187/187/187
f 192/192/192 191/191/191 190/190/190
f 195/195/195 194/194/194 193/193/193
f 198/198/198 197/197/197 196/196/196
f 201/201/201 200/200/200 199/199/199
f 204/204/204 203/203/203 202/202/202
f 207/207/207 206/206/206 205/205/205
f 210/210/210 209/209/209 208/208/208
f 213/213/213 212/212/212 211/211/211
f 216/216/216 215/215/215 214/214/214
f 219/219/219 218/218/218 217/217/217
f 222/222/222 221/221/221 220/220/220
f 225/225/225 224/224/224 223/223/223
f 228/228/228 227/227/227 226/226/226
f 231/231/231 230/230/230 229/229/229
f 234/234/234 233/233/233 232/232/232
f 237/237/237 236/236/236 235/235/235
f 240/240/240 239/239/239 238/238/238
f 243/243/243 242/242/242 241/241/241
f 246/246/246 245/245/245 244/244/244
f 249/249/249 248/248/248 247/247/247
f 252/252/252 251/251/251 250/250/250
f 255/255/255 254/254/254 253/253/253
f 258/258/258 257/257/257 256/256/256
f 261/261/261 260/260/260 259/259/259
f 264/264/264 263/263/263 262/262/262
f 267/267/267 266/266/266 265/265/265
f 270/270/270 269/269/269 268/268/268
f 273/273/273 272/272/272 271/271/271
f 276/276/276 275/275/275 274/274/274
f 279/279/279 278/278/278 277/277/277
f 282/282/282 281/281/281 280/280/280
f 285/285/285 284/284/284 283/283/283
f 288/288/288 287/287/287 286/286/286
f 291/291/291 290/290/290 289/289/289
f 294/294/294 293/293/293 292/292/292
f 297/297/297 296/296/296 295/295/295
f 300/300/300 299/299/299 298/298/298
f 303/303/303 302/302/302 301/301/301
f 306/306/306 305/305/305 304/304/304
f 309/309/309 308/308/308 307/307/307
f 312/312/312 311/311/311 310/310/310
f 315/315/315 314/314/314 313/313/313
f 318/318/318 317/317/317 316/316/316
f 321/321/321 320/320/320 319/319/319
f 322/322/322 319/319/319 320/320/320
f 319/319/319 322/322/322 323/323/323
f 324/324/324 323/323/323 322/322/322
f 322/322/322 325/325/325 324/324/324
f 326/326/326 324/324/324 325/325/325
f 326/326/326 325/325/325 327/327/327
f 325/325/325 322/322/322 328/328/328
f 320/320/320 328/328/328 322/322/322
f 329/329/329 327/327/327 325/325/325
f 325/325/325 328/328/328 329/329/329
f 327/327/327 329/329/329 330/330/330
f 331/331/331 330/330/330 329/329/329
f 329/329/329 332/332/332 331/331/331
f 332/332/332 329/329/329 328/328/328
f 333/333/333 331/331/331 332/332/332
f 328/328/328 320/320/320 334/334/334
f 328/328/328 334/334/334 332/332/332
f 333/333/333 332/332/332 335/335/335
f 335/335/335 336/336/336 333/333/333
f 337/337/337 336/336/336 335/335/335
f 338/338/338 332/332/332 334/334/334
f 332/332/332 338/338/338 335/335/335
f 339/339/339 334/334/334 320/320/320
f 334/334/334 340/340/340 338/338/338
f 334/334/334 339/339/339 341/341/341
f 338/338/338 342/342/342 335/335/335
f 342/342/342 338/338/338 340/340/340
f 343/343/343 337/337/337 335/335/335
f 343/343/343 335/335/335 342/342/342
f 342/342/342 340/340/340 344/344/344
f 342/342/342 344/344/344 343/343/343
f 345/345/345 344/344/344 340/340/340
f 346/346/346 337/337/337 343/343/343
f 346/346/346 343/343/343 344/344/344
f 347/347/347 337/337/337 346/346/346
f 346/346/346 348/348/348 347/347/347
f 349/349/349 348/348/348 346/346/346
f 344/344/344 349/349/349 346/346/346
f 349/349/349 344/344/344 350/350/350
f 345/345/345 350/350/350 344/344/344
f 345/345/345 351/351/351 350/350/350
f 352/352/352 350/350/350 351/351/351
f 345/345/345 341/341/341 351/351/351
f 352/352/352 351/351/351 353/353/353
f 354/354/354 352/352/352 353/353/353
f 354/354/354 353/353/353 355/355/355
f 356/356/356 355/355/355 353/353/353
f 357/357/357 351/351/351 341/341/341
f 357/357/357 341/341/341 339/339/339
f 353/353/353 351/351/351 358/358/358
f 356/356/356 353/353/353 358/358/358
f 357/357/357 358/358/358 351/351/351
f 339/339/339 359/359/359 357/357/357
f 358/358/358 357/357/357 359/359/359
f 356/356/356 358/358/358 359/359/359
f 339/339/339 320/320/320 359/359/359
f 360/360/360 356/356/356 359/359/359
f 320/320/320 361/361/361 359/359/359
f 360/360/360 359/359/359 361/361/361
f 364/364/364 363/363/363 362/362/362
f 365/365/365 362/362/362 363/363/363
f 363/363/363 366/366/366 365/365/365
f 367/367/367 362/362/362 365/365/365
f 368/368/368 365/365/365 366/366/366
f 367/367/367 365/365/365 368/368/368
f 371/371/371 370/370/370 369/369/369
f 371/371/371 369/369/369 372/372/372
f 371/371/371 372/372/372 373/373/373
f 371/371/371 373/373/373 374/374/374
f 375/375/375 374/374/374 373/373/373
f 372/372/372 376/376/376 373/373/373
f 376/376/376 377/377/377 373/373/373
f 373/373/373 379/379/379 378/378/378
f 379/379/379 377/377/377 380/380/380
f 381/381/381 378/378/378 379/379/379
f 379/379/379 380/380/380 381/381/381
f 384/384/384 383/383/383 382/382/382
f 383/383/383 384/384/384 385/385/385
f 385/385/385 384/384/384 386/386/386
f 387/387/387 385/385/385 386/386/386
f 388/388/388 387/387/387 386/386/386
f 386/386/386 384/384/384 389/389/389
f 390/390/390 389/389/389 384/384/384
f 388/388/388 386/386/386 391/391/391
f 388/388/388 391/391/391 392/392/392
f 391/391/391 393/393/393 392/392/392
f 391/391/391 386/386/386 393/393/393
f 394/394/394 393/393/393 386/386/386
f 397/397/397 396/396/396 395/395/395
f 396/396/396 397/397/397 398/398/398
f 399/399/399 396/396/396 398/398/398
f 398/398/398 397/397/397 400/400/400
f 401/401/401 400/400/400 397/397/397
f 398/398/398 402/402/402 399/399/399
f 399/399/399 402/402/402 403/403/403
f 403/403/403 402/402/402 404/404/404
f 404/404/404 405/405/405 403/403/403
f 406/406/406 402/402/402 398/398/398
f 402/402/402 406/406/406 404/404/404
f 404/404/404 407/407/407 405/405/405
f 408/408/408 405/405/405 407/407/407
f 406/406/406 398/398/398 409/409/409
f 400/400/400 409/409/409 398/398/398
f 406/406/406 410/410/410 404/404/404
f 407/407/407 404/404/404 410/410/410
f 406/406/406 409/409/409 410/410/410
f 407/407/407 411/411/411 408/408/408
f 407/407/407 410/410/410 411/411/411
f 412/412/412 408/408/408 411/411/411
f 400/400/400 401/401/401 413/413/413
f 414/414/414 413/413/413 401/401/401
f 409/409/409 400/400/400 415/415/415
f 413/413/413 415/415/415 400/400/400
f 413/413/413 414/414/414 416/416/416
f 414/414/414 417/417/417 416/416/416
f 417/417/417 418/418/418 416/416/416
f 411/411/411 419/419/419 412/412/412
f 420/420/420 412/412/412 419/419/419
f 419/419/419 421/421/421 420/420/420
f 422/422/422 420/420/420 421/421/421
f 422/422/422 421/421/421 423/423/423
f 419/419/419 411/411/411 424/424/424
f 424/424/424 421/421/421 419/419/419
f 421/421/421 425/425/425 423/423/423
f 425/425/425 421/421/421 424/424/424
f 426/426/426 424/424/424 411/411/411
f 426/426/426 411/411/411 410/410/410
f 416/416/416 427/427/427 413/413/413
f 415/415/415 413/413/413 427/427/427
f 423/423/423 425/425/425 428/428/428
f 428/428/428 429/429/429 423/423/423
f 424/424/424 430/430/430 425/425/425
f 424/424/424 426/426/426 430/430/430
f 410/410/410 431/431/431 426/426/426
f 431/431/431 410/410/410 409/409/409
f 415/415/415 432/432/432 409/409/409
f 431/431/431 409/409/409 432/432/432
f 433/433/433 426/426/426 431/431/431
f 433/433/433 430/430/430 426/426/426
f 431/431/431 432/432/432 433/433/433
f 427/427/427 434/434/434 415/415/415
f 432/432/432 415/415/415 434/434/434
f 435/435/435 428/428/428 425/425/425
f 435/435/435 425/425/425 430/430/430
f 436/436/436 434/434/434 427/427/427
f 427/427/427 416/416/416 436/436/436
f 437/437/437 436/436/436 416/416/416
f 416/416/416 418/418/418 437/437/437
f 418/418/418 438/438/438 437/437/437
f 439/439/439 437/437/437 438/438/438
f 438/438/438 440/440/440 439/439/439
f 436/436/436 437/437/437 441/441/441
f 439/439/439 441/441/441 437/437/437
f 434/434/434 442/442/442 432/432/432
f 436/436/436 443/443/443 434/434/434
f 443/443/443 442/442/442 434/434/434
f 441/441/441 444/444/444 436/436/436
f 443/443/443 436/436/436 444/444/444
f 445/445/445 432/432/432 442/442/442
f 445/445/445 433/433/433 432/432/432
f 445/445/445 446/446/446 433/433/433
f 430/430/430 433/433/433 446/446/446
f 445/445/445 442/442/442 447/447/447
f 446/446/446 445/445/445 447/447/447
f 447/447/447 448/448/448 446/446/446
f 446/446/446 449/449/449 430/430/430
f 446/446/446 448/448/448 449/449/449
f 435/435/435 430/430/430 449/449/449
f 447/447/447 442/442/442 450/450/450
f 443/443/443 450/450/450 442/442/442
f 447/447/447 450/450/450 448/448/448
f 449/449/449 451/451/451 435/435/435
f 451/451/451 428/428/428 435/435/435
f 450/450/450 443/443/443 452/452/452
f 452/452/452 443/443/443 444/444/444
f 448/448/448 450/450/450 453/453/453
f 452/452/452 453/453/453 450/450/450
f 449/449/449 448/448/448 454/454/454
f 454/454/454 451/451/451 449/449/449
f 428/428/428 451/451/451 455/455/455
f 428/428/428 455/455/455 429/429/429
f 455/455/455 456/456/456 429/429/429
f 429/429/429 456/456/456 457/457/457
f 456/456/456 455/455/455 458/458/458
f 459/459/459 455/455/455 451/451/451
f 459/459/459 458/458/458 455/455/455
f 451/451/451 454/454/454 459/459/459
f 458/458/458 459/459/459 460/460/460
f 454/454/454 460/460/460 459/459/459
f 454/454/454 461/461/461 460/460/460
f 461/461/461 454/454/454 448/448/448
f 462/462/462 460/460/460 461/461/461
f 461/461/461 448/448/448 463/463/463
f 461/461/461 463/463/463 462/462/462
f 464/464/464 462/462/462 463/463/463
f 453/453/453 463/463/463 448/448/448
f 463/463/463 465/465/465 464/464/464
f 463/463/463 453/453/453 465/465/465
f 466/466/466 464/464/464 465/465/465
f 467/467/467 465/465/465 453/453/453
f 452/452/452 467/467/467 453/453/453
f 465/465/465 468/468/468 466/466/466
f 469/469/469 466/466/466 468/468/468
f 470/470/470 467/467/467 452/452/452
f 444/444/444 470/470/470 452/452/452
f 467/467/467 471/471/471 465/465/465
f 468/468/468 465/465/465 471/471/471
f 470/470/470 472/472/472 467/467/467
f 470/470/470 444/444/444 472/472/472
f 471/471/471 467/467/467 472/472/472
f 468/468/468 473/473/473 469/469/469
f 474/474/474 469/469/469 473/473/473
f 471/471/471 475/475/475 468/468/468
f 473/473/473 468/468/468 475/475/475
f 473/473/473 476/476/476 474/474/474
f 477/477/477 474/474/474 476/476/476
f 476/476/476 473/473/473 478/478/478
f 475/475/475 478/478/478 473/473/473
f 478/478/478 475/475/475 479/479/479
f 475/475/475 471/471/471 480/480/480
f 480/480/480 479/479/479 475/475/475
f 472/472/472 480/480/480 471/471/471
f 479/479/479 480/480/480 481/481/481
f 482/482/482 481/481/481 480/480/480
f 480/480/480 472/472/472 482/482/482
f 481/481/481 482/482/482 483/483/483
f 484/484/484 482/482/482 472/472/472
f 484/484/484 472/472/472 444/444/444
f 444/444/444 441/441/441 484/484/484
f 485/485/485 483/483/483 482/482/482
f 482/482/482 484/484/484 485/485/485
f 486/486/486 484/484/484 441/441/441
f 486/486/486 485/485/485 484/484/484
f 441/441/441 439/439/439 486/486/486
f 487/487/487 486/486/486 439/439/439
f 486/486/486 487/487/487 485/485/485
f 487/487/487 439/439/439 440/440/440
f 485/485/485 488/488/488 483/483/483
f 488/488/488 485/485/485 487/487/487
f 487/487/487 440/440/440 488/488/488
f 489/489/489 483/483/483 488/488/488
f 490/490/490 488/488/488 440/440/440
f 488/488/488 490/490/490 489/489/489
f 491/491/491 489/489/489 490/490/490
f 494/494/494 493/493/493 492/492/492
f 495/495/495 494/494/494 492/492/492
f 496/496/496 494/494/494 495/495/495
f 497/497/497 494/494/494 496/496/496
f 496/496/496 495/495/495 498/498/498
f 497/497/497 496/496/496 499/499/499
f 496/496/496 498/498/498 500/500/500
f 500/500/500 499/499/499 496/496/496
f 500/500/500 501/501/501 499/499/499
f 502/502/502 499/499/499 501/501/501
f 502/502/502 501/501/501 503/503/503
f 500/500/500 498/498/498 504/504/504
f 501/501/501 500/500/500 504/504/504
f 505/505/505 504/504/504 498/498/498
f 504/504/504 505/505/505 506/506/506
f 501/501/501 504/504/504 506/506/506
f 506/506/506 505/505/505 507/507/507
f 507/507/507 505/505/505 508/508/508
f 507/507/507 508/508/508 509/509/509
f 510/510/510 507/507/507 509/509/509
f 511/511/511 507/507/507 510/510/510
f 511/511/511 506/506/506 507/507/507
f 511/511/511 512/512/512 506/506/506
f 512/512/512 501/501/501 506/506/506
f 512/512/512 511/511/511 513/513/513
f 514/514/514 501/501/501 512/512/512
f 514/514/514 503/503/503 501/501/501
f 513/513/513 514/514/514 512/512/512
f 514/514/514 515/515/515 503/503/503
f 513/513/513 515/515/515 514/514/514
f 516/516/516 503/503/503 515/515/515
f 517/517/517 515/515/515 513/513/513
f 518/518/518 516/516/516 515/515/515
f 518/518/518 515/515/515 517/517/517
f 518/518/518 517/517/517 519/519/519
f 520/520/520 518/518/518 519/519/519
f 523/523/523 522/522/522 521/521/521
f 524/524/524 521/521/521 522/522/522
f 521/521/521 524/524/524 525/525/525
f 526/526/526 525/525/525 524/524/524
f 526/526/526 527/527/527 525/525/525
f 525/525/525 527/527/527 528/528/528
f 528/528/528 527/527/527 529/529/529
f 530/530/530 529/529/529 527/527/527
f 530/530/530 531/531/531 529/529/529
f 532/532/532 528/528/528 529/529/529
f 533/533/533 528/528/528 532/532/532
f 534/534/534 529/529/529 531/531/531
f 534/534/534 532/532/532 529/529/529
f 531/531/531 535/535/535 534/534/534
f 531/531/531 536/536/536 535/535/535
f 536/536/536 537/537/537 535/535/535
f 538/538/538 535/535/535 537/537/537
f 537/537/537 539/539/539 538/538/538
f 540/540/540 538/538/538 539/539/539
f 534/534/534 541/541/541 532/532/532
f 542/542/542 533/533/533 532/532/532
f 541/541/541 542/542/542 532/532/532
f 542/542/542 543/543/543 533/533/533
f 544/544/544 542/542/542 541/541/541
f 545/545/545 543/543/543 542/542/542
f 544/544/544 545/545/545 542/542/542
f 545/545/545 546/546/546 543/543/543
f 545/545/545 544/544/544 546/546/546
f 547/547/547 543/543/543 546/546/546
f 548/548/548 546/546/546 544/544/544
f 547/547/547 546/546/546 549/549/549
f 548/548/548 550/550/550 546/546/546
f 551/551/551 549/549/549 546/546/546
f 551/551/551 546/546/546 550/550/550
f 554/554/554 553/553/553 552/552/552
f 555/555/555 552/552/552 553/553/553
f 558/558/558 557/557/557 556/556/556
f 559/559/559 556/556/556 557/557/557
f 562/562/562 561/561/561 560/560/560
f 563/563/563 560/560/560 561/561/561
f 566/566/566 565/565/565 564/564/564
f 567/567/567 564/564/564 565/565/565
f 570/570/570 569/569/569 568/568/568
f 571/571/571 568/568/568 569/569/569
f 574/574/574 573/573/573 572/572/572
f 575/575/575 572/572/572 573/573/573
f 578/578/578 577/577/577 576/576/576
f 579/579/579 576/576/576 577/577/577
f 582/582/582 581/581/581 580/580/580
f 583/583/583 580/580/580 581/581/581
f 586/586/586 585/585/585 584/584/584
f 587/587/587 584/584/584 585/585/585
f 590/590/590 589/589/589 588/588/588
f 591/591/591 588/588/588 589/589/589
f 594/594/594 593/593/593 592/592/592
f 595/595/595 592/592/592 593/593/593
f 598/598/598 597/597/597 596/596/596
f 599/599/599 596/596/596 597/597/597
f 602/602/602 601/601/601 600/600/600
f 603/603/603 600/600/600 601/601/601
f 606/606/606 605/605/605 604/604/604
f 607/607/607 604/604/604 605/605/605
f 610/610/610 609/609/609 608/608/608
f 611/611/611 608/608/608 609/609/609
f 614/614/614 613/613/613 612/612/612
f 615/615/615 612/612/612 613/613/613
f 618/618/618 617/617/617 616/616/616
f 619/619/619 617/617/617 618/618/618
f 620/620/620 617/617/617 619/619/619
f 621/621/621 620/620/620 619/619/619
f 622/622/622 620/620/620 621/621/621
f 623/623/623 622/622/622 621/621/621
f 626/626/626 625/625/625 624/624/624
f 627/627/627 624/624/624 625/625/625
f 627/627/627 625/625/625 628/628/628
f 629/629/629 628/628/628 625/625/625
f 629/629/629 630/630/630 628/628/628
f 627/627/627 631/631/631 624/624/624
f 632/632/632 624/624/624 631/631/631
f 628/628/628 633/633/633 627/627/627
f 631/631/631 627/627/627 633/633/633
f 631/631/631 634/634/634 632/632/632
f 635/635/635 632/632/632 634/634/634
f 633/633/633 636/636/636 631/631/631
f 634/634/634 631/631/631 636/636/636
f 634/634/634 637/637/637 635/635/635
f 638/638/638 635/635/635 637/637/637
f 636/636/636 639/639/639 634/634/634
f 637/637/637 634/634/634 639/639/639
f 637/637/637 640/640/640 638/638/638
f 641/641/641 638/638/638 640/640/640
f 641/641/641 640/640/640 642/642/642
f 639/639/639 643/643/643 637/637/637
f 640/640/640 637/637/637 643/643/643
f 639/639/639 636/636/636 644/644/644
f 639/639/639 644/644/644 643/643/643
f 636/636/636 633/633/633 645/645/645
f 645/645/645 644/644/644 636/636/636
f 646/646/646 642/642/642 640/640/640
f 642/642/642 646/646/646 647/647/647
f 643/643/643 648/648/648 640/640/640
f 646/646/646 640/640/640 648/648/648
f 649/649/649 647/647/647 646/646/646
f 647/647/647 649/649/649 650/650/650
f 651/651/651 650/650/650 649/649/649
f 651/651/651 649/649/649 652/652/652
f 649/649/649 646/646/646 653/653/653
f 653/653/653 652/652/652 649/649/649
f 648/648/648 653/653/653 646/646/646
f 643/643/643 654/654/654 648/648/648
f 654/654/654 643/643/643 644/644/644
f 653/653/653 655/655/655 652/652/652
f 656/656/656 652/652/652 655/655/655
f 656/656/656 655/655/655 657/657/657
f 648/648/648 658/658/658 653/653/653
f 655/655/655 653/653/653 658/658/658
f 658/658/658 648/648/648 654/654/654
f 659/659/659 657/657/657 655/655/655
f 655/655/655 658/658/658 659/659/659
f 658/658/658 654/654/654 660/660/660
f 660/660/660 659/659/659 658/658/658
f 659/659/659 661/661/661 657/657/657
f 659/659/659 660/660/660 661/661/661
f 662/662/662 657/657/657 661/661/661
f 663/663/663 661/661/661 660/660/660
f 664/664/664 660/660/660 654/654/654
f 660/660/660 664/664/664 663/663/663
f 654/654/654 644/644/644 664/664/664
f 665/665/665 663/663/663 664/664/664
f 666/666/666 664/664/664 644/644/644
f 664/664/664 666/666/666 665/665/665
f 667/667/667 665/665/665 666/666/666
f 644/644/644 645/645/645 666/666/666
f 666/666/666 668/668/668 667/667/667
f 668/668/668 666/666/666 645/645/645
f 669/669/669 667/667/667 668/668/668
f 669/669/669 668/668/668 670/670/670
f 645/645/645 671/671/671 668/668/668
f 671/671/671 645/645/645 633/633/633
f 633/633/633 628/628/628 671/671/671
f 672/672/672 670/670/670 668/668/668
f 672/672/672 668/668/668 671/671/671
f 670/670/670 672/672/672 673/673/673
f 674/674/674 671/671/671 628/628/628
f 671/671/671 674/674/674 672/672/672
f 674/674/674 628/628/628 630/630/630
f 675/675/675 673/673/673 672/672/672
f 675/675/675 672/672/672 674/674/674
f 674/674/674 630/630/630 675/675/675
f 673/673/673 675/675/675 676/676/676
f 677/677/677 675/675/675 630/630/630
f 677/677/677 676/676/676 675/675/675
f 680/680/680 679/679/679 678/678/678
f 681/681/681 678/678/678 679/679/679
f 678/678/678 681/681/681 682/682/682
f 683/683/683 682/682/682 681/681/681
f 683/683/683 684/684/684 682/682/682
f 685/685/685 682/682/682 684/684/684
f 684/684/684 686/686/686 685/685/685
f 687/687/687 685/685/685 686/686/686
f 686/686/686 688/688/688 687/687/687
f 689/689/689 687/687/687 688/688/688
f 688/688/688 690/690/690 689/689/689
f 691/691/691 689/689/689 690/690/690
f 691/691/691 690/690/690 692/692/692
f 693/693/693 692/692/692 690/690/690
f 692/692/692 693/693/693 694/694/694
f 695/695/695 694/694/694 693/693/693
f 698/698/698 697/697/697 696/696/696
f 699/699/699 696/696/696 697/697/697
f 696/696/696 699/699/699 700/700/700
f 701/701/701 700/700/700 699/699/699
f 701/701/701 702/702/702 700/700/700
f 703/703/703 700/700/700 702/702/702
f 702/702/702 704/704/704 703/703/703
f 705/705/705 703/703/703 704/704/704
f 704/704/704 706/706/706 705/705/705
f 707/707/707 705/705/705 706/706/706
f 706/706/706 708/708/708 707/707/707
f 709/709/709 707/707/707 708/708/708
f 708/708/708 710/710/710 709/709/709
f 711/711/711 709/709/709 710/710/710
f 711/711/711 710/710/710 712/712/712
f 713/713/713 712/712/712 710/710/710
f 716/716/716 715/715/715 714/714/714
f 717/717/717 714/714/714 715/715/715
f 715/715/715 718/718/718 717/717/717
f 719/719/719 717/717/717 718/718/718
f 718/718/718 720/720/720 719/719/719
f 721/721/721 719/719/719 720/720/720
f 720/720/720 722/722/722 721/721/721
f 723/723/723 721/721/721 722/722/722
f 722/722/722 724/724/724 723/723/723
f 725/725/725 723/723/723 724/724/724
f 724/724/724 726/726/726 725/725/725
f 727/727/727 725/725/725 726/726/726
f 726/726/726 728/728/728 727/727/727
f 729/729/729 727/727/727 728/728/728
f 728/728/728 730/730/730 729/729/729
f 731/731/731 729/729/729 730/730/730
f 734/734/734 733/733/733 732/732/732
f 735/735/735 732/732/732 733/733/733
f 735/735/735 733/733/733 736/736/736
f 733/733/733 737/737/737 736/736/736
f 737/737/737 738/738/738 736/736/736
f 741/741/741 740/740/740 739/739/739
f 742/742/742 739/739/739 740/740/740
f 745/745/745 744/744/744 743/743/743
f 746/746/746 745/745/745 743/743/743
f 747/747/747 745/745/745 746/746/746
f 747/747/747 746/746/746 748/748/748
f 749/749/749 747/747/747 748/748/748
f 749/749/749 748/748/748 750/750/750
f 751/751/751 750/750/750 748/748/748
f 752/752/752 750/750/750 751/751/751
f 753/753/753 752/752/752 751/751/751
f 754/754/754 752/752/752 753/753/753
f 755/755/755 754/754/754 753/753/753
f 755/755/755 753/753/753 756/756/756
f 757/757/757 755/755/755 756/756/756
f 756/756/756 758/758/758 757/757/757
f 759/759/759 757/757/757 758/758/758
f 760/760/760 759/759/759 758/758/758
f 761/761/761 760/760/760 758/758/758
f 762/762/762 760/760/760 761/761/761
f 762/762/762 761/761/761 763/763/763
f 764/764/764 762/762/762 763/763/763
f 767/767/767 766/766/766 765/765/765
f 768/768/768 766/766/766 767/767/767
f 769/769/769 766/766/766 768/768/768
f 770/770/770 768/768/768 767/767/767
f 771/771/771 769/769/769 768/768/768
f 772/772/772 768/768/768 770/770/770
f 771/771/771 768/768/768 772/772/772
f 773/773/773 771/771/771 772/772/772
f 770/770/770 774/774/774 772/772/772
f 775/775/775 773/773/773 772/772/772
f 776/776/776 773/773/773 775/775/775
f 776/776/776 775/775/775 777/777/777
f 778/778/778 772/772/772 774/774/774
f 772/772/772 778/778/778 775/775/775
f 778/778/778 774/774/774 779/779/779
f 780/780/780 779/779/779 774/774/774
f 781/781/781 779/779/779 780/780/780
f 781/781/781 780/780/780 782/782/782
f 783/783/783 781/781/781 782/782/782
f 783/783/783 782/782/782 784/784/784
f 783/783/783 785/785/785 781/781/781
f 785/785/785 786/786/786 781/781/781
f 781/781/781 786/786/786 779/779/779
f 786/786/786 787/787/787 779/779/779
f 787/787/787 788/788/788 779/779/779
f 779/779/779 788/788/788 778/778/778
f 787/787/787 789/789/789 788/788/788
f 788/788/788 789/789/789 777/777/777
f 790/790/790 775/775/775 778/778/778
f 790/790/790 778/778/778 788/788/788
f 777/777/777 775/775/775 791/791/791
f 777/777/777 791/791/791 788/788/788
f 790/790/790 791/791/791 775/775/775
f 790/790/790 788/788/788 791/791/791
f 794/794/794 793/793/793 792/792/792
f 793/793/793 795/795/795 792/792/792
f 792/792/792 795/795/795 796/796/796
f 797/797/797 796/796/796 795/795/795
f 798/798/798 795/795/795 793/793/793
f 798/798/798 797/797/797 795/795/795
f 799/799/799 798/798/798 793/793/793
f 798/798/798 799/799/799 800/800/800
f 798/798/798 801/801/801 797/797/797
f 798/798/798 800/800/800 801/801/801
f 797/797/797 801/801/801 802/802/802
f 803/803/803 802/802/802 801/801/801
f 803/803/803 801/801/801 800/800/800
f 800/800/800 804/804/804 803/803/803
f 807/807/807 806/806/806 805/805/805
f 807/807/807 808/808/808 806/806/806
f 808/808/808 807/807/807 809/809/809
f 810/810/810 809/809/809 807/807/807
f 810/810/810 811/811/811 809/809/809
f 808/808/808 809/809/809 811/811/811
f 808/808/808 811/811/811 812/812/812
f 812/812/812 811/811/811 813/813/813
f 816/816/816 815/815/815 814/814/814
f 817/817/817 814/814/814 815/815/815
f 820/820/820 819/819/819 818/818/818
f 821/821/821 818/818/818 819/819/819
f 824/824/824 823/823/823 822/822/822
f 825/825/825 822/822/822 823/823/823
f 828/828/828 827/827/827 826/826/826
f 829/829/829 826/826/826 827/827/827
f 832/832/832 831/831/831 830/830/830
f 833/833/833 830/830/830 831/831/831
f 836/836/836 835/835/835 834/834/834
f 837/837/837 834/834/834 835/835/835
f 834/834/834 837/837/837 838/838/838
f 835/835/835 839/839/839 837/837/837
f 839/839/839 835/835/835 840/840/840
f 840/840/840 841/841/841 839/839/839
f 842/842/842 841/841/841 840/840/840
f 841/841/841 842/842/842 843/843/843
f 844/844/844 838/838/838 837/837/837
f 838/838/838 844/844/844 845/845/845
f 837/837/837 839/839/839 846/846/846
f 839/839/839 841/841/841 846/846/846
f 847/847/847 841/841/841 843/843/843
f 848/848/848 847/847/847 843/843/843
f 849/849/849 845/845/845 844/844/844
f 845/845/845 849/849/849 850/850/850
f 844/844/844 837/837/837 851/851/851
f 846/846/846 851/851/851 837/837/837
f 846/846/846 841/841/841 852/852/852
f 841/841/841 847/847/847 852/852/852
f 847/847/847 848/848/848 853/853/853
f 848/848/848 854/854/854 853/853/853
f 855/855/855 852/852/852 847/847/847
f 847/847/847 853/853/853 855/855/855
f 852/852/852 856/856/856 846/846/846
f 856/856/856 852/852/852 855/855/855
f 857/857/857 853/853/853 854/854/854
f 854/854/854 858/858/858 857/857/857
f 853/853/853 859/859/859 855/855/855
f 853/853/853 857/857/857 859/859/859
f 860/860/860 855/855/855 859/859/859
f 855/855/855 860/860/860 856/856/856
f 861/861/861 859/859/859 857/857/857
f 856/856/856 860/860/860 862/862/862
f 846/846/846 856/856/856 863/863/863
f 856/856/856 862/862/862 863/863/863
f 846/846/846 863/863/863 851/851/851
f 857/857/857 864/864/864 861/861/861
f 864/864/864 857/857/857 858/858/858
f 865/865/865 861/861/861 864/864/864
f 864/864/864 858/858/858 866/866/866
f 867/867/867 866/866/866 858/858/858
f 862/862/862 868/868/868 863/863/863
f 868/868/868 862/862/862 869/869/869
f 863/863/863 868/868/868 870/870/870
f 870/870/870 851/851/851 863/863/863
f 870/870/870 871/871/871 851/851/851
f 872/872/872 870/870/870 868/868/868
f 868/868/868 869/869/869 872/872/872
f 870/870/870 872/872/872 871/871/871
f 873/873/873 851/851/851 871/871/871
f 851/851/851 873/873/873 844/844/844
f 849/849/849 844/844/844 873/873/873
f 873/873/873 874/874/874 849/849/849
f 873/873/873 871/871/871 874/874/874
f 875/875/875 872/872/872 869/869/869
f 869/869/869 876/876/876 875/875/875
f 877/877/877 849/849/849 874/874/874
f 874/874/874 878/878/878 877/877/877
f 877/877/877 850/850/850 849/849/849
f 850/850/850 877/877/877 879/879/879
f 880/880/880 879/879/879 877/877/877
f 880/880/880 877/877/877 878/878/878
f 880/880/880 881/881/881 879/879/879
f 878/878/878 881/881/881 880/880/880
f 882/882/882 879/879/879 881/881/881
f 882/882/882 881/881/881 883/883/883
f 884/884/884 883/883/883 881/881/881
f 878/878/878 885/885/885 881/881/881
f 881/881/881 885/885/885 884/884/884
f 886/886/886 883/883/883 884/884/884
f 883/883/883 886/886/886 887/887/887
f 887/887/887 886/886/886 888/888/888
f 888/888/888 886/886/886 889/889/889
f 886/886/886 884/884/884 890/890/890
f 890/890/890 889/889/889 886/886/886
f 885/885/885 890/890/890 884/884/884
f 889/889/889 890/890/890 891/891/891
f 889/889/889 891/891/891 892/892/892
f 892/892/892 891/891/891 893/893/893
f 893/893/893 891/891/891 894/894/894
f 891/891/891 890/890/890 895/895/895
f 895/895/895 890/890/890 896/896/896
f 896/896/896 890/890/890 885/885/885
f 891/891/891 895/895/895 897/897/897
f 897/897/897 898/898/898 891/891/891
f 899/899/899 894/894/894 891/891/891
f 899/899/899 891/891/891 898/898/898
f 900/900/900 894/894/894 899/899/899
f 901/901/901 900/900/900 899/899/899
f 899/899/899 898/898/898 901/901/901
f 901/901/901 902/902/902 900/900/900
f 903/903/903 901/901/901 898/898/898
f 898/898/898 904/904/904 903/903/903
f 898/898/898 905/905/905 904/904/904
f 898/898/898 906/906/906 905/905/905
f 906/906/906 898/898/898 897/897/897
f 906/906/906 897/897/897 907/907/907
f 907/907/907 897/897/897 895/895/895
f 906/906/906 907/907/907 908/908/908
f 908/908/908 907/907/907 909/909/909
f 910/910/910 909/909/909 907/907/907
f 909/909/909 910/910/910 911/911/911
f 912/912/912 911/911/911 910/910/910
f 912/912/912 913/913/913 911/911/911
f 914/914/914 911/911/911 913/913/913
f 910/910/910 907/907/907 915/915/915
f 895/895/895 915/915/915 907/907/907
f 915/915/915 895/895/895 916/916/916
f 915/915/915 916/916/916 917/917/917
f 918/918/918 917/917/917 916/916/916
f 917/917/917 918/918/918 919/919/919
f 920/920/920 919/919/919 918/918/918
f 916/916/916 895/895/895 921/921/921
f 895/895/895 922/922/922 921/921/921
f 921/921/921 922/922/922 923/923/923
f 924/924/924 923/923/923 922/922/922
f 923/923/923 924/924/924 925/925/925
f 926/926/926 925/925/925 924/924/924
f 922/922/922 895/895/895 927/927/927
f 895/895/895 896/896/896 927/927/927
f 896/896/896 928/928/928 927/927/927
f 927/927/927 928/928/928 929/929/929
f 896/896/896 930/930/930 928/928/928
f 896/896/896 885/885/885 930/930/930
f 885/885/885 878/878/878 930/930/930
f 931/931/931 929/929/929 928/928/928
f 929/929/929 931/931/931 932/932/932
f 933/933/933 932/932/932 931/931/931
f 933/933/933 931/931/931 934/934/934
f 935/935/935 930/930/930 878/878/878
f 928/928/928 930/930/930 936/936/936
f 935/935/935 936/936/936 930/930/930
f 931/931/931 928/928/928 937/937/937
f 936/936/936 937/937/937 928/928/928
f 938/938/938 935/935/935 878/878/878
f 874/874/874 938/938/938 878/878/878
f 939/939/939 936/936/936 935/935/935
f 938/938/938 939/939/939 935/935/935
f 940/940/940 938/938/938 874/874/874
f 940/940/940 874/874/874 871/871/871
f 936/936/936 939/939/939 941/941/941
f 936/936/936 941/941/941 937/937/937
f 942/942/942 939/939/939 938/938/938
f 942/942/942 938/938/938 940/940/940
f 939/939/939 942/942/942 941/941/941
f 931/931/931 937/937/937 943/943/943
f 943/943/943 934/934/934 931/931/931
f 937/937/937 944/944/944 943/943/943
f 944/944/944 937/937/937 941/941/941
f 945/945/945 944/944/944 941/941/941
f 946/946/946 941/941/941 942/942/942
f 945/945/945 941/941/941 946/946/946
f 940/940/940 947/947/947 942/942/942
f 942/942/942 947/947/947 946/946/946
f 871/871/871 948/948/948 940/940/940
f 947/947/947 940/940/940 948/948/948
f 949/949/949 943/943/943 944/944/944
f 943/943/943 949/949/949 934/934/934
f 950/950/950 946/946/946 947/947/947
f 947/947/947 948/948/948 950/950/950
f 951/951/951 945/945/945 946/946/946
f 946/946/946 950/950/950 951/951/951
f 871/871/871 952/952/952 948/948/948
f 952/952/952 871/871/871 872/872/872
f 952/952/952 872/872/872 953/953/953
f 875/875/875 953/953/953 872/872/872
f 954/954/954 948/948/948 952/952/952
f 952/952/952 953/953/953 954/954/954
f 953/953/953 955/955/955 954/954/954
f 953/953/953 875/875/875 956/956/956
f 956/956/956 955/955/955 953/953/953
f 954/954/954 957/957/957 948/948/948
f 957/957/957 950/950/950 948/948/948
f 957/957/957 958/958/958 950/950/950
f 954/954/954 959/959/959 957/957/957
f 954/954/954 955/955/955 959/959/959
f 960/960/960 951/951/951 950/950/950
f 950/950/950 958/958/958 960/960/960
f 961/961/961 956/956/956 875/875/875
f 961/961/961 875/875/875 876/876/876
f 957/957/957 962/962/962 958/958/958
f 962/962/962 957/957/957 959/959/959
f 956/956/956 961/961/961 963/963/963
f 961/961/961 876/876/876 964/964/964
f 964/964/964 963/963/963 961/961/961
f 964/964/964 876/876/876 965/965/965
f 966/966/966 965/965/965 876/876/876
f 965/965/965 967/967/967 964/964/964
f 963/963/963 964/964/964 967/967/967
f 965/965/965 968/968/968 967/967/967
f 969/969/969 967/967/967 968/968/968
f 967/967/967 970/970/970 963/963/963
f 971/971/971 963/963/963 970/970/970
f 971/971/971 956/956/956 963/963/963
f 955/955/955 956/956/956 971/971/971
f 955/955/955 971/971/971 972/972/972
f 973/973/973 955/955/955 972/972/972
f 955/955/955 973/973/973 974/974/974
f 959/959/959 955/955/955 974/974/974
f 959/959/959 974/974/974 975/975/975
f 974/974/974 976/976/976 975/975/975
f 977/977/977 975/975/975 976/976/976
f 959/959/959 975/975/975 962/962/962
f 977/977/977 978/978/978 975/975/975
f 977/977/977 979/979/979 978/978/978
f 980/980/980 978/978/978 979/979/979
f 981/981/981 975/975/975 978/978/978
f 981/981/981 962/962/962 975/975/975
f 978/978/978 982/982/982 981/981/981
f 983/983/983 981/981/981 982/982/982
f 983/983/983 962/962/962 981/981/981
f 958/958/958 962/962/962 983/983/983
f 984/984/984 958/958/958 983/983/983
f 958/958/958 984/984/984 985/985/985
f 958/958/958 985/985/985 986/986/986
f 960/960/960 958/958/958 986/986/986
f 960/960/960 986/986/986 987/987/987
f 986/986/986 988/988/988 987/987/987
f 989/989/989 987/987/987 988/988/988
f 987/987/987 990/990/990 960/960/960
f 951/951/951 960/960/960 990/990/990
f 989/989/989 991/991/991 987/987/987
f 990/990/990 987/987/987 991/991/991
f 991/991/991 989/989/989 992/992/992
f 993/993/993 992/992/992 989/989/989
f 991/991/991 994/994/994 990/990/990
f 995/995/995 990/990/990 994/994/994
f 995/995/995 951/951/951 990/990/990
f 945/945/945 951/951/951 995/995/995
f 996/996/996 945/945/945 995/995/995
f 996/996/996 997/997/997 945/945/945
f 945/945/945 997/997/997 998/998/998
f 944/944/944 945/945/945 998/998/998
f 998/998/998 949/949/949 944/944/944
f 998/998/998 999/999/999 949/949/949
f 1000/1000/1000 949/949/949 999/999/999
f 1000/1000/1000 934/934/934 949/949/949
f 1000/1000/1000 1001/1001/1001 934/934/934
f 1002/1002/1002 934/934/934 1001/1001/1001
f 1005/1005/1005 1004/1004/1004 1003/1003/1003
f 1004/1004/1004 1006/1006/1006 1003/1003/1003
f 1003/1003/1003 1006/1006/1006 1007/1007/1007
f 1008/1008/1008 1006/1006/1006 1004/1004/1004
f 1009/1009/1009 1008/1008/1008 1004/1004/1004
f 1010/1010/1010 1006/1006/1006 1008/1008/1008
f 1013/1013/1013 1012/1012/1012 1011/1011/1011
f 1012/1012/1012 1013/1013/1013 1014/1014/1014
f 1013/1013/1013 1015/1015/1015 1014/1014/1014
f 1014/1014/1014 1016/1016/1016 1012/1012/1012
f 1017/1017/1017 1012/1012/1012 1016/1016/1016
f 1018/1018/1018 1014/1014/1014 1015/1015/1015
f 1018/1018/1018 1015/1015/1015 1019/1019/1019
f 1018/1018/1018 1019/1019/1019 1020/1020/1020
f 1021/1021/1021 1020/1020/1020 1019/1019/1019
f 1018/1018/1018 1022/1022/1022 1014/1014/1014
f 1022/1022/1022 1018/1018/1018 1020/1020/1020
f 1020/1020/1020 1021/1021/1021 1023/1023/1023
f 1024/1024/1024 1023/1023/1023 1021/1021/1021
f 1022/1022/1022 1025/1025/1025 1014/1014/1014
f 1016/1016/1016 1014/1014/1014 1025/1025/1025
f 1022/1022/1022 1020/1020/1020 1026/1026/1026
f 1023/1023/1023 1026/1026/1026 1020/1020/1020
f 1022/1022/1022 1026/1026/1026 1025/1025/1025
f 1023/1023/1023 1024/1024/1024 1027/1027/1027
f 1023/1023/1023 1027/1027/1027 1026/1026/1026
f 1028/1028/1028 1027/1027/1027 1024/1024/1024
f 1016/1016/1016 1029/1029/1029 1017/1017/1017
f 1030/1030/1030 1017/1017/1017 1029/1029/1029
f 1025/1025/1025 1031/1031/1031 1016/1016/1016
f 1029/1029/1029 1016/1016/1016 1031/1031/1031
f 1030/1030/1030 1029/1029/1029 1032/1032/1032
f 1033/1033/1033 1030/1030/1030 1032/1032/1032
f 1034/1034/1034 1033/1033/1033 1032/1032/1032
f 1027/1027/1027 1028/1028/1028 1035/1035/1035
f 1036/1036/1036 1035/1035/1035 1028/1028/1028
f 1035/1035/1035 1036/1036/1036 1037/1037/1037
f 1038/1038/1038 1037/1037/1037 1036/1036/1036
f 1037/1037/1037 1038/1038/1038 1039/1039/1039
f 1035/1035/1035 1040/1040/1040 1027/1027/1027
f 1037/1037/1037 1040/1040/1040 1035/1035/1035
f 1041/1041/1041 1037/1037/1037 1039/1039/1039
f 1037/1037/1037 1041/1041/1041 1040/1040/1040
f 1042/1042/1042 1027/1027/1027 1040/1040/1040
f 1042/1042/1042 1026/1026/1026 1027/1027/1027
f 1032/1032/1032 1029/1029/1029 1043/1043/1043
f 1031/1031/1031 1043/1043/1043 1029/1029/1029
f 1034/1034/1034 1032/1032/1032 1044/1044/1044
f 1034/1034/1034 1044/1044/1044 1045/1045/1045
f 1043/1043/1043 1046/1046/1046 1032/1032/1032
f 1044/1044/1044 1032/1032/1032 1046/1046/1046
f 1043/1043/1043 1031/1031/1031 1047/1047/1047
f 1047/1047/1047 1046/1046/1046 1043/1043/1043
f 1048/1048/1048 1045/1045/1045 1044/1044/1044
f 1045/1045/1045 1048/1048/1048 1049/1049/1049
f 1040/1040/1040 1050/1050/1050 1042/1042/1042
f 1040/1040/1040 1041/1041/1041 1050/1050/1050
f 1026/1026/1026 1042/1042/1042 1051/1051/1051
f 1051/1051/1051 1025/1025/1025 1026/1026/1026
f 1031/1031/1031 1025/1025/1025 1052/1052/1052
f 1051/1051/1051 1052/1052/1052 1025/1025/1025
f 1052/1052/1052 1047/1047/1047 1031/1031/1031
f 1053/1053/1053 1051/1051/1051 1042/1042/1042
f 1053/1053/1053 1042/1042/1042 1050/1050/1050
f 1051/1051/1051 1053/1053/1053 1052/1052/1052
f 1046/1046/1046 1054/1054/1054 1044/1044/1044
f 1048/1048/1048 1044/1044/1044 1054/1054/1054
f 1055/1055/1055 1046/1046/1046 1047/1047/1047
f 1047/1047/1047 1052/1052/1052 1056/1056/1056
f 1056/1056/1056 1055/1055/1055 1047/1047/1047
f 1057/1057/1057 1052/1052/1052 1053/1053/1053
f 1057/1057/1057 1056/1056/1056 1052/1052/1052
f 1057/1057/1057 1053/1053/1053 1058/1058/1058
f 1050/1050/1050 1058/1058/1058 1053/1053/1053
f 1056/1056/1056 1057/1057/1057 1059/1059/1059
f 1057/1057/1057 1058/1058/1058 1059/1059/1059
f 1060/1060/1060 1059/1059/1059 1058/1058/1058
f 1059/1059/1059 1061/1061/1061 1056/1056/1056
f 1055/1055/1055 1056/1056/1056 1061/1061/1061
f 1061/1061/1061 1059/1059/1059 1060/1060/1060
f 1055/1055/1055 1062/1062/1062 1046/1046/1046
f 1054/1054/1054 1046/1046/1046 1062/1062/1062
f 1058/1058/1058 1050/1050/1050 1063/1063/1063
f 1060/1060/1060 1058/1058/1058 1063/1063/1063
f 1055/1055/1055 1061/1061/1061 1064/1064/1064
f 1055/1055/1055 1064/1064/1064 1062/1062/1062
f 1065/1065/1065 1063/1063/1063 1050/1050/1050
f 1065/1065/1065 1050/1050/1050 1041/1041/1041
f 1066/1066/1066 1065/1065/1065 1041/1041/1041
f 1041/1041/1041 1039/1039/1039 1066/1066/1066
f 1067/1067/1067 1066/1066/1066 1039/1039/1039
f 1068/1068/1068 1063/1063/1063 1065/1065/1065
f 1066/1066/1066 1068/1068/1068 1065/1065/1065
f 1069/1069/1069 1066/1066/1066 1067/1067/1067
f 1066/1066/1066 1069/1069/1069 1068/1068/1068
f 1068/1068/1068 1070/1070/1070 1063/1063/1063
f 1063/1063/1063 1070/1070/1070 1060/1060/1060
f 1071/1071/1071 1069/1069/1069 1067/1067/1067
f 1071/1071/1071 1067/1067/1067 1072/1072/1072
f 1071/1071/1071 1073/1073/1073 1069/1069/1069
f 1074/1074/1074 1068/1068/1068 1069/1069/1069
f 1074/1074/1074 1069/1069/1069 1073/1073/1073
f 1070/1070/1070 1068/1068/1068 1074/1074/1074
f 1073/1073/1073 1075/1075/1075 1074/1074/1074
f 1070/1070/1070 1074/1074/1074 1075/1075/1075
f 1070/1070/1070 1075/1075/1075 1076/1076/1076
f 1076/1076/1076 1060/1060/1060 1070/1070/1070
f 1077/1077/1077 1076/1076/1076 1075/1075/1075
f 1076/1076/1076 1077/1077/1077 1078/1078/1078
f 1076/1076/1076 1078/1078/1078 1060/1060/1060
f 1079/1079/1079 1078/1078/1078 1077/1077/1077
f 1080/1080/1080 1060/1060/1060 1078/1078/1078
f 1061/1061/1061 1060/1060/1060 1080/1080/1080
f 1080/1080/1080 1064/1064/1064 1061/1061/1061
f 1078/1078/1078 1079/1079/1079 1081/1081/1081
f 1078/1078/1078 1081/1081/1081 1080/1080/1080
f 1082/1082/1082 1081/1081/1081 1079/1079/1079
f 1083/1083/1083 1064/1064/1064 1080/1080/1080
f 1083/1083/1083 1080/1080/1080 1081/1081/1081
f 1081/1081/1081 1082/1082/1082 1084/1084/1084
f 1085/1085/1085 1084/1084/1084 1082/1082/1082
f 1083/1083/1083 1086/1086/1086 1064/1064/1064
f 1086/1086/1086 1062/1062/1062 1064/1064/1064
f 1083/1083/1083 1081/1081/1081 1087/1087/1087
f 1084/1084/1084 1087/1087/1087 1081/1081/1081
f 1086/1086/1086 1083/1083/1083 1088/1088/1088
f 1086/1086/1086 1088/1088/1088 1062/1062/1062
f 1087/1087/1087 1088/1088/1088 1083/1083/1083
f 1084/1084/1084 1085/1085/1085 1089/1089/1089
f 1090/1090/1090 1089/1089/1089 1085/1085/1085
f 1087/1087/1087 1084/1084/1084 1091/1091/1091
f 1089/1089/1089 1091/1091/1091 1084/1084/1084
f 1089/1089/1089 1090/1090/1090 1092/1092/1092
f 1093/1093/1093 1092/1092/1092 1090/1090/1090
f 1092/1092/1092 1094/1094/1094 1089/1089/1089
f 1091/1091/1091 1089/1089/1089 1094/1094/1094
f 1094/1094/1094 1095/1095/1095 1091/1091/1091
f 1091/1091/1091 1096/1096/1096 1087/1087/1087
f 1096/1096/1096 1091/1091/1091 1095/1095/1095
f 1088/1088/1088 1087/1087/1087 1096/1096/1096
f 1095/1095/1095 1097/1097/1097 1096/1096/1096
f 1098/1098/1098 1096/1096/1096 1097/1097/1097
f 1096/1096/1096 1098/1098/1098 1088/1088/1088
f 1097/1097/1097 1099/1099/1099 1098/1098/1098
f 1100/1100/1100 1088/1088/1088 1098/1098/1098
f 1100/1100/1100 1062/1062/1062 1088/1088/1088
f 1062/1062/1062 1100/1100/1100 1054/1054/1054
f 1101/1101/1101 1098/1098/1098 1099/1099/1099
f 1098/1098/1098 1101/1101/1101 1100/1100/1100
f 1102/1102/1102 1054/1054/1054 1100/1100/1100
f 1102/1102/1102 1100/1100/1100 1101/1101/1101
f 1054/1054/1054 1102/1102/1102 1048/1048/1048
f 1103/1103/1103 1048/1048/1048 1102/1102/1102
f 1102/1102/1102 1101/1101/1101 1103/1103/1103
f 1103/1103/1103 1049/1049/1049 1048/1048/1048
f 1101/1101/1101 1099/1099/1099 1104/1104/1104
f 1104/1104/1104 1103/1103/1103 1101/1101/1101
f 1103/1103/1103 1104/1104/1104 1049/1049/1049
f 1105/1105/1105 1104/1104/1104 1099/1099/1099
f 1106/1106/1106 1049/1049/1049 1104/1104/1104
f 1104/1104/1104 1105/1105/1105 1106/1106/1106
f 1107/1107/1107 1106/1106/1106 1105/1105/1105
f 1110/1110/1110 1109/1109/1109 1108/1108/1108
f 1111/1111/1111 1108/1108/1108 1109/1109/1109
f 1114/1114/1114 1113/1113/1113 1112/1112/1112
f 1115/1115/1115 1112/1112/1112 1113/1113/1113
f 1118/1118/1118 1117/1117/1117 1116/1116/1116
f 1119/1119/1119 1116/1116/1116 1117/1117/1117
f 1122/1122/1122 1121/1121/1121 1120/1120/1120
f 1123/1123/1123 1120/1120/1120 1121/1121/1121
f 1126/1126/1126 1125/1125/1125 1124/1124/1124
f 1127/1127/1127 1124/1124/1124 1125/1125/1125
f 1130/1130/1130 1129/1129/1129 1128/1128/1128
f 1131/1131/1131 1128/1128/1128 1129/1129/1129
f 1134/1134/1134 1133/1133/1133 1132/1132/1132
f 1135/1135/1135 1132/1132/1132 1133/1133/1133
f 1138/1138/1138 1137/1137/1137 1136/1136/1136
f 1139/1139/1139 1136/1136/1136 1137/1137/1137
f 1142/1142/1142 1141/1141/1141 1140/1140/1140
f 1143/1143/1143 1140/1140/1140 1141/1141/1141
f 1146/1146/1146 1145/1145/1145 1144/1144/1144
f 1147/1147/1147 1144/1144/1144 1145/1145/1145
f 1150/1150/1150 1149/1149/1149 1148/1148/1148
f 1151/1151/1151 1148/1148/1148 1149/1149/1149
f 1154/1154/1154 1153/1153/1153 1152/1152/1152
f 1155/1155/1155 1152/1152/1152 1153/1153/1153
f 1158/1158/1158 1157/1157/1157 1156/1156/1156
f 1159/1159/1159 1156/1156/1156 1157/1157/1157
f 1162/1162/1162 1161/1161/1161 1160/1160/1160
f 1163/1163/1163 1160/1160/1160 1161/1161/1161
f 1166/1166/1166 1165/1165/1165 1164/1164/1164
f 1167/1167/1167 1164/1164/1164 1165/1165/1165
f 1170/1170/1170 1169/1169/1169 1168/1168/1168
f 1171/1171/1171 1168/1168/1168 1169/1169/1169
f 1174/1174/1174 1173/1173/1173 1172/1172/1172
f 1173/1173/1173 1175/1175/1175 1172/1172/1172
f 1172/1172/1172 1175/1175/1175 1176/1176/1176
f 1177/1177/1177 1175/1175/1175 1173/1173/1173
f 1178/1178/1178 1177/1177/1177 1173/1173/1173
f 1179/1179/1179 1175/1175/1175 1177/1177/1177
f 1182/1182/1182 1181/1181/1181 1180/1180/1180
f 1183/1183/1183 1180/1180/1180 1181/1181/1181
f 1183/1183/1183 1181/1181/1181 1184/1184/1184
f 1185/1185/1185 1184/1184/1184 1181/1181/1181
f 1183/1183/1183 1186/1186/1186 1180/1180/1180
f 1187/1187/1187 1180/1180/1180 1186/1186/1186
f 1187/1187/1187 1186/1186/1186 1188/1188/1188
f 1184/1184/1184 1185/1185/1185 1189/1189/1189
f 1190/1190/1190 1189/1189/1189 1185/1185/1185
f 1184/1184/1184 1191/1191/1191 1183/1183/1183
f 1186/1186/1186 1183/1183/1183 1191/1191/1191
f 1189/1189/1189 1190/1190/1190 1192/1192/1192
f 1193/1193/1193 1192/1192/1192 1190/1190/1190
f 1189/1189/1189 1194/1194/1194 1184/1184/1184
f 1191/1191/1191 1184/1184/1184 1194/1194/1194
f 1192/1192/1192 1193/1193/1193 1195/1195/1195
f 1196/1196/1196 1195/1195/1195 1193/1193/1193
f 1196/1196/1196 1197/1197/1197 1195/1195/1195
f 1192/1192/1192 1198/1198/1198 1189/1189/1189
f 1194/1194/1194 1189/1189/1189 1198/1198/1198
f 1198/1198/1198 1192/1192/1192 1199/1199/1199
f 1195/1195/1195 1199/1199/1199 1192/1192/1192
f 1200/1200/1200 1195/1195/1195 1197/1197/1197
f 1197/1197/1197 1201/1201/1201 1200/1200/1200
f 1198/1198/1198 1202/1202/1202 1194/1194/1194
f 1198/1198/1198 1199/1199/1199 1202/1202/1202
f 1194/1194/1194 1203/1203/1203 1191/1191/1191
f 1203/1203/1203 1194/1194/1194 1202/1202/1202
f 1199/1199/1199 1195/1195/1195 1204/1204/1204
f 1200/1200/1200 1204/1204/1204 1195/1195/1195
f 1205/1205/1205 1200/1200/1200 1201/1201/1201
f 1201/1201/1201 1206/1206/1206 1205/1205/1205
f 1207/1207/1207 1205/1205/1205 1206/1206/1206
f 1207/1207/1207 1208/1208/1208 1205/1205/1205
f 1205/1205/1205 1209/1209/1209 1200/1200/1200
f 1209/1209/1209 1205/1205/1205 1208/1208/1208
f 1204/1204/1204 1200/1200/1200 1209/1209/1209
f 1199/1199/1199 1204/1204/1204 1210/1210/1210
f 1210/1210/1210 1202/1202/1202 1199/1199/1199
f 1209/1209/1209 1208/1208/1208 1211/1211/1211
f 1212/1212/1212 1211/1211/1211 1208/1208/1208
f 1212/1212/1212 1213/1213/1213 1211/1211/1211
f 1204/1204/1204 1209/1209/1209 1214/1214/1214
f 1211/1211/1211 1214/1214/1214 1209/1209/1209
f 1214/1214/1214 1210/1210/1210 1204/1204/1204
f 1215/1215/1215 1211/1211/1211 1213/1213/1213
f 1211/1211/1211 1215/1215/1215 1214/1214/1214
f 1214/1214/1214 1216/1216/1216 1210/1210/1210
f 1216/1216/1216 1214/1214/1214 1215/1215/1215
f 1215/1215/1215 1213/1213/1213 1217/1217/1217
f 1215/1215/1215 1217/1217/1217 1216/1216/1216
f 1218/1218/1218 1217/1217/1217 1213/1213/1213
f 1219/1219/1219 1216/1216/1216 1217/1217/1217
f 1220/1220/1220 1210/1210/1210 1216/1216/1216
f 1216/1216/1216 1219/1219/1219 1220/1220/1220
f 1210/1210/1210 1220/1220/1220 1202/1202/1202
f 1221/1221/1221 1220/1220/1220 1219/1219/1219
f 1222/1222/1222 1202/1202/1202 1220/1220/1220
f 1220/1220/1220 1221/1221/1221 1222/1222/1222
f 1223/1223/1223 1222/1222/1222 1221/1221/1221
f 1202/1202/1202 1222/1222/1222 1203/1203/1203
f 1222/1222/1222 1223/1223/1223 1224/1224/1224
f 1224/1224/1224 1203/1203/1203 1222/1222/1222
f 1225/1225/1225 1224/1224/1224 1223/1223/1223
f 1225/1225/1225 1226/1226/1226 1224/1224/1224
f 1203/1203/1203 1224/1224/1224 1227/1227/1227
f 1227/1227/1227 1191/1191/1191 1203/1203/1203
f 1191/1191/1191 1227/1227/1227 1186/1186/1186
f 1228/1228/1228 1224/1224/1224 1226/1226/1226
f 1228/1228/1228 1227/1227/1227 1224/1224/1224
f 1226/1226/1226 1229/1229/1229 1228/1228/1228
f 1230/1230/1230 1186/1186/1186 1227/1227/1227
f 1227/1227/1227 1228/1228/1228 1230/1230/1230
f 1230/1230/1230 1188/1188/1188 1186/1186/1186
f 1231/1231/1231 1228/1228/1228 1229/1229/1229
f 1231/1231/1231 1230/1230/1230 1228/1228/1228
f 1230/1230/1230 1231/1231/1231 1188/1188/1188
f 1229/1229/1229 1232/1232/1232 1231/1231/1231
f 1233/1233/1233 1188/1188/1188 1231/1231/1231
f 1233/1233/1233 1231/1231/1231 1232/1232/1232
f 1236/1236/1236 1235/1235/1235 1234/1234/1234
f 1237/1237/1237 1234/1234/1234 1235/1235/1235
f 1235/1235/1235 1238/1238/1238 1237/1237/1237
f 1239/1239/1239 1237/1237/1237 1238/1238/1238
f 1239/1239/1239 1238/1238/1238 1240/1240/1240
f 1241/1241/1241 1240/1240/1240 1238/1238/1238
f 1240/1240/1240 1241/1241/1241 1242/1242/1242
f 1243/1243/1243 1242/1242/1242 1241/1241/1241
f 1242/1242/1242 1243/1243/1243 1244/1244/1244
f 1245/1245/1245 1244/1244/1244 1243/1243/1243
f 1244/1244/1244 1245/1245/1245 1246/1246/1246
f 1247/1247/1247 1246/1246/1246 1245/1245/1245
f 1247/1247/1247 1248/1248/1248 1246/1246/1246
f 1249/1249/1249 1246/1246/1246 1248/1248/1248
f 1248/1248/1248 1250/1250/1250 1249/1249/1249
f 1251/1251/1251 1249/1249/1249 1250/1250/1250
f 1254/1254/1254 1253/1253/1253 1252/1252/1252
f 1255/1255/1255 1252/1252/1252 1253/1253/1253
f 1253/1253/1253 1256/1256/1256 1255/1255/1255
f 1257/1257/1257 1255/1255/1255 1256/1256/1256
f 1257/1257/1257 1256/1256/1256 1258/1258/1258
f 1259/1259/1259 1258/1258/1258 1256/1256/1256
f 1258/1258/1258 1259/1259/1259 1260/1260/1260
f 1261/1261/1261 1260/1260/1260 1259/1259/1259
f 1260/1260/1260 1261/1261/1261 1262/1262/1262
f 1263/1263/1263 1262/1262/1262 1261/1261/1261
f 1262/1262/1262 1263/1263/1263 1264/1264/1264
f 1265/1265/1265 1264/1264/1264 1263/1263/1263
f 1264/1264/1264 1265/1265/1265 1266/1266/1266
f 1267/1267/1267 1266/1266/1266 1265/1265/1265
f 1267/1267/1267 1268/1268/1268 1266/1266/1266
f 1269/1269/1269 1266/1266/1266 1268/1268/1268
f 1272/1272/1272 1271/1271/1271 1270/1270/1270
f 1273/1273/1273 1270/1270/1270 1271/1271/1271
f 1270/1270/1270 1273/1273/1273 1274/1274/1274
f 1275/1275/1275 1274/1274/1274 1273/1273/1273
f 1274/1274/1274 1275/1275/1275 1276/1276/1276
f 1277/1277/1277 1276/1276/1276 1275/1275/1275
f 1276/1276/1276 1277/1277/1277 1278/1278/1278
f 1279/1279/1279 1278/1278/1278 1277/1277/1277
f 1278/1278/1278 1279/1279/1279 1280/1280/1280
f 1281/1281/1281 1280/1280/1280 1279/1279/1279
f 1280/1280/1280 1281/1281/1281 1282/1282/1282
f 1283/1283/1283 1282/1282/1282 1281/1281/1281
f 1282/1282/1282 1283/1283/1283 1284/1284/1284
f 1285/1285/1285 1284/1284/1284 1283/1283/1283
f 1284/1284/1284 1285/1285/1285 1286/1286/1286
f 1287/1287/1287 1286/1286/1286 1285/1285/1285
f 1290/1290/1290 1289/1289/1289 1288/1288/1288
f 1291/1291/1291 1288/1288/1288 1289/1289/1289
f 1288/1288/1288 1291/1291/1291 1292/1292/1292
f 1293/1293/1293 1288/1288/1288 1292/1292/1292
f 1294/1294/1294 1293/1293/1293 1292/1292/1292
f 1297/1297/1297 1296/1296/1296 1295/1295/1295
f 1298/1298/1298 1295/1295/1295 1296/1296/1296
f 1301/1301/1301 1300/1300/1300 1299/1299/1299
f 1302/1302/1302 1299/1299/1299 1300/1300/1300
f 1305/1305/1305 1304/1304/1304 1303/1303/1303
f 1306/1306/1306 1303/1303/1303 1304/1304/1304
f 1309/1309/1309 1308/1308/1308 1307/1307/1307
f 1310/1310/1310 1307/1307/1307 1308/1308/1308
f 1313/1313/1313 1312/1312/1312 1311/1311/1311
f 1314/1314/1314 1311/1311/1311 1312/1312/1312
f 1317/1317/1317 1316/1316/1316 1315/1315/1315
f 1318/1318/1318 1315/1315/1315 1316/1316/1316
f 1321/1321/1321 1320/1320/1320 1319/1319/1319
f 1322/1322/1322 1319/1319/1319 1320/1320/1320
f 1320/1320/1320 1323/1323/1323 1322/1322/1322
f 1324/1324/1324 1319/1319/1319 1322/1322/1322
f 1319/1319/1319 1324/1324/1324 1325/1325/1325
f 1326/1326/1326 1325/1325/1325 1324/1324/1324
f 1326/1326/1326 1327/1327/1327 1325/1325/1325
f 1327/1327/1327 1326/1326/1326 1328/1328/1328
f 1329/1329/1329 1322/1322/1322 1323/1323/1323
f 1323/1323/1323 1330/1330/1330 1329/1329/1329
f 1324/1324/1324 1322/1322/1322 1331/1331/1331
f 1326/1326/1326 1324/1324/1324 1331/1331/1331
f 1326/1326/1326 1332/1332/1332 1328/1328/1328
f 1332/1332/1332 1333/1333/1333 1328/1328/1328
f 1334/1334/1334 1329/1329/1329 1330/1330/1330
f 1330/1330/1330 1335/1335/1335 1334/1334/1334
f 1329/1329/1329 1336/1336/1336 1322/1322/1322
f 1331/1331/1331 1322/1322/1322 1336/1336/1336
f 1326/1326/1326 1331/1331/1331 1337/1337/1337
f 1326/1326/1326 1337/1337/1337 1332/1332/1332
f 1333/1333/1333 1332/1332/1332 1338/1338/1338
f 1333/1333/1333 1338/1338/1338 1339/1339/1339
f 1340/1340/1340 1332/1332/1332 1337/1337/1337
f 1338/1338/1338 1332/1332/1332 1340/1340/1340
f 1341/1341/1341 1337/1337/1337 1331/1331/1331
f 1337/1337/1337 1341/1341/1341 1340/1340/1340
f 1342/1342/1342 1339/1339/1339 1338/1338/1338
f 1339/1339/1339 1342/1342/1342 1343/1343/1343
f 1338/1338/1338 1340/1340/1340 1344/1344/1344
f 1338/1338/1338 1344/1344/1344 1342/1342/1342
f 1345/1345/1345 1344/1344/1344 1340/1340/1340
f 1345/1345/1345 1340/1340/1340 1341/1341/1341
f 1346/1346/1346 1342/1342/1342 1344/1344/1344
f 1345/1345/1345 1341/1341/1341 1347/1347/1347
f 1341/1341/1341 1331/1331/1331 1348/1348/1348
f 1347/1347/1347 1341/1341/1341 1348/1348/1348
f 1331/1331/1331 1336/1336/1336 1348/1348/1348
f 1342/1342/1342 1346/1346/1346 1349/1349/1349
f 1349/1349/1349 1343/1343/1343 1342/1342/1342
f 1350/1350/1350 1349/1349/1349 1346/1346/1346
f 1349/1349/1349 1351/1351/1351 1343/1343/1343
f 1352/1352/1352 1343/1343/1343 1351/1351/1351
f 1353/1353/1353 1347/1347/1347 1348/1348/1348
f 1347/1347/1347 1353/1353/1353 1354/1354/1354
f 1348/1348/1348 1355/1355/1355 1353/1353/1353
f 1355/1355/1355 1348/1348/1348 1336/1336/1336
f 1355/1355/1355 1336/1336/1336 1356/1356/1356
f 1357/1357/1357 1353/1353/1353 1355/1355/1355
f 1353/1353/1353 1357/1357/1357 1354/1354/1354
f 1355/1355/1355 1356/1356/1356 1357/1357/1357
f 1358/1358/1358 1356/1356/1356 1336/1336/1336
f 1336/1336/1336 1329/1329/1329 1358/1358/1358
f 1334/1334/1334 1358/1358/1358 1329/1329/1329
f 1358/1358/1358 1334/1334/1334 1359/1359/1359
f 1358/1358/1358 1359/1359/1359 1356/1356/1356
f 1360/1360/1360 1354/1354/1354 1357/1357/1357
f 1354/1354/1354 1360/1360/1360 1361/1361/1361
f 1362/1362/1362 1359/1359/1359 1334/1334/1334
f 1359/1359/1359 1362/1362/1362 1363/1363/1363
f 1362/1362/1362 1334/1334/1334 1335/1335/1335
f 1335/1335/1335 1364/1364/1364 1362/1362/1362
f 1365/1365/1365 1362/1362/1362 1364/1364/1364
f 1365/1365/1365 1363/1363/1363 1362/1362/1362
f 1365/1365/1365 1364/1364/1364 1366/1366/1366
f 1366/1366/1366 1363/1363/1363 1365/1365/1365
f 1367/1367/1367 1366/1366/1366 1364/1364/1364
f 1367/1367/1367 1368/1368/1368 1366/1366/1366
f 1369/1369/1369 1366/1366/1366 1368/1368/1368
f 1370/1370/1370 1363/1363/1363 1366/1366/1366
f 1370/1370/1370 1366/1366/1366 1369/1369/1369
f 1368/1368/1368 1371/1371/1371 1369/1369/1369
f 1371/1371/1371 1368/1368/1368 1372/1372/1372
f 1371/1371/1371 1372/1372/1372 1373/1373/1373
f 1373/1373/1373 1374/1374/1374 1371/1371/1371
f 1371/1371/1371 1375/1375/1375 1369/1369/1369
f 1375/1375/1375 1371/1371/1371 1374/1374/1374
f 1370/1370/1370 1369/1369/1369 1375/1375/1375
f 1375/1375/1375 1374/1374/1374 1376/1376/1376
f 1376/1376/1376 1374/1374/1374 1377/1377/1377
f 1376/1376/1376 1377/1377/1377 1378/1378/1378
f 1378/1378/1378 1379/1379/1379 1376/1376/1376
f 1375/1375/1375 1376/1376/1376 1380/1380/1380
f 1375/1375/1375 1380/1380/1380 1381/1381/1381
f 1375/1375/1375 1381/1381/1381 1370/1370/1370
f 1380/1380/1380 1376/1376/1376 1382/1382/1382
f 1382/1382/1382 1376/1376/1376 1383/1383/1383
f 1384/1384/1384 1376/1376/1376 1379/1379/1379
f 1384/1384/1384 1383/1383/1383 1376/1376/1376
f 1379/1379/1379 1385/1385/1385 1384/1384/1384
f 1385/1385/1385 1386/1386/1386 1384/1384/1384
f 1384/1384/1384 1386/1386/1386 1383/1383/1383
f 1387/1387/1387 1386/1386/1386 1385/1385/1385
f 1388/1388/1388 1383/1383/1383 1386/1386/1386
f 1389/1389/1389 1383/1383/1383 1388/1388/1388
f 1390/1390/1390 1383/1383/1383 1389/1389/1389
f 1391/1391/1391 1383/1383/1383 1390/1390/1390
f 1383/1383/1383 1391/1391/1391 1382/1382/1382
f 1382/1382/1382 1391/1391/1391 1392/1392/1392
f 1382/1382/1382 1392/1392/1392 1380/1380/1380
f 1392/1392/1392 1391/1391/1391 1393/1393/1393
f 1393/1393/1393 1394/1394/1394 1392/1392/1392
f 1395/1395/1395 1392/1392/1392 1394/1394/1394
f 1394/1394/1394 1396/1396/1396 1395/1395/1395
f 1397/1397/1397 1395/1395/1395 1396/1396/1396
f 1397/1397/1397 1396/1396/1396 1398/1398/1398
f 1399/1399/1399 1398/1398/1398 1396/1396/1396
f 1392/1392/1392 1395/1395/1395 1400/1400/1400
f 1400/1400/1400 1380/1380/1380 1392/1392/1392
f 1380/1380/1380 1400/1400/1400 1401/1401/1401
f 1400/1400/1400 1402/1402/1402 1401/1401/1401
f 1403/1403/1403 1401/1401/1401 1402/1402/1402
f 1402/1402/1402 1404/1404/1404 1403/1403/1403
f 1405/1405/1405 1403/1403/1403 1404/1404/1404
f 1380/1380/1380 1401/1401/1401 1406/1406/1406
f 1407/1407/1407 1380/1380/1380 1406/1406/1406
f 1406/1406/1406 1408/1408/1408 1407/1407/1407
f 1409/1409/1409 1407/1407/1407 1408/1408/1408
f 1408/1408/1408 1410/1410/1410 1409/1409/1409
f 1411/1411/1411 1409/1409/1409 1410/1410/1410
f 1380/1380/1380 1407/1407/1407 1412/1412/1412
f 1381/1381/1381 1380/1380/1380 1412/1412/1412
f 1413/1413/1413 1381/1381/1381 1412/1412/1412
f 1412/1412/1412 1414/1414/1414 1413/1413/1413
f 1415/1415/1415 1381/1381/1381 1413/1413/1413
f 1370/1370/1370 1381/1381/1381 1415/1415/1415
f 1370/1370/1370 1415/1415/1415 1363/1363/1363
f 1416/1416/1416 1413/1413/1413 1414/1414/1414
f 1414/1414/1414 1417/1417/1417 1416/1416/1416
f 1418/1418/1418 1416/1416/1416 1417/1417/1417
f 1418/1418/1418 1419/1419/1419 1416/1416/1416
f 1420/1420/1420 1363/1363/1363 1415/1415/1415
f 1413/1413/1413 1421/1421/1421 1415/1415/1415
f 1420/1420/1420 1415/1415/1415 1421/1421/1421
f 1416/1416/1416 1422/1422/1422 1413/1413/1413
f 1421/1421/1421 1413/1413/1413 1422/1422/1422
f 1420/1420/1420 1423/1423/1423 1363/1363/1363
f 1423/1423/1423 1359/1359/1359 1363/1363/1363
f 1421/1421/1421 1424/1424/1424 1420/1420/1420
f 1424/1424/1424 1423/1423/1423 1420/1420/1420
f 1423/1423/1423 1425/1425/1425 1359/1359/1359
f 1425/1425/1425 1356/1356/1356 1359/1359/1359
f 1424/1424/1424 1421/1421/1421 1426/1426/1426
f 1421/1421/1421 1422/1422/1422 1426/1426/1426
f 1424/1424/1424 1427/1427/1427 1423/1423/1423
f 1423/1423/1423 1427/1427/1427 1425/1425/1425
f 1424/1424/1424 1426/1426/1426 1427/1427/1427
f 1422/1422/1422 1416/1416/1416 1428/1428/1428
f 1428/1428/1428 1416/1416/1416 1419/1419/1419
f 1422/1422/1422 1428/1428/1428 1429/1429/1429
f 1429/1429/1429 1426/1426/1426 1422/1422/1422
f 1429/1429/1429 1430/1430/1430 1426/1426/1426
f 1431/1431/1431 1427/1427/1427 1426/1426/1426
f 1426/1426/1426 1430/1430/1430 1431/1431/1431
f 1432/1432/1432 1425/1425/1425 1427/1427/1427
f 1427/1427/1427 1431/1431/1431 1432/1432/1432
f 1433/1433/1433 1356/1356/1356 1425/1425/1425
f 1425/1425/1425 1432/1432/1432 1433/1433/1433
f 1434/1434/1434 1429/1429/1429 1428/1428/1428
f 1428/1428/1428 1419/1419/1419 1434/1434/1434
f 1435/1435/1435 1432/1432/1432 1431/1431/1431
f 1432/1432/1432 1435/1435/1435 1433/1433/1433
f 1430/1430/1430 1436/1436/1436 1431/1431/1431
f 1431/1431/1431 1436/1436/1436 1435/1435/1435
f 1437/1437/1437 1356/1356/1356 1433/1433/1433
f 1437/1437/1437 1357/1357/1357 1356/1356/1356
f 1437/1437/1437 1438/1438/1438 1357/1357/1357
f 1360/1360/1360 1357/1357/1357 1438/1438/1438
f 1433/1433/1433 1439/1439/1439 1437/1437/1437
f 1438/1438/1438 1437/1437/1437 1439/1439/1439
f 1440/1440/1440 1438/1438/1438 1439/1439/1439
f 1438/1438/1438 1441/1441/1441 1360/1360/1360
f 1440/1440/1440 1441/1441/1441 1438/1438/1438
f 1442/1442/1442 1439/1439/1439 1433/1433/1433
f 1442/1442/1442 1433/1433/1433 1435/1435/1435
f 1443/1443/1443 1442/1442/1442 1435/1435/1435
f 1439/1439/1439 1442/1442/1442 1444/1444/1444
f 1440/1440/1440 1439/1439/1439 1444/1444/1444
f 1445/1445/1445 1435/1435/1435 1436/1436/1436
f 1443/1443/1443 1435/1435/1435 1445/1445/1445
f 1446/1446/1446 1360/1360/1360 1441/1441/1441
f 1446/1446/1446 1361/1361/1361 1360/1360/1360
f 1447/1447/1447 1442/1442/1442 1443/1443/1443
f 1447/1447/1447 1444/1444/1444 1442/1442/1442
f 1441/1441/1441 1448/1448/1448 1446/1446/1446
f 1361/1361/1361 1446/1446/1446 1449/1449/1449
f 1449/1449/1449 1446/1446/1446 1448/1448/1448
f 1449/1449/1449 1450/1450/1450 1361/1361/1361
f 1451/1451/1451 1361/1361/1361 1450/1450/1450
f 1450/1450/1450 1449/1449/1449 1452/1452/1452
f 1448/1448/1448 1452/1452/1452 1449/1449/1449
f 1450/1450/1450 1452/1452/1452 1453/1453/1453
f 1454/1454/1454 1453/1453/1453 1452/1452/1452
f 1452/1452/1452 1448/1448/1448 1455/1455/1455
f 1456/1456/1456 1455/1455/1455 1448/1448/1448
f 1441/1441/1441 1456/1456/1456 1448/1448/1448
f 1441/1441/1441 1440/1440/1440 1456/1456/1456
f 1456/1456/1456 1440/1440/1440 1457/1457/1457
f 1440/1440/1440 1458/1458/1458 1457/1457/1457
f 1458/1458/1458 1440/1440/1440 1459/1459/1459
f 1440/1440/1440 1444/1444/1444 1459/1459/1459
f 1459/1459/1459 1444/1444/1444 1460/1460/1460
f 1459/1459/1459 1460/1460/1460 1461/1461/1461
f 1462/1462/1462 1461/1461/1461 1460/1460/1460
f 1444/1444/1444 1447/1447/1447 1460/1460/1460
f 1462/1462/1462 1460/1460/1460 1463/1463/1463
f 1462/1462/1462 1463/1463/1463 1464/1464/1464
f 1465/1465/1465 1464/1464/1464 1463/1463/1463
f 1466/1466/1466 1463/1463/1463 1460/1460/1460
f 1466/1466/1466 1460/1460/1460 1447/1447/1447
f 1463/1463/1463 1466/1466/1466 1467/1467/1467
f 1468/1468/1468 1467/1467/1467 1466/1466/1466
f 1447/1447/1447 1468/1468/1468 1466/1466/1466
f 1447/1447/1447 1443/1443/1443 1468/1468/1468
f 1443/1443/1443 1469/1469/1469 1468/1468/1468
f 1469/1469/1469 1443/1443/1443 1470/1470/1470
f 1470/1470/1470 1443/1443/1443 1471/1471/1471
f 1443/1443/1443 1445/1445/1445 1471/1471/1471
f 1471/1471/1471 1445/1445/1445 1472/1472/1472
f 1471/1471/1471 1472/1472/1472 1473/1473/1473
f 1474/1474/1474 1473/1473/1473 1472/1472/1472
f 1472/1472/1472 1445/1445/1445 1475/1475/1475
f 1436/1436/1436 1475/1475/1475 1445/1445/1445
f 1474/1474/1474 1472/1472/1472 1476/1476/1476
f 1475/1475/1475 1476/1476/1476 1472/1472/1472
f 1476/1476/1476 1477/1477/1477 1474/1474/1474
f 1478/1478/1478 1474/1474/1474 1477/1477/1477
f 1476/1476/1476 1475/1475/1475 1479/1479/1479
f 1480/1480/1480 1479/1479/1479 1475/1475/1475
f 1436/1436/1436 1480/1480/1480 1475/1475/1475
f 1436/1436/1436 1430/1430/1430 1480/1480/1480
f 1430/1430/1430 1481/1481/1481 1480/1480/1480
f 1482/1482/1482 1481/1481/1481 1430/1430/1430
f 1482/1482/1482 1430/1430/1430 1483/1483/1483
f 1430/1430/1430 1429/1429/1429 1483/1483/1483
f 1434/1434/1434 1483/1483/1483 1429/1429/1429
f 1483/1483/1483 1434/1434/1434 1484/1484/1484
f 1485/1485/1485 1484/1484/1484 1434/1434/1434
f 1485/1485/1485 1434/1434/1434 1419/1419/1419
f 1485/1485/1485 1419/1419/1419 1486/1486/1486
f 1487/1487/1487 1486/1486/1486 1419/1419/1419
f 1490/1490/1490 1489/1489/1489 1488/1488/1488
f 1489/1489/1489 1491/1491/1491 1488/1488/1488
f 1492/1492/1492 1491/1491/1491 1489/1489/1489
f 1491/1491/1491 1493/1493/1493 1488/1488/1488
f 1488/1488/1488 1493/1493/1493 1494/1494/1494
f 1495/1495/1495 1493/1493/1493 1491/1491/1491
f 1498/1498/1498 1497/1497/1497 1496/1496/1496
f 1499/1499/1499 1496/1496/1496 1497/1497/1497
f 1496/1496/1496 1499/1499/1499 1500/1500/1500
f 1501/1501/1501 1500/1500/1500 1499/1499/1499
f 1500/1500/1500 1501/1501/1501 1502/1502/1502
f 1503/1503/1503 1502/1502/1502 1501/1501/1501
f 1502/1502/1502 1503/1503/1503 1504/1504/1504
f 1505/1505/1505 1504/1504/1504 1503/1503/1503
f 1504/1504/1504 1505/1505/1505 1506/1506/1506
f 1507/1507/1507 1506/1506/1506 1505/1505/1505
f 1506/1506/1506 1507/1507/1507 1508/1508/1508
f 1509/1509/1509 1508/1508/1508 1507/1507/1507
f 1508/1508/1508 1509/1509/1509 1510/1510/1510
f 1511/1511/1511 1510/1510/1510 1509/1509/1509
f 1510/1510/1510 1511/1511/1511 1512/1512/1512
f 1513/1513/1513 1512/1512/1512 1511/1511/1511
f 1516/1516/1516 1515/1515/1515 1514/1514/1514
f 1516/1516/1516 1517/1517/1517 1515/1515/1515
f 1520/1520/1520 1519/1519/1519 1518/1518/1518
f 1521/1521/1521 1519/1519/1519 1520/1520/1520
f 1522/1522/1522 1521/1521/1521 1520/1520/1520
f 1523/1523/1523 1521/1521/1521 1522/1522/1522
f 1524/1524/1524 1523/1523/1523 1522/1522/1522
f 1525/1525/1525 1523/1523/1523 1524/1524/1524
f 1526/1526/1526 1525/1525/1525 1524/1524/1524
f 1527/1527/1527 1526/1526/1526 1524/1524/1524
f 1528/1528/1528 1525/1525/1525 1526/1526/1526
f 1527/1527/1527 1529/1529/1529 1526/1526/1526
f 1528/1528/1528 1526/1526/1526 1530/1530/1530
f 1526/1526/1526 1529/1529/1529 1530/1530/1530
f 1530/1530/1530 1529/1529/1529 1531/1531/1531
f 1529/1529/1529 1532/1532/1532 1531/1531/1531
f 1533/1533/1533 1530/1530/1530 1531/1531/1531
f 1531/1531/1531 1532/1532/1532 1534/1534/1534
f 1532/1532/1532 1535/1535/1535 1534/1534/1534
f 1534/1534/1534 1535/1535/1535 1536/1536/1536
f 1533/1533/1533 1531/1531/1531 1537/1537/1537
f 1537/1537/1537 1531/1531/1531 1534/1534/1534
f 1534/1534/1534 1536/1536/1536 1537/1537/1537
f 1533/1533/1533 1537/1537/1537 1538/1538/1538
f 1539/1539/1539 1537/1537/1537 1536/1536/1536
f 1540/1540/1540 1538/1538/1538 1537/1537/1537
f 1537/1537/1537 1539/1539/1539 1540/1540/1540
f 1538/1538/1538 1540/1540/1540 1541/1541/1541
f 1542/1542/1542 1540/1540/1540 1539/1539/1539
f 1543/1543/1543 1541/1541/1541 1540/1540/1540
f 1540/1540/1540 1542/1542/1542 1543/1543/1543
f 1541/1541/1541 1543/1543/1543 1544/1544/1544
f 1545/1545/1545 1543/1543/1543 1542/1542/1542
f 1546/1546/1546 1544/1544/1544 1543/1543/1543
f 1543/1543/1543 1545/1545/1545 1546/1546/1546
f 1546/1546/1546 1547/1547/1547 1544/1544/1544
f 1548/1548/1548 1546/1546/1546 1545/1545/1545
f 1546/1546/1546 1548/1548/1548 1549/1549/1549
f 1550/1550/1550 1549/1549/1549 1548/1548/1548
f 1553/1553/1553 1552/1552/1552 1551/1551/1551
f 1553/1553/1553 1551/1551/1551 1554/1554/1554
f 1555/1555/1555 1554/1554/1554 1551/1551/1551
f 1555/1555/1555 1556/1556/1556 1554/1554/1554
f 1557/1557/1557 1554/1554/1554 1556/1556/1556
f 1557/1557/1557 1556/1556/1556 1558/1558/1558
f 1559/1559/1559 1558/1558/1558 1556/1556/1556
f 1558/1558/1558 1559/1559/1559 1560/1560/1560
f 1561/1561/1561 1558/1558/1558 1560/1560/1560
f 1561/1561/1561 1560/1560/1560 1562/1562/1562
f 1562/1562/1562 1563/1563/1563 1561/1561/1561
f 1563/1563/1563 1562/1562/1562 1564/1564/1564
f 1565/1565/1565 1564/1564/1564 1562/1562/1562
f 1566/1566/1566 1564/1564/1564 1565/1565/1565
f 1565/1565/1565 1567/1567/1567 1566/1566/1566
f 1568/1568/1568 1566/1566/1566 1567/1567/1567
f 1567/1567/1567 1569/1569/1569 1568/1568/1568
f 1570/1570/1570 1568/1568/1568 1569/1569/1569
f 1569/1569/1569 1571/1571/1571 1570/1570/1570
f 1572/1572/1572 1570/1570/1570 1571/1571/1571
f 1571/1571/1571 1573/1573/1573 1572/1572/1572
f 1574/1574/1574 1572/1572/1572 1573/1573/1573
f 1572/1572/1572 1574/1574/1574 1575/1575/1575
f 1576/1576/1576 1575/1575/1575 1574/1574/1574
f 1579/1579/1579 1578/1578/1578 1577/1577/1577
f 1580/1580/1580 1578/1578/1578 1579/1579/1579
f 1581/1581/1581 1580/1580/1580 1579/1579/1579
f 1582/1582/1582 1580/1580/1580 1581/1581/1581
f 1583/1583/1583 1582/1582/1582 1581/1581/1581
f 1583/1583/1583 1584/1584/1584 1582/1582/1582
f 1584/1584/1584 1585/1585/1585 1582/1582/1582
f 1582/1582/1582 1585/1585/1585 1586/1586/1586
f 1587/1587/1587 1585/1585/1585 1584/1584/1584
f 1588/1588/1588 1585/1585/1585 1587/1587/1587
f 1589/1589/1589 1586/1586/1586 1585/1585/1585
f 1589/1589/1589 1585/1585/1585 1588/1588/1588
f 1590/1590/1590 1589/1589/1589 1588/1588/1588
f 1591/1591/1591 1589/1589/1589 1590/1590/1590
f 1591/1591/1591 1590/1590/1590 1592/1592/1592
f 1593/1593/1593 1591/1591/1591 1592/1592/1592
f 1591/1591/1591 1593/1593/1593 1594/1594/1594
f 1594/1594/1594 1593/1593/1593 1595/1595/1595
f 1593/1593/1593 1592/1592/1592 1595/1595/1595
f 1596/1596/1596 1595/1595/1595 1592/1592/1592
f 1592/1592/1592 1597/1597/1597 1596/1596/1596
f 1598/1598/1598 1596/1596/1596 1597/1597/1597
f 1597/1597/1597 1599/1599/1599 1598/1598/1598
f 1600/1600/1600 1598/1598/1598 1599/1599/1599
f 1599/1599/1599 1601/1601/1601 1600/1600/1600
f 1602/1602/1602 1600/1600/1600 1601/1601/1601
f 1605/1605/1605 1604/1604/1604 1603/1603/1603
f 1606/1606/1606 1605/1605/1605 1603/1603/1603
f 1609/1609/1609 1608/1608/1608 1607/1607/1607
f 1610/1610/1610 1607/1607/1607 1608/1608/1608
f 1613/1613/1613 1612/1612/1612 1611/1611/1611
f 1614/1614/1614 1611/1611/1611 1612/1612/1612
f 1614/1614/1614 1612/1612/1612 1615/1615/1615
f 1616/1616/1616 1615/1615/1615 1612/1612/1612
f 1619/1619/1619 1618/1618/1618 1617/1617/1617
f 1620/1620/1620 1617/1617/1617 1618/1618/1618
f 1623/1623/1623 1622/1622/1622 1621/1621/1621
f 1624/1624/1624 1623/1623/1623 1621/1621/1621
f 1625/1625/1625 1624/1624/1624 1621/1621/1621
f 1628/1628/1628 1627/1627/1627 1626/1626/1626
f 1629/1629/1629 1626/1626/1626 1627/1627/1627
f 1632/1632/1632 1631/1631/1631 1630/1630/1630
f 1633/1633/1633 1631/1631/1631 1632/1632/1632
f 1634/1634/1634 1633/1633/1633 1632/1632/1632
f 1634/1634/1634 1632/1632/1632 1635/1635/1635
f 1638/1638/1638 1637/1637/1637 1636/1636/1636
f 1639/1639/1639 1636/1636/1636 1637/1637/1637
f 1642/1642/1642 1641/1641/1641 1640/1640/1640
f 1643/1643/1643 1640/1640/1640 1641/1641/1641
f 1646/1646/1646 1645/1645/1645 1644/1644/1644
f 1647/1647/1647 1646/1646/1646 1644/1644/1644
f 1650/1650/1650 1649/1649/1649 1648/1648/1648
f 1649/1649/1649 1651/1651/1651 1648/1648/1648
f 1652/1652/1652 1648/1648/1648 1651/1651/1651
f 1655/1655/1655 1654/1654/1654 1653/1653/1653
f 1654/1654/1654 1656/1656/1656 1653/1653/1653
f 1657/1657/1657 1653/1653/1653 1656/1656/1656
f 1660/1660/1660 1659/1659/1659 1658/1658/1658
f 1661/1661/1661 1660/1660/1660 1658/1658/1658
f 1661/1661/1661 1662/1662/1662 1660/1660/1660
f 1660/1660/1660 1662/1662/1662 1663/1663/1663
f 1666/1666/1666 1665/1665/1665 1664/1664/1664
f 1667/1667/1667 1664/1664/1664 1665/1665/1665
f 1670/1670/1670 1669/1669/1669 1668/1668/1668
f 1671/1671/1671 1668/1668/1668 1669/1669/1669
f 1674/1674/1674 1673/1673/1673 1672/1672/1672
f 1673/1673/1673 1675/1675/1675 1672/1672/1672
f 1678/1678/1678 1677/1677/1677 1676/1676/1676
f 1676/1676/1676 1679/1679/1679 1678/1678/1678
f 1682/1682/1682 1681/1681/1681 1680/1680/1680
f 1680/1680/1680 1683/1683/1683 1682/1682/1682
f 1686/1686/1686 1685/1685/1685 1684/1684/1684
f 1685/1685/1685 1687/1687/1687 1684/1684/1684
f 1687/1687/1687 1688/1688/1688 1684/1684/1684
f 1691/1691/1691 1690/1690/1690 1689/1689/1689
f 1689/1689/1689 1692/1692/1692 1691/1691/1691
f 1695/1695/1695 1694/1694/1694 1693/1693/1693
f 1696/1696/1696 1693/1693/1693 1694/1694/1694
f 1699/1699/1699 1698/1698/1698 1697/1697/1697
f 1700/1700/1700 1697/1697/1697 1698/1698/1698
f 1703/1703/1703 1702/1702/1702 1701/1701/1701
f 1702/1702/1702 1704/1704/1704 1701/1701/1701
f 1707/1707/1707 1706/1706/1706 1705/1705/1705
f 1708/1708/1708 1707/1707/1707 1705/1705/1705
f 1705/1705/1705 1709/1709/1709 1708/1708/1708
f 1712/1712/1712 1711/1711/1711 1710/1710/1710
f 1713/1713/1713 1712/1712/1712 1710/1710/1710
f 1710/1710/1710 1714/1714/1714 1713/1713/1713
f 1717/1717/1717 1716/1716/1716 1715/1715/1715
f 1716/1716/1716 1718/1718/1718 1715/1715/1715
f 1719/1719/1719 1718/1718/1718 1716/1716/1716
f 1719/1719/1719 1716/1716/1716 1720/1720/1720
f 1723/1723/1723 1722/1722/1722 1721/1721/1721
f 1724/1724/1724 1721/1721/1721 1722/1722/1722
f 1727/1727/1727 1726/1726/1726 1725/1725/1725
f 1728/1728/1728 1725/1725/1725 1726/1726/1726
f 1731/1731/1731 1730/1730/1730 1729/1729/1729
f 1732/1732/1732 1729/1729/1729 1730/1730/1730
f 1730/1730/1730 1733/1733/1733 1732/1732/1732
f 1734/1734/1734 1732/1732/1732 1733/1733/1733
f 1733/1733/1733 1735/1735/1735 1734/1734/1734
f 1736/1736/1736 1734/1734/1734 1735/1735/1735
f 1735/1735/1735 1737/1737/1737 1736/1736/1736
f 1738/1738/1738 1736/1736/1736 1737/1737/1737
f 1738/1738/1738 1737/1737/1737 1739/1739/1739
f 1740/1740/1740 1739/1739/1739 1737/1737/1737
f 1740/1740/1740 1741/1741/1741 1739/1739/1739
f 1742/1742/1742 1739/1739/1739 1741/1741/1741
f 1742/1742/1742 1741/1741/1741 1743/1743/1743
f 1743/1743/1743 1744/1744/1744 1742/1742/1742
f 1742/1742/1742 1744/1744/1744 1745/1745/1745
f 1746/1746/1746 1745/1745/1745 1744/1744/1744
f 1745/1745/1745 1746/1746/1746 1747/1747/1747
f 1746/1746/1746 1748/1748/1748 1747/1747/1747
f 1748/1748/1748 1749/1749/1749 1747/1747/1747
f 1750/1750/1750 1747/1747/1747 1749/1749/1749
f 1750/1750/1750 1749/1749/1749 1751/1751/1751
f 1752/1752/1752 1751/1751/1751 1749/1749/1749
f 1751/1751/1751 1752/1752/1752 1753/1753/1753
f 1754/1754/1754 1753/1753/1753 1752/1752/1752
f 1754/1754/1754 1755/1755/1755 1753/1753/1753
f 1756/1756/1756 1753/1753/1753 1755/1755/1755
f 1756/1756/1756 1755/1755/1755 1757/1757/1757
f 1758/1758/1758 1757/1757/1757 1755/1755/1755
f 1761/1761/1761 1760/1760/1760 1759/1759/1759
f 1761/1761/1761 1759/1759/1759 1762/1762/1762
f 1762/1762/1762 1763/1763/1763 1761/1761/1761
f 1762/1762/1762 1759/1759/1759 1764/1764/1764
f 1765/1765/1765 1763/1763/1763 1762/1762/1762
f 1762/1762/1762 1766/1766/1766 1765/1765/1765
f 1764/1764/1764 1766/1766/1766 1762/1762/1762
f 1767/1767/1767 1763/1763/1763 1765/1765/1765
f 1766/1766/1766 1764/1764/1764 1768/1768/1768
f 1763/1763/1763 1767/1767/1767 1769/1769/1769
f 1770/1770/1770 1769/1769/1769 1767/1767/1767
f 1770/1770/1770 1771/1771/1771 1769/1769/1769
f 1772/1772/1772 1769/1769/1769 1771/1771/1771
f 1773/1773/1773 1772/1772/1772 1771/1771/1771
f 1764/1764/1764 1774/1774/1774 1768/1768/1768
f 1774/1774/1774 1775/1775/1775 1768/1768/1768
f 1775/1775/1775 1774/1774/1774 1776/1776/1776
f 1777/1777/1777 1776/1776/1776 1774/1774/1774
f 1777/1777/1777 1778/1778/1778 1776/1776/1776
f 1779/1779/1779 1776/1776/1776 1778/1778/1778
f 1779/1779/1779 1778/1778/1778 1780/1780/1780
f 1778/1778/1778 1781/1781/1781 1780/1780/1780
f 1780/1780/1780 1781/1781/1781 1782/1782/1782
f 1782/1782/1782 1781/1781/1781 1783/1783/1783
f 1784/1784/1784 1782/1782/1782 1783/1783/1783
f 1781/1781/1781 1785/1785/1785 1783/1783/1783
f 1783/1783/1783 1785/1785/1785 1786/1786/1786
f 1786/1786/1786 1785/1785/1785 1787/1787/1787
f 1783/1783/1783 1786/1786/1786 1788/1788/1788
f 1784/1784/1784 1783/1783/1783 1788/1788/1788
f 1789/1789/1789 1784/1784/1784 1788/1788/1788
f 1788/1788/1788 1790/1790/1790 1789/1789/1789
f 1791/1791/1791 1789/1789/1789 1790/1790/1790
f 1791/1791/1791 1790/1790/1790 1792/1792/1792
f 1793/1793/1793 1792/1792/1792 1790/1790/1790
f 1794/1794/1794 1792/1792/1792 1793/1793/1793
f 1797/1797/1797 1796/1796/1796 1795/1795/1795
f 1796/1796/1796 1797/1797/1797 1798/1798/1798
f 1798/1798/1798 1797/1797/1797 1799/1799/1799
f 1798/1798/1798 1800/1800/1800 1796/1796/1796
f 1800/1800/1800 1798/1798/1798 1801/1801/1801
f 1801/1801/1801 1798/1798/1798 1802/1802/1802
f 1803/1803/1803 1802/1802/1802 1798/1798/1798
f 1803/1803/1803 1798/1798/1798 1799/1799/1799
f 1802/1802/1802 1803/1803/1803 1804/1804/1804
f 1805/1805/1805 1804/1804/1804 1803/1803/1803
f 1805/1805/1805 1803/1803/1803 1799/1799/1799
f 1805/1805/1805 1806/1806/1806 1804/1804/1804
f 1807/1807/1807 1806/1806/1806 1805/1805/1805
f 1805/1805/1805 1808/1808/1808 1807/1807/1807
f 1799/1799/1799 1808/1808/1808 1805/1805/1805
f 1808/1808/1808 1809/1809/1809 1807/1807/1807
f 1811/1811/1811 1810/1810/1810 1799/1799/1799
f 1812/1812/1812 1799/1799/1799 1810/1810/1810
f 1812/1812/1812 1813/1813/1813 1799/1799/1799
f 1814/1814/1814 1799/1799/1799 1813/1813/1813
f 1817/1817/1817 1816/1816/1816 1815/1815/1815
f 1818/1818/1818 1816/1816/1816 1817/1817/1817
f 1818/1818/1818 1817/1817/1817 1819/1819/1819
f 1820/1820/1820 1819/1819/1819 1817/1817/1817
f 1820/1820/1820 1821/1821/1821 1819/1819/1819
f 1824/1824/1824 1823/1823/1823 1822/1822/1822
f 1825/1825/1825 1822/1822/1822 1823/1823/1823
f 1825/1825/1825 1826/1826/1826 1822/1822/1822
f 1827/1827/1827 1822/1822/1822 1826/1826/1826
f 1826/1826/1826 1828/1828/1828 1827/1827/1827
f 1829/1829/1829 1827/1827/1827 1828/1828/1828
f 1830/1830/1830 1829/1829/1829 1828/1828/1828
f 1831/1831/1831 1829/1829/1829 1830/1830/1830
f 1832/1832/1832 1831/1831/1831 1830/1830/1830
f 1833/1833/1833 1831/1831/1831 1832/1832/1832
f 1834/1834/1834 1831/1831/1831 1833/1833/1833
f 1837/1837/1837 1836/1836/1836 1835/1835/1835
f 1838/1838/1838 1836/1836/1836 1837/1837/1837
f 1838/1838/1838 1839/1839/1839 1836/1836/1836
f 1840/1840/1840 1836/1836/1836 1839/1839/1839
f 1840/1840/1840 1839/1839/1839 1841/1841/1841
f 1844/1844/1844 1843/1843/1843 1842/1842/1842
f 1845/1845/1845 1844/1844/1844 1842/1842/1842
f 1846/1846/1846 1845/1845/1845 1842/1842/1842
f 1844/1844/1844 1845/1845/1845 1847/1847/1847
f 1845/1845/1845 1846/1846/1846 1848/1848/1848
f 1848/1848/1848 1847/1847/1847 1845/1845/1845
f 1849/1849/1849 1848/1848/1848 1846/1846/1846
f 1847/1847/1847 1848/1848/1848 1850/1850/1850
f 1848/1848/1848 1849/1849/1849 1851/1851/1851
f 1851/1851/1851 1850/1850/1850 1848/1848/1848
f 1852/1852/1852 1851/1851/1851 1849/1849/1849
f 1851/1851/1851 1853/1853/1853 1850/1850/1850
f 1851/1851/1851 1852/1852/1852 1853/1853/1853
f 1854/1854/1854 1850/1850/1850 1853/1853/1853
f 1855/1855/1855 1853/1853/1853 1852/1852/1852
f 1854/1854/1854 1853/1853/1853 1856/1856/1856
f 1853/1853/1853 1855/1855/1855 1857/1857/1857
f 1857/1857/1857 1856/1856/1856 1853/1853/1853
f 1858/1858/1858 1857/1857/1857 1855/1855/1855
f 1856/1856/1856 1857/1857/1857 1859/1859/1859
f 1857/1857/1857 1858/1858/1858 1860/1860/1860
f 1860/1860/1860 1859/1859/1859 1857/1857/1857
f 1861/1861/1861 1860/1860/1860 1858/1858/1858
f 1860/1860/1860 1862/1862/1862 1859/1859/1859
f 1860/1860/1860 1861/1861/1861 1862/1862/1862
f 1863/1863/1863 1859/1859/1859 1862/1862/1862
f 1864/1864/1864 1862/1862/1862 1861/1861/1861
f 1865/1865/1865 1863/1863/1863 1862/1862/1862
f 1862/1862/1862 1864/1864/1864 1865/1865/1865
f 1866/1866/1866 1863/1863/1863 1865/1865/1865
f 1867/1867/1867 1865/1865/1865 1864/1864/1864
f 1868/1868/1868 1866/1866/1866 1865/1865/1865
f 1865/1865/1865 1867/1867/1867 1869/1869/1869
f 1868/1868/1868 1865/1865/1865 1869/1869/1869
f 1872/1872/1872 1871/1871/1871 1870/1870/1870
f 1873/1873/1873 1870/1870/1870 1871/1871/1871
f 1876/1876/1876 1875/1875/1875 1874/1874/1874
f 1877/1877/1877 1874/1874/1874 1875/1875/1875
f 1874/1874/1874 1877/1877/1877 1878/1878/1878
f 1879/1879/1879 1878/1878/1878 1877/1877/1877
f 1882/1882/1882 1881/1881/1881 1880/1880/1880
f 1883/1883/1883 1882/1882/1882 1880/1880/1880
f 1886/1886/1886 1885/1885/1885 1884/1884/1884
f 1887/1887/1887 1884/1884/1884 1885/1885/1885
f 1884/1884/1884 1887/1887/1887 1888/1888/1888
f 1889/1889/1889 1888/1888/1888 1887/1887/1887
f 1892/1892/1892 1891/1891/1891 1890/1890/1890
f 1893/1893/1893 1890/1890/1890 1891/1891/1891
f 1896/1896/1896 1895/1895/1895 1894/1894/1894
f 1897/1897/1897 1894/1894/1894 1895/1895/1895
f 1894/1894/1894 1897/1897/1897 1898/1898/1898
f 1899/1899/1899 1898/1898/1898 1897/1897/1897
f 1902/1902/1902 1901/1901/1901 1900/1900/1900
f 1903/1903/1903 1900/1900/1900 1901/1901/1901
f 1906/1906/1906 1905/1905/1905 1904/1904/1904
f 1907/1907/1907 1904/1904/1904 1905/1905/1905
f 1907/1907/1907 1908/1908/1908 1904/1904/1904
f 1909/1909/1909 1904/1904/1904 1908/1908/1908
f 1912/1912/1912 1911/1911/1911 1910/1910/1910
f 1913/1913/1913 1910/1910/1910 1911/1911/1911
f 1916/1916/1916 1915/1915/1915 1914/1914/1914
f 1917/1917/1917 1914/1914/1914 1915/1915/1915
f 1914/1914/1914 1917/1917/1917 1918/1918/1918
f 1919/1919/1919 1918/1918/1918 1917/1917/1917
f 1922/1922/1922 1921/1921/1921 1920/1920/1920
f 1923/1923/1923 1921/1921/1921 1922/1922/1922
f 1923/1923/1923 1922/1922/1922 1924/1924/1924
f 1924/1924/1924 1922/1922/1922 1925/1925/1925
f 1926/1926/1926 1925/1925/1925 1922/1922/1922
f 1925/1925/1925 1926/1926/1926 1927/1927/1927
f 1928/1928/1928 1927/1927/1927 1926/1926/1926
f 1928/1928/1928 1929/1929/1929 1927/1927/1927
f 1929/1929/1929 1928/1928/1928 1930/1930/1930
f 1928/1928/1928 1931/1931/1931 1930/1930/1930
f 1934/1934/1934 1933/1933/1933 1932/1932/1932
f 1935/1935/1935 1932/1932/1932 1933/1933/1933
f 1938/1938/1938 1937/1937/1937 1936/1936/1936
f 1939/1939/1939 1936/1936/1936 1937/1937/1937
f 1942/1942/1942 1941/1941/1941 1940/1940/1940
f 1943/1943/1943 1940/1940/1940 1941/1941/1941
f 1946/1946/1946 1945/1945/1945 1944/1944/1944
f 1947/1947/1947 1944/1944/1944 1945/1945/1945
f 1944/1944/1944 1947/1947/1947 1948/1948/1948
f 1949/1949/1949 1948/1948/1948 1947/1947/1947
f 1948/1948/1948 1949/1949/1949 1950/1950/1950
f 1951/1951/1951 1950/1950/1950 1949/1949/1949
f 1950/1950/1950 1951/1951/1951 1952/1952/1952
f 1953/1953/1953 1952/1952/1952 1951/1951/1951
f 1952/1952/1952 1953/1953/1953 1954/1954/1954
f 1955/1955/1955 1954/1954/1954 1953/1953/1953
f 1954/1954/1954 1955/1955/1955 1956/1956/1956
f 1957/1957/1957 1956/1956/1956 1955/1955/1955
f 1956/1956/1956 1957/1957/1957 1958/1958/1958
f 1959/1959/1959 1958/1958/1958 1957/1957/1957
f 1958/1958/1958 1959/1959/1959 1960/1960/1960
f 1961/1961/1961 1960/1960/1960 1959/1959/1959
f 1964/1964/1964 1963/1963/1963 1962/1962/1962
f 1965/1965/1965 1962/1962/1962 1963/1963/1963
f 1965/1965/1965 1963/1963/1963 1966/1966/1966
f 1967/1967/1967 1966/1966/1966 1963/1963/1963
f 1966/1966/1966 1967/1967/1967 1968/1968/1968
f 1969/1969/1969 1968/1968/1968 1967/1967/1967
f 1969/1969/1969 1970/1970/1970 1968/1968/1968
f 1971/1971/1971 1968/1968/1968 1970/1970/1970
f 1974/1974/1974 1973/1973/1973 1972/1972/1972
f 1975/1975/1975 1974/1974/1974 1972/1972/1972
f 1978/1978/1978 1977/1977/1977 1976/1976/1976
f 1979/1979/1979 1976/1976/1976 1977/1977/1977
f 1982/1982/1982 1981/1981/1981 1980/1980/1980
f 1983/1983/1983 1980/1980/1980 1981/1981/1981
f 1980/1980/1980 1983/1983/1983 1984/1984/1984
f 1985/1985/1985 1984/1984/1984 1983/1983/1983
f 1984/1984/1984 1985/1985/1985 1986/1986/1986
f 1987/1987/1987 1986/1986/1986 1985/1985/1985
f 1986/1986/1986 1987/1987/1987 1988/1988/1988
f 1989/1989/1989 1988/1988/1988 1987/1987/1987
f 1992/1992/1992 1991/1991/1991 1990/1990/1990
f 1993/1993/1993 1990/1990/1990 1991/1991/1991
f 1990/1990/1990 1993/1993/1993 1994/1994/1994
f 1995/1995/1995 1994/1994/1994 1993/1993/1993
f 1994/1994/1994 1995/1995/1995 1996/1996/1996
f 1997/1997/1997 1996/1996/1996 1995/1995/1995
f 1996/1996/1996 1997/1997/1997 1998/1998/1998
f 1999/1999/1999 1998/1998/1998 1997/1997/1997
f 2002/2002/2002 2001/2001/2001 2000/2000/2000
f 2003/2003/2003 2000/2000/2000 2001/2001/2001
f 2006/2006/2006 2005/2005/2005 2004/2004/2004
f 2007/2007/2007 2004/2004/2004 2005/2005/2005
f 2010/2010/2010 2009/2009/2009 2008/2008/2008
f 2011/2011/2011 2008/2008/2008 2009/2009/2009
f 2014/2014/2014 2013/2013/2013 2012/2012/2012
f 2013/2013/2013 2015/2015/2015 2012/2012/2012
f 2012/2012/2012 2015/2015/2015 2016/2016/2016
f 2017/2017/2017 2015/2015/2015 2013/2013/2013
f 2016/2016/2016 2015/2015/2015 2018/2018/2018
f 2015/2015/2015 2017/2017/2017 2019/2019/2019
f 2018/2018/2018 2015/2015/2015 2020/2020/2020
f 2021/2021/2021 2015/2015/2015 2019/2019/2019
f 2020/2020/2020 2015/2015/2015 2022/2022/2022
f 2023/2023/2023 2015/2015/2015 2021/2021/2021
f 2022/2022/2022 2015/2015/2015 2024/2024/2024
f 2025/2025/2025 2015/2015/2015 2023/2023/2023
f 2025/2025/2025 2024/2024/2024 2015/2015/2015
f 2028/2028/2028 2027/2027/2027 2026/2026/2026
f 2029/2029/2029 2026/2026/2026 2027/2027/2027
f 2026/2026/2026 2029/2029/2029 2030/2030/2030
f 2031/2031/2031 2030/2030/2030 2029/2029/2029
f 2030/2030/2030 2031/2031/2031 2032/2032/2032
f 2033/2033/2033 2032/2032/2032 2031/2031/2031
f 2032/2032/2032 2033/2033/2033 2034/2034/2034
f 2035/2035/2035 2034/2034/2034 2033/2033/2033
f 2035/2035/2035 2036/2036/2036 2034/2034/2034
f 2037/2037/2037 2034/2034/2034 2036/2036/2036
f 2037/2037/2037 2036/2036/2036 2038/2038/2038
f 2039/2039/2039 2038/2038/2038 2036/2036/2036
f 2038/2038/2038 2039/2039/2039 2040/2040/2040
f 2041/2041/2041 2040/2040/2040 2039/2039/2039
f 2039/2039/2039 2042/2042/2042 2041/2041/2041
f 2043/2043/2043 2041/2041/2041 2042/2042/2042
f 2043/2043/2043 2042/2042/2042 2044/2044/2044
f 2045/2045/2045 2043/2043/2043 2044/2044/2044
f 2045/2045/2045 2044/2044/2044 2046/2046/2046
f 2047/2047/2047 2046/2046/2046 2044/2044/2044
f 2047/2047/2047 2048/2048/2048 2046/2046/2046
f 2049/2049/2049 2046/2046/2046 2048/2048/2048
f 2048/2048/2048 2050/2050/2050 2049/2049/2049
f 2051/2051/2051 2049/2049/2049 2050/2050/2050
f 2051/2051/2051 2050/2050/2050 2052/2052/2052
f 2053/2053/2053 2052/2052/2052 2050/2050/2050
f 2053/2053/2053 2054/2054/2054 2052/2052/2052
f 2055/2055/2055 2052/2052/2052 2054/2054/2054
f 2058/2058/2058 2057/2057/2057 2056/2056/2056
f 2056/2056/2056 2057/2057/2057 2059/2059/2059
f 2060/2060/2060 2059/2059/2059 2057/2057/2057
f 2056/2056/2056 2059/2059/2059 2061/2061/2061
f 2060/2060/2060 2062/2062/2062 2059/2059/2059
f 2063/2063/2063 2059/2059/2059 2062/2062/2062
f 2063/2063/2063 2061/2061/2061 2059/2059/2059
f 2060/2060/2060 2064/2064/2064 2062/2062/2062
f 2061/2061/2061 2063/2063/2063 2065/2065/2065
f 2060/2060/2060 2066/2066/2066 2064/2064/2064
f 2067/2067/2067 2064/2064/2064 2066/2066/2066
f 2067/2067/2067 2066/2066/2066 2068/2068/2068
f 2069/2069/2069 2068/2068/2068 2066/2066/2066
f 2069/2069/2069 2070/2070/2070 2068/2068/2068
f 2071/2071/2071 2061/2061/2061 2065/2065/2065
f 2072/2072/2072 2071/2071/2071 2065/2065/2065
f 2072/2072/2072 2073/2073/2073 2071/2071/2071
f 2074/2074/2074 2071/2071/2071 2073/2073/2073
f 2074/2074/2074 2073/2073/2073 2075/2075/2075
f 2076/2076/2076 2075/2075/2075 2073/2073/2073
f 2075/2075/2075 2076/2076/2076 2077/2077/2077
f 2078/2078/2078 2075/2075/2075 2077/2077/2077
f 2078/2078/2078 2077/2077/2077 2079/2079/2079
f 2078/2078/2078 2079/2079/2079 2080/2080/2080
f 2079/2079/2079 2081/2081/2081 2080/2080/2080
f 2082/2082/2082 2078/2078/2078 2080/2080/2080
f 2082/2082/2082 2080/2080/2080 2083/2083/2083
f 2082/2082/2082 2083/2083/2083 2084/2084/2084
f 2083/2083/2083 2080/2080/2080 2085/2085/2085
f 2080/2080/2080 2081/2081/2081 2085/2085/2085
f 2081/2081/2081 2086/2086/2086 2085/2085/2085
f 2085/2085/2085 2086/2086/2086 2087/2087/2087
f 2088/2088/2088 2087/2087/2087 2086/2086/2086
f 2088/2088/2088 2089/2089/2089 2087/2087/2087
f 2090/2090/2090 2087/2087/2087 2089/2089/2089
f 2089/2089/2089 2091/2091/2091 2090/2090/2090
f 2094/2094/2094 2093/2093/2093 2092/2092/2092
f 2093/2093/2093 2094/2094/2094 2095/2095/2095
f 2093/2093/2093 2095/2095/2095 2096/2096/2096
f 2097/2097/2097 2095/2095/2095 2094/2094/2094
f 2095/2095/2095 2097/2097/2097 2098/2098/2098
f 2098/2098/2098 2099/2099/2099 2095/2095/2095
f 2100/2100/2100 2095/2095/2095 2099/2099/2099
f 2095/2095/2095 2100/2100/2100 2096/2096/2096
f 2099/2099/2099 2101/2101/2101 2100/2100/2100
f 2102/2102/2102 2100/2100/2100 2101/2101/2101
f 2100/2100/2100 2102/2102/2102 2096/2096/2096
f 2103/2103/2103 2102/2102/2102 2101/2101/2101
f 2103/2103/2103 2104/2104/2104 2102/2102/2102
f 2105/2105/2105 2102/2102/2102 2104/2104/2104
f 2105/2105/2105 2096/2096/2096 2102/2102/2102
f 2106/2106/2106 2105/2105/2105 2104/2104/2104
f 2108/2108/2108 2096/2096/2096 2107/2107/2107
f 2109/2109/2109 2107/2107/2107 2096/2096/2096
f 2109/2109/2109 2096/2096/2096 2110/2110/2110
f 2111/2111/2111 2110/2110/2110 2096/2096/2096
f 2114/2114/2114 2113/2113/2113 2112/2112/2112
f 2114/2114/2114 2115/2115/2115 2113/2113/2113
f 2115/2115/2115 2116/2116/2116 2113/2113/2113
f 2117/2117/2117 2113/2113/2113 2116/2116/2116
f 2118/2118/2118 2117/2117/2117 2116/2116/2116
f 2121/2121/2121 2120/2120/2120 2119/2119/2119
f 2122/2122/2122 2119/2119/2119 2120/2120/2120
f 2122/2122/2122 2120/2120/2120 2123/2123/2123
f 2124/2124/2124 2123/2123/2123 2120/2120/2120
f 2123/2123/2123 2124/2124/2124 2125/2125/2125
f 2126/2126/2126 2125/2125/2125 2124/2124/2124
f 2126/2126/2126 2127/2127/2127 2125/2125/2125
f 2128/2128/2128 2127/2127/2127 2126/2126/2126
f 2129/2129/2129 2127/2127/2127 2128/2128/2128
f 2130/2130/2130 2129/2129/2129 2128/2128/2128
f 2131/2131/2131 2130/2130/2130 2128/2128/2128
f 2134/2134/2134 2133/2133/2133 2132/2132/2132
f 2134/2134/2134 2135/2135/2135 2133/2133/2133
f 2135/2135/2135 2134/2134/2134 2136/2136/2136
f 2137/2137/2137 2136/2136/2136 2134/2134/2134
f 2136/2136/2136 2137/2137/2137 2138/2138/2138
f 2141/2141/2141 2140/2140/2140 2139/2139/2139
f 2140/2140/2140 2142/2142/2142 2139/2139/2139
f 2142/2142/2142 2143/2143/2143 2139/2139/2139
f 2140/2140/2140 2144/2144/2144 2142/2142/2142
f 2142/2142/2142 2145/2145/2145 2143/2143/2143
f 2145/2145/2145 2142/2142/2142 2144/2144/2144
f 2146/2146/2146 2143/2143/2143 2145/2145/2145
f 2144/2144/2144 2147/2147/2147 2145/2145/2145
f 2145/2145/2145 2148/2148/2148 2146/2146/2146
f 2148/2148/2148 2145/2145/2145 2147/2147/2147
f 2149/2149/2149 2146/2146/2146 2148/2148/2148
f 2148/2148/2148 2147/2147/2147 2150/2150/2150
f 2148/2148/2148 2150/2150/2150 2149/2149/2149
f 2151/2151/2151 2150/2150/2150 2147/2147/2147
f 2152/2152/2152 2149/2149/2149 2150/2150/2150
f 2151/2151/2151 2153/2153/2153 2150/2150/2150
f 2150/2150/2150 2154/2154/2154 2152/2152/2152
f 2154/2154/2154 2150/2150/2150 2153/2153/2153
f 2155/2155/2155 2152/2152/2152 2154/2154/2154
f 2153/2153/2153 2156/2156/2156 2154/2154/2154
f 2154/2154/2154 2157/2157/2157 2155/2155/2155
f 2157/2157/2157 2154/2154/2154 2156/2156/2156
f 2158/2158/2158 2155/2155/2155 2157/2157/2157
f 2157/2157/2157 2156/2156/2156 2159/2159/2159
f 2157/2157/2157 2159/2159/2159 2158/2158/2158
f 2160/2160/2160 2159/2159/2159 2156/2156/2156
f 2161/2161/2161 2158/2158/2158 2159/2159/2159
f 2160/2160/2160 2162/2162/2162 2159/2159/2159
f 2159/2159/2159 2162/2162/2162 2161/2161/2161
f 2160/2160/2160 2163/2163/2163 2162/2162/2162
f 2164/2164/2164 2161/2161/2161 2162/2162/2162
f 2163/2163/2163 2165/2165/2165 2162/2162/2162
f 2164/2164/2164 2162/2162/2162 2166/2166/2166
f 2162/2162/2162 2165/2165/2165 2166/2166/2166
f 2169/2169/2169 2168/2168/2168 2167/2167/2167
f 2170/2170/2170 2167/2167/2167 2168/2168/2168
f 2173/2173/2173 2172/2172/2172 2171/2171/2171
f 2174/2174/2174 2171/2171/2171 2172/2172/2172
f 2172/2172/2172 2175/2175/2175 2174/2174/2174
f 2176/2176/2176 2174/2174/2174 2175/2175/2175
f 2179/2179/2179 2178/2178/2178 2177/2177/2177
f 2178/2178/2178 2180/2180/2180 2177/2177/2177
f 2183/2183/2183 2182/2182/2182 2181/2181/2181
f 2184/2184/2184 2181/2181/2181 2182/2182/2182
f 2182/2182/2182 2185/2185/2185 2184/2184/2184
f 2186/2186/2186 2184/2184/2184 2185/2185/2185
f 2189/2189/2189 2188/2188/2188 2187/2187/2187
f 2190/2190/2190 2187/2187/2187 2188/2188/2188
f 2193/2193/2193 2192/2192/2192 2191/2191/2191
f 2194/2194/2194 2191/2191/2191 2192/2192/2192
f 2192/2192/2192 2195/2195/2195 2194/2194/2194
f 2196/2196/2196 2194/2194/2194 2195/2195/2195
f 2199/2199/2199 2198/2198/2198 2197/2197/2197
f 2200/2200/2200 2197/2197/2197 2198/2198/2198
f 2203/2203/2203 2202/2202/2202 2201/2201/2201
f 2204/2204/2204 2201/2201/2201 2202/2202/2202
f 2204/2204/2204 2202/2202/2202 2205/2205/2205
f 2206/2206/2206 2205/2205/2205 2202/2202/2202
f 2209/2209/2209 2208/2208/2208 2207/2207/2207
f 2210/2210/2210 2207/2207/2207 2208/2208/2208
f 2213/2213/2213 2212/2212/2212 2211/2211/2211
f 2214/2214/2214 2211/2211/2211 2212/2212/2212
f 2212/2212/2212 2215/2215/2215 2214/2214/2214
f 2216/2216/2216 2214/2214/2214 2215/2215/2215
f 2219/2219/2219 2218/2218/2218 2217/2217/2217
f 2219/2219/2219 2220/2220/2220 2218/2218/2218
f 2218/2218/2218 2220/2220/2220 2221/2221/2221
f 2221/2221/2221 2222/2222/2222 2218/2218/2218
f 2223/2223/2223 2218/2218/2218 2222/2222/2222
f 2222/2222/2222 2224/2224/2224 2223/2223/2223
f 2225/2225/2225 2223/2223/2223 2224/2224/2224
f 2226/2226/2226 2225/2225/2225 2224/2224/2224
f 2225/2225/2225 2226/2226/2226 2227/2227/2227
f 2228/2228/2228 2225/2225/2225 2227/2227/2227
f 2231/2231/2231 2230/2230/2230 2229/2229/2229
f 2232/2232/2232 2229/2229/2229 2230/2230/2230
f 2235/2235/2235 2234/2234/2234 2233/2233/2233
f 2236/2236/2236 2233/2233/2233 2234/2234/2234
f 2239/2239/2239 2238/2238/2238 2237/2237/2237
f 2240/2240/2240 2237/2237/2237 2238/2238/2238
f 2243/2243/2243 2242/2242/2242 2241/2241/2241
f 2244/2244/2244 2241/2241/2241 2242/2242/2242
f 2242/2242/2242 2245/2245/2245 2244/2244/2244
f 2246/2246/2246 2244/2244/2244 2245/2245/2245
f 2245/2245/2245 2247/2247/2247 2246/2246/2246
f 2248/2248/2248 2246/2246/2246 2247/2247/2247
f 2247/2247/2247 2249/2249/2249 2248/2248/2248
f 2250/2250/2250 2248/2248/2248 2249/2249/2249
f 2249/2249/2249 2251/2251/2251 2250/2250/2250
f 2252/2252/2252 2250/2250/2250 2251/2251/2251
f 2251/2251/2251 2253/2253/2253 2252/2252/2252
f 2254/2254/2254 2252/2252/2252 2253/2253/2253
f 2253/2253/2253 2255/2255/2255 2254/2254/2254
f 2256/2256/2256 2254/2254/2254 2255/2255/2255
f 2255/2255/2255 2257/2257/2257 2256/2256/2256
f 2258/2258/2258 2256/2256/2256 2257/2257/2257
f 2261/2261/2261 2260/2260/2260 2259/2259/2259
f 2262/2262/2262 2259/2259/2259 2260/2260/2260
f 2262/2262/2262 2263/2263/2263 2259/2259/2259
f 2264/2264/2264 2259/2259/2259 2263/2263/2263
f 2263/2263/2263 2265/2265/2265 2264/2264/2264
f 2266/2266/2266 2264/2264/2264 2265/2265/2265
f 2266/2266/2266 2265/2265/2265 2267/2267/2267
f 2268/2268/2268 2267/2267/2267 2265/2265/2265
f 2271/2271/2271 2270/2270/2270 2269/2269/2269
f 2270/2270/2270 2272/2272/2272 2269/2269/2269
f 2275/2275/2275 2274/2274/2274 2273/2273/2273
f 2276/2276/2276 2273/2273/2273 2274/2274/2274
f 2279/2279/2279 2278/2278/2278 2277/2277/2277
f 2280/2280/2280 2277/2277/2277 2278/2278/2278
f 2278/2278/2278 2281/2281/2281 2280/2280/2280
f 2282/2282/2282 2280/2280/2280 2281/2281/2281
f 2281/2281/2281 2283/2283/2283 2282/2282/2282
f 2284/2284/2284 2282/2282/2282 2283/2283/2283
f 2283/2283/2283 2285/2285/2285 2284/2284/2284
f 2286/2286/2286 2284/2284/2284 2285/2285/2285
f 2289/2289/2289 2288/2288/2288 2287/2287/2287
f 2290/2290/2290 2287/2287/2287 2288/2288/2288
f 2288/2288/2288 2291/2291/2291 2290/2290/2290
f 2292/2292/2292 2290/2290/2290 2291/2291/2291
f 2291/2291/2291 2293/2293/2293 2292/2292/2292
f 2294/2294/2294 2292/2292/2292 2293/2293/2293
f 2293/2293/2293 2295/2295/2295 2294/2294/2294
f 2296/2296/2296 2294/2294/2294 2295/2295/2295
f 2299/2299/2299 2298/2298/2298 2297/2297/2297
f 2300/2300/2300 2297/2297/2297 2298/2298/2298
f 2303/2303/2303 2302/2302/2302 2301/2301/2301
f 2304/2304/2304 2301/2301/2301 2302/2302/2302
f 2307/2307/2307 2306/2306/2306 2305/2305/2305
f 2308/2308/2308 2305/2305/2305 2306/2306/2306
f 2311/2311/2311 2310/2310/2310 2309/2309/2309
f 2312/2312/2312 2311/2311/2311 2309/2309/2309
f 2312/2312/2312 2309/2309/2309 2313/2313/2313
f 2312/2312/2312 2314/2314/2314 2311/2311/2311
f 2312/2312/2312 2313/2313/2313 2315/2315/2315
f 2314/2314/2314 2312/2312/2312 2316/2316/2316
f 2312/2312/2312 2315/2315/2315 2317/2317/2317
f 2312/2312/2312 2318/2318/2318 2316/2316/2316
f 2312/2312/2312 2317/2317/2317 2319/2319/2319
f 2312/2312/2312 2320/2320/2320 2318/2318/2318
f 2312/2312/2312 2319/2319/2319 2321/2321/2321
f 2312/2312/2312 2322/2322/2322 2320/2320/2320
f 2321/2321/2321 2322/2322/2322 2312/2312/2312
f 2325/2325/2325 2324/2324/2324 2323/2323/2323
f 2326/2326/2326 2323/2323/2323 2324/2324/2324
f 2326/2326/2326 2327/2327/2327 2323/2323/2323
f 2328/2328/2328 2323/2323/2323 2327/2327/2327
f 2331/2331/2331 2330/2330/2330 2329/2329/2329
f 2332/2332/2332 2329/2329/2329 2330/2330/2330
f 2332/2332/2332 2330/2330/2330 2333/2333/2333
f 2334/2334/2334 2333/2333/2333 2330/2330/2330
f 2337/2337/2337 2336/2336/2336 2335/2335/2335
f 2338/2338/2338 2335/2335/2335 2336/2336/2336
f 2338/2338/2338 2336/2336/2336 2339/2339/2339
f 2340/2340/2340 2339/2339/2339 2336/2336/2336
f 2343/2343/2343 2342/2342/2342 2341/2341/2341
f 2344/2344/2344 2341/2341/2341 2342/2342/2342
f 2344/2344/2344 2345/2345/2345 2341/2341/2341
f 2346/2346/2346 2341/2341/2341 2345/2345/2345
f 2349/2349/2349 2348/2348/2348 2347/2347/2347
f 2350/2350/2350 2347/2347/2347 2348/2348/2348
f 2347/2347/2347 2350/2350/2350 2351/2351/2351
f 2352/2352/2352 2351/2351/2351 2350/2350/2350
f 2355/2355/2355 2354/2354/2354 2353/2353/2353
f 2356/2356/2356 2353/2353/2353 2354/2354/2354
f 2353/2353/2353 2356/2356/2356 2357/2357/2357
f 2358/2358/2358 2357/2357/2357 2356/2356/2356
f 2361/2361/2361 2360/2360/2360 2359/2359/2359
f 2362/2362/2362 2359/2359/2359 2360/2360/2360
f 2359/2359/2359 2362/2362/2362 2363/2363/2363
f 2364/2364/2364 2363/2363/2363 2362/2362/2362
f 2367/2367/2367 2366/2366/2366 2365/2365/2365
f 2368/2368/2368 2365/2365/2365 2366/2366/2366
f 2365/2365/2365 2368/2368/2368 2369/2369/2369
f 2370/2370/2370 2369/2369/2369 2368/2368/2368
f 2373/2373/2373 2372/2372/2372 2371/2371/2371
f 2374/2374/2374 2371/2371/2371 2372/2372/2372
f 2371/2371/2371 2374/2374/2374 2375/2375/2375
f 2376/2376/2376 2375/2375/2375 2374/2374/2374
f 2375/2375/2375 2376/2376/2376 2377/2377/2377
f 2378/2378/2378 2377/2377/2377 2376/2376/2376
f 2381/2381/2381 2380/2380/2380 2379/2379/2379
f 2382/2382/2382 2379/2379/2379 2380/2380/2380
f 2385/2385/2385 2384/2384/2384 2383/2383/2383
f 2386/2386/2386 2383/2383/2383 2384/2384/2384
f 2389/2389/2389 2388/2388/2388 2387/2387/2387
f 2390/2390/2390 2387/2387/2387 2388/2388/2388
f 2393/2393/2393 2392/2392/2392 2391/2391/2391
f 2394/2394/2394 2391/2391/2391 2392/2392/2392
f 2397/2397/2397 2396/2396/2396 2395/2395/2395
f 2398/2398/2398 2395/2395/2395 2396/2396/2396
f 2401/2401/2401 2400/2400/2400 2399/2399/2399
f 2402/2402/2402 2399/2399/2399 2400/2400/2400
f 2405/2405/2405 2404/2404/2404 2403/2403/2403
f 2406/2406/2406 2403/2403/2403 2404/2404/2404
f 2409/2409/2409 2408/2408/2408 2407/2407/2407
f 2410/2410/2410 2407/2407/2407 2408/2408/2408
f 2413/2413/2413 2412/2412/2412 2411/2411/2411
f 2414/2414/2414 2411/2411/2411 2412/2412/2412
f 2412/2412/2412 2415/2415/2415 2414/2414/2414
f 2411/2411/2411 2414/2414/2414 2416/2416/2416
f 2417/2417/2417 2414/2414/2414 2415/2415/2415
f 2415/2415/2415 2418/2418/2418 2417/2417/2417
f 2419/2419/2419 2416/2416/2416 2414/2414/2414
f 2414/2414/2414 2417/2417/2417 2419/2419/2419
f 2416/2416/2416 2419/2419/2419 2420/2420/2420
f 2421/2421/2421 2417/2417/2417 2418/2418/2418
f 2418/2418/2418 2422/2422/2422 2421/2421/2421
f 2423/2423/2423 2419/2419/2419 2417/2417/2417
f 2417/2417/2417 2421/2421/2421 2423/2423/2423
f 2424/2424/2424 2420/2420/2420 2419/2419/2419
f 2419/2419/2419 2423/2423/2423 2424/2424/2424
f 2422/2422/2422 2425/2425/2425 2421/2421/2421
f 2425/2425/2425 2422/2422/2422 2426/2426/2426
f 2425/2425/2425 2426/2426/2426 2427/2427/2427
f 2426/2426/2426 2428/2428/2428 2427/2427/2427
f 2427/2427/2427 2428/2428/2428 2429/2429/2429
f 2428/2428/2428 2430/2430/2430 2429/2429/2429
f 2431/2431/2431 2429/2429/2429 2430/2430/2430
f 2429/2429/2429 2431/2431/2431 2432/2432/2432
f 2430/2430/2430 2433/2433/2433 2431/2431/2431
f 2434/2434/2434 2431/2431/2431 2433/2433/2433
f 2433/2433/2433 2435/2435/2435 2434/2434/2434
f 2436/2436/2436 2434/2434/2434 2435/2435/2435
f 2431/2431/2431 2434/2434/2434 2437/2437/2437
f 2437/2437/2437 2432/2432/2432 2431/2431/2431
f 2434/2434/2434 2436/2436/2436 2438/2438/2438
f 2438/2438/2438 2437/2437/2437 2434/2434/2434
f 2439/2439/2439 2438/2438/2438 2436/2436/2436
f 2437/2437/2437 2438/2438/2438 2440/2440/2440
f 2437/2437/2437 2440/2440/2440 2432/2432/2432
f 2438/2438/2438 2439/2439/2439 2424/2424/2424
f 2424/2424/2424 2440/2440/2440 2438/2438/2438
f 2420/2420/2420 2424/2424/2424 2439/2439/2439
f 2440/2440/2440 2424/2424/2424 2423/2423/2423
f 2440/2440/2440 2423/2423/2423 2432/2432/2432
f 2432/2432/2432 2441/2441/2441 2429/2429/2429
f 2427/2427/2427 2429/2429/2429 2441/2441/2441
f 2423/2423/2423 2442/2442/2442 2432/2432/2432
f 2442/2442/2442 2423/2423/2423 2421/2421/2421
f 2441/2441/2441 2432/2432/2432 2443/2443/2443
f 2442/2442/2442 2443/2443/2443 2432/2432/2432
f 2421/2421/2421 2444/2444/2444 2442/2442/2442
f 2443/2443/2443 2442/2442/2442 2444/2444/2444
f 2421/2421/2421 2425/2425/2425 2444/2444/2444
f 2441/2441/2441 2445/2445/2445 2427/2427/2427
f 2441/2441/2441 2443/2443/2443 2445/2445/2445
f 2446/2446/2446 2444/2444/2444 2425/2425/2425
f 2444/2444/2444 2446/2446/2446 2443/2443/2443
f 2427/2427/2427 2447/2447/2447 2425/2425/2425
f 2447/2447/2447 2427/2427/2427 2445/2445/2445
f 2447/2447/2447 2446/2446/2446 2425/2425/2425
f 2448/2448/2448 2443/2443/2443 2446/2446/2446
f 2448/2448/2448 2445/2445/2445 2443/2443/2443
f 2445/2445/2445 2448/2448/2448 2447/2447/2447
f 2446/2446/2446 2447/2447/2447 2448/2448/2448
f 2451/2451/2451 2450/2450/2450 2449/2449/2449
f 2452/2452/2452 2449/2449/2449 2450/2450/2450
f 2449/2449/2449 2452/2452/2452 2453/2453/2453
f 2452/2452/2452 2450/2450/2450 2454/2454/2454
f 2455/2455/2455 2453/2453/2453 2452/2452/2452
f 2452/2452/2452 2454/2454/2454 2455/2455/2455
f 2453/2453/2453 2455/2455/2455 2456/2456/2456
f 2457/2457/2457 2455/2455/2455 2454/2454/2454
f 2455/2455/2455 2457/2457/2457 2456/2456/2456
f 2420/2420/2420 2453/2453/2453 2456/2456/2456
f 2458/2458/2458 2420/2420/2420 2456/2456/2456
f 2458/2458/2458 2456/2456/2456 2459/2459/2459
f 2460/2460/2460 2459/2459/2459 2456/2456/2456
f 2459/2459/2459 2460/2460/2460 2461/2461/2461
f 2462/2462/2462 2461/2461/2461 2460/2460/2460
f 2463/2463/2463 2450/2450/2450 2462/2462/2462
f 2463/2463/2463 2454/2454/2454 2450/2450/2450
f 2456/2456/2456 2464/2464/2464 2460/2460/2460
f 2464/2464/2464 2456/2456/2456 2457/2457/2457
f 2460/2460/2460 2465/2465/2465 2462/2462/2462
f 2465/2465/2465 2460/2460/2460 2464/2464/2464
f 2463/2463/2463 2462/2462/2462 2465/2465/2465
f 2464/2464/2464 2466/2466/2466 2465/2465/2465
f 2466/2466/2466 2464/2464/2464 2457/2457/2457
f 2465/2465/2465 2467/2467/2467 2463/2463/2463
f 2467/2467/2467 2465/2465/2465 2466/2466/2466
f 2463/2463/2463 2468/2468/2468 2454/2454/2454
f 2468/2468/2468 2463/2463/2463 2467/2467/2467
f 2466/2466/2466 2469/2469/2469 2467/2467/2467
f 2469/2469/2469 2466/2466/2466 2457/2457/2457
f 2468/2468/2468 2467/2467/2467 2469/2469/2469
f 2470/2470/2470 2454/2454/2454 2468/2468/2468
f 2454/2454/2454 2470/2470/2470 2457/2457/2457
f 2469/2469/2469 2471/2471/2471 2468/2468/2468
f 2471/2471/2471 2469/2469/2469 2457/2457/2457
f 2470/2470/2470 2468/2468/2468 2471/2471/2471
f 2471/2471/2471 2457/2457/2457 2470/2470/2470
f 2474/2474/2474 2473/2473/2473 2472/2472/2472
f 2475/2475/2475 2472/2472/2472 2473/2473/2473
f 2478/2478/2478 2477/2477/2477 2476/2476/2476
f 2479/2479/2479 2476/2476/2476 2477/2477/2477
f 2482/2482/2482 2481/2481/2481 2480/2480/2480
f 2483/2483/2483 2480/2480/2480 2481/2481/2481
f 2486/2486/2486 2485/2485/2485 2484/2484/2484
f 2487/2487/2487 2484/2484/2484 2485/2485/2485
f 2490/2490/2490 2489/2489/2489 2488/2488/2488
f 2491/2491/2491 2488/2488/2488 2489/2489/2489
f 2488/2488/2488 2491/2491/2491 2492/2492/2492
f 2493/2493/2493 2492/2492/2492 2491/2491/2491
f 2491/2491/2491 2489/2489/2489 2494/2494/2494
f 2494/2494/2494 2489/2489/2489 2495/2495/2495
f 2495/2495/2495 2496/2496/2496 2494/2494/2494
f 2491/2491/2491 2497/2497/2497 2493/2493/2493
f 2491/2491/2491 2494/2494/2494 2497/2497/2497
f 2498/2498/2498 2493/2493/2493 2497/2497/2497
f 2498/2498/2498 2499/2499/2499 2493/2493/2493
f 2500/2500/2500 2493/2493/2493 2499/2499/2499
f 2499/2499/2499 2501/2501/2501 2500/2500/2500
f 2502/2502/2502 2500/2500/2500 2501/2501/2501
f 2501/2501/2501 2503/2503/2503 2502/2502/2502
f 2504/2504/2504 2502/2502/2502 2503/2503/2503
f 2504/2504/2504 2503/2503/2503 2505/2505/2505
f 2506/2506/2506 2505/2505/2505 2503/2503/2503
f 2506/2506/2506 2507/2507/2507 2505/2505/2505
f 2508/2508/2508 2505/2505/2505 2507/2507/2507
f 2508/2508/2508 2507/2507/2507 2509/2509/2509
f 2510/2510/2510 2509/2509/2509 2507/2507/2507
f 2509/2509/2509 2510/2510/2510 2511/2511/2511
f 2512/2512/2512 2511/2511/2511 2510/2510/2510
f 2511/2511/2511 2512/2512/2512 2513/2513/2513
f 2514/2514/2514 2513/2513/2513 2512/2512/2512
f 2514/2514/2514 2515/2515/2515 2513/2513/2513
f 2516/2516/2516 2513/2513/2513 2515/2515/2515
f 2513/2513/2513 2516/2516/2516 2517/2517/2517
f 2518/2518/2518 2517/2517/2517 2516/2516/2516
f 2516/2516/2516 2515/2515/2515 2519/2519/2519
f 2520/2520/2520 2519/2519/2519 2515/2515/2515
f 2516/2516/2516 2521/2521/2521 2518/2518/2518
f 2516/2516/2516 2519/2519/2519 2521/2521/2521
f 2522/2522/2522 2518/2518/2518 2521/2521/2521
f 2521/2521/2521 2519/2519/2519 2523/2523/2523
f 2523/2523/2523 2519/2519/2519 2524/2524/2524
f 2519/2519/2519 2520/2520/2520 2525/2525/2525
f 2525/2525/2525 2524/2524/2524 2519/2519/2519
f 2526/2526/2526 2525/2525/2525 2520/2520/2520
f 2525/2525/2525 2527/2527/2527 2524/2524/2524
f 2525/2525/2525 2526/2526/2526 2527/2527/2527
f 2528/2528/2528 2527/2527/2527 2526/2526/2526
f 2524/2524/2524 2527/2527/2527 2529/2529/2529
f 2528/2528/2528 2530/2530/2530 2527/2527/2527
f 2527/2527/2527 2531/2531/2531 2529/2529/2529
f 2531/2531/2531 2527/2527/2527 2530/2530/2530
f 2532/2532/2532 2529/2529/2529 2531/2531/2531
f 2532/2532/2532 2531/2531/2531 2533/2533/2533
f 2531/2531/2531 2530/2530/2530 2534/2534/2534
f 2534/2534/2534 2533/2533/2533 2531/2531/2531
f 2535/2535/2535 2534/2534/2534 2530/2530/2530
f 2534/2534/2534 2496/2496/2496 2533/2533/2533
f 2535/2535/2535 2536/2536/2536 2534/2534/2534
f 2537/2537/2537 2496/2496/2496 2534/2534/2534
f 2537/2537/2537 2534/2534/2534 2536/2536/2536
f 2537/2537/2537 2494/2494/2494 2496/2496/2496
f 2536/2536/2536 2538/2538/2538 2537/2537/2537
f 2494/2494/2494 2537/2537/2537 2538/2538/2538
f 2538/2538/2538 2497/2497/2497 2494/2494/2494
f 2541/2541/2541 2540/2540/2540 2539/2539/2539
f 2542/2542/2542 2539/2539/2539 2540/2540/2540
f 2540/2540/2540 2543/2543/2543 2542/2542/2542
f 2544/2544/2544 2542/2542/2542 2543/2543/2543
f 2543/2543/2543 2545/2545/2545 2544/2544/2544
f 2546/2546/2546 2544/2544/2544 2545/2545/2545
f 2545/2545/2545 2547/2547/2547 2546/2546/2546
f 2548/2548/2548 2546/2546/2546 2547/2547/2547
f 2548/2548/2548 2547/2547/2547 2549/2549/2549
f 2550/2550/2550 2549/2549/2549 2547/2547/2547
f 2549/2549/2549 2550/2550/2550 2551/2551/2551
f 2552/2552/2552 2551/2551/2551 2550/2550/2550
f 2551/2551/2551 2552/2552/2552 2553/2553/2553
f 2554/2554/2554 2553/2553/2553 2552/2552/2552
f 2553/2553/2553 2554/2554/2554 2555/2555/2555
f 2556/2556/2556 2555/2555/2555 2554/2554/2554
f 2559/2559/2559 2558/2558/2558 2557/2557/2557
f 2559/2559/2559 2560/2560/2560 2558/2558/2558
f 2561/2561/2561 2558/2558/2558 2560/2560/2560
f 2561/2561/2561 2560/2560/2560 2562/2562/2562
f 2563/2563/2563 2562/2562/2562 2560/2560/2560
f 2562/2562/2562 2563/2563/2563 2564/2564/2564
f 2565/2565/2565 2564/2564/2564 2563/2563/2563
f 2565/2565/2565 2566/2566/2566 2564/2564/2564
f 2567/2567/2567 2564/2564/2564 2566/2566/2566
f 2566/2566/2566 2568/2568/2568 2567/2567/2567
f 2569/2569/2569 2567/2567/2567 2568/2568/2568
f 2569/2569/2569 2568/2568/2568 2570/2570/2570
f 2571/2571/2571 2570/2570/2570 2568/2568/2568
f 2570/2570/2570 2571/2571/2571 2572/2572/2572
f 2575/2575/2575 2574/2574/2574 2573/2573/2573
f 2575/2575/2575 2576/2576/2576 2574/2574/2574
f 2576/2576/2576 2577/2577/2577 2574/2574/2574
f 2578/2578/2578 2574/2574/2574 2577/2577/2577
f 2577/2577/2577 2579/2579/2579 2578/2578/2578
f 2578/2578/2578 2579/2579/2579 2580/2580/2580
f 2579/2579/2579 2581/2581/2581 2580/2580/2580
f 2581/2581/2581 2579/2579/2579 2582/2582/2582
f 2583/2583/2583 2582/2582/2582 2579/2579/2579
f 2584/2584/2584 2580/2580/2580 2581/2581/2581
f 2580/2580/2580 2584/2584/2584 2585/2585/2585
f 2585/2585/2585 2584/2584/2584 2586/2586/2586
f 2582/2582/2582 2583/2583/2583 2587/2587/2587
f 2588/2588/2588 2587/2587/2587 2583/2583/2583
f 2588/2588/2588 2589/2589/2589 2587/2587/2587
f 2584/2584/2584 2590/2590/2590 2586/2586/2586
f 2591/2591/2591 2586/2586/2586 2590/2590/2590
f 2591/2591/2591 2590/2590/2590 2592/2592/2592
f 2593/2593/2593 2587/2587/2587 2589/2589/2589
f 2594/2594/2594 2592/2592/2592 2590/2590/2590
f 2594/2594/2594 2595/2595/2595 2592/2592/2592
f 2594/2594/2594 2596/2596/2596 2595/2595/2595
f 2596/2596/2596 2594/2594/2594 2597/2597/2597
f 2597/2597/2597 2593/2593/2593 2596/2596/2596
f 2589/2589/2589 2598/2598/2598 2593/2593/2593
f 2598/2598/2598 2596/2596/2596 2593/2593/2593
f 2598/2598/2598 2599/2599/2599 2596/2596/2596
f 2598/2598/2598 2600/2600/2600 2599/2599/2599
f 2599/2599/2599 2600/2600/2600 2601/2601/2601
f 2602/2602/2602 2601/2601/2601 2600/2600/2600
f 2603/2603/2603 2601/2601/2601 2602/2602/2602
f 2601/2601/2601 2603/2603/2603 2604/2604/2604
f 2607/2607/2607 2606/2606/2606 2605/2605/2605
f 2608/2608/2608 2605/2605/2605 2606/2606/2606
f 2608/2608/2608 2609/2609/2609 2605/2605/2605
f 2610/2610/2610 2605/2605/2605 2609/2609/2609
f 2613/2613/2613 2612/2612/2612 2611/2611/2611
f 2614/2614/2614 2611/2611/2611 2612/2612/2612
f 2614/2614/2614 2612/2612/2612 2615/2615/2615
f 2616/2616/2616 2615/2615/2615 2612/2612/2612
f 2619/2619/2619 2618/2618/2618 2617/2617/2617
f 2620/2620/2620 2617/2617/2617 2618/2618/2618
f 2620/2620/2620 2621/2621/2621 2617/2617/2617
f 2622/2622/2622 2617/2617/2617 2621/2621/2621
f 2625/2625/2625 2624/2624/2624 2623/2623/2623
f 2626/2626/2626 2623/2623/2623 2624/2624/2624
f 2629/2629/2629 2628/2628/2628 2627/2627/2627
f 2630/2630/2630 2627/2627/2627 2628/2628/2628
f 2633/2633/2633 2632/2632/2632 2631/2631/2631
f 2634/2634/2634 2631/2631/2631 2632/2632/2632
f 2637/2637/2637 2636/2636/2636 2635/2635/2635
f 2638/2638/2638 2635/2635/2635 2636/2636/2636
f 2641/2641/2641 2640/2640/2640 2639/2639/2639
f 2642/2642/2642 2639/2639/2639 2640/2640/2640
f 2645/2645/2645 2644/2644/2644 2643/2643/2643
f 2646/2646/2646 2643/2643/2643 2644/2644/2644
f 2649/2649/2649 2648/2648/2648 2647/2647/2647
f 2650/2650/2650 2647/2647/2647 2648/2648/2648
f 2653/2653/2653 2652/2652/2652 2651/2651/2651
f 2654/2654/2654 2651/2651/2651 2652/2652/2652
f 2657/2657/2657 2656/2656/2656 2655/2655/2655
f 2658/2658/2658 2655/2655/2655 2656/2656/2656
f 2661/2661/2661 2660/2660/2660 2659/2659/2659
f 2662/2662/2662 2659/2659/2659 2660/2660/2660
f 2665/2665/2665 2664/2664/2664 2663/2663/2663
f 2666/2666/2666 2663/2663/2663 2664/2664/2664
f 2669/2669/2669 2668/2668/2668 2667/2667/2667
f 2670/2670/2670 2667/2667/2667 2668/2668/2668
f 2673/2673/2673 2672/2672/2672 2671/2671/2671
f 2674/2674/2674 2671/2671/2671 2672/2672/2672
f 2677/2677/2677 2676/2676/2676 2675/2675/2675
f 2678/2678/2678 2675/2675/2675 2676/2676/2676
f 2681/2681/2681 2680/2680/2680 2679/2679/2679
f 2682/2682/2682 2679/2679/2679 2680/2680/2680
f 2685/2685/2685 2684/2684/2684 2683/2683/2683
f 2686/2686/2686 2683/2683/2683 2684/2684/2684
f 2689/2689/2689 2688/2688/2688 2687/2687/2687
f 2690/2690/2690 2687/2687/2687 2688/2688/2688
f 2693/2693/2693 2692/2692/2692 2691/2691/2691
f 2694/2694/2694 2691/2691/2691 2692/2692/2692
f 2697/2697/2697 2696/2696/2696 2695/2695/2695
f 2698/2698/2698 2695/2695/2695 2696/2696/2696
f 2698/2698/2698 2696/2696/2696 2699/2699/2699
f 2700/2700/2700 2699/2699/2699 2696/2696/2696
f 2699/2699/2699 2700/2700/2700 2701/2701/2701
f 2700/2700/2700 2702/2702/2702 2701/2701/2701
f 2702/2702/2702 2703/2703/2703 2701/2701/2701
f 2703/2703/2703 2704/2704/2704 2701/2701/2701
f 2703/2703/2703 2705/2705/2705 2704/2704/2704
f 2706/2706/2706 2704/2704/2704 2705/2705/2705
f 2706/2706/2706 2705/2705/2705 2707/2707/2707
f 2708/2708/2708 2707/2707/2707 2705/2705/2705
f 2711/2711/2711 2710/2710/2710 2709/2709/2709
f 2712/2712/2712 2709/2709/2709 2710/2710/2710
f 2709/2709/2709 2712/2712/2712 2713/2713/2713
f 2712/2712/2712 2710/2710/2710 2714/2714/2714
f 2715/2715/2715 2714/2714/2714 2710/2710/2710
f 2714/2714/2714 2716/2716/2716 2712/2712/2712
f 2717/2717/2717 2713/2713/2713 2712/2712/2712
f 2717/2717/2717 2712/2712/2712 2716/2716/2716
f 2713/2713/2713 2717/2717/2717 2718/2718/2718
f 2716/2716/2716 2719/2719/2719 2717/2717/2717
f 2720/2720/2720 2718/2718/2718 2717/2717/2717
f 2720/2720/2720 2717/2717/2717 2719/2719/2719
f 2718/2718/2718 2720/2720/2720 2721/2721/2721
f 2719/2719/2719 2722/2722/2722 2720/2720/2720
f 2723/2723/2723 2721/2721/2721 2720/2720/2720
f 2723/2723/2723 2720/2720/2720 2722/2722/2722
f 2721/2721/2721 2723/2723/2723 2724/2724/2724
f 2722/2722/2722 2725/2725/2725 2723/2723/2723
f 2726/2726/2726 2724/2724/2724 2723/2723/2723
f 2726/2726/2726 2723/2723/2723 2725/2725/2725
f 2729/2729/2729 2728/2728/2728 2727/2727/2727
f 2730/2730/2730 2729/2729/2729 2727/2727/2727
f 2727/2727/2727 2731/2731/2731 2730/2730/2730
f 2730/2730/2730 2732/2732/2732 2729/2729/2729
f 2733/2733/2733 2729/2729/2729 2732/2732/2732
f 2732/2732/2732 2734/2734/2734 2733/2733/2733
f 2735/2735/2735 2730/2730/2730 2731/2731/2731
f 2735/2735/2735 2732/2732/2732 2730/2730/2730
f 2731/2731/2731 2736/2736/2736 2735/2735/2735
f 2735/2735/2735 2737/2737/2737 2732/2732/2732
f 2737/2737/2737 2735/2735/2735 2736/2736/2736
f 2738/2738/2738 2734/2734/2734 2732/2732/2732
f 2738/2738/2738 2732/2732/2732 2737/2737/2737
f 2734/2734/2734 2738/2738/2738 2739/2739/2739
f 2738/2738/2738 2737/2737/2737 2739/2739/2739
f 2734/2734/2734 2739/2739/2739 2740/2740/2740
f 2740/2740/2740 2739/2739/2739 2741/2741/2741
f 2737/2737/2737 2736/2736/2736 2742/2742/2742
f 2742/2742/2742 2739/2739/2739 2737/2737/2737
f 2743/2743/2743 2742/2742/2742 2736/2736/2736
f 2739/2739/2739 2742/2742/2742 2744/2744/2744
f 2742/2742/2742 2743/2743/2743 2744/2744/2744
f 2744/2744/2744 2741/2741/2741 2739/2739/2739
f 2745/2745/2745 2744/2744/2744 2743/2743/2743
f 2741/2741/2741 2744/2744/2744 2745/2745/2745
f 2746/2746/2746 2741/2741/2741 2745/2745/2745
f 2749/2749/2749 2748/2748/2748 2747/2747/2747
f 2750/2750/2750 2747/2747/2747 2748/2748/2748
f 2750/2750/2750 2748/2748/2748 2751/2751/2751
f 2752/2752/2752 2751/2751/2751 2748/2748/2748
f 2755/2755/2755 2754/2754/2754 2753/2753/2753
f 2756/2756/2756 2755/2755/2755 2753/2753/2753
f 2755/2755/2755 2756/2756/2756 2757/2757/2757
f 2753/2753/2753 2758/2758/2758 2756/2756/2756
f 2757/2757/2757 2756/2756/2756 2758/2758/2758
f 2759/2759/2759 2757/2757/2757 2758/2758/2758
f 2760/2760/2760 2759/2759/2759 2758/2758/2758
f 2763/2763/2763 2762/2762/2762 2761/2761/2761
f 2764/2764/2764 2761/2761/2761 2762/2762/2762
f 2762/2762/2762 2765/2765/2765 2764/2764/2764
f 2766/2766/2766 2764/2764/2764 2765/2765/2765
f 2764/2764/2764 2766/2766/2766 2767/2767/2767
f 2761/2761/2761 2764/2764/2764 2768/2768/2768
f 2768/2768/2768 2764/2764/2764 2767/2767/2767
f 2769/2769/2769 2761/2761/2761 2768/2768/2768
f 2768/2768/2768 2767/2767/2767 2770/2770/2770
f 2769/2769/2769 2768/2768/2768 2770/2770/2770
f 2769/2769/2769 2770/2770/2770 2771/2771/2771
f 2772/2772/2772 2771/2771/2771 2770/2770/2770
f 2771/2771/2771 2772/2772/2772 2773/2773/2773
f 2773/2773/2773 2774/2774/2774 2771/2771/2771
f 2775/2775/2775 2774/2774/2774 2773/2773/2773
f 2776/2776/2776 2775/2775/2775 2773/2773/2773
f 2777/2777/2777 2774/2774/2774 2775/2775/2775
f 2778/2778/2778 2775/2775/2775 2776/2776/2776
f 2778/2778/2778 2777/2777/2777 2775/2775/2775
f 2779/2779/2779 2778/2778/2778 2776/2776/2776
f 2779/2779/2779 2780/2780/2780 2778/2778/2778
f 2781/2781/2781 2778/2778/2778 2780/2780/2780
f 2778/2778/2778 2781/2781/2781 2777/2777/2777
f 2782/2782/2782 2777/2777/2777 2781/2781/2781
f 2785/2785/2785 2784/2784/2784 2783/2783/2783
f 2785/2785/2785 2786/2786/2786 2784/2784/2784
f 2787/2787/2787 2784/2784/2784 2786/2786/2786
f 2787/2787/2787 2788/2788/2788 2784/2784/2784
f 2789/2789/2789 2788/2788/2788 2787/2787/2787
f 2787/2787/2787 2790/2790/2790 2789/2789/2789
f 2791/2791/2791 2787/2787/2787 2786/2786/2786
f 2790/2790/2790 2787/2787/2787 2791/2791/2791
f 2791/2791/2791 2792/2792/2792 2790/2790/2790
f 2793/2793/2793 2791/2791/2791 2786/2786/2786
f 2791/2791/2791 2793/2793/2793 2792/2792/2792
f 2794/2794/2794 2790/2790/2790 2792/2792/2792
f 2795/2795/2795 2792/2792/2792 2793/2793/2793
f 2794/2794/2794 2792/2792/2792 2796/2796/2796
f 2795/2795/2795 2797/2797/2797 2792/2792/2792
f 2798/2798/2798 2796/2796/2796 2792/2792/2792
f 2798/2798/2798 2792/2792/2792 2797/2797/2797
f 2796/2796/2796 2798/2798/2798 2799/2799/2799
f 2800/2800/2800 2799/2799/2799 2798/2798/2798
f 2798/2798/2798 2797/2797/2797 2800/2800/2800
f 2801/2801/2801 2800/2800/2800 2797/2797/2797
f 2800/2800/2800 2801/2801/2801 2802/2802/2802
f 2801/2801/2801 2803/2803/2803 2802/2802/2802
f 2802/2802/2802 2804/2804/2804 2800/2800/2800
f 2805/2805/2805 2804/2804/2804 2802/2802/2802
f 2802/2802/2802 2803/2803/2803 2806/2806/2806
f 2802/2802/2802 2806/2806/2806 2807/2807/2807
f 2806/2806/2806 2808/2808/2808 2807/2807/2807
f 2809/2809/2809 2805/2805/2805 2808/2808/2808
f 2810/2810/2810 2808/2808/2808 2806/2806/2806
f 2810/2810/2810 2811/2811/2811 2808/2808/2808
f 2809/2809/2809 2808/2808/2808 2812/2812/2812
f 2811/2811/2811 2812/2812/2812 2808/2808/2808
f 2811/2811/2811 2813/2813/2813 2812/2812/2812
f 2814/2814/2814 2812/2812/2812 2813/2813/2813
f 2814/2814/2814 2813/2813/2813 2815/2815/2815
f 2812/2812/2812 2814/2814/2814 2816/2816/2816
f 2817/2817/2817 2816/2816/2816 2814/2814/2814
f 2814/2814/2814 2815/2815/2815 2817/2817/2817
f 2818/2818/2818 2815/2815/2815 2813/2813/2813
f 2819/2819/2819 2817/2817/2817 2815/2815/2815
f 2818/2818/2818 2820/2820/2820 2815/2815/2815
f 2819/2819/2819 2815/2815/2815 2821/2821/2821
f 2822/2822/2822 2815/2815/2815 2820/2820/2820
f 2822/2822/2822 2821/2821/2821 2815/2815/2815
f 2822/2822/2822 2820/2820/2820 2823/2823/2823
f 2824/2824/2824 2821/2821/2821 2822/2822/2822
f 2824/2824/2824 2822/2822/2822 2823/2823/2823
f 2821/2821/2821 2824/2824/2824 2825/2825/2825
f 2826/2826/2826 2825/2825/2825 2824/2824/2824
f 2826/2826/2826 2824/2824/2824 2827/2827/2827
f 2824/2824/2824 2823/2823/2823 2827/2827/2827
f 2828/2828/2828 2827/2827/2827 2823/2823/2823
f 2827/2827/2827 2828/2828/2828 2829/2829/2829
f 2832/2832/2832 2831/2831/2831 2830/2830/2830
f 2833/2833/2833 2830/2830/2830 2831/2831/2831
f 2833/2833/2833 2834/2834/2834 2830/2830/2830
f 2835/2835/2835 2830/2830/2830 2834/2834/2834
f 2838/2838/2838 2837/2837/2837 2836/2836/2836
f 2837/2837/2837 2839/2839/2839 2836/2836/2836
f 2839/2839/2839 2837/2837/2837 2840/2840/2840
f 2836/2836/2836 2839/2839/2839 2841/2841/2841
f 2840/2840/2840 2841/2841/2841 2839/2839/2839
f 2840/2840/2840 2842/2842/2842 2841/2841/2841
f 2842/2842/2842 2843/2843/2843 2841/2841/2841
f 2846/2846/2846 2845/2845/2845 2844/2844/2844
f 2845/2845/2845 2847/2847/2847 2844/2844/2844
f 2847/2847/2847 2848/2848/2848 2844/2844/2844
f 2849/2849/2849 2848/2848/2848 2847/2847/2847
f 2849/2849/2849 2850/2850/2850 2848/2848/2848
f 2851/2851/2851 2848/2848/2848 2850/2850/2850
f 2850/2850/2850 2852/2852/2852 2851/2851/2851
f 2853/2853/2853 2851/2851/2851 2852/2852/2852
f 2856/2856/2856 2855/2855/2855 2854/2854/2854
f 2857/2857/2857 2854/2854/2854 2855/2855/2855
f 2855/2855/2855 2858/2858/2858 2857/2857/2857
f 2854/2854/2854 2857/2857/2857 2859/2859/2859
f 2860/2860/2860 2857/2857/2857 2858/2858/2858
f 2861/2861/2861 2859/2859/2859 2857/2857/2857
f 2857/2857/2857 2860/2860/2860 2861/2861/2861
f 2859/2859/2859 2861/2861/2861 2862/2862/2862
f 2863/2863/2863 2861/2861/2861 2860/2860/2860
f 2864/2864/2864 2862/2862/2862 2861/2861/2861
f 2861/2861/2861 2863/2863/2863 2864/2864/2864
f 2865/2865/2865 2864/2864/2864 2863/2863/2863
f 2862/2862/2862 2864/2864/2864 2866/2866/2866
f 2864/2864/2864 2865/2865/2865 2867/2867/2867
f 2867/2867/2867 2866/2866/2866 2864/2864/2864
f 2868/2868/2868 2867/2867/2867 2865/2865/2865
f 2868/2868/2868 2869/2869/2869 2867/2867/2867
f 2867/2867/2867 2870/2870/2870 2866/2866/2866
f 2870/2870/2870 2867/2867/2867 2869/2869/2869
f 2871/2871/2871 2866/2866/2866 2870/2870/2870
f 2869/2869/2869 2872/2872/2872 2870/2870/2870
f 2870/2870/2870 2873/2873/2873 2871/2871/2871
f 2873/2873/2873 2870/2870/2870 2872/2872/2872
f 2874/2874/2874 2871/2871/2871 2873/2873/2873
f 2872/2872/2872 2875/2875/2875 2873/2873/2873
f 2874/2874/2874 2873/2873/2873 2876/2876/2876
f 2876/2876/2876 2873/2873/2873 2875/2875/2875
f 2877/2877/2877 2874/2874/2874 2876/2876/2876
f 2875/2875/2875 2878/2878/2878 2876/2876/2876
f 2876/2876/2876 2879/2879/2879 2877/2877/2877
f 2879/2879/2879 2876/2876/2876 2878/2878/2878
f 2880/2880/2880 2877/2877/2877 2879/2879/2879
f 2878/2878/2878 2881/2881/2881 2879/2879/2879
f 2880/2880/2880 2879/2879/2879 2882/2882/2882
f 2883/2883/2883 2879/2879/2879 2881/2881/2881
f 2883/2883/2883 2882/2882/2882 2879/2879/2879
f 2886/2886/2886 2885/2885/2885 2884/2884/2884
f 2887/2887/2887 2884/2884/2884 2885/2885/2885
f 2888/2888/2888 2887/2887/2887 2885/2885/2885
f 2889/2889/2889 2887/2887/2887 2888/2888/2888
f 2884/2884/2884 2887/2887/2887 2890/2890/2890
f 2891/2891/2891 2890/2890/2890 2887/2887/2887
f 2891/2891/2891 2887/2887/2887 2889/2889/2889
f 2890/2890/2890 2891/2891/2891 2892/2892/2892
f 2893/2893/2893 2892/2892/2892 2891/2891/2891
f 2893/2893/2893 2891/2891/2891 2889/2889/2889
f 2892/2892/2892 2893/2893/2893 2894/2894/2894
f 2895/2895/2895 2894/2894/2894 2893/2893/2893
f 2895/2895/2895 2893/2893/2893 2889/2889/2889
f 2894/2894/2894 2895/2895/2895 2896/2896/2896
f 2897/2897/2897 2896/2896/2896 2895/2895/2895
f 2897/2897/2897 2895/2895/2895 2889/2889/2889
f 2897/2897/2897 2898/2898/2898 2896/2896/2896
f 2898/2898/2898 2897/2897/2897 2889/2889/2889
f 2899/2899/2899 2896/2896/2896 2898/2898/2898
f 2900/2900/2900 2898/2898/2898 2889/2889/2889
f 2898/2898/2898 2900/2900/2900 2899/2899/2899
f 2900/2900/2900 2889/2889/2889 2901/2901/2901
f 2902/2902/2902 2899/2899/2899 2900/2900/2900
f 2900/2900/2900 2901/2901/2901 2903/2903/2903
f 2900/2900/2900 2903/2903/2903 2902/2902/2902
f 2904/2904/2904 2902/2902/2902 2903/2903/2903
f 2903/2903/2903 2905/2905/2905 2904/2904/2904
f 2908/2908/2908 2907/2907/2907 2906/2906/2906
f 2906/2906/2906 2909/2909/2909 2908/2908/2908
f 2910/2910/2910 2908/2908/2908 2909/2909/2909
f 2906/2906/2906 2911/2911/2911 2909/2909/2909
f 2909/2909/2909 2912/2912/2912 2910/2910/2910
f 2913/2913/2913 2910/2910/2910 2912/2912/2912
f 2913/2913/2913 2912/2912/2912 2914/2914/2914
f 2915/2915/2915 2909/2909/2909 2911/2911/2911
f 2915/2915/2915 2911/2911/2911 2916/2916/2916
f 2917/2917/2917 2915/2915/2915 2916/2916/2916
f 2915/2915/2915 2918/2918/2918 2909/2909/2909
f 2912/2912/2912 2909/2909/2909 2918/2918/2918
f 2918/2918/2918 2915/2915/2915 2917/2917/2917
f 2919/2919/2919 2918/2918/2918 2917/2917/2917
f 2920/2920/2920 2914/2914/2914 2912/2912/2912
f 2912/2912/2912 2918/2918/2918 2920/2920/2920
f 2914/2914/2914 2920/2920/2920 2921/2921/2921
f 2922/2922/2922 2920/2920/2920 2918/2918/2918
f 2922/2922/2922 2918/2918/2918 2919/2919/2919
f 2923/2923/2923 2921/2921/2921 2920/2920/2920
f 2920/2920/2920 2922/2922/2922 2923/2923/2923
f 2921/2921/2921 2923/2923/2923 2924/2924/2924
f 2917/2917/2917 2925/2925/2925 2919/2919/2919
f 2925/2925/2925 2917/2917/2917 2926/2926/2926
f 2927/2927/2927 2925/2925/2925 2926/2926/2926
f 2927/2927/2927 2919/2919/2919 2925/2925/2925
f 2926/2926/2926 2928/2928/2928 2927/2927/2927
f 2929/2929/2929 2928/2928/2928 2926/2926/2926
f 2930/2930/2930 2923/2923/2923 2922/2922/2922
f 2930/2930/2930 2922/2922/2922 2919/2919/2919
f 2927/2927/2927 2931/2931/2931 2919/2919/2919
f 2928/2928/2928 2931/2931/2931 2927/2927/2927
f 2932/2932/2932 2930/2930/2930 2919/2919/2919
f 2930/2930/2930 2932/2932/2932 2923/2923/2923
f 2931/2931/2931 2932/2932/2932 2919/2919/2919
f 2933/2933/2933 2923/2923/2923 2932/2932/2932
f 2933/2933/2933 2924/2924/2924 2923/2923/2923
f 2932/2932/2932 2931/2931/2931 2933/2933/2933
f 2933/2933/2933 2934/2934/2934 2924/2924/2924
f 2934/2934/2934 2933/2933/2933 2931/2931/2931
f 2931/2931/2931 2928/2928/2928 2934/2934/2934
f 2935/2935/2935 2924/2924/2924 2934/2934/2934
f 2935/2935/2935 2934/2934/2934 2936/2936/2936
f 2928/2928/2928 2929/2929/2929 2937/2937/2937
f 2937/2937/2937 2934/2934/2934 2928/2928/2928
f 2937/2937/2937 2936/2936/2936 2934/2934/2934
f 2938/2938/2938 2937/2937/2937 2929/2929/2929
f 2939/2939/2939 2936/2936/2936 2937/2937/2937
f 2938/2938/2938 2939/2939/2939 2937/2937/2937
f 2942/2942/2942 2941/2941/2941 2940/2940/2940
f 2943/2943/2943 2941/2941/2941 2942/2942/2942
f 2943/2943/2943 2944/2944/2944 2941/2941/2941
f 2945/2945/2945 2941/2941/2941 2944/2944/2944
f 2944/2944/2944 2946/2946/2946 2945/2945/2945
f 2947/2947/2947 2945/2945/2945 2946/2946/2946
f 2947/2947/2947 2946/2946/2946 2948/2948/2948
f 2949/2949/2949 2948/2948/2948 2946/2946/2946
f 2949/2949/2949 2950/2950/2950 2948/2948/2948
f 2951/2951/2951 2948/2948/2948 2950/2950/2950
f 2950/2950/2950 2952/2952/2952 2951/2951/2951
f 2953/2953/2953 2951/2951/2951 2952/2952/2952
f 2953/2953/2953 2952/2952/2952 2954/2954/2954
f 2955/2955/2955 2954/2954/2954 2952/2952/2952
f 2955/2955/2955 2956/2956/2956 2954/2954/2954
f 2957/2957/2957 2956/2956/2956 2955/2955/2955
f 2956/2956/2956 2957/2957/2957 2958/2958/2958
f 2959/2959/2959 2958/2958/2958 2957/2957/2957
f 2962/2962/2962 2961/2961/2961 2960/2960/2960
f 2963/2963/2963 2960/2960/2960 2961/2961/2961
f 2960/2960/2960 2963/2963/2963 2964/2964/2964
f 2965/2965/2965 2964/2964/2964 2963/2963/2963
f 2964/2964/2964 2965/2965/2965 2966/2966/2966
f 2967/2967/2967 2966/2966/2966 2965/2965/2965
f 2966/2966/2966 2967/2967/2967 2968/2968/2968
f 2969/2969/2969 2968/2968/2968 2967/2967/2967
f 2969/2969/2969 2970/2970/2970 2968/2968/2968
f 2971/2971/2971 2968/2968/2968 2970/2970/2970
f 2970/2970/2970 2972/2972/2972 2971/2971/2971
f 2973/2973/2973 2971/2971/2971 2972/2972/2972
f 2972/2972/2972 2974/2974/2974 2973/2973/2973
f 2975/2975/2975 2973/2973/2973 2974/2974/2974
f 2974/2974/2974 2976/2976/2976 2975/2975/2975
f 2977/2977/2977 2976/2976/2976 2974/2974/2974
f 2977/2977/2977 2978/2978/2978 2976/2976/2976
f 2979/2979/2979 2976/2976/2976 2978/2978/2978
f 2982/2982/2982 2981/2981/2981 2980/2980/2980
f 2983/2983/2983 2980/2980/2980 2981/2981/2981
f 2980/2980/2980 2983/2983/2983 2984/2984/2984
f 2981/2981/2981 2985/2985/2985 2983/2983/2983
f 2986/2986/2986 2984/2984/2984 2983/2983/2983
f 2987/2987/2987 2983/2983/2983 2985/2985/2985
f 2983/2983/2983 2987/2987/2987 2986/2986/2986
f 2985/2985/2985 2988/2988/2988 2987/2987/2987
f 2989/2989/2989 2986/2986/2986 2987/2987/2987
f 2990/2990/2990 2987/2987/2987 2988/2988/2988
f 2987/2987/2987 2990/2990/2990 2989/2989/2989
f 2991/2991/2991 2989/2989/2989 2990/2990/2990
f 2988/2988/2988 2992/2992/2992 2990/2990/2990
f 2990/2990/2990 2993/2993/2993 2991/2991/2991
f 2993/2993/2993 2990/2990/2990 2992/2992/2992
f 2994/2994/2994 2991/2991/2991 2993/2993/2993
f 2994/2994/2994 2993/2993/2993 2995/2995/2995
f 2993/2993/2993 2992/2992/2992 2996/2996/2996
f 2996/2996/2996 2995/2995/2995 2993/2993/2993
f 2997/2997/2997 2996/2996/2996 2992/2992/2992
f 2995/2995/2995 2996/2996/2996 2998/2998/2998
f 2996/2996/2996 2997/2997/2997 2999/2999/2999
f 2999/2999/2999 2998/2998/2998 2996/2996/2996
f 3000/3000/3000 2999/2999/2999 2997/2997/2997
f 2998/2998/2998 2999/2999/2999 3001/3001/3001
f 2999/2999/2999 3000/3000/3000 3002/3002/3002
f 3002/3002/3002 3001/3001/3001 2999/2999/2999
f 3000/3000/3000 3003/3003/3003 3002/3002/3002
f 3001/3001/3001 3002/3002/3002 3004/3004/3004
f 3002/3002/3002 3003/3003/3003 3005/3005/3005
f 3005/3005/3005 3004/3004/3004 3002/3002/3002
f 3006/3006/3006 3005/3005/3005 3003/3003/3003
f 3004/3004/3004 3005/3005/3005 3007/3007/3007
f 3006/3006/3006 3008/3008/3008 3005/3005/3005
f 3009/3009/3009 3007/3007/3007 3005/3005/3005
f 3009/3009/3009 3005/3005/3005 3008/3008/3008
f 3012/3012/3012 3011/3011/3011 3010/3010/3010
f 3013/3013/3013 3010/3010/3010 3011/3011/3011
f 3013/3013/3013 3014/3014/3014 3010/3010/3010
f 3013/3013/3013 3015/3015/3015 3014/3014/3014
f 3011/3011/3011 3016/3016/3016 3013/3013/3013
f 3017/3017/3017 3013/3013/3013 3016/3016/3016
f 3013/3013/3013 3017/3017/3017 3015/3015/3015
f 3016/3016/3016 3018/3018/3018 3017/3017/3017
f 3019/3019/3019 3017/3017/3017 3018/3018/3018
f 3017/3017/3017 3019/3019/3019 3015/3015/3015
f 3018/3018/3018 3020/3020/3020 3019/3019/3019
f 3021/3021/3021 3019/3019/3019 3020/3020/3020
f 3019/3019/3019 3021/3021/3021 3015/3015/3015
f 3020/3020/3020 3022/3022/3022 3021/3021/3021
f 3023/3023/3023 3021/3021/3021 3022/3022/3022
f 3021/3021/3021 3023/3023/3023 3015/3015/3015
f 3023/3023/3023 3022/3022/3022 3024/3024/3024
f 3023/3023/3023 3024/3024/3024 3015/3015/3015
f 3025/3025/3025 3024/3024/3024 3022/3022/3022
f 3024/3024/3024 3026/3026/3026 3015/3015/3015
f 3024/3024/3024 3025/3025/3025 3026/3026/3026
f 3015/3015/3015 3026/3026/3026 3027/3027/3027
f 3028/3028/3028 3026/3026/3026 3025/3025/3025
f 3027/3027/3027 3026/3026/3026 3029/3029/3029
f 3026/3026/3026 3028/3028/3028 3029/3029/3029
f 3030/3030/3030 3029/3029/3029 3028/3028/3028
f 3031/3031/3031 3029/3029/3029 3030/3030/3030
f 3034/3034/3034 3033/3033/3033 3032/3032/3032
f 3032/3032/3032 3033/3033/3033 3035/3035/3035
f 3036/3036/3036 3035/3035/3035 3033/3033/3033
f 3032/3032/3032 3035/3035/3035 3037/3037/3037
f 3035/3035/3035 3036/3036/3036 3038/3038/3038
f 3039/3039/3039 3038/3038/3038 3036/3036/3036
f 3039/3039/3039 3040/3040/3040 3038/3038/3038
f 3041/3041/3041 3037/3037/3037 3035/3035/3035
f 3037/3037/3037 3041/3041/3041 3042/3042/3042
f 3041/3041/3041 3043/3043/3043 3042/3042/3042
f 3041/3041/3041 3035/3035/3035 3044/3044/3044
f 3038/3038/3038 3044/3044/3044 3035/3035/3035
f 3041/3041/3041 3044/3044/3044 3043/3043/3043
f 3044/3044/3044 3045/3045/3045 3043/3043/3043
f 3046/3046/3046 3038/3038/3038 3040/3040/3040
f 3038/3038/3038 3046/3046/3046 3044/3044/3044
f 3040/3040/3040 3047/3047/3047 3046/3046/3046
f 3048/3048/3048 3044/3044/3044 3046/3046/3046
f 3044/3044/3044 3048/3048/3048 3045/3045/3045
f 3049/3049/3049 3046/3046/3046 3047/3047/3047
f 3046/3046/3046 3049/3049/3049 3048/3048/3048
f 3047/3047/3047 3050/3050/3050 3049/3049/3049
f 3051/3051/3051 3043/3043/3043 3045/3045/3045
f 3043/3043/3043 3051/3051/3051 3052/3052/3052
f 3051/3051/3051 3053/3053/3053 3052/3052/3052
f 3045/3045/3045 3053/3053/3053 3051/3051/3051
f 3054/3054/3054 3052/3052/3052 3053/3053/3053
f 3054/3054/3054 3055/3055/3055 3052/3052/3052
f 3056/3056/3056 3048/3048/3048 3049/3049/3049
f 3048/3048/3048 3056/3056/3056 3045/3045/3045
f 3057/3057/3057 3053/3053/3053 3045/3045/3045
f 3057/3057/3057 3054/3054/3054 3053/3053/3053
f 3056/3056/3056 3058/3058/3058 3045/3045/3045
f 3056/3056/3056 3049/3049/3049 3058/3058/3058
f 3058/3058/3058 3057/3057/3057 3045/3045/3045
f 3059/3059/3059 3058/3058/3058 3049/3049/3049
f 3059/3059/3059 3049/3049/3049 3050/3050/3050
f 3058/3058/3058 3059/3059/3059 3057/3057/3057
f 3059/3059/3059 3050/3050/3050 3060/3060/3060
f 3060/3060/3060 3057/3057/3057 3059/3059/3059
f 3057/3057/3057 3060/3060/3060 3054/3054/3054
f 3061/3061/3061 3060/3060/3060 3050/3050/3050
f 3061/3061/3061 3062/3062/3062 3060/3060/3060
f 3054/3054/3054 3063/3063/3063 3055/3055/3055
f 3063/3063/3063 3054/3054/3054 3060/3060/3060
f 3063/3063/3063 3060/3060/3060 3062/3062/3062
f 3064/3064/3064 3055/3055/3055 3063/3063/3063
f 3062/3062/3062 3065/3065/3065 3063/3063/3063
f 3065/3065/3065 3064/3064/3064 3063/3063/3063
f 3068/3068/3068 3067/3067/3067 3066/3066/3066
f 3068/3068/3068 3069/3069/3069 3067/3067/3067
f 3069/3069/3069 3068/3068/3068 3070/3070/3070
f 3071/3071/3071 3070/3070/3070 3068/3068/3068
f 3070/3070/3070 3071/3071/3071 3072/3072/3072
f 3073/3073/3073 3072/3072/3072 3071/3071/3071
f 3073/3073/3073 3074/3074/3074 3072/3072/3072
f 3075/3075/3075 3072/3072/3072 3074/3074/3074
f 3075/3075/3075 3074/3074/3074 3076/3076/3076
f 3077/3077/3077 3076/3076/3076 3074/3074/3074
f 3076/3076/3076 3077/3077/3077 3078/3078/3078
f 3079/3079/3079 3078/3078/3078 3077/3077/3077
f 3079/3079/3079 3080/3080/3080 3078/3078/3078
f 3081/3081/3081 3078/3078/3078 3080/3080/3080
f 3082/3082/3082 3081/3081/3081 3080/3080/3080
f 3082/3082/3082 3083/3083/3083 3081/3081/3081
f 3082/3082/3082 3084/3084/3084 3083/3083/3083
f 3085/3085/3085 3083/3083/3083 3084/3084/3084
f 3088/3088/3088 3087/3087/3087 3086/3086/3086
f 3089/3089/3089 3086/3086/3086 3087/3087/3087
f 3087/3087/3087 3090/3090/3090 3089/3089/3089
f 3091/3091/3091 3089/3089/3089 3090/3090/3090
f 3090/3090/3090 3092/3092/3092 3091/3091/3091
f 3093/3093/3093 3091/3091/3091 3092/3092/3092
f 3092/3092/3092 3094/3094/3094 3093/3093/3093
f 3095/3095/3095 3093/3093/3093 3094/3094/3094
f 3095/3095/3095 3094/3094/3094 3096/3096/3096
f 3097/3097/3097 3096/3096/3096 3094/3094/3094
f 3096/3096/3096 3097/3097/3097 3098/3098/3098
f 3099/3099/3099 3098/3098/3098 3097/3097/3097
f 3098/3098/3098 3099/3099/3099 3100/3100/3100
f 3101/3101/3101 3100/3100/3100 3099/3099/3099
f 3102/3102/3102 3100/3100/3100 3101/3101/3101
f 3102/3102/3102 3103/3103/3103 3100/3100/3100
f 3103/3103/3103 3102/3102/3102 3104/3104/3104
f 3105/3105/3105 3104/3104/3104 3102/3102/3102
f 3108/3108/3108 3107/3107/3107 3106/3106/3106
f 3109/3109/3109 3106/3106/3106 3107/3107/3107
f 3106/3106/3106 3109/3109/3109 3110/3110/3110
f 3109/3109/3109 3107/3107/3107 3111/3111/3111
f 3112/3112/3112 3111/3111/3111 3107/3107/3107
f 3112/3112/3112 3113/3113/3113 3111/3111/3111
f 3114/3114/3114 3111/3111/3111 3113/3113/3113
f 3111/3111/3111 3114/3114/3114 3115/3115/3115
f 3111/3111/3111 3115/3115/3115 3109/3109/3109
f 3116/3116/3116 3115/3115/3115 3114/3114/3114
f 3117/3117/3117 3110/3110/3110 3109/3109/3109
f 3117/3117/3117 3109/3109/3109 3115/3115/3115
f 3110/3110/3110 3117/3117/3117 3118/3118/3118
f 3115/3115/3115 3116/3116/3116 3119/3119/3119
f 3115/3115/3115 3119/3119/3119 3117/3117/3117
f 3120/3120/3120 3119/3119/3119 3116/3116/3116
f 3121/3121/3121 3118/3118/3118 3117/3117/3117
f 3121/3121/3121 3117/3117/3117 3119/3119/3119
f 3118/3118/3118 3121/3121/3121 3122/3122/3122
f 3123/3123/3123 3122/3122/3122 3121/3121/3121
f 3121/3121/3121 3119/3119/3119 3123/3123/3123
f 3122/3122/3122 3123/3123/3123 3124/3124/3124
f 3124/3124/3124 3125/3125/3125 3120/3120/3120
f 3119/3119/3119 3120/3120/3120 3125/3125/3125
f 3125/3125/3125 3123/3123/3123 3119/3119/3119
f 3125/3125/3125 3124/3124/3124 3123/3123/3123
f 3128/3128/3128 3127/3127/3127 3126/3126/3126
f 3129/3129/3129 3126/3126/3126 3127/3127/3127
f 3126/3126/3126 3129/3129/3129 3130/3130/3130
f 3129/3129/3129 3127/3127/3127 3131/3131/3131
f 3131/3131/3131 3130/3130/3130 3129/3129/3129
f 3132/3132/3132 3131/3131/3131 3127/3127/3127
f 3130/3130/3130 3131/3131/3131 3133/3133/3133
f 3132/3132/3132 3133/3133/3133 3131/3131/3131
f 3136/3136/3136 3135/3135/3135 3134/3134/3134
f 3137/3137/3137 3134/3134/3134 3135/3135/3135
f 3138/3138/3138 3134/3134/3134 3137/3137/3137
f 3141/3141/3141 3140/3140/3140 3139/3139/3139
f 3142/3142/3142 3139/3139/3139 3140/3140/3140
f 3143/3143/3143 3139/3139/3139 3142/3142/3142
f 3146/3146/3146 3145/3145/3145 3144/3144/3144
f 3147/3147/3147 3144/3144/3144 3145/3145/3145
f 3145/3145/3145 3148/3148/3148 3147/3147/3147
f 3149/3149/3149 3147/3147/3147 3148/3148/3148
f 3148/3148/3148 3150/3150/3150 3149/3149/3149
f 3151/3151/3151 3149/3149/3149 3150/3150/3150
f 3154/3154/3154 3153/3153/3153 3152/3152/3152
f 3155/3155/3155 3152/3152/3152 3153/3153/3153
f 3158/3158/3158 3157/3157/3157 3156/3156/3156
f 3159/3159/3159 3156/3156/3156 3157/3157/3157
f 3162/3162/3162 3161/3161/3161 3160/3160/3160
f 3163/3163/3163 3160/3160/3160 3161/3161/3161
f 3166/3166/3166 3165/3165/3165 3164/3164/3164
f 3167/3167/3167 3164/3164/3164 3165/3165/3165
f 3170/3170/3170 3169/3169/3169 3168/3168/3168
f 3171/3171/3171 3168/3168/3168 3169/3169/3169
f 3174/3174/3174 3173/3173/3173 3172/3172/3172
f 3175/3175/3175 3172/3172/3172 3173/3173/3173
f 3178/3178/3178 3177/3177/3177 3176/3176/3176
f 3179/3179/3179 3176/3176/3176 3177/3177/3177
f 3182/3182/3182 3181/3181/3181 3180/3180/3180
f 3183/3183/3183 3180/3180/3180 3181/3181/3181
f 3186/3186/3186 3185/3185/3185 3184/3184/3184
f 3187/3187/3187 3184/3184/3184 3185/3185/3185
f 3185/3185/3185 3188/3188/3188 3187/3187/3187
f 3184/3184/3184 3187/3187/3187 3189/3189/3189
f 3190/3190/3190 3187/3187/3187 3188/3188/3188
f 3188/3188/3188 3191/3191/3191 3190/3190/3190
f 3192/3192/3192 3189/3189/3189 3187/3187/3187
f 3187/3187/3187 3190/3190/3190 3192/3192/3192
f 3189/3189/3189 3192/3192/3192 3193/3193/3193
f 3193/3193/3193 3192/3192/3192 3194/3194/3194
f 3193/3193/3193 3194/3194/3194 3195/3195/3195
f 3194/3194/3194 3196/3196/3196 3195/3195/3195
f 3195/3195/3195 3196/3196/3196 3197/3197/3197
f 3197/3197/3197 3196/3196/3196 3198/3198/3198
f 3197/3197/3197 3198/3198/3198 3199/3199/3199
f 3200/3200/3200 3199/3199/3199 3198/3198/3198
f 3198/3198/3198 3201/3201/3201 3200/3200/3200
f 3199/3199/3199 3200/3200/3200 3202/3202/3202
f 3203/3203/3203 3202/3202/3202 3200/3200/3200
f 3200/3200/3200 3204/3204/3204 3203/3203/3203
f 3204/3204/3204 3200/3200/3200 3201/3201/3201
f 3205/3205/3205 3203/3203/3203 3204/3204/3204
f 3204/3204/3204 3206/3206/3206 3205/3205/3205
f 3206/3206/3206 3204/3204/3204 3201/3201/3201
f 3191/3191/3191 3205/3205/3205 3206/3206/3206
f 3206/3206/3206 3190/3190/3190 3191/3191/3191
f 3190/3190/3190 3206/3206/3206 3201/3201/3201
f 3196/3196/3196 3207/3207/3207 3198/3198/3198
f 3201/3201/3201 3198/3198/3198 3207/3207/3207
f 3207/3207/3207 3208/3208/3208 3201/3201/3201
f 3209/3209/3209 3190/3190/3190 3201/3201/3201
f 3209/3209/3209 3201/3201/3201 3208/3208/3208
f 3209/3209/3209 3192/3192/3192 3190/3190/3190
f 3192/3192/3192 3209/3209/3209 3210/3210/3210
f 3208/3208/3208 3210/3210/3210 3209/3209/3209
f 3194/3194/3194 3192/3192/3192 3210/3210/3210
f 3207/3207/3207 3196/3196/3196 3211/3211/3211
f 3207/3207/3207 3211/3211/3211 3208/3208/3208
f 3212/3212/3212 3194/3194/3194 3210/3210/3210
f 3210/3210/3210 3208/3208/3208 3212/3212/3212
f 3196/3196/3196 3194/3194/3194 3213/3213/3213
f 3213/3213/3213 3211/3211/3211 3196/3196/3196
f 3213/3213/3213 3194/3194/3194 3212/3212/3212
f 3211/3211/3211 3214/3214/3214 3208/3208/3208
f 3211/3211/3211 3213/3213/3213 3214/3214/3214
f 3215/3215/3215 3212/3212/3212 3208/3208/3208
f 3214/3214/3214 3215/3215/3215 3208/3208/3208
f 3216/3216/3216 3214/3214/3214 3213/3213/3213
f 3216/3216/3216 3213/3213/3213 3212/3212/3212
f 3212/3212/3212 3215/3215/3215 3216/3216/3216
f 3214/3214/3214 3216/3216/3216 3215/3215/3215
f 3219/3219/3219 3218/3218/3218 3217/3217/3217
f 3220/3220/3220 3217/3217/3217 3218/3218/3218
f 3218/3218/3218 3221/3221/3221 3220/3220/3220
f 3220/3220/3220 3222/3222/3222 3217/3217/3217
f 3223/3223/3223 3220/3220/3220 3221/3221/3221
f 3220/3220/3220 3223/3223/3223 3222/3222/3222
f 3223/3223/3223 3221/3221/3221 3224/3224/3224
f 3221/3221/3221 3191/3191/3191 3224/3224/3224
f 3191/3191/3191 3225/3225/3225 3224/3224/3224
f 3225/3225/3225 3226/3226/3226 3224/3224/3224
f 3227/3227/3227 3222/3222/3222 3223/3223/3223
f 3223/3223/3223 3224/3224/3224 3227/3227/3227
f 3228/3228/3228 3217/3217/3217 3222/3222/3222
f 3229/3229/3229 3227/3227/3227 3224/3224/3224
f 3228/3228/3228 3230/3230/3230 3217/3217/3217
f 3231/3231/3231 3224/3224/3224 3226/3226/3226
f 3224/3224/3224 3231/3231/3231 3229/3229/3229
f 3230/3230/3230 3228/3228/3228 3231/3231/3231
f 3226/3226/3226 3232/3232/3232 3231/3231/3231
f 3230/3230/3230 3231/3231/3231 3232/3232/3232
f 3233/3233/3233 3229/3229/3229 3231/3231/3231
f 3233/3233/3233 3231/3231/3231 3228/3228/3228
f 3236/3236/3236 3235/3235/3235 3234/3234/3234
f 3237/3237/3237 3234/3234/3234 3235/3235/3235
f 3235/3235/3235 3238/3238/3238 3237/3237/3237
f 3237/3237/3237 3239/3239/3239 3234/3234/3234
f 3240/3240/3240 3234/3234/3234 3239/3239/3239
f 3240/3240/3240 3239/3239/3239 3241/3241/3241
f 3242/3242/3242 3241/3241/3241 3239/3239/3239
f 3239/3239/3239 3243/3243/3243 3242/3242/3242
f 3239/3239/3239 3237/3237/3237 3243/3243/3243
f 3244/3244/3244 3242/3242/3242 3243/3243/3243
f 3245/3245/3245 3237/3237/3237 3238/3238/3238
f 3245/3245/3245 3243/3243/3243 3237/3237/3237
f 3238/3238/3238 3246/3246/3246 3245/3245/3245
f 3247/3247/3247 3245/3245/3245 3246/3246/3246
f 3245/3245/3245 3247/3247/3247 3243/3243/3243
f 3246/3246/3246 3248/3248/3248 3247/3247/3247
f 3243/3243/3243 3249/3249/3249 3244/3244/3244
f 3249/3249/3249 3243/3243/3243 3247/3247/3247
f 3248/3248/3248 3244/3244/3244 3249/3249/3249
f 3249/3249/3249 3247/3247/3247 3248/3248/3248
f 3252/3252/3252 3251/3251/3251 3250/3250/3250
f 3253/3253/3253 3250/3250/3250 3251/3251/3251
f 3251/3251/3251 3254/3254/3254 3253/3253/3253
f 3253/3253/3253 3255/3255/3255 3250/3250/3250
f 3255/3255/3255 3253/3253/3253 3254/3254/3254
f 3256/3256/3256 3250/3250/3250 3255/3255/3255
f 3254/3254/3254 3257/3257/3257 3255/3255/3255
f 3256/3256/3256 3255/3255/3255 3257/3257/3257
f 3260/3260/3260 3259/3259/3259 3258/3258/3258
f 3261/3261/3261 3258/3258/3258 3259/3259/3259
f 3261/3261/3261 3262/3262/3262 3258/3258/3258
f 3263/3263/3263 3258/3258/3258 3262/3262/3262
f 3266/3266/3266 3265/3265/3265 3264/3264/3264
f 3265/3265/3265 3267/3267/3267 3264/3264/3264
f 3268/3268/3268 3264/3264/3264 3267/3267/3267
f 3267/3267/3267 3269/3269/3269 3268/3268/3268
f 3272/3272/3272 3271/3271/3271 3270/3270/3270
f 3270/3270/3270 3273/3273/3273 3272/3272/3272
f 3274/3274/3274 3272/3272/3272 3273/3273/3273
f 3275/3275/3275 3274/3274/3274 3273/3273/3273
f 3276/3276/3276 3275/3275/3275 3273/3273/3273
f 3276/3276/3276 3277/3277/3277 3275/3275/3275
f 3280/3280/3280 3279/3279/3279 3278/3278/3278
f 3278/3278/3278 3281/3281/3281 3280/3280/3280
f 3282/3282/3282 3280/3280/3280 3281/3281/3281
f 3285/3285/3285 3284/3284/3284 3283/3283/3283
f 3286/3286/3286 3283/3283/3283 3284/3284/3284
f 3289/3289/3289 3288/3288/3288 3287/3287/3287
f 3290/3290/3290 3287/3287/3287 3288/3288/3288
f 3293/3293/3293 3292/3292/3292 3291/3291/3291
f 3294/3294/3294 3291/3291/3291 3292/3292/3292
f 3297/3297/3297 3296/3296/3296 3295/3295/3295
f 3298/3298/3298 3295/3295/3295 3296/3296/3296
f 3301/3301/3301 3300/3300/3300 3299/3299/3299
f 3302/3302/3302 3299/3299/3299 3300/3300/3300
f 3305/3305/3305 3304/3304/3304 3303/3303/3303
f 3306/3306/3306 3303/3303/3303 3304/3304/3304
f 3309/3309/3309 3308/3308/3308 3307/3307/3307
f 3310/3310/3310 3307/3307/3307 3308/3308/3308
f 3313/3313/3313 3312/3312/3312 3311/3311/3311
f 3314/3314/3314 3311/3311/3311 3312/3312/3312
f 3317/3317/3317 3316/3316/3316 3315/3315/3315
f 3318/3318/3318 3315/3315/3315 3316/3316/3316
f 3321/3321/3321 3320/3320/3320 3319/3319/3319
f 3322/3322/3322 3319/3319/3319 3320/3320/3320
f 3325/3325/3325 3324/3324/3324 3323/3323/3323
f 3326/3326/3326 3323/3323/3323 3324/3324/3324
f 3329/3329/3329 3328/3328/3328 3327/3327/3327
f 3330/3330/3330 3327/3327/3327 3328/3328/3328
f 3333/3333/3333 3332/3332/3332 3331/3331/3331
f 3334/3334/3334 3331/3331/3331 3332/3332/3332
f 3337/3337/3337 3336/3336/3336 3335/3335/3335
f 3338/3338/3338 3335/3335/3335 3336/3336/3336
f 3341/3341/3341 3340/3340/3340 3339/3339/3339
f 3342/3342/3342 3339/3339/3339 3340/3340/3340
f 3345/3345/3345 3344/3344/3344 3343/3343/3343
f 3346/3346/3346 3343/3343/3343 3344/3344/3344
f 3349/3349/3349 3348/3348/3348 3347/3347/3347
f 3350/3350/3350 3347/3347/3347 3348/3348/3348
f 3353/3353/3353 3352/3352/3352 3351/3351/3351
f 3354/3354/3354 3351/3351/3351 3352/3352/3352
f 3351/3351/3351 3354/3354/3354 3355/3355/3355
f 3356/3356/3356 3355/3355/3355 3354/3354/3354
f 3359/3359/3359 3358/3358/3358 3357/3357/3357
f 3360/3360/3360 3357/3357/3357 3358/3358/3358
f 3363/3363/3363 3362/3362/3362 3361/3361/3361
f 3364/3364/3364 3361/3361/3361 3362/3362/3362
f 3367/3367/3367 3366/3366/3366 3365/3365/3365
f 3368/3368/3368 3365/3365/3365 3366/3366/3366
f 3371/3371/3371 3370/3370/3370 3369/3369/3369
f 3370/3370/3370 3372/3372/3372 3369/3369/3369
f 3373/3373/3373 3372/3372/3372 3370/3370/3370
f 3372/3372/3372 3374/3374/3374 3369/3369/3369
f 3369/3369/3369 3374/3374/3374 3375/3375/3375
f 3376/3376/3376 3374/3374/3374 3372/3372/3372
f 3379/3379/3379 3378/3378/3378 3377/3377/3377
f 3380/3380/3380 3377/3377/3377 3378/3378/3378
f 3378/3378/3378 3381/3381/3381 3380/3380/3380
f 3382/3382/3382 3380/3380/3380 3381/3381/3381
f 3381/3381/3381 3383/3383/3383 3382/3382/3382
f 3384/3384/3384 3382/3382/3382 3383/3383/3383
f 3383/3383/3383 3385/3385/3385 3384/3384/3384
f 3386/3386/3386 3384/3384/3384 3385/3385/3385
f 3385/3385/3385 3387/3387/3387 3386/3386/3386
f 3388/3388/3388 3386/3386/3386 3387/3387/3387
f 3387/3387/3387 3389/3389/3389 3388/3388/3388
f 3390/3390/3390 3388/3388/3388 3389/3389/3389
f 3389/3389/3389 3391/3391/3391 3390/3390/3390
f 3392/3392/3392 3390/3390/3390 3391/3391/3391
f 3391/3391/3391 3393/3393/3393 3392/3392/3392
f 3394/3394/3394 3392/3392/3392 3393/3393/3393
f 3397/3397/3397 3396/3396/3396 3395/3395/3395
f 3396/3396/3396 3398/3398/3398 3395/3395/3395
f 3399/3399/3399 3398/3398/3398 3396/3396/3396
f 3398/3398/3398 3400/3400/3400 3395/3395/3395
f 3395/3395/3395 3400/3400/3400 3401/3401/3401
f 3402/3402/3402 3400/3400/3400 3398/3398/3398
f 3405/3405/3405 3404/3404/3404 3403/3403/3403
f 3404/3404/3404 3406/3406/3406 3403/3403/3403
f 3407/3407/3407 3406/3406/3406 3404/3404/3404
f 3406/3406/3406 3408/3408/3408 3403/3403/3403
f 3403/3403/3403 3408/3408/3408 3409/3409/3409
f 3410/3410/3410 3408/3408/3408 3406/3406/3406
f 3413/3413/3413 3412/3412/3412 3411/3411/3411
f 3414/3414/3414 3411/3411/3411 3412/3412/3412
f 3412/3412/3412 3415/3415/3415 3414/3414/3414
f 3416/3416/3416 3414/3414/3414 3415/3415/3415
f 3415/3415/3415 3417/3417/3417 3416/3416/3416
f 3418/3418/3418 3416/3416/3416 3417/3417/3417
f 3417/3417/3417 3419/3419/3419 3418/3418/3418
f 3420/3420/3420 3418/3418/3418 3419/3419/3419
f 3419/3419/3419 3421/3421/3421 3420/3420/3420
f 3422/3422/3422 3420/3420/3420 3421/3421/3421
f 3421/3421/3421 3423/3423/3423 3422/3422/3422
f 3424/3424/3424 3422/3422/3422 3423/3423/3423
f 3423/3423/3423 3425/3425/3425 3424/3424/3424
f 3426/3426/3426 3424/3424/3424 3425/3425/3425
f 3425/3425/3425 3427/3427/3427 3426/3426/3426
f 3428/3428/3428 3426/3426/3426 3427/3427/3427
f 3431/3431/3431 3430/3430/3430 3429/3429/3429
f 3430/3430/3430 3432/3432/3432 3429/3429/3429
f 3433/3433/3433 3432/3432/3432 3430/3430/3430
f 3432/3432/3432 3434/3434/3434 3429/3429/3429
f 3429/3429/3429 3434/3434/3434 3435/3435/3435
f 3436/3436/3436 3434/3434/3434 3432/3432/3432
f 3439/3439/3439 3438/3438/3438 3437/3437/3437
f 3440/3440/3440 3437/3437/3437 3438/3438/3438
f 3440/3440/3440 3438/3438/3438 3441/3441/3441
f 3442/3442/3442 3441/3441/3441 3438/3438/3438
f 3445/3445/3445 3444/3444/3444 3443/3443/3443
f 3446/3446/3446 3443/3443/3443 3444/3444/3444
f 3445/3445/3445 3447/3447/3447 3444/3444/3444
f 3448/3448/3448 3446/3446/3446 3444/3444/3444
f 3449/3449/3449 3444/3444/3444 3447/3447/3447
f 3448/3448/3448 3444/3444/3444 3449/3449/3449
f 3452/3452/3452 3451/3451/3451 3450/3450/3450
f 3452/3452/3452 3453/3453/3453 3451/3451/3451
f 3454/3454/3454 3450/3450/3450 3451/3451/3451
f 3455/3455/3455 3451/3451/3451 3453/3453/3453
f 3450/3450/3450 3454/3454/3454 3456/3456/3456
f 3453/3453/3453 3457/3457/3457 3455/3455/3455
f 3458/3458/3458 3456/3456/3456 3454/3454/3454
f 3459/3459/3459 3455/3455/3455 3457/3457/3457
f 3456/3456/3456 3458/3458/3458 3460/3460/3460
f 3461/3461/3461 3460/3460/3460 3458/3458/3458
f 3461/3461/3461 3462/3462/3462 3460/3460/3460
f 3463/3463/3463 3460/3460/3460 3462/3462/3462
f 3457/3457/3457 3464/3464/3464 3459/3459/3459
f 3465/3465/3465 3459/3459/3459 3464/3464/3464
f 3465/3465/3465 3464/3464/3464 3466/3466/3466
f 3467/3467/3467 3466/3466/3466 3464/3464/3464
f 3462/3462/3462 3468/3468/3468 3463/3463/3463
f 3469/3469/3469 3463/3463/3463 3468/3468/3468
f 3469/3469/3469 3468/3468/3468 3470/3470/3470
f 3471/3471/3471 3470/3470/3470 3468/3468/3468
f 3466/3466/3466 3467/3467/3467 3472/3472/3472
f 3473/3473/3473 3472/3472/3472 3467/3467/3467
f 3473/3473/3473 3474/3474/3474 3472/3472/3472
f 3475/3475/3475 3472/3472/3472 3474/3474/3474
f 3470/3470/3470 3471/3471/3471 3476/3476/3476
f 3474/3474/3474 3476/3476/3476 3475/3475/3475
f 3477/3477/3477 3476/3476/3476 3471/3471/3471
f 3477/3477/3477 3475/3475/3475 3476/3476/3476
f 3480/3480/3480 3479/3479/3479 3478/3478/3478
f 3481/3481/3481 3479/3479/3479 3480/3480/3480
f 3482/3482/3482 3478/3478/3478 3479/3479/3479
f 3483/3483/3483 3479/3479/3479 3481/3481/3481
f 3478/3478/3478 3482/3482/3482 3484/3484/3484
f 3485/3485/3485 3484/3484/3484 3482/3482/3482
f 3484/3484/3484 3485/3485/3485 3486/3486/3486
f 3483/3483/3483 3481/3481/3481 3487/3487/3487
f 3488/3488/3488 3487/3487/3487 3481/3481/3481
f 3489/3489/3489 3486/3486/3486 3485/3485/3485
f 3488/3488/3488 3490/3490/3490 3487/3487/3487
f 3491/3491/3491 3487/3487/3487 3490/3490/3490
f 3491/3491/3491 3490/3490/3490 3492/3492/3492
f 3493/3493/3493 3492/3492/3492 3490/3490/3490
f 3493/3493/3493 3494/3494/3494 3492/3492/3492
f 3495/3495/3495 3492/3492/3492 3494/3494/3494
f 3496/3496/3496 3495/3495/3495 3494/3494/3494
f 3496/3496/3496 3494/3494/3494 3497/3497/3497
f 3497/3497/3497 3498/3498/3498 3496/3496/3496
f 3499/3499/3499 3496/3496/3496 3498/3498/3498
f 3498/3498/3498 3500/3500/3500 3499/3499/3499
f 3501/3501/3501 3499/3499/3499 3500/3500/3500
f 3500/3500/3500 3502/3502/3502 3501/3501/3501
f 3503/3503/3503 3501/3501/3501 3502/3502/3502
f 3503/3503/3503 3502/3502/3502 3504/3504/3504
f 3505/3505/3505 3503/3503/3503 3504/3504/3504
f 3506/3506/3506 3503/3503/3503 3505/3505/3505
f 3506/3506/3506 3505/3505/3505 3489/3489/3489
f 3489/3489/3489 3505/3505/3505 3504/3504/3504
f 3486/3486/3486 3489/3489/3489 3504/3504/3504
f 3509/3509/3509 3508/3508/3508 3507/3507/3507
f 3509/3509/3509 3507/3507/3507 3510/3510/3510
f 3511/3511/3511 3507/3507/3507 3508/3508/3508
f 3512/3512/3512 3510/3510/3510 3507/3507/3507
f 3508/3508/3508 3513/3513/3513 3511/3511/3511
f 3510/3510/3510 3512/3512/3512 3514/3514/3514
f 3515/3515/3515 3511/3511/3511 3513/3513/3513
f 3516/3516/3516 3514/3514/3514 3512/3512/3512
f 3513/3513/3513 3517/3517/3517 3515/3515/3515
f 3514/3514/3514 3516/3516/3516 3518/3518/3518
f 3519/3519/3519 3515/3515/3515 3517/3517/3517
f 3520/3520/3520 3518/3518/3518 3516/3516/3516
f 3517/3517/3517 3521/3521/3521 3519/3519/3519
f 3522/3522/3522 3519/3519/3519 3521/3521/3521
f 3522/3522/3522 3521/3521/3521 3523/3523/3523
f 3524/3524/3524 3523/3523/3523 3521/3521/3521
f 3523/3523/3523 3524/3524/3524 3525/3525/3525
f 3526/3526/3526 3525/3525/3525 3524/3524/3524
f 3518/3518/3518 3520/3520/3520 3527/3527/3527
f 3528/3528/3528 3527/3527/3527 3520/3520/3520
f 3528/3528/3528 3529/3529/3529 3527/3527/3527
f 3530/3530/3530 3527/3527/3527 3529/3529/3529
f 3529/3529/3529 3531/3531/3531 3530/3530/3530
f 3532/3532/3532 3530/3530/3530 3531/3531/3531
f 3525/3525/3525 3526/3526/3526 3533/3533/3533
f 3531/3531/3531 3533/3533/3533 3532/3532/3532
f 3534/3534/3534 3533/3533/3533 3526/3526/3526
f 3534/3534/3534 3532/3532/3532 3533/3533/3533
f 3537/3537/3537 3536/3536/3536 3535/3535/3535
f 3537/3537/3537 3535/3535/3535 3538/3538/3538
f 3539/3539/3539 3535/3535/3535 3536/3536/3536
f 3536/3536/3536 3540/3540/3540 3539/3539/3539
f 3541/3541/3541 3538/3538/3538 3535/3535/3535
f 3538/3538/3538 3541/3541/3541 3542/3542/3542
f 3543/3543/3543 3539/3539/3539 3540/3540/3540
f 3543/3543/3543 3540/3540/3540 3544/3544/3544
f 3545/3545/3545 3544/3544/3544 3540/3540/3540
f 3544/3544/3544 3545/3545/3545 3546/3546/3546
f 3547/3547/3547 3546/3546/3546 3545/3545/3545
f 3547/3547/3547 3548/3548/3548 3546/3546/3546
f 3543/3543/3543 3549/3549/3549 3539/3539/3539
f 3543/3543/3543 3544/3544/3544 3549/3549/3549
f 3539/3539/3539 3550/3550/3550 3535/3535/3535
f 3550/3550/3550 3539/3539/3539 3549/3549/3549
f 3551/3551/3551 3549/3549/3549 3544/3544/3544
f 3551/3551/3551 3544/3544/3544 3546/3546/3546
f 3552/3552/3552 3546/3546/3546 3548/3548/3548
f 3552/3552/3552 3548/3548/3548 3553/3553/3553
f 3549/3549/3549 3554/3554/3554 3550/3550/3550
f 3549/3549/3549 3551/3551/3551 3554/3554/3554
f 3535/3535/3535 3550/3550/3550 3555/3555/3555
f 3556/3556/3556 3550/3550/3550 3554/3554/3554
f 3550/3550/3550 3556/3556/3556 3555/3555/3555
f 3555/3555/3555 3557/3557/3557 3535/3535/3535
f 3535/3535/3535 3557/3557/3557 3541/3541/3541
f 3541/3541/3541 3557/3557/3557 3558/3558/3558
f 3542/3542/3542 3541/3541/3541 3558/3558/3558
f 3551/3551/3551 3546/3546/3546 3559/3559/3559
f 3560/3560/3560 3546/3546/3546 3552/3552/3552
f 3560/3560/3560 3559/3559/3559 3546/3546/3546
f 3561/3561/3561 3554/3554/3554 3551/3551/3551
f 3561/3561/3561 3551/3551/3551 3559/3559/3559
f 3554/3554/3554 3562/3562/3562 3556/3556/3556
f 3554/3554/3554 3561/3561/3561 3562/3562/3562
f 3556/3556/3556 3563/3563/3563 3555/3555/3555
f 3563/3563/3563 3556/3556/3556 3562/3562/3562
f 3555/3555/3555 3564/3564/3564 3557/3557/3557
f 3563/3563/3563 3564/3564/3564 3555/3555/3555
f 3565/3565/3565 3561/3561/3561 3559/3559/3559
f 3565/3565/3565 3562/3562/3562 3561/3561/3561
f 3562/3562/3562 3566/3566/3566 3563/3563/3563
f 3562/3562/3562 3565/3565/3565 3566/3566/3566
f 3567/3567/3567 3565/3565/3565 3559/3559/3559
f 3567/3567/3567 3559/3559/3559 3560/3560/3560
f 3560/3560/3560 3552/3552/3552 3568/3568/3568
f 3552/3552/3552 3553/3553/3553 3568/3568/3568
f 3564/3564/3564 3569/3569/3569 3557/3557/3557
f 3557/3557/3557 3569/3569/3569 3558/3558/3558
f 3563/3563/3563 3570/3570/3570 3564/3564/3564
f 3570/3570/3570 3563/3563/3563 3566/3566/3566
f 3564/3564/3564 3571/3571/3571 3569/3569/3569
f 3569/3569/3569 3571/3571/3571 3558/3558/3558
f 3570/3570/3570 3571/3571/3571 3564/3564/3564
f 3572/3572/3572 3566/3566/3566 3565/3565/3565
f 3572/3572/3572 3565/3565/3565 3567/3567/3567
f 3573/3573/3573 3567/3567/3567 3560/3560/3560
f 3573/3573/3573 3560/3560/3560 3568/3568/3568
f 3574/3574/3574 3567/3567/3567 3573/3573/3573
f 3574/3574/3574 3573/3573/3573 3568/3568/3568
f 3574/3574/3574 3572/3572/3572 3567/3567/3567
f 3558/3558/3558 3571/3571/3571 3575/3575/3575
f 3575/3575/3575 3571/3571/3571 3570/3570/3570
f 3566/3566/3566 3576/3576/3576 3570/3570/3570
f 3566/3566/3566 3572/3572/3572 3576/3576/3576
f 3568/3568/3568 3577/3577/3577 3574/3574/3574
f 3568/3568/3568 3553/3553/3553 3577/3577/3577
f 3578/3578/3578 3572/3572/3572 3574/3574/3574
f 3578/3578/3578 3576/3576/3576 3572/3572/3572
f 3579/3579/3579 3570/3570/3570 3576/3576/3576
f 3570/3570/3570 3579/3579/3579 3575/3575/3575
f 3580/3580/3580 3558/3558/3558 3575/3575/3575
f 3542/3542/3542 3558/3558/3558 3580/3580/3580
f 3581/3581/3581 3574/3574/3574 3577/3577/3577
f 3578/3578/3578 3574/3574/3574 3581/3581/3581
f 3582/3582/3582 3576/3576/3576 3578/3578/3578
f 3576/3576/3576 3582/3582/3582 3579/3579/3579
f 3583/3583/3583 3582/3582/3582 3578/3578/3578
f 3583/3583/3583 3578/3578/3578 3581/3581/3581
f 3582/3582/3582 3584/3584/3584 3579/3579/3579
f 3583/3583/3583 3581/3581/3581 3585/3585/3585
f 3575/3575/3575 3579/3579/3579 3586/3586/3586
f 3579/3579/3579 3584/3584/3584 3586/3586/3586
f 3575/3575/3575 3586/3586/3586 3580/3580/3580
f 3586/3586/3586 3584/3584/3584 3587/3587/3587
f 3585/3585/3585 3581/3581/3581 3588/3588/3588
f 3581/3581/3581 3577/3577/3577 3588/3588/3588
f 3585/3585/3585 3588/3588/3588 3589/3589/3589
f 3590/3590/3590 3589/3589/3589 3588/3588/3588
f 3586/3586/3586 3587/3587/3587 3591/3591/3591
f 3580/3580/3580 3586/3586/3586 3591/3591/3591
f 3591/3591/3591 3587/3587/3587 3592/3592/3592
f 3592/3592/3592 3593/3593/3593 3591/3591/3591
f 3588/3588/3588 3577/3577/3577 3594/3594/3594
f 3594/3594/3594 3590/3590/3590 3588/3588/3588
f 3591/3591/3591 3595/3595/3595 3580/3580/3580
f 3593/3593/3593 3595/3595/3595 3591/3591/3591
f 3596/3596/3596 3594/3594/3594 3577/3577/3577
f 3596/3596/3596 3577/3577/3577 3553/3553/3553
f 3596/3596/3596 3553/3553/3553 3597/3597/3597
f 3597/3597/3597 3598/3598/3598 3596/3596/3596
f 3594/3594/3594 3599/3599/3599 3590/3590/3590
f 3599/3599/3599 3594/3594/3594 3596/3596/3596
f 3600/3600/3600 3590/3590/3590 3599/3599/3599
f 3601/3601/3601 3596/3596/3596 3598/3598/3598
f 3599/3599/3599 3596/3596/3596 3601/3601/3601
f 3598/3598/3598 3602/3602/3602 3601/3601/3601
f 3599/3599/3599 3603/3603/3603 3600/3600/3600
f 3603/3603/3603 3599/3599/3599 3601/3601/3601
f 3604/3604/3604 3600/3600/3600 3603/3603/3603
f 3603/3603/3603 3605/3605/3605 3604/3604/3604
f 3606/3606/3606 3604/3604/3604 3605/3605/3605
f 3606/3606/3606 3605/3605/3605 3607/3607/3607
f 3608/3608/3608 3601/3601/3601 3602/3602/3602
f 3603/3603/3603 3601/3601/3601 3608/3608/3608
f 3603/3603/3603 3608/3608/3608 3605/3605/3605
f 3602/3602/3602 3609/3609/3609 3608/3608/3608
f 3610/3610/3610 3608/3608/3608 3609/3609/3609
f 3610/3610/3610 3605/3605/3605 3608/3608/3608
f 3610/3610/3610 3609/3609/3609 3611/3611/3611
f 3610/3610/3610 3611/3611/3611 3605/3605/3605
f 3612/3612/3612 3611/3611/3611 3609/3609/3609
f 3613/3613/3613 3607/3607/3607 3605/3605/3605
f 3613/3613/3613 3605/3605/3605 3611/3611/3611
f 3607/3607/3607 3613/3613/3613 3614/3614/3614
f 3611/3611/3611 3612/3612/3612 3615/3615/3615
f 3615/3615/3615 3613/3613/3613 3611/3611/3611
f 3616/3616/3616 3615/3615/3615 3612/3612/3612
f 3617/3617/3617 3614/3614/3614 3613/3613/3613
f 3617/3617/3617 3613/3613/3613 3615/3615/3615
f 3614/3614/3614 3617/3617/3617 3593/3593/3593
f 3595/3595/3595 3593/3593/3593 3617/3617/3617
f 3615/3615/3615 3616/3616/3616 3618/3618/3618
f 3618/3618/3618 3617/3617/3617 3615/3615/3615
f 3595/3595/3595 3617/3617/3617 3618/3618/3618
f 3619/3619/3619 3618/3618/3618 3616/3616/3616
f 3618/3618/3618 3580/3580/3580 3595/3595/3595
f 3542/3542/3542 3618/3618/3618 3619/3619/3619
f 3580/3580/3580 3618/3618/3618 3542/3542/3542
f 3622/3622/3622 3621/3621/3621 3620/3620/3620
f 3622/3622/3622 3623/3623/3623 3621/3621/3621
f 3624/3624/3624 3620/3620/3620 3621/3621/3621
f 3625/3625/3625 3621/3621/3621 3623/3623/3623
f 3620/3620/3620 3624/3624/3624 3626/3626/3626
f 3623/3623/3623 3627/3627/3627 3625/3625/3625
f 3628/3628/3628 3626/3626/3626 3624/3624/3624
f 3629/3629/3629 3625/3625/3625 3627/3627/3627
f 3626/3626/3626 3628/3628/3628 3630/3630/3630
f 3627/3627/3627 3631/3631/3631 3629/3629/3629
f 3632/3632/3632 3630/3630/3630 3628/3628/3628
f 3633/3633/3633 3629/3629/3629 3631/3631/3631
f 3630/3630/3630 3632/3632/3632 3634/3634/3634
f 3635/3635/3635 3634/3634/3634 3632/3632/3632
f 3636/3636/3636 3634/3634/3634 3635/3635/3635
f 3637/3637/3637 3634/3634/3634 3636/3636/3636
f 3638/3638/3638 3637/3637/3637 3636/3636/3636
f 3631/3631/3631 3639/3639/3639 3633/3633/3633
f 3640/3640/3640 3633/3633/3633 3639/3639/3639
f 3639/3639/3639 3641/3641/3641 3640/3640/3640
f 3639/3639/3639 3642/3642/3642 3641/3641/3641
f 3642/3642/3642 3643/3643/3643 3641/3641/3641
f 3637/3637/3637 3638/3638/3638 3644/3644/3644
f 3642/3642/3642 3644/3644/3644 3643/3643/3643
f 3645/3645/3645 3644/3644/3644 3638/3638/3638
f 3645/3645/3645 3643/3643/3643 3644/3644/3644
f 3648/3648/3648 3647/3647/3647 3646/3646/3646
f 3648/3648/3648 3646/3646/3646 3649/3649/3649
f 3650/3650/3650 3646/3646/3646 3647/3647/3647
f 3651/3651/3651 3649/3649/3649 3646/3646/3646
f 3650/3650/3650 3647/3647/3647 3652/3652/3652
f 3651/3651/3651 3653/3653/3653 3649/3649/3649
f 3654/3654/3654 3652/3652/3652 3647/3647/3647
f 3655/3655/3655 3649/3649/3649 3653/3653/3653
f 3652/3652/3652 3654/3654/3654 3656/3656/3656
f 3653/3653/3653 3657/3657/3657 3655/3655/3655
f 3658/3658/3658 3656/3656/3656 3654/3654/3654
f 3659/3659/3659 3655/3655/3655 3657/3657/3657
f 3656/3656/3656 3658/3658/3658 3660/3660/3660
f 3657/3657/3657 3661/3661/3661 3659/3659/3659
f 3662/3662/3662 3660/3660/3660 3658/3658/3658
f 3663/3663/3663 3659/3659/3659 3661/3661/3661
f 3660/3660/3660 3662/3662/3662 3664/3664/3664
f 3661/3661/3661 3665/3665/3665 3663/3663/3663
f 3666/3666/3666 3664/3664/3664 3662/3662/3662
f 3667/3667/3667 3663/3663/3663 3665/3665/3665
f 3664/3664/3664 3666/3666/3666 3668/3668/3668
f 3665/3665/3665 3669/3669/3669 3667/3667/3667
f 3670/3670/3670 3668/3668/3668 3666/3666/3666
f 3671/3671/3671 3667/3667/3667 3669/3669/3669
f 3668/3668/3668 3670/3670/3670 3672/3672/3672
f 3669/3669/3669 3673/3673/3673 3671/3671/3671
f 3674/3674/3674 3672/3672/3672 3670/3670/3670
f 3675/3675/3675 3671/3671/3671 3673/3673/3673
f 3672/3672/3672 3674/3674/3674 3676/3676/3676
f 3673/3673/3673 3676/3676/3676 3675/3675/3675
f 3677/3677/3677 3676/3676/3676 3674/3674/3674
f 3677/3677/3677 3675/3675/3675 3676/3676/3676
f 3680/3680/3680 3679/3679/3679 3678/3678/3678
f 3680/3680/3680 3681/3681/3681 3679/3679/3679
f 3682/3682/3682 3679/3679/3679 3681/3681/3681
f 3681/3681/3681 3683/3683/3683 3682/3682/3682
f 3684/3684/3684 3682/3682/3682 3683/3683/3683
f 3683/3683/3683 3685/3685/3685 3684/3684/3684
f 3686/3686/3686 3684/3684/3684 3685/3685/3685
f 3685/3685/3685 3687/3687/3687 3686/3686/3686
f 3688/3688/3688 3686/3686/3686 3687/3687/3687
f 3687/3687/3687 3689/3689/3689 3688/3688/3688
f 3690/3690/3690 3688/3688/3688 3689/3689/3689
f 3690/3690/3690 3689/3689/3689 3691/3691/3691
f 3691/3691/3691 3689/3689/3689 3692/3692/3692
f 3692/3692/3692 3693/3693/3693 3691/3691/3691
f 3694/3694/3694 3691/3691/3691 3693/3693/3693
f 3693/3693/3693 3695/3695/3695 3694/3694/3694
f 3696/3696/3696 3694/3694/3694 3695/3695/3695
f 3696/3696/3696 3695/3695/3695 3678/3678/3678
f 3699/3699/3699 3698/3698/3698 3697/3697/3697
f 3699/3699/3699 3700/3700/3700 3698/3698/3698
f 3701/3701/3701 3697/3697/3697 3698/3698/3698
f 3697/3697/3697 3701/3701/3701 3702/3702/3702
f 3703/3703/3703 3698/3698/3698 3700/3700/3700
f 3704/3704/3704 3703/3703/3703 3700/3700/3700
f 3704/3704/3704 3705/3705/3705 3703/3703/3703
f 3705/3705/3705 3706/3706/3706 3703/3703/3703
f 3698/3698/3698 3703/3703/3703 3706/3706/3706
f 3698/3698/3698 3706/3706/3706 3701/3701/3701
f 3707/3707/3707 3701/3701/3701 3706/3706/3706
f 3708/3708/3708 3702/3702/3702 3701/3701/3701
f 3701/3701/3701 3707/3707/3707 3708/3708/3708
f 3709/3709/3709 3702/3702/3702 3708/3708/3708
f 3710/3710/3710 3708/3708/3708 3707/3707/3707
f 3709/3709/3709 3708/3708/3708 3710/3710/3710
f 3713/3713/3713 3712/3712/3712 3711/3711/3711
f 3712/3712/3712 3713/3713/3713 3714/3714/3714
f 3715/3715/3715 3714/3714/3714 3713/3713/3713
f 3714/3714/3714 3715/3715/3715 3716/3716/3716
f 3717/3717/3717 3716/3716/3716 3715/3715/3715
f 3716/3716/3716 3717/3717/3717 3718/3718/3718
f 3719/3719/3719 3718/3718/3718 3717/3717/3717
f 3718/3718/3718 3719/3719/3719 3720/3720/3720
f 3721/3721/3721 3720/3720/3720 3719/3719/3719
f 3720/3720/3720 3721/3721/3721 3722/3722/3722
f 3723/3723/3723 3722/3722/3722 3721/3721/3721
f 3722/3722/3722 3723/3723/3723 3724/3724/3724
f 3722/3722/3722 3724/3724/3724 3725/3725/3725
f 3725/3725/3725 3724/3724/3724 3726/3726/3726
f 3727/3727/3727 3726/3726/3726 3724/3724/3724
f 3726/3726/3726 3727/3727/3727 3728/3728/3728
f 3729/3729/3729 3728/3728/3728 3727/3727/3727
f 3728/3728/3728 3729/3729/3729 3711/3711/3711
f 3732/3732/3732 3731/3731/3731 3730/3730/3730
f 3732/3732/3732 3730/3730/3730 3733/3733/3733
f 3734/3734/3734 3730/3730/3730 3731/3731/3731
f 3731/3731/3731 3735/3735/3735 3734/3734/3734
f 3736/3736/3736 3733/3733/3733 3730/3730/3730
f 3736/3736/3736 3737/3737/3737 3733/3733/3733
f 3738/3738/3738 3737/3737/3737 3736/3736/3736
f 3738/3738/3738 3736/3736/3736 3739/3739/3739
f 3730/3730/3730 3739/3739/3739 3736/3736/3736
f 3730/3730/3730 3734/3734/3734 3739/3739/3739
f 3740/3740/3740 3739/3739/3739 3734/3734/3734
f 3741/3741/3741 3734/3734/3734 3735/3735/3735
f 3734/3734/3734 3741/3741/3741 3740/3740/3740
f 3735/3735/3735 3742/3742/3742 3741/3741/3741
f 3743/3743/3743 3740/3740/3740 3741/3741/3741
f 3741/3741/3741 3742/3742/3742 3743/3743/3743
f 3746/3746/3746 3745/3745/3745 3744/3744/3744
f 3747/3747/3747 3746/3746/3746 3744/3744/3744
f 3746/3746/3746 3748/3748/3748 3745/3745/3745
f 3748/3748/3748 3746/3746/3746 3749/3749/3749
f 3750/3750/3750 3745/3745/3745 3748/3748/3748
f 3751/3751/3751 3750/3750/3750 3748/3748/3748
f 3748/3748/3748 3749/3749/3749 3751/3751/3751
f 3752/3752/3752 3751/3751/3751 3749/3749/3749
f 3752/3752/3752 3749/3749/3749 3753/3753/3753
f 3747/3747/3747 3754/3754/3754 3746/3746/3746
f 3747/3747/3747 3755/3755/3755 3754/3754/3754
f 3756/3756/3756 3754/3754/3754 3755/3755/3755
f 3754/3754/3754 3756/3756/3756 3757/3757/3757
f 3758/3758/3758 3757/3757/3757 3756/3756/3756
f 3758/3758/3758 3759/3759/3759 3757/3757/3757
f 3760/3760/3760 3746/3746/3746 3754/3754/3754
f 3760/3760/3760 3749/3749/3749 3746/3746/3746
f 3754/3754/3754 3757/3757/3757 3760/3760/3760
f 3760/3760/3760 3761/3761/3761 3749/3749/3749
f 3761/3761/3761 3760/3760/3760 3757/3757/3757
f 3762/3762/3762 3753/3753/3753 3749/3749/3749
f 3762/3762/3762 3749/3749/3749 3761/3761/3761
f 3762/3762/3762 3763/3763/3763 3753/3753/3753
f 3762/3762/3762 3761/3761/3761 3763/3763/3763
f 3764/3764/3764 3753/3753/3753 3763/3763/3763
f 3764/3764/3764 3763/3763/3763 3765/3765/3765
f 3766/3766/3766 3757/3757/3757 3759/3759/3759
f 3759/3759/3759 3767/3767/3767 3766/3766/3766
f 3761/3761/3761 3757/3757/3757 3768/3768/3768
f 3768/3768/3768 3763/3763/3763 3761/3761/3761
f 3766/3766/3766 3768/3768/3768 3757/3757/3757
f 3769/3769/3769 3765/3765/3765 3763/3763/3763
f 3770/3770/3770 3765/3765/3765 3769/3769/3769
f 3770/3770/3770 3769/3769/3769 3771/3771/3771
f 3768/3768/3768 3772/3772/3772 3763/3763/3763
f 3769/3769/3769 3763/3763/3763 3772/3772/3772
f 3772/3772/3772 3771/3771/3771 3769/3769/3769
f 3768/3768/3768 3766/3766/3766 3772/3772/3772
f 3771/3771/3771 3772/3772/3772 3773/3773/3773
f 3767/3767/3767 3773/3773/3773 3774/3774/3774
f 3774/3774/3774 3766/3766/3766 3767/3767/3767
f 3772/3772/3772 3774/3774/3774 3773/3773/3773
f 3774/3774/3774 3772/3772/3772 3766/3766/3766
f 3777/3777/3777 3776/3776/3776 3775/3775/3775
f 3777/3777/3777 3778/3778/3778 3776/3776/3776
f 3775/3775/3775 3779/3779/3779 3778/3778/3778
f 3779/3779/3779 3775/3775/3775 3776/3776/3776
f 3780/3780/3780 3776/3776/3776 3778/3778/3778
f 3780/3780/3780 3778/3778/3778 3779/3779/3779
f 3776/3776/3776 3780/3780/3780 3781/3781/3781
f 3781/3781/3781 3779/3779/3779 3776/3776/3776
f 3780/3780/3780 3779/3779/3779 3782/3782/3782
f 3782/3782/3782 3781/3781/3781 3780/3780/3780
f 3783/3783/3783 3782/3782/3782 3779/3779/3779
f 3783/3783/3783 3779/3779/3779 3781/3781/3781
f 3782/3782/3782 3784/3784/3784 3781/3781/3781
f 3782/3782/3782 3783/3783/3783 3784/3784/3784
f 3781/3781/3781 3785/3785/3785 3783/3783/3783
f 3785/3785/3785 3781/3781/3781 3784/3784/3784
f 3786/3786/3786 3783/3783/3783 3785/3785/3785
f 3786/3786/3786 3784/3784/3784 3783/3783/3783
f 3786/3786/3786 3785/3785/3785 3787/3787/3787
f 3785/3785/3785 3784/3784/3784 3788/3788/3788
f 3788/3788/3788 3787/3787/3787 3785/3785/3785
f 3784/3784/3784 3786/3786/3786 3789/3789/3789
f 3787/3787/3787 3789/3789/3789 3786/3786/3786
f 3789/3789/3789 3788/3788/3788 3784/3784/3784
f 3789/3789/3789 3787/3787/3787 3790/3790/3790
f 3789/3789/3789 3790/3790/3790 3788/3788/3788
f 3791/3791/3791 3787/3787/3787 3788/3788/3788
f 3791/3791/3791 3790/3790/3790 3787/3787/3787
f 3791/3791/3791 3788/3788/3788 3792/3792/3792
f 3792/3792/3792 3788/3788/3788 3790/3790/3790
f 3791/3791/3791 3793/3793/3793 3790/3790/3790
f 3791/3791/3791 3792/3792/3792 3793/3793/3793
f 3794/3794/3794 3790/3790/3790 3793/3793/3793
f 3790/3790/3790 3794/3794/3794 3792/3792/3792
f 3795/3795/3795 3793/3793/3793 3792/3792/3792
f 3795/3795/3795 3792/3792/3792 3794/3794/3794
f 3798/3798/3798 3797/3797/3797 3796/3796/3796
f 3799/3799/3799 3797/3797/3797 3798/3798/3798
f 3800/3800/3800 3797/3797/3797 3799/3799/3799
f 3801/3801/3801 3796/3796/3796 3797/3797/3797
f 3801/3801/3801 3797/3797/3797 3802/3802/3802
f 3796/3796/3796 3801/3801/3801 3803/3803/3803
f 3804/3804/3804 3803/3803/3803 3801/3801/3801
f 3804/3804/3804 3801/3801/3801 3805/3805/3805
f 3801/3801/3801 3802/3802/3802 3805/3805/3805
f 3805/3805/3805 3802/3802/3802 3806/3806/3806
f 3802/3802/3802 3807/3807/3807 3806/3806/3806
f 3797/3797/3797 3800/3800/3800 3808/3808/3808
f 3808/3808/3808 3802/3802/3802 3797/3797/3797
f 3809/3809/3809 3807/3807/3807 3802/3802/3802
f 3810/3810/3810 3807/3807/3807 3809/3809/3809
f 3810/3810/3810 3809/3809/3809 3811/3811/3811
f 3812/3812/3812 3811/3811/3811 3809/3809/3809
f 3809/3809/3809 3802/3802/3802 3813/3813/3813
f 3809/3809/3809 3813/3813/3813 3812/3812/3812
f 3808/3808/3808 3813/3813/3813 3802/3802/3802
f 3814/3814/3814 3812/3812/3812 3813/3813/3813
f 3813/3813/3813 3815/3815/3815 3814/3814/3814
f 3813/3813/3813 3816/3816/3816 3815/3815/3815
f 3813/3813/3813 3808/3808/3808 3816/3816/3816
f 3817/3817/3817 3808/3808/3808 3800/3800/3800
f 3817/3817/3817 3816/3816/3816 3808/3808/3808
f 3818/3818/3818 3817/3817/3817 3800/3800/3800
f 3817/3817/3817 3818/3818/3818 3816/3816/3816
f 3821/3821/3821 3820/3820/3820 3819/3819/3819
f 3821/3821/3821 3819/3819/3819 3822/3822/3822
f 3823/3823/3823 3819/3819/3819 3820/3820/3820
f 3820/3820/3820 3824/3824/3824 3823/3823/3823
f 3825/3825/3825 3822/3822/3822 3819/3819/3819
f 3825/3825/3825 3826/3826/3826 3822/3822/3822
f 3827/3827/3827 3822/3822/3822 3826/3826/3826
f 3828/3828/3828 3827/3827/3827 3826/3826/3826
f 3829/3829/3829 3827/3827/3827 3828/3828/3828
f 3830/3830/3830 3829/3829/3829 3828/3828/3828
f 3829/3829/3829 3830/3830/3830 3831/3831/3831
f 3832/3832/3832 3831/3831/3831 3830/3830/3830
f 3831/3831/3831 3832/3832/3832 3833/3833/3833
f 3834/3834/3834 3833/3833/3833 3832/3832/3832
f 3833/3833/3833 3834/3834/3834 3835/3835/3835
f 3836/3836/3836 3835/3835/3835 3834/3834/3834
f 3836/3836/3836 3837/3837/3837 3835/3835/3835
f 3838/3838/3838 3835/3835/3835 3837/3837/3837
f 3837/3837/3837 3839/3839/3839 3838/3838/3838
f 3840/3840/3840 3838/3838/3838 3839/3839/3839
f 3839/3839/3839 3841/3841/3841 3840/3840/3840
f 3842/3842/3842 3840/3840/3840 3841/3841/3841
f 3841/3841/3841 3843/3843/3843 3842/3842/3842
f 3843/3843/3843 3844/3844/3844 3842/3842/3842
f 3842/3842/3842 3844/3844/3844 3845/3845/3845
f 3845/3845/3845 3844/3844/3844 3846/3846/3846
f 3843/3843/3843 3847/3847/3847 3844/3844/3844
f 3848/3848/3848 3847/3847/3847 3843/3843/3843
f 3849/3849/3849 3848/3848/3848 3843/3843/3843
f 3849/3849/3849 3850/3850/3850 3848/3848/3848
f 3851/3851/3851 3848/3848/3848 3850/3850/3850
f 3850/3850/3850 3852/3852/3852 3851/3851/3851
f 3847/3847/3847 3848/3848/3848 3853/3853/3853
f 3851/3851/3851 3853/3853/3853 3848/3848/3848
f 3854/3854/3854 3851/3851/3851 3852/3852/3852
f 3852/3852/3852 3855/3855/3855 3854/3854/3854
f 3854/3854/3854 3856/3856/3856 3851/3851/3851
f 3853/3853/3853 3851/3851/3851 3856/3856/3856
f 3847/3847/3847 3853/3853/3853 3857/3857/3857
f 3847/3847/3847 3857/3857/3857 3844/3844/3844
f 3858/3858/3858 3854/3854/3854 3855/3855/3855
f 3854/3854/3854 3858/3858/3858 3856/3856/3856
f 3859/3859/3859 3857/3857/3857 3853/3853/3853
f 3853/3853/3853 3856/3856/3856 3859/3859/3859
f 3857/3857/3857 3860/3860/3860 3844/3844/3844
f 3857/3857/3857 3859/3859/3859 3860/3860/3860
f 3858/3858/3858 3855/3855/3855 3861/3861/3861
f 3862/3862/3862 3861/3861/3861 3855/3855/3855
f 3861/3861/3861 3862/3862/3862 3863/3863/3863
f 3864/3864/3864 3863/3863/3863 3862/3862/3862
f 3861/3861/3861 3865/3865/3865 3858/3858/3858
f 3861/3861/3861 3863/3863/3863 3865/3865/3865
f 3866/3866/3866 3856/3856/3856 3858/3858/3858
f 3866/3866/3866 3858/3858/3858 3865/3865/3865
f 3867/3867/3867 3859/3859/3859 3856/3856/3856
f 3856/3856/3856 3866/3866/3866 3867/3867/3867
f 3863/3863/3863 3864/3864/3864 3868/3868/3868
f 3869/3869/3869 3868/3868/3868 3864/3864/3864
f 3863/3863/3863 3868/3868/3868 3870/3870/3870
f 3870/3870/3870 3865/3865/3865 3863/3863/3863
f 3868/3868/3868 3869/3869/3869 3871/3871/3871
f 3871/3871/3871 3870/3870/3870 3868/3868/3868
f 3869/3869/3869 3828/3828/3828 3871/3871/3871
f 3828/3828/3828 3826/3826/3826 3871/3871/3871
f 3866/3866/3866 3865/3865/3865 3872/3872/3872
f 3872/3872/3872 3867/3867/3867 3866/3866/3866
f 3859/3859/3859 3867/3867/3867 3873/3873/3873
f 3873/3873/3873 3860/3860/3860 3859/3859/3859
f 3865/3865/3865 3870/3870/3870 3874/3874/3874
f 3874/3874/3874 3872/3872/3872 3865/3865/3865
f 3870/3870/3870 3871/3871/3871 3875/3875/3875
f 3875/3875/3875 3874/3874/3874 3870/3870/3870
f 3871/3871/3871 3826/3826/3826 3876/3876/3876
f 3876/3876/3876 3875/3875/3875 3871/3871/3871
f 3826/3826/3826 3825/3825/3825 3876/3876/3876
f 3877/3877/3877 3876/3876/3876 3825/3825/3825
f 3876/3876/3876 3877/3877/3877 3875/3875/3875
f 3825/3825/3825 3819/3819/3819 3877/3877/3877
f 3878/3878/3878 3875/3875/3875 3877/3877/3877
f 3878/3878/3878 3877/3877/3877 3819/3819/3819
f 3875/3875/3875 3878/3878/3878 3874/3874/3874
f 3819/3819/3819 3823/3823/3823 3878/3878/3878
f 3879/3879/3879 3874/3874/3874 3878/3878/3878
f 3879/3879/3879 3878/3878/3878 3823/3823/3823
f 3874/3874/3874 3879/3879/3879 3872/3872/3872
f 3823/3823/3823 3880/3880/3880 3879/3879/3879
f 3880/3880/3880 3823/3823/3823 3824/3824/3824
f 3881/3881/3881 3872/3872/3872 3879/3879/3879
f 3881/3881/3881 3879/3879/3879 3880/3880/3880
f 3881/3881/3881 3882/3882/3882 3872/3872/3872
f 3881/3881/3881 3880/3880/3880 3882/3882/3882
f 3867/3867/3867 3872/3872/3872 3882/3882/3882
f 3882/3882/3882 3873/3873/3873 3867/3867/3867
f 3880/3880/3880 3824/3824/3824 3883/3883/3883
f 3883/3883/3883 3882/3882/3882 3880/3880/3880
f 3882/3882/3882 3883/3883/3883 3873/3873/3873
f 3884/3884/3884 3883/3883/3883 3824/3824/3824
f 3885/3885/3885 3873/3873/3873 3883/3883/3883
f 3883/3883/3883 3884/3884/3884 3885/3885/3885
f 3886/3886/3886 3885/3885/3885 3884/3884/3884
f 3873/3873/3873 3885/3885/3885 3860/3860/3860
f 3886/3886/3886 3846/3846/3846 3885/3885/3885
f 3887/3887/3887 3860/3860/3860 3885/3885/3885
f 3887/3887/3887 3885/3885/3885 3846/3846/3846
f 3887/3887/3887 3844/3844/3844 3860/3860/3860
f 3887/3887/3887 3846/3846/3846 3844/3844/3844
f 3890/3890/3890 3889/3889/3889 3888/3888/3888
f 3890/3890/3890 3888/3888/3888 3891/3891/3891
f 3892/3892/3892 3891/3891/3891 3888/3888/3888
f 3891/3891/3891 3892/3892/3892 3893/3893/3893
f 3893/3893/3893 3894/3894/3894 3889/3889/3889
f 3894/3894/3894 3893/3893/3893 3892/3892/3892
f 3895/3895/3895 3889/3889/3889 3894/3894/3894
f 3895/3895/3895 3888/3888/3888 3889/3889/3889
f 3894/3894/3894 3892/3892/3892 3896/3896/3896
f 3894/3894/3894 3896/3896/3896 3895/3895/3895
f 3895/3895/3895 3897/3897/3897 3888/3888/3888
f 3897/3897/3897 3895/3895/3895 3896/3896/3896
f 3892/3892/3892 3888/3888/3888 3898/3898/3898
f 3898/3898/3898 3896/3896/3896 3892/3892/3892
f 3899/3899/3899 3888/3888/3888 3897/3897/3897
f 3899/3899/3899 3898/3898/3898 3888/3888/3888
f 3896/3896/3896 3900/3900/3900 3897/3897/3897
f 3898/3898/3898 3901/3901/3901 3896/3896/3896
f 3900/3900/3900 3896/3896/3896 3901/3901/3901
f 3899/3899/3899 3902/3902/3902 3898/3898/3898
f 3901/3901/3901 3898/3898/3898 3902/3902/3902
f 3899/3899/3899 3897/3897/3897 3903/3903/3903
f 3903/3903/3903 3897/3897/3897 3900/3900/3900
f 3902/3902/3902 3899/3899/3899 3903/3903/3903
f 3902/3902/3902 3904/3904/3904 3901/3901/3901
f 3902/3902/3902 3903/3903/3903 3905/3905/3905
f 3905/3905/3905 3904/3904/3904 3902/3902/3902
f 3906/3906/3906 3901/3901/3901 3904/3904/3904
f 3901/3901/3901 3906/3906/3906 3900/3900/3900
f 3903/3903/3903 3900/3900/3900 3907/3907/3907
f 3907/3907/3907 3905/3905/3905 3903/3903/3903
f 3904/3904/3904 3905/3905/3905 3908/3908/3908
f 3906/3906/3906 3904/3904/3904 3908/3908/3908
f 3909/3909/3909 3907/3907/3907 3900/3900/3900
f 3909/3909/3909 3900/3900/3900 3906/3906/3906
f 3910/3910/3910 3905/3905/3905 3907/3907/3907
f 3910/3910/3910 3908/3908/3908 3905/3905/3905
f 3910/3910/3910 3907/3907/3907 3909/3909/3909
f 3906/3906/3906 3908/3908/3908 3911/3911/3911
f 3909/3909/3909 3906/3906/3906 3912/3912/3912
f 3911/3911/3911 3912/3912/3912 3906/3906/3906
f 3912/3912/3912 3913/3913/3913 3909/3909/3909
f 3910/3910/3910 3909/3909/3909 3913/3913/3913
f 3912/3912/3912 3911/3911/3911 3913/3913/3913
f 3908/3908/3908 3910/3910/3910 3914/3914/3914
f 3913/3913/3913 3914/3914/3914 3910/3910/3910
f 3914/3914/3914 3913/3913/3913 3911/3911/3911
f 3914/3914/3914 3911/3911/3911 3908/3908/3908
f 3917/3917/3917 3916/3916/3916 3915/3915/3915
f 3916/3916/3916 3917/3917/3917 3918/3918/3918
f 3919/3919/3919 3917/3917/3917 3915/3915/3915
f 3920/3920/3920 3918/3918/3918 3917/3917/3917
f 3915/3915/3915 3921/3921/3921 3919/3919/3919
f 3922/3922/3922 3919/3919/3919 3921/3921/3921
f 3920/3920/3920 3923/3923/3923 3918/3918/3918
f 3924/3924/3924 3918/3918/3918 3923/3923/3923
f 3924/3924/3924 3923/3923/3923 3925/3925/3925
f 3923/3923/3923 3926/3926/3926 3925/3925/3925
f 3925/3925/3925 3926/3926/3926 3927/3927/3927
f 3928/3928/3928 3927/3927/3927 3926/3926/3926
f 3921/3921/3921 3929/3929/3929 3922/3922/3922
f 3927/3927/3927 3928/3928/3928 3929/3929/3929
f 3930/3930/3930 3922/3922/3922 3929/3929/3929
f 3930/3930/3930 3929/3929/3929 3928/3928/3928
f 3933/3933/3933 3932/3932/3932 3931/3931/3931
f 3931/3931/3931 3932/3932/3932 3934/3934/3934
f 3935/3935/3935 3932/3932/3932 3933/3933/3933
f 3934/3934/3934 3932/3932/3932 3936/3936/3936
f 3937/3937/3937 3932/3932/3932 3935/3935/3935
f 3936/3936/3936 3932/3932/3932 3938/3938/3938
f 3939/3939/3939 3932/3932/3932 3937/3937/3937
f 3938/3938/3938 3932/3932/3932 3939/3939/3939
f 3942/3942/3942 3941/3941/3941 3940/3940/3940
f 3942/3942/3942 3940/3940/3940 3943/3943/3943
f 3942/3942/3942 3944/3944/3944 3941/3941/3941
f 3942/3942/3942 3943/3943/3943 3945/3945/3945
f 3942/3942/3942 3946/3946/3946 3944/3944/3944
f 3942/3942/3942 3945/3945/3945 3947/3947/3947
f 3942/3942/3942 3948/3948/3948 3946/3946/3946
f 3942/3942/3942 3947/3947/3947 3948/3948/3948
f 3951/3951/3951 3950/3950/3950 3949/3949/3949
f 3949/3949/3949 3950/3950/3950 3952/3952/3952
f 3953/3953/3953 3950/3950/3950 3951/3951/3951
f 3952/3952/3952 3950/3950/3950 3954/3954/3954
f 3955/3955/3955 3950/3950/3950 3953/3953/3953
f 3954/3954/3954 3950/3950/3950 3956/3956/3956
f 3957/3957/3957 3950/3950/3950 3955/3955/3955
f 3956/3956/3956 3950/3950/3950 3958/3958/3958
f 3959/3959/3959 3950/3950/3950 3957/3957/3957
f 3958/3958/3958 3950/3950/3950 3960/3960/3960
f 3961/3961/3961 3950/3950/3950 3959/3959/3959
f 3960/3960/3960 3950/3950/3950 3961/3961/3961
f 3964/3964/3964 3963/3963/3963 3962/3962/3962
f 3964/3964/3964 3965/3965/3965 3963/3963/3963
f 3966/3966/3966 3962/3962/3962 3963/3963/3963
f 3962/3962/3962 3966/3966/3966 3967/3967/3967
f 3968/3968/3968 3963/3963/3963 3965/3965/3965
f 3965/3965/3965 3969/3969/3969 3968/3968/3968
f 3970/3970/3970 3966/3966/3966 3963/3963/3963
f 3970/3970/3970 3963/3963/3963 3968/3968/3968
f 3970/3970/3970 3971/3971/3971 3966/3966/3966
f 3971/3971/3971 3967/3967/3967 3966/3966/3966
f 3970/3970/3970 3968/3968/3968 3972/3972/3972
f 3972/3972/3972 3968/3968/3968 3969/3969/3969
f 3970/3970/3970 3973/3973/3973 3971/3971/3971
f 3971/3971/3971 3973/3973/3973 3967/3967/3967
f 3974/3974/3974 3967/3967/3967 3973/3973/3973
f 3972/3972/3972 3969/3969/3969 3975/3975/3975
f 3970/3970/3970 3972/3972/3972 3975/3975/3975
f 3976/3976/3976 3975/3975/3975 3969/3969/3969
f 3976/3976/3976 3977/3977/3977 3975/3975/3975
f 3973/3973/3973 3978/3978/3978 3974/3974/3974
f 3970/3970/3970 3978/3978/3978 3973/3973/3973
f 3979/3979/3979 3974/3974/3974 3978/3978/3978
f 3979/3979/3979 3978/3978/3978 3980/3980/3980
f 3981/3981/3981 3975/3975/3975 3977/3977/3977
f 3970/3970/3970 3975/3975/3975 3981/3981/3981
f 3977/3977/3977 3982/3982/3982 3981/3981/3981
f 3983/3983/3983 3981/3981/3981 3982/3982/3982
f 3970/3970/3970 3981/3981/3981 3983/3983/3983
f 3982/3982/3982 3984/3984/3984 3983/3983/3983
f 3985/3985/3985 3983/3983/3983 3984/3984/3984
f 3984/3984/3984 3980/3980/3980 3985/3985/3985
f 3970/3970/3970 3983/3983/3983 3985/3985/3985
f 3986/3986/3986 3980/3980/3980 3978/3978/3978
f 3986/3986/3986 3985/3985/3985 3980/3980/3980
f 3970/3970/3970 3986/3986/3986 3978/3978/3978
f 3970/3970/3970 3985/3985/3985 3986/3986/3986
f 3989/3989/3989 3988/3988/3988 3987/3987/3987
f 3990/3990/3990 3987/3987/3987 3988/3988/3988
f 3988/3988/3988 3989/3989/3989 3991/3991/3991
f 3987/3987/3987 3990/3990/3990 3992/3992/3992
f 3993/3993/3993 3991/3991/3991 3989/3989/3989
f 3994/3994/3994 3992/3992/3992 3990/3990/3990
f 3991/3991/3991 3993/3993/3993 3995/3995/3995
f 3992/3992/3992 3994/3994/3994 3996/3996/3996
f 3997/3997/3997 3995/3995/3995 3993/3993/3993
f 3998/3998/3998 3996/3996/3996 3994/3994/3994
f 3995/3995/3995 3997/3997/3997 3999/3999/3999
f 3996/3996/3996 3998/3998/3998 4000/4000/4000
f 4001/4001/4001 3999/3999/3999 3997/3997/3997
f 4002/4002/4002 4000/4000/4000 3998/3998/3998
f 3999/3999/3999 4001/4001/4001 4002/4002/4002
f 4000/4000/4000 4002/4002/4002 4001/4001/4001
f 4005/4005/4005 4004/4004/4004 4003/4003/4003
f 4006/4006/4006 4003/4003/4003 4004/4004/4004
f 4004/4004/4004 4005/4005/4005 4007/4007/4007
f 4003/4003/4003 4006/4006/4006 4008/4008/4008
f 4009/4009/4009 4007/4007/4007 4005/4005/4005
f 4010/4010/4010 4008/4008/4008 4006/4006/4006
f 4007/4007/4007 4009/4009/4009 4011/4011/4011
f 4008/4008/4008 4010/4010/4010 4012/4012/4012
f 4013/4013/4013 4011/4011/4011 4009/4009/4009
f 4014/4014/4014 4012/4012/4012 4010/4010/4010
f 4011/4011/4011 4013/4013/4013 4015/4015/4015
f 4012/4012/4012 4014/4014/4014 4016/4016/4016
f 4017/4017/4017 4015/4015/4015 4013/4013/4013
f 4018/4018/4018 4016/4016/4016 4014/4014/4014
f 4015/4015/4015 4017/4017/4017 4018/4018/4018
f 4016/4016/4016 4018/4018/4018 4017/4017/4017
f 4021/4021/4021 4020/4020/4020 4019/4019/4019
f 4022/4022/4022 4019/4019/4019 4020/4020/4020
f 4019/4019/4019 4023/4023/4023 4021/4021/4021
f 4020/4020/4020 4024/4024/4024 4022/4022/4022
f 4025/4025/4025 4021/4021/4021 4023/4023/4023
f 4026/4026/4026 4022/4022/4022 4024/4024/4024
f 4023/4023/4023 4027/4027/4027 4025/4025/4025
f 4024/4024/4024 4028/4028/4028 4026/4026/4026
f 4029/4029/4029 4025/4025/4025 4027/4027/4027
f 4030/4030/4030 4026/4026/4026 4028/4028/4028
f 4027/4027/4027 4031/4031/4031 4029/4029/4029
f 4028/4028/4028 4032/4032/4032 4030/4030/4030
f 4033/4033/4033 4029/4029/4029 4031/4031/4031
f 4034/4034/4034 4030/4030/4030 4032/4032/4032
f 4031/4031/4031 4034/4034/4034 4033/4033/4033
f 4032/4032/4032 4033/4033/4033 4034/4034/4034
f 4037/4037/4037 4036/4036/4036 4035/4035/4035
f 4038/4038/4038 4035/4035/4035 4036/4036/4036
f 4035/4035/4035 4039/4039/4039 4037/4037/4037
f 4036/4036/4036 4040/4040/4040 4038/4038/4038
f 4041/4041/4041 4037/4037/4037 4039/4039/4039
f 4042/4042/4042 4038/4038/4038 4040/4040/4040
f 4039/4039/4039 4043/4043/4043 4041/4041/4041
f 4040/4040/4040 4044/4044/4044 4042/4042/4042
f 4045/4045/4045 4041/4041/4041 4043/4043/4043
f 4046/4046/4046 4042/4042/4042 4044/4044/4044
f 4043/4043/4043 4047/4047/4047 4045/4045/4045
f 4044/4044/4044 4048/4048/4048 4046/4046/4046
f 4049/4049/4049 4045/4045/4045 4047/4047/4047
f 4050/4050/4050 4046/4046/4046 4048/4048/4048
f 4047/4047/4047 4050/4050/4050 4049/4049/4049
f 4048/4048/4048 4049/4049/4049 4050/4050/4050
f 4053/4053/4053 4052/4052/4052 4051/4051/4051
f 4051/4051/4051 4054/4054/4054 4053/4053/4053
f 4053/4053/4053 4054/4054/4054 4052/4052/4052
f 4055/4055/4055 4054/4054/4054 4051/4051/4051
f 4054/4054/4054 4055/4055/4055 4052/4052/4052
f 4056/4056/4056 4051/4051/4051 4052/4052/4052
f 4056/4056/4056 4055/4055/4055 4051/4051/4051
f 4052/4052/4052 4057/4057/4057 4056/4056/4056
f 4052/4052/4052 4055/4055/4055 4057/4057/4057
f 4058/4058/4058 4056/4056/4056 4057/4057/4057
f 4058/4058/4058 4055/4055/4055 4056/4056/4056
f 4055/4055/4055 4059/4059/4059 4057/4057/4057
f 4057/4057/4057 4059/4059/4059 4058/4058/4058
f 4059/4059/4059 4055/4055/4055 4058/4058/4058
f 4062/4062/4062 4061/4061/4061 4060/4060/4060
f 4063/4063/4063 4060/4060/4060 4061/4061/4061
f 4060/4060/4060 4063/4063/4063 4064/4064/4064
f 4061/4061/4061 4062/4062/4062 4065/4065/4065
f 4066/4066/4066 4065/4065/4065 4062/4062/4062
f 4067/4067/4067 4064/4064/4064 4063/4063/4063
f 4064/4064/4064 4067/4067/4067 4068/4068/4068
f 4065/4065/4065 4066/4066/4066 4069/4069/4069
f 4070/4070/4070 4069/4069/4069 4066/4066/4066
f 4071/4071/4071 4068/4068/4068 4067/4067/4067
f 4068/4068/4068 4071/4071/4071 4072/4072/4072
f 4069/4069/4069 4070/4070/4070 4073/4073/4073
f 4074/4074/4074 4073/4073/4073 4070/4070/4070
f 4072/4072/4072 4075/4075/4075 4074/4074/4074
f 4075/4075/4075 4072/4072/4072 4071/4071/4071
f 4073/4073/4073 4074/4074/4074 4075/4075/4075
f 4061/4061/4061 4076/4076/4076 4063/4063/4063
f 4065/4065/4065 4077/4077/4077 4061/4061/4061
f 4076/4076/4076 4061/4061/4061 4077/4077/4077
f 4063/4063/4063 4078/4078/4078 4067/4067/4067
f 4078/4078/4078 4063/4063/4063 4076/4076/4076
f 4069/4069/4069 4079/4079/4079 4065/4065/4065
f 4077/4077/4077 4065/4065/4065 4079/4079/4079
f 4067/4067/4067 4080/4080/4080 4071/4071/4071
f 4080/4080/4080 4067/4067/4067 4078/4078/4078
f 4071/4071/4071 4081/4081/4081 4075/4075/4075
f 4081/4081/4081 4071/4071/4071 4080/4080/4080
f 4073/4073/4073 4082/4082/4082 4069/4069/4069
f 4079/4079/4079 4069/4069/4069 4082/4082/4082
f 4075/4075/4075 4083/4083/4083 4073/4073/4073
f 4083/4083/4083 4075/4075/4075 4081/4081/4081
f 4082/4082/4082 4073/4073/4073 4083/4083/4083
f 4076/4076/4076 4084/4084/4084 4078/4078/4078
f 4077/4077/4077 4085/4085/4085 4076/4076/4076
f 4084/4084/4084 4076/4076/4076 4085/4085/4085
f 4078/4078/4078 4086/4086/4086 4080/4080/4080
f 4086/4086/4086 4078/4078/4078 4084/4084/4084
f 4087/4087/4087 4080/4080/4080 4086/4086/4086
f 4084/4084/4084 4087/4087/4087 4086/4086/4086
f 4080/4080/4080 4087/4087/4087 4081/4081/4081
f 4085/4085/4085 4087/4087/4087 4084/4084/4084
f 4088/4088/4088 4081/4081/4081 4087/4087/4087
f 4081/4081/4081 4088/4088/4088 4083/4083/4083
f 4088/4088/4088 4087/4087/4087 4085/4085/4085
f 4085/4085/4085 4077/4077/4077 4089/4089/4089
f 4079/4079/4079 4089/4089/4089 4077/4077/4077
f 4089/4089/4089 4088/4088/4088 4085/4085/4085
f 4090/4090/4090 4083/4083/4083 4088/4088/4088
f 4083/4083/4083 4090/4090/4090 4082/4082/4082
f 4090/4090/4090 4088/4088/4088 4089/4089/4089
f 4082/4082/4082 4091/4091/4091 4079/4079/4079
f 4089/4089/4089 4079/4079/4079 4091/4091/4091
f 4091/4091/4091 4082/4082/4082 4090/4090/4090
f 4091/4091/4091 4090/4090/4090 4089/4089/4089
f 4094/4094/4094 4093/4093/4093 4092/4092/4092
f 4095/4095/4095 4094/4094/4094 4092/4092/4092
f 4095/4095/4095 4093/4093/4093 4094/4094/4094
f 4095/4095/4095 4096/4096/4096 4093/4093/4093
f 4096/4096/4096 4095/4095/4095 4092/4092/4092
f 4097/4097/4097 4092/4092/4092 4093/4093/4093
f 4096/4096/4096 4097/4097/4097 4093/4093/4093
f 4092/4092/4092 4097/4097/4097 4098/4098/4098
f 4096/4096/4096 4092/4092/4092 4098/4098/4098
f 4099/4099/4099 4098/4098/4098 4097/4097/4097
f 4096/4096/4096 4099/4099/4099 4097/4097/4097
f 4100/4100/4100 4096/4096/4096 4098/4098/4098
f 4100/4100/4100 4098/4098/4098 4099/4099/4099
f 4096/4096/4096 4100/4100/4100 4099/4099/4099
f 4103/4103/4103 4102/4102/4102 4101/4101/4101
f 4104/4104/4104 4101/4101/4101 4102/4102/4102
f 4101/4101/4101 4105/4105/4105 4103/4103/4103
f 4102/4102/4102 4106/4106/4106 4104/4104/4104
f 4107/4107/4107 4104/4104/4104 4106/4106/4106
f 4108/4108/4108 4103/4103/4103 4105/4105/4105
f 4105/4105/4105 4109/4109/4109 4108/4108/4108
f 4106/4106/4106 4110/4110/4110 4107/4107/4107
f 4111/4111/4111 4107/4107/4107 4110/4110/4110
f 4112/4112/4112 4108/4108/4108 4109/4109/4109
f 4109/4109/4109 4113/4113/4113 4112/4112/4112
f 4110/4110/4110 4114/4114/4114 4111/4111/4111
f 4115/4115/4115 4111/4111/4111 4114/4114/4114
f 4113/4113/4113 4115/4115/4115 4116/4116/4116
f 4116/4116/4116 4112/4112/4112 4113/4113/4113
f 4114/4114/4114 4116/4116/4116 4115/4115/4115
f 4102/4102/4102 4103/4103/4103 4117/4117/4117
f 4106/4106/4106 4102/4102/4102 4118/4118/4118
f 4117/4117/4117 4118/4118/4118 4102/4102/4102
f 4103/4103/4103 4108/4108/4108 4119/4119/4119
f 4119/4119/4119 4117/4117/4117 4103/4103/4103
f 4110/4110/4110 4106/4106/4106 4120/4120/4120
f 4118/4118/4118 4120/4120/4120 4106/4106/4106
f 4108/4108/4108 4112/4112/4112 4121/4121/4121
f 4121/4121/4121 4119/4119/4119 4108/4108/4108
f 4112/4112/4112 4116/4116/4116 4122/4122/4122
f 4122/4122/4122 4121/4121/4121 4112/4112/4112
f 4114/4114/4114 4110/4110/4110 4123/4123/4123
f 4120/4120/4120 4123/4123/4123 4110/4110/4110
f 4116/4116/4116 4114/4114/4114 4124/4124/4124
f 4124/4124/4124 4122/4122/4122 4116/4116/4116
f 4123/4123/4123 4124/4124/4124 4114/4114/4114
f 4117/4117/4117 4119/4119/4119 4125/4125/4125
f 4118/4118/4118 4117/4117/4117 4126/4126/4126
f 4125/4125/4125 4126/4126/4126 4117/4117/4117
f 4127/4127/4127 4125/4125/4125 4119/4119/4119
f 4119/4119/4119 4121/4121/4121 4127/4127/4127
f 4127/4127/4127 4126/4126/4126 4125/4125/4125
f 4120/4120/4120 4118/4118/4118 4128/4128/4128
f 4126/4126/4126 4128/4128/4128 4118/4118/4118
f 4128/4128/4128 4129/4129/4129 4120/4120/4120
f 4123/4123/4123 4120/4120/4120 4129/4129/4129
f 4128/4128/4128 4126/4126/4126 4129/4129/4129
f 4121/4121/4121 4122/4122/4122 4130/4130/4130
f 4130/4130/4130 4127/4127/4127 4121/4121/4121
f 4131/4131/4131 4126/4126/4126 4127/4127/4127
f 4130/4130/4130 4131/4131/4131 4127/4127/4127
f 4131/4131/4131 4130/4130/4130 4122/4122/4122
f 4122/4122/4122 4124/4124/4124 4131/4131/4131
f 4129/4129/4129 4126/4126/4126 4131/4131/4131
f 4129/4129/4129 4132/4132/4132 4123/4123/4123
f 4124/4124/4124 4123/4123/4123 4132/4132/4132
f 4132/4132/4132 4131/4131/4131 4124/4124/4124
f 4132/4132/4132 4129/4129/4129 4131/4131/4131
f 4135/4135/4135 4134/4134/4134 4133/4133/4133
f 4136/4136/4136 4133/4133/4133 4134/4134/4134
f 4134/4134/4134 4135/4135/4135 4137/4137/4137
f 4133/4133/4133 4136/4136/4136 4138/4138/4138
f 4139/4139/4139 4138/4138/4138 4136/4136/4136
f 4137/4137/4137 4140/4140/4140 4139/4139/4139
f 4140/4140/4140 4137/4137/4137 4135/4135/4135
f 4138/4138/4138 4139/4139/4139 4140/4140/4140
f 4133/4133/4133 4138/4138/4138 4141/4141/4141
f 4135/4135/4135 4133/4133/4133 4142/4142/4142
f 4133/4133/4133 4141/4141/4141 4142/4142/4142
f 4140/4140/4140 4135/4135/4135 4143/4143/4143
f 4142/4142/4142 4143/4143/4143 4135/4135/4135
f 4138/4138/4138 4140/4140/4140 4144/4144/4144
f 4144/4144/4144 4141/4141/4141 4138/4138/4138
f 4143/4143/4143 4144/4144/4144 4140/4140/4140
f 4142/4142/4142 4145/4145/4145 4143/4143/4143
f 4145/4145/4145 4142/4142/4142 4141/4141/4141
f 4143/4143/4143 4146/4146/4146 4144/4144/4144
f 4146/4146/4146 4143/4143/4143 4145/4145/4145
f 4144/4144/4144 4147/4147/4147 4141/4141/4141
f 4147/4147/4147 4144/4144/4144 4146/4146/4146
f 4148/4148/4148 4145/4145/4145 4141/4141/4141
f 4148/4148/4148 4141/4141/4141 4147/4147/4147
f 4145/4145/4145 4149/4149/4149 4146/4146/4146
f 4146/4146/4146 4150/4150/4150 4147/4147/4147
f 4150/4150/4150 4146/4146/4146 4149/4149/4149
f 4151/4151/4151 4147/4147/4147 4150/4150/4150
f 4147/4147/4147 4151/4151/4151 4148/4148/4148
f 4150/4150/4150 4149/4149/4149 4151/4151/4151
f 4149/4149/4149 4145/4145/4145 4152/4152/4152
f 4148/4148/4148 4152/4152/4152 4145/4145/4145
f 4152/4152/4152 4151/4151/4151 4149/4149/4149
f 4152/4152/4152 4148/4148/4148 4151/4151/4151
f 4155/4155/4155 4154/4154/4154 4153/4153/4153
f 4155/4155/4155 4153/4153/4153 4156/4156/4156
f 4155/4155/4155 4157/4157/4157 4154/4154/4154
f 4155/4155/4155 4156/4156/4156 4157/4157/4157
f 4158/4158/4158 4154/4154/4154 4157/4157/4157
f 4158/4158/4158 4153/4153/4153 4154/4154/4154
f 4157/4157/4157 4159/4159/4159 4158/4158/4158
f 4159/4159/4159 4157/4157/4157 4156/4156/4156
f 4158/4158/4158 4160/4160/4160 4153/4153/4153
f 4160/4160/4160 4158/4158/4158 4159/4159/4159
f 4159/4159/4159 4156/4156/4156 4161/4161/4161
f 4159/4159/4159 4161/4161/4161 4160/4160/4160
f 4162/4162/4162 4153/4153/4153 4160/4160/4160
f 4162/4162/4162 4156/4156/4156 4153/4153/4153
f 4160/4160/4160 4163/4163/4163 4162/4162/4162
f 4163/4163/4163 4160/4160/4160 4161/4161/4161
f 4162/4162/4162 4164/4164/4164 4156/4156/4156
f 4164/4164/4164 4162/4162/4162 4163/4163/4163
f 4165/4165/4165 4161/4161/4161 4156/4156/4156
f 4165/4165/4165 4156/4156/4156 4164/4164/4164
f 4163/4163/4163 4161/4161/4161 4166/4166/4166
f 4163/4163/4163 4166/4166/4166 4164/4164/4164
f 4165/4165/4165 4166/4166/4166 4161/4161/4161
f 4164/4164/4164 4166/4166/4166 4165/4165/4165
f 4169/4169/4169 4168/4168/4168 4167/4167/4167
f 4169/4169/4169 4167/4167/4167 4170/4170/4170
f 4169/4169/4169 4171/4171/4171 4168/4168/4168
f 4170/4170/4170 4171/4171/4171 4169/4169/4169
f 4172/4172/4172 4171/4171/4171 4170/4170/4170
f 4172/4172/4172 4168/4168/4168 4171/4171/4171
f 4170/4170/4170 4173/4173/4173 4172/4172/4172
f 4173/4173/4173 4170/4170/4170 4167/4167/4167
f 4172/4172/4172 4174/4174/4174 4168/4168/4168
f 4174/4174/4174 4172/4172/4172 4173/4173/4173
f 4175/4175/4175 4167/4167/4167 4168/4168/4168
f 4175/4175/4175 4168/4168/4168 4174/4174/4174
f 4173/4173/4173 4176/4176/4176 4174/4174/4174
f 4173/4173/4173 4167/4167/4167 4176/4176/4176
f 4174/4174/4174 4177/4177/4177 4175/4175/4175
f 4177/4177/4177 4174/4174/4174 4176/4176/4176
f 4175/4175/4175 4178/4178/4178 4167/4167/4167
f 4178/4178/4178 4175/4175/4175 4177/4177/4177
f 4179/4179/4179 4176/4176/4176 4167/4167/4167
f 4179/4179/4179 4167/4167/4167 4178/4178/4178
f 4177/4177/4177 4180/4180/4180 4178/4178/4178
f 4177/4177/4177 4176/4176/4176 4180/4180/4180
f 4178/4178/4178 4180/4180/4180 4179/4179/4179
f 4179/4179/4179 4180/4180/4180 4176/4176/4176
g Kayoko_Original_Body_1
f 4183/4183/4183 4182/4182/4182 4181/4181/4181
f 4186/4186/4186 4185/4185/4185 4184/4184/4184
f 4184/4184/4184 4185/4185/4185 4187/4187/4187
f 4188/4188/4188 4187/4187/4187 4185/4185/4185
f 4187/4187/4187 4188/4188/4188 4189/4189/4189
f 4190/4190/4190 4189/4189/4189 4188/4188/4188
f 4189/4189/4189 4190/4190/4190 4191/4191/4191
f 4192/4192/4192 4191/4191/4191 4190/4190/4190
f 4192/4192/4192 4193/4193/4193 4191/4191/4191
f 4194/4194/4194 4191/4191/4191 4193/4193/4193
f 4197/4197/4197 4196/4196/4196 4195/4195/4195
f 4197/4197/4197 4198/4198/4198 4196/4196/4196
f 4199/4199/4199 4196/4196/4196 4198/4198/4198
f 4198/4198/4198 4200/4200/4200 4199/4199/4199
f 4203/4203/4203 4202/4202/4202 4201/4201/4201
f 4202/4202/4202 4203/4203/4203 4204/4204/4204
f 4205/4205/4205 4204/4204/4204 4203/4203/4203
f 4206/4206/4206 4204/4204/4204 4205/4205/4205
f 4209/4209/4209 4208/4208/4208 4207/4207/4207
f 4208/4208/4208 4210/4210/4210 4207/4207/4207
f 4208/4208/4208 4211/4211/4211 4210/4210/4210
f 4212/4212/4212 4211/4211/4211 4208/4208/4208
f 4208/4208/4208 4213/4213/4213 4212/4212/4212
f 4208/4208/4208 4214/4214/4214 4213/4213/4213
f 4215/4215/4215 4213/4213/4213 4214/4214/4214
f 4213/4213/4213 4215/4215/4215 4212/4212/4212
f 4216/4216/4216 4212/4212/4212 4215/4215/4215
f 4211/4211/4211 4212/4212/4212 4216/4216/4216
f 4217/4217/4217 4211/4211/4211 4216/4216/4216
f 4217/4217/4217 4218/4218/4218 4211/4211/4211
f 4219/4219/4219 4211/4211/4211 4218/4218/4218
f 4218/4218/4218 4220/4220/4220 4219/4219/4219
f 4221/4221/4221 4219/4219/4219 4220/4220/4220
f 4222/4222/4222 4221/4221/4221 4220/4220/4220
f 4219/4219/4219 4223/4223/4223 4211/4211/4211
f 4211/4211/4211 4224/4224/4224 4210/4210/4210
f 4224/4224/4224 4211/4211/4211 4223/4223/4223
f 4221/4221/4221 4225/4225/4225 4219/4219/4219
f 4223/4223/4223 4219/4219/4219 4225/4225/4225
f 4222/4222/4222 4226/4226/4226 4221/4221/4221
f 4225/4225/4225 4221/4221/4221 4227/4227/4227
f 4226/4226/4226 4227/4227/4227 4221/4221/4221
f 4225/4225/4225 4228/4228/4228 4223/4223/4223
f 4225/4225/4225 4227/4227/4227 4228/4228/4228
f 4226/4226/4226 4222/4222/4222 4229/4229/4229
f 4230/4230/4230 4229/4229/4229 4222/4222/4222
f 4223/4223/4223 4231/4231/4231 4224/4224/4224
f 4231/4231/4231 4223/4223/4223 4228/4228/4228
f 4227/4227/4227 4226/4226/4226 4232/4232/4232
f 4229/4229/4229 4232/4232/4232 4226/4226/4226
f 4233/4233/4233 4229/4229/4229 4230/4230/4230
f 4234/4234/4234 4233/4233/4233 4230/4230/4230
f 4233/4233/4233 4235/4235/4235 4229/4229/4229
f 4232/4232/4232 4229/4229/4229 4235/4235/4235
f 4234/4234/4234 4236/4236/4236 4233/4233/4233
f 4235/4235/4235 4233/4233/4233 4236/4236/4236
f 4237/4237/4237 4236/4236/4236 4234/4234/4234
f 4238/4238/4238 4236/4236/4236 4237/4237/4237
f 4239/4239/4239 4238/4238/4238 4237/4237/4237
f 4240/4240/4240 4235/4235/4235 4236/4236/4236
f 4236/4236/4236 4238/4238/4238 4240/4240/4240
f 4235/4235/4235 4241/4241/4241 4232/4232/4232
f 4240/4240/4240 4241/4241/4241 4235/4235/4235
f 4232/4232/4232 4242/4242/4242 4227/4227/4227
f 4241/4241/4241 4242/4242/4242 4232/4232/4232
f 4239/4239/4239 4243/4243/4243 4238/4238/4238
f 4244/4244/4244 4243/4243/4243 4239/4239/4239
f 4244/4244/4244 4245/4245/4245 4243/4243/4243
f 4246/4246/4246 4240/4240/4240 4238/4238/4238
f 4238/4238/4238 4243/4243/4243 4246/4246/4246
f 4247/4247/4247 4243/4243/4243 4245/4245/4245
f 4245/4245/4245 4248/4248/4248 4247/4247/4247
f 4248/4248/4248 4249/4249/4249 4247/4247/4247
f 4250/4250/4250 4246/4246/4246 4243/4243/4243
f 4247/4247/4247 4250/4250/4250 4243/4243/4243
f 4249/4249/4249 4251/4251/4251 4247/4247/4247
f 4251/4251/4251 4250/4250/4250 4247/4247/4247
f 4249/4249/4249 4252/4252/4252 4251/4251/4251
f 4253/4253/4253 4251/4251/4251 4252/4252/4252
f 4251/4251/4251 4253/4253/4253 4250/4250/4250
f 4253/4253/4253 4252/4252/4252 4254/4254/4254
f 4246/4246/4246 4250/4250/4250 4255/4255/4255
f 4253/4253/4253 4255/4255/4255 4250/4250/4250
f 4254/4254/4254 4255/4255/4255 4253/4253/4253
f 4246/4246/4246 4255/4255/4255 4240/4240/4240
f 4256/4256/4256 4255/4255/4255 4254/4254/4254
f 4257/4257/4257 4240/4240/4240 4255/4255/4255
f 4256/4256/4256 4257/4257/4257 4255/4255/4255
f 4256/4256/4256 4258/4258/4258 4257/4257/4257
f 4258/4258/4258 4259/4259/4259 4257/4257/4257
f 4257/4257/4257 4241/4241/4241 4240/4240/4240
f 4241/4241/4241 4257/4257/4257 4259/4259/4259
f 4259/4259/4259 4260/4260/4260 4241/4241/4241
f 4242/4242/4242 4241/4241/4241 4260/4260/4260
f 4261/4261/4261 4242/4242/4242 4260/4260/4260
f 4260/4260/4260 4262/4262/4262 4261/4261/4261
f 4262/4262/4262 4263/4263/4263 4261/4261/4261
f 4261/4261/4261 4264/4264/4264 4242/4242/4242
f 4264/4264/4264 4227/4227/4227 4242/4242/4242
f 4264/4264/4264 4228/4228/4228 4227/4227/4227
f 4261/4261/4261 4265/4265/4265 4264/4264/4264
f 4228/4228/4228 4264/4264/4264 4265/4265/4265
f 4265/4265/4265 4261/4261/4261 4263/4263/4263
f 4228/4228/4228 4265/4265/4265 4231/4231/4231
f 4265/4265/4265 4263/4263/4263 4266/4266/4266
f 4266/4266/4266 4231/4231/4231 4265/4265/4265
f 4267/4267/4267 4266/4266/4266 4263/4263/4263
f 4231/4231/4231 4266/4266/4266 4268/4268/4268
f 4268/4268/4268 4224/4224/4224 4231/4231/4231
f 4266/4266/4266 4267/4267/4267 4269/4269/4269
f 4269/4269/4269 4268/4268/4268 4266/4266/4266
f 4270/4270/4270 4269/4269/4269 4267/4267/4267
f 4270/4270/4270 4271/4271/4271 4269/4269/4269
f 4224/4224/4224 4268/4268/4268 4272/4272/4272
f 4210/4210/4210 4224/4224/4224 4272/4272/4272
f 4268/4268/4268 4269/4269/4269 4273/4273/4273
f 4273/4273/4273 4272/4272/4272 4268/4268/4268
f 4274/4274/4274 4269/4269/4269 4271/4271/4271
f 4274/4274/4274 4273/4273/4273 4269/4269/4269
f 4271/4271/4271 4275/4275/4275 4274/4274/4274
f 4272/4272/4272 4276/4276/4276 4210/4210/4210
f 4276/4276/4276 4207/4207/4207 4210/4210/4210
f 4273/4273/4273 4277/4277/4277 4272/4272/4272
f 4273/4273/4273 4274/4274/4274 4277/4277/4277
f 4272/4272/4272 4277/4277/4277 4276/4276/4276
f 4278/4278/4278 4274/4274/4274 4275/4275/4275
f 4278/4278/4278 4277/4277/4277 4274/4274/4274
f 4279/4279/4279 4276/4276/4276 4277/4277/4277
f 4278/4278/4278 4279/4279/4279 4277/4277/4277
f 4278/4278/4278 4275/4275/4275 4280/4280/4280
f 4280/4280/4280 4279/4279/4279 4278/4278/4278
f 4281/4281/4281 4280/4280/4280 4275/4275/4275
f 4281/4281/4281 4282/4282/4282 4280/4280/4280
f 4283/4283/4283 4276/4276/4276 4279/4279/4279
f 4283/4283/4283 4207/4207/4207 4276/4276/4276
f 4280/4280/4280 4284/4284/4284 4279/4279/4279
f 4280/4280/4280 4282/4282/4282 4284/4284/4284
f 4283/4283/4283 4279/4279/4279 4284/4284/4284
f 4284/4284/4284 4282/4282/4282 4285/4285/4285
f 4284/4284/4284 4285/4285/4285 4283/4283/4283
f 4286/4286/4286 4285/4285/4285 4282/4282/4282
f 4286/4286/4286 4287/4287/4287 4285/4285/4285
f 4288/4288/4288 4207/4207/4207 4287/4287/4287
f 4283/4283/4283 4285/4285/4285 4289/4289/4289
f 4287/4287/4287 4289/4289/4289 4285/4285/4285
f 4287/4287/4287 4207/4207/4207 4289/4289/4289
f 4289/4289/4289 4207/4207/4207 4283/4283/4283
f 4292/4292/4292 4291/4291/4291 4290/4290/4290
f 4292/4292/4292 4293/4293/4293 4291/4291/4291
f 4294/4294/4294 4291/4291/4291 4293/4293/4293
f 4294/4294/4294 4293/4293/4293 4295/4295/4295
f 4293/4293/4293 4296/4296/4296 4295/4295/4295
f 4297/4297/4297 4295/4295/4295 4296/4296/4296
f 4297/4297/4297 4296/4296/4296 4298/4298/4298
f 4299/4299/4299 4297/4297/4297 4298/4298/4298
f 4299/4299/4299 4298/4298/4298 4300/4300/4300
f 4301/4301/4301 4300/4300/4300 4298/4298/4298
f 4299/4299/4299 4302/4302/4302 4297/4297/4297
f 4300/4300/4300 4302/4302/4302 4299/4299/4299
f 4297/4297/4297 4302/4302/4302 4303/4303/4303
f 4304/4304/4304 4297/4297/4297 4303/4303/4303
f 4305/4305/4305 4297/4297/4297 4304/4304/4304
f 4306/4306/4306 4302/4302/4302 4300/4300/4300
f 4306/4306/4306 4300/4300/4300 4307/4307/4307
f 4308/4308/4308 4307/4307/4307 4300/4300/4300
f 4300/4300/4300 4301/4301/4301 4308/4308/4308
f 4309/4309/4309 4308/4308/4308 4301/4301/4301
f 4310/4310/4310 4308/4308/4308 4309/4309/4309
f 4313/4313/4313 4312/4312/4312 4311/4311/4311
f 4314/4314/4314 4313/4313/4313 4311/4311/4311
f 4315/4315/4315 4313/4313/4313 4314/4314/4314
f 4315/4315/4315 4316/4316/4316 4313/4313/4313
f 4317/4317/4317 4313/4313/4313 4316/4316/4316
f 4318/4318/4318 4313/4313/4313 4317/4317/4317
f 4317/4317/4317 4319/4319/4319 4318/4318/4318
f 4317/4317/4317 4316/4316/4316 4319/4319/4319
f 4320/4320/4320 4319/4319/4319 4316/4316/4316
f 4316/4316/4316 4315/4315/4315 4320/4320/4320
f 4315/4315/4315 4321/4321/4321 4320/4320/4320
f 4321/4321/4321 4315/4315/4315 4322/4322/4322
f 4323/4323/4323 4322/4322/4322 4315/4315/4315
f 4322/4322/4322 4323/4323/4323 4324/4324/4324
f 4325/4325/4325 4324/4324/4324 4323/4323/4323
f 4325/4325/4325 4326/4326/4326 4324/4324/4324
f 4323/4323/4323 4315/4315/4315 4327/4327/4327
f 4315/4315/4315 4314/4314/4314 4328/4328/4328
f 4328/4328/4328 4327/4327/4327 4315/4315/4315
f 4325/4325/4325 4323/4323/4323 4329/4329/4329
f 4327/4327/4327 4329/4329/4329 4323/4323/4323
f 4330/4330/4330 4326/4326/4326 4325/4325/4325
f 4329/4329/4329 4331/4331/4331 4325/4325/4325
f 4330/4330/4330 4325/4325/4325 4331/4331/4331
f 4329/4329/4329 4327/4327/4327 4332/4332/4332
f 4329/4329/4329 4332/4332/4332 4331/4331/4331
f 4330/4330/4330 4333/4333/4333 4326/4326/4326
f 4334/4334/4334 4326/4326/4326 4333/4333/4333
f 4327/4327/4327 4328/4328/4328 4335/4335/4335
f 4335/4335/4335 4332/4332/4332 4327/4327/4327
f 4331/4331/4331 4336/4336/4336 4330/4330/4330
f 4333/4333/4333 4330/4330/4330 4336/4336/4336
f 4333/4333/4333 4337/4337/4337 4334/4334/4334
f 4337/4337/4337 4338/4338/4338 4334/4334/4334
f 4337/4337/4337 4333/4333/4333 4339/4339/4339
f 4336/4336/4336 4339/4339/4339 4333/4333/4333
f 4340/4340/4340 4339/4339/4339 4336/4336/4336
f 4341/4341/4341 4338/4338/4338 4337/4337/4337
f 4337/4337/4337 4339/4339/4339 4341/4341/4341
f 4342/4342/4342 4338/4338/4338 4341/4341/4341
f 4336/4336/4336 4331/4331/4331 4343/4343/4343
f 4343/4343/4343 4340/4340/4340 4336/4336/4336
f 4344/4344/4344 4331/4331/4331 4332/4332/4332
f 4344/4344/4344 4343/4343/4343 4331/4331/4331
f 4339/4339/4339 4345/4345/4345 4341/4341/4341
f 4340/4340/4340 4345/4345/4345 4339/4339/4339
f 4341/4341/4341 4346/4346/4346 4342/4342/4342
f 4341/4341/4341 4345/4345/4345 4346/4346/4346
f 4346/4346/4346 4347/4347/4347 4342/4342/4342
f 4332/4332/4332 4348/4348/4348 4344/4344/4344
f 4332/4332/4332 4335/4335/4335 4348/4348/4348
f 4344/4344/4344 4349/4349/4349 4343/4343/4343
f 4349/4349/4349 4344/4344/4344 4348/4348/4348
f 4350/4350/4350 4347/4347/4347 4346/4346/4346
f 4351/4351/4351 4347/4347/4347 4350/4350/4350
f 4343/4343/4343 4352/4352/4352 4340/4340/4340
f 4343/4343/4343 4349/4349/4349 4352/4352/4352
f 4353/4353/4353 4352/4352/4352 4349/4349/4349
f 4354/4354/4354 4340/4340/4340 4352/4352/4352
f 4353/4353/4353 4349/4349/4349 4355/4355/4355
f 4348/4348/4348 4355/4355/4355 4349/4349/4349
f 4354/4354/4354 4356/4356/4356 4340/4340/4340
f 4348/4348/4348 4357/4357/4357 4355/4355/4355
f 4358/4358/4358 4355/4355/4355 4357/4357/4357
f 4357/4357/4357 4348/4348/4348 4335/4335/4335
f 4359/4359/4359 4340/4340/4340 4356/4356/4356
f 4360/4360/4360 4359/4359/4359 4356/4356/4356
f 4359/4359/4359 4345/4345/4345 4340/4340/4340
f 4359/4359/4359 4360/4360/4360 4361/4361/4361
f 4359/4359/4359 4361/4361/4361 4345/4345/4345
f 4361/4361/4361 4360/4360/4360 4362/4362/4362
f 4357/4357/4357 4363/4363/4363 4358/4358/4358
f 4364/4364/4364 4358/4358/4358 4363/4363/4363
f 4364/4364/4364 4363/4363/4363 4365/4365/4365
f 4335/4335/4335 4366/4366/4366 4357/4357/4357
f 4363/4363/4363 4357/4357/4357 4366/4366/4366
f 4366/4366/4366 4335/4335/4335 4328/4328/4328
f 4367/4367/4367 4365/4365/4365 4363/4363/4363
f 4365/4365/4365 4367/4367/4367 4368/4368/4368
f 4328/4328/4328 4369/4369/4369 4366/4366/4366
f 4328/4328/4328 4314/4314/4314 4369/4369/4369
f 4366/4366/4366 4370/4370/4370 4363/4363/4363
f 4367/4367/4367 4363/4363/4363 4370/4370/4370
f 4370/4370/4370 4366/4366/4366 4369/4369/4369
f 4371/4371/4371 4369/4369/4369 4314/4314/4314
f 4311/4311/4311 4371/4371/4371 4314/4314/4314
f 4372/4372/4372 4370/4370/4370 4369/4369/4369
f 4370/4370/4370 4372/4372/4372 4367/4367/4367
f 4372/4372/4372 4369/4369/4369 4371/4371/4371
f 4373/4373/4373 4368/4368/4368 4367/4367/4367
f 4373/4373/4373 4367/4367/4367 4372/4372/4372
f 4371/4371/4371 4374/4374/4374 4372/4372/4372
f 4374/4374/4374 4373/4373/4373 4372/4372/4372
f 4373/4373/4373 4375/4375/4375 4368/4368/4368
f 4374/4374/4374 4375/4375/4375 4373/4373/4373
f 4376/4376/4376 4368/4368/4368 4375/4375/4375
f 4377/4377/4377 4376/4376/4376 4375/4375/4375
f 4311/4311/4311 4378/4378/4378 4371/4371/4371
f 4378/4378/4378 4374/4374/4374 4371/4371/4371
f 4379/4379/4379 4375/4375/4375 4374/4374/4374
f 4377/4377/4377 4375/4375/4375 4379/4379/4379
f 4374/4374/4374 4378/4378/4378 4379/4379/4379
f 4377/4377/4377 4379/4379/4379 4380/4380/4380
f 4379/4379/4379 4378/4378/4378 4380/4380/4380
f 4380/4380/4380 4381/4381/4381 4377/4377/4377
f 4382/4382/4382 4381/4381/4381 4380/4380/4380
f 4383/4383/4383 4378/4378/4378 4311/4311/4311
f 4380/4380/4380 4378/4378/4378 4383/4383/4383
f 4383/4383/4383 4382/4382/4382 4380/4380/4380
f 4311/4311/4311 4384/4384/4384 4383/4383/4383
f 4382/4382/4382 4383/4383/4383 4384/4384/4384
f 4387/4387/4387 4386/4386/4386 4385/4385/4385
f 4386/4386/4386 4387/4387/4387 4388/4388/4388
f 4389/4389/4389 4388/4388/4388 4387/4387/4387
f 4388/4388/4388 4389/4389/4389 4390/4390/4390
f 4388/4388/4388 4390/4390/4390 4391/4391/4391
f 4392/4392/4392 4391/4391/4391 4390/4390/4390
f 4391/4391/4391 4392/4392/4392 4393/4393/4393
f 4392/4392/4392 4394/4394/4394 4393/4393/4393
f 4393/4393/4393 4394/4394/4394 4395/4395/4395
f 4395/4395/4395 4396/4396/4396 4393/4393/4393
f 4397/4397/4397 4394/4394/4394 4392/4392/4392
f 4397/4397/4397 4395/4395/4395 4394/4394/4394
f 4397/4397/4397 4392/4392/4392 4398/4398/4398
f 4392/4392/4392 4399/4399/4399 4398/4398/4398
f 4392/4392/4392 4400/4400/4400 4399/4399/4399
f 4397/4397/4397 4401/4401/4401 4395/4395/4395
f 4401/4401/4401 4402/4402/4402 4395/4395/4395
f 4403/4403/4403 4395/4395/4395 4402/4402/4402
f 4395/4395/4395 4403/4403/4403 4396/4396/4396
f 4404/4404/4404 4396/4396/4396 4403/4403/4403
f 4403/4403/4403 4405/4405/4405 4404/4404/4404
f 4408/4408/4408 4407/4407/4407 4406/4406/4406
f 4409/4409/4409 4406/4406/4406 4407/4407/4407
f 4409/4409/4409 4410/4410/4410 4406/4406/4406
f 4411/4411/4411 4406/4406/4406 4410/4410/4410
f 4414/4414/4414 4413/4413/4413 4412/4412/4412
f 4415/4415/4415 4412/4412/4412 4413/4413/4413
f 4412/4412/4412 4415/4415/4415 4416/4416/4416
f 4417/4417/4417 4416/4416/4416 4415/4415/4415
f 4420/4420/4420 4419/4419/4419 4418/4418/4418
f 4421/4421/4421 4420/4420/4420 4418/4418/4418
f 4422/4422/4422 4421/4421/4421 4418/4418/4418
f 4420/4420/4420 4421/4421/4421 4423/4423/4423
f 4424/4424/4424 4421/4421/4421 4422/4422/4422
f 4423/4423/4423 4421/4421/4421 4425/4425/4425
f 4424/4424/4424 4425/4425/4425 4421/4421/4421
f 4428/4428/4428 4427/4427/4427 4426/4426/4426
f 4427/4427/4427 4429/4429/4429 4426/4426/4426
f 4429/4429/4429 4430/4430/4430 4426/4426/4426
f 4431/4431/4431 4429/4429/4429 4427/4427/4427
f 4430/4430/4430 4429/4429/4429 4432/4432/4432
f 4431/4431/4431 4433/4433/4433 4429/4429/4429
f 4433/4433/4433 4432/4432/4432 4429/4429/4429
f 4436/4436/4436 4435/4435/4435 4434/4434/4434
f 4437/4437/4437 4434/4434/4434 4435/4435/4435
f 4440/4440/4440 4439/4439/4439 4438/4438/4438
f 4441/4441/4441 4438/4438/4438 4439/4439/4439
f 4444/4444/4444 4443/4443/4443 4442/4442/4442
f 4445/4445/4445 4443/4443/4443 4444/4444/4444
f 4443/4443/4443 4445/4445/4445 4446/4446/4446
f 4443/4443/4443 4446/4446/4446 4447/4447/4447
f 4445/4445/4445 4444/4444/4444 4448/4448/4448
f 4445/4445/4445 4448/4448/4448 4446/4446/4446
f 4449/4449/4449 4448/4448/4448 4444/4444/4444
f 4450/4450/4450 4449/4449/4449 4444/4444/4444
f 4451/4451/4451 4450/4450/4450 4444/4444/4444
f 4444/4444/4444 4452/4452/4452 4451/4451/4451
f 4450/4450/4450 4453/4453/4453 4449/4449/4449
f 4453/4453/4453 4454/4454/4454 4449/4449/4449
f 4448/4448/4448 4449/4449/4449 4455/4455/4455
f 4454/4454/4454 4456/4456/4456 4449/4449/4449
f 4456/4456/4456 4455/4455/4455 4449/4449/4449
f 4456/4456/4456 4454/4454/4454 4457/4457/4457
f 4458/4458/4458 4457/4457/4457 4454/4454/4454
f 4459/4459/4459 4446/4446/4446 4448/4448/4448
f 4448/4448/4448 4455/4455/4455 4459/4459/4459
f 4455/4455/4455 4456/4456/4456 4460/4460/4460
f 4457/4457/4457 4460/4460/4460 4456/4456/4456
f 4461/4461/4461 4460/4460/4460 4457/4457/4457
f 4457/4457/4457 4458/4458/4458 4462/4462/4462
f 4461/4461/4461 4457/4457/4457 4462/4462/4462
f 4455/4455/4455 4460/4460/4460 4463/4463/4463
f 4463/4463/4463 4459/4459/4459 4455/4455/4455
f 4464/4464/4464 4462/4462/4462 4458/4458/4458
f 4465/4465/4465 4464/4464/4464 4458/4458/4458
f 4465/4465/4465 4466/4466/4466 4464/4464/4464
f 4467/4467/4467 4463/4463/4463 4460/4460/4460
f 4460/4460/4460 4461/4461/4461 4467/4467/4467
f 4462/4462/4462 4464/4464/4464 4468/4468/4468
f 4462/4462/4462 4468/4468/4468 4461/4461/4461
f 4469/4469/4469 4464/4464/4464 4466/4466/4466
f 4469/4469/4469 4468/4468/4468 4464/4464/4464
f 4466/4466/4466 4470/4470/4470 4469/4469/4469
f 4471/4471/4471 4469/4469/4469 4470/4470/4470
f 4470/4470/4470 4472/4472/4472 4471/4471/4471
f 4468/4468/4468 4469/4469/4469 4473/4473/4473
f 4469/4469/4469 4471/4471/4471 4473/4473/4473
f 4474/4474/4474 4471/4471/4471 4472/4472/4472
f 4475/4475/4475 4474/4474/4474 4472/4472/4472
f 4463/4463/4463 4467/4467/4467 4476/4476/4476
f 4463/4463/4463 4476/4476/4476 4459/4459/4459
f 4476/4476/4476 4477/4477/4477 4459/4459/4459
f 4477/4477/4477 4478/4478/4478 4459/4459/4459
f 4459/4459/4459 4478/4478/4478 4446/4446/4446
f 4479/4479/4479 4446/4446/4446 4478/4478/4478
f 4480/4480/4480 4446/4446/4446 4479/4479/4479
f 4481/4481/4481 4476/4476/4476 4467/4467/4467
f 4467/4467/4467 4482/4482/4482 4481/4481/4481
f 4467/4467/4467 4461/4461/4461 4482/4482/4482
f 4483/4483/4483 4481/4481/4481 4482/4482/4482
f 4483/4483/4483 4484/4484/4484 4481/4481/4481
f 4484/4484/4484 4483/4483/4483 4485/4485/4485
f 4482/4482/4482 4461/4461/4461 4486/4486/4486
f 4482/4482/4482 4486/4486/4486 4483/4483/4483
f 4487/4487/4487 4485/4485/4485 4483/4483/4483
f 4487/4487/4487 4483/4483/4483 4486/4486/4486
f 4485/4485/4485 4487/4487/4487 4488/4488/4488
f 4489/4489/4489 4486/4486/4486 4461/4461/4461
f 4489/4489/4489 4461/4461/4461 4468/4468/4468
f 4468/4468/4468 4473/4473/4473 4489/4489/4489
f 4490/4490/4490 4488/4488/4488 4487/4487/4487
f 4488/4488/4488 4490/4490/4490 4491/4491/4491
f 4487/4487/4487 4486/4486/4486 4492/4492/4492
f 4486/4486/4486 4489/4489/4489 4492/4492/4492
f 4490/4490/4490 4487/4487/4487 4492/4492/4492
f 4493/4493/4493 4491/4491/4491 4490/4490/4490
f 4493/4493/4493 4494/4494/4494 4491/4491/4491
f 4495/4495/4495 4489/4489/4489 4473/4473/4473
f 4495/4495/4495 4492/4492/4492 4489/4489/4489
f 4495/4495/4495 4473/4473/4473 4496/4496/4496
f 4492/4492/4492 4495/4495/4495 4496/4496/4496
f 4497/4497/4497 4490/4490/4490 4492/4492/4492
f 4493/4493/4493 4490/4490/4490 4497/4497/4497
f 4497/4497/4497 4492/4492/4492 4496/4496/4496
f 4473/4473/4473 4498/4498/4498 4496/4496/4496
f 4498/4498/4498 4499/4499/4499 4496/4496/4496
f 4500/4500/4500 4496/4496/4496 4499/4499/4499
f 4471/4471/4471 4498/4498/4498 4473/4473/4473
f 4471/4471/4471 4474/4474/4474 4498/4498/4498
f 4498/4498/4498 4474/4474/4474 4499/4499/4499
f 4497/4497/4497 4496/4496/4496 4501/4501/4501
f 4493/4493/4493 4497/4497/4497 4501/4501/4501
f 4500/4500/4500 4501/4501/4501 4496/4496/4496
f 4474/4474/4474 4502/4502/4502 4499/4499/4499
f 4502/4502/4502 4474/4474/4474 4475/4475/4475
f 4502/4502/4502 4475/4475/4475 4503/4503/4503
f 4504/4504/4504 4503/4503/4503 4475/4475/4475
f 4504/4504/4504 4505/4505/4505 4503/4503/4503
f 4502/4502/4502 4503/4503/4503 4505/4505/4505
f 4506/4506/4506 4502/4502/4502 4505/4505/4505
f 4506/4506/4506 4507/4507/4507 4502/4502/4502
f 4507/4507/4507 4499/4499/4499 4502/4502/4502
f 4508/4508/4508 4507/4507/4507 4506/4506/4506
f 4508/4508/4508 4509/4509/4509 4507/4507/4507
f 4499/4499/4499 4507/4507/4507 4509/4509/4509
f 4510/4510/4510 4499/4499/4499 4509/4509/4509
f 4500/4500/4500 4499/4499/4499 4510/4510/4510
f 4511/4511/4511 4510/4510/4510 4509/4509/4509
f 4512/4512/4512 4510/4510/4510 4511/4511/4511
f 4500/4500/4500 4510/4510/4510 4512/4512/4512
f 4513/4513/4513 4500/4500/4500 4512/4512/4512
f 4514/4514/4514 4513/4513/4513 4512/4512/4512
f 4514/4514/4514 4515/4515/4515 4513/4513/4513
f 4513/4513/4513 4515/4515/4515 4500/4500/4500
f 4516/4516/4516 4500/4500/4500 4515/4515/4515
f 4516/4516/4516 4515/4515/4515 4517/4517/4517
f 4516/4516/4516 4517/4517/4517 4518/4518/4518
f 4501/4501/4501 4500/4500/4500 4516/4516/4516
f 4516/4516/4516 4518/4518/4518 4519/4519/4519
f 4501/4501/4501 4516/4516/4516 4519/4519/4519
f 4501/4501/4501 4519/4519/4519 4520/4520/4520
f 4520/4520/4520 4519/4519/4519 4521/4521/4521
f 4520/4520/4520 4493/4493/4493 4501/4501/4501
f 4520/4520/4520 4521/4521/4521 4522/4522/4522
f 4520/4520/4520 4523/4523/4523 4493/4493/4493
f 4520/4520/4520 4522/4522/4522 4523/4523/4523
f 4494/4494/4494 4493/4493/4493 4523/4523/4523
f 4494/4494/4494 4523/4523/4523 4522/4522/4522
f 4524/4524/4524 4494/4494/4494 4522/4522/4522
f 4527/4527/4527 4526/4526/4526 4525/4525/4525
f 4528/4528/4528 4525/4525/4525 4526/4526/4526
f 4526/4526/4526 4529/4529/4529 4528/4528/4528
f 4530/4530/4530 4528/4528/4528 4529/4529/4529
f 4533/4533/4533 4532/4532/4532 4531/4531/4531
f 4534/4534/4534 4531/4531/4531 4532/4532/4532
f 4537/4537/4537 4536/4536/4536 4535/4535/4535
f 4537/4537/4537 4538/4538/4538 4536/4536/4536
f 4536/4536/4536 4538/4538/4538 4539/4539/4539
f 4539/4539/4539 4540/4540/4540 4536/4536/4536
f 4536/4536/4536 4540/4540/4540 4541/4541/4541
f 4542/4542/4542 4541/4541/4541 4540/4540/4540
f 4543/4543/4543 4541/4541/4541 4542/4542/4542
f 4544/4544/4544 4541/4541/4541 4543/4543/4543
f 4545/4545/4545 4544/4544/4544 4543/4543/4543
f 4545/4545/4545 4546/4546/4546 4544/4544/4544
f 4545/4545/4545 4547/4547/4547 4546/4546/4546
f 4547/4547/4547 4548/4548/4548 4546/4546/4546
f 4544/4544/4544 4546/4546/4546 4549/4549/4549
f 4546/4546/4546 4548/4548/4548 4550/4550/4550
f 4549/4549/4549 4546/4546/4546 4550/4550/4550
f 4550/4550/4550 4551/4551/4551 4549/4549/4549
f 4550/4550/4550 4552/4552/4552 4551/4551/4551
f 4552/4552/4552 4553/4553/4553 4551/4551/4551
f 4551/4551/4551 4553/4553/4553 4554/4554/4554
f 4551/4551/4551 4555/4555/4555 4549/4549/4549
f 4554/4554/4554 4556/4556/4556 4551/4551/4551
f 4551/4551/4551 4556/4556/4556 4555/4555/4555
f 4556/4556/4556 4557/4557/4557 4555/4555/4555
f 4556/4556/4556 4558/4558/4558 4557/4557/4557
f 4559/4559/4559 4557/4557/4557 4558/4558/4558
f 4559/4559/4559 4560/4560/4560 4557/4557/4557
f 4555/4555/4555 4557/4557/4557 4561/4561/4561
f 4560/4560/4560 4562/4562/4562 4557/4557/4557
f 4557/4557/4557 4562/4562/4562 4561/4561/4561
f 4563/4563/4563 4561/4561/4561 4562/4562/4562
f 4564/4564/4564 4563/4563/4563 4562/4562/4562
f 4564/4564/4564 4565/4565/4565 4563/4563/4563
f 4565/4565/4565 4566/4566/4566 4563/4563/4563
f 4563/4563/4563 4567/4567/4567 4561/4561/4561
f 4563/4563/4563 4566/4566/4566 4567/4567/4567
f 4567/4567/4567 4566/4566/4566 4568/4568/4568
f 4569/4569/4569 4567/4567/4567 4568/4568/4568
f 4569/4569/4569 4568/4568/4568 4570/4570/4570
f 4570/4570/4570 4571/4571/4571 4569/4569/4569
f 4572/4572/4572 4569/4569/4569 4571/4571/4571
f 4571/4571/4571 4573/4573/4573 4572/4572/4572
f 4574/4574/4574 4572/4572/4572 4573/4573/4573
f 4574/4574/4574 4575/4575/4575 4572/4572/4572
f 4572/4572/4572 4575/4575/4575 4576/4576/4576
f 4579/4579/4579 4578/4578/4578 4577/4577/4577
f 4579/4579/4579 4577/4577/4577 4580/4580/4580
f 4581/4581/4581 4579/4579/4579 4580/4580/4580
f 4584/4584/4584 4583/4583/4583 4582/4582/4582
f 4585/4585/4585 4582/4582/4582 4583/4583/4583
f 4582/4582/4582 4585/4585/4585 4586/4586/4586
f 4589/4589/4589 4588/4588/4588 4587/4587/4587
f 4589/4589/4589 4587/4587/4587 4590/4590/4590
f 4591/4591/4591 4589/4589/4589 4590/4590/4590
f 4594/4594/4594 4593/4593/4593 4592/4592/4592
f 4595/4595/4595 4592/4592/4592 4593/4593/4593
f 4592/4592/4592 4595/4595/4595 4596/4596/4596
f 4599/4599/4599 4598/4598/4598 4597/4597/4597
f 4600/4600/4600 4597/4597/4597 4598/4598/4598
f 4597/4597/4597 4600/4600/4600 4601/4601/4601
f 4604/4604/4604 4603/4603/4603 4602/4602/4602
f 4605/4605/4605 4602/4602/4602 4603/4603/4603
f 4602/4602/4602 4605/4605/4605 4606/4606/4606
f 4609/4609/4609 4608/4608/4608 4607/4607/4607
f 4607/4607/4607 4608/4608/4608 4610/4610/4610
f 4611/4611/4611 4610/4610/4610 4608/4608/4608
f 4610/4610/4610 4611/4611/4611 4612/4612/4612
f 4613/4613/4613 4612/4612/4612 4611/4611/4611
f 4613/4613/4613 4614/4614/4614 4612/4612/4612
f 4617/4617/4617 4616/4616/4616 4615/4615/4615
f 4615/4615/4615 4616/4616/4616 4618/4618/4618
f 4616/4616/4616 4619/4619/4619 4618/4618/4618
f 4622/4622/4622 4621/4621/4621 4620/4620/4620
f 4623/4623/4623 4620/4620/4620 4621/4621/4621
f 4623/4623/4623 4621/4621/4621 4624/4624/4624
f 4627/4627/4627 4626/4626/4626 4625/4625/4625
f 4625/4625/4625 4626/4626/4626 4628/4628/4628
f 4626/4626/4626 4629/4629/4629 4628/4628/4628
f 4632/4632/4632 4631/4631/4631 4630/4630/4630
f 4633/4633/4633 4630/4630/4630 4631/4631/4631
f 4633/4633/4633 4631/4631/4631 4634/4634/4634
f 4637/4637/4637 4636/4636/4636 4635/4635/4635
f 4638/4638/4638 4635/4635/4635 4636/4636/4636
f 4638/4638/4638 4636/4636/4636 4639/4639/4639
f 4642/4642/4642 4641/4641/4641 4640/4640/4640
f 4643/4643/4643 4640/4640/4640 4641/4641/4641
f 4643/4643/4643 4641/4641/4641 4644/4644/4644
f 4647/4647/4647 4646/4646/4646 4645/4645/4645
f 4645/4645/4645 4648/4648/4648 4647/4647/4647
f 4649/4649/4649 4647/4647/4647 4648/4648/4648
f 4648/4648/4648 4650/4650/4650 4649/4649/4649
f 4651/4651/4651 4649/4649/4649 4650/4650/4650
f 4652/4652/4652 4651/4651/4651 4650/4650/4650
f 4655/4655/4655 4654/4654/4654 4653/4653/4653
f 4654/4654/4654 4655/4655/4655 4656/4656/4656
f 4657/4657/4657 4656/4656/4656 4655/4655/4655
f 4657/4657/4657 4655/4655/4655 4658/4658/4658
f 4656/4656/4656 4657/4657/4657 4659/4659/4659
f 4660/4660/4660 4655/4655/4655 4653/4653/4653
f 4660/4660/4660 4658/4658/4658 4655/4655/4655
f 4661/4661/4661 4660/4660/4660 4653/4653/4653
f 4660/4660/4660 4661/4661/4661 4658/4658/4658
f 4662/4662/4662 4661/4661/4661 4653/4653/4653
f 4661/4661/4661 4662/4662/4662 4663/4663/4663
f 4663/4663/4663 4658/4658/4658 4661/4661/4661
f 4664/4664/4664 4663/4663/4663 4662/4662/4662
f 4663/4663/4663 4664/4664/4664 4665/4665/4665
f 4663/4663/4663 4665/4665/4665 4658/4658/4658
f 4666/4666/4666 4665/4665/4665 4664/4664/4664
f 4665/4665/4665 4666/4666/4666 4667/4667/4667
f 4657/4657/4657 4658/4658/4658 4668/4668/4668
f 4659/4659/4659 4657/4657/4657 4668/4668/4668
f 4669/4669/4669 4658/4658/4658 4665/4665/4665
f 4669/4669/4669 4668/4668/4668 4658/4658/4658
f 4670/4670/4670 4665/4665/4665 4667/4667/4667
f 4665/4665/4665 4670/4670/4670 4669/4669/4669
f 4668/4668/4668 4669/4669/4669 4671/4671/4671
f 4668/4668/4668 4671/4671/4671 4659/4659/4659
f 4670/4670/4670 4667/4667/4667 4672/4672/4672
f 4672/4672/4672 4673/4673/4673 4670/4670/4670
f 4674/4674/4674 4672/4672/4672 4667/4667/4667
f 4675/4675/4675 4669/4669/4669 4670/4670/4670
f 4675/4675/4675 4671/4671/4671 4669/4669/4669
f 4675/4675/4675 4670/4670/4670 4673/4673/4673
f 4675/4675/4675 4673/4673/4673 4671/4671/4671
f 4672/4672/4672 4674/4674/4674 4676/4676/4676
f 4676/4676/4676 4673/4673/4673 4672/4672/4672
f 4677/4677/4677 4676/4676/4676 4674/4674/4674
f 4677/4677/4677 4678/4678/4678 4676/4676/4676
f 4679/4679/4679 4659/4659/4659 4671/4671/4671
f 4680/4680/4680 4671/4671/4671 4673/4673/4673
f 4671/4671/4671 4680/4680/4680 4679/4679/4679
f 4680/4680/4680 4673/4673/4673 4681/4681/4681
f 4682/4682/4682 4673/4673/4673 4676/4676/4676
f 4681/4681/4681 4673/4673/4673 4682/4682/4682
f 4683/4683/4683 4676/4676/4676 4678/4678/4678
f 4676/4676/4676 4683/4683/4683 4682/4682/4682
f 4659/4659/4659 4679/4679/4679 4684/4684/4684
f 4659/4659/4659 4684/4684/4684 4685/4685/4685
f 4686/4686/4686 4679/4679/4679 4680/4680/4680
f 4686/4686/4686 4680/4680/4680 4681/4681/4681
f 4679/4679/4679 4686/4686/4686 4687/4687/4687
f 4687/4687/4687 4684/4684/4684 4679/4679/4679
f 4683/4683/4683 4678/4678/4678 4688/4688/4688
f 4688/4688/4688 4678/4678/4678 4689/4689/4689
f 4688/4688/4688 4689/4689/4689 4690/4690/4690
f 4691/4691/4691 4690/4690/4690 4689/4689/4689
f 4688/4688/4688 4692/4692/4692 4683/4683/4683
f 4688/4688/4688 4690/4690/4690 4692/4692/4692
f 4693/4693/4693 4685/4685/4685 4684/4684/4684
f 4685/4685/4685 4693/4693/4693 4694/4694/4694
f 4693/4693/4693 4684/4684/4684 4695/4695/4695
f 4693/4693/4693 4695/4695/4695 4694/4694/4694
f 4696/4696/4696 4695/4695/4695 4684/4684/4684
f 4684/4684/4684 4687/4687/4687 4696/4696/4696
f 4694/4694/4694 4695/4695/4695 4697/4697/4697
f 4695/4695/4695 4696/4696/4696 4697/4697/4697
f 4697/4697/4697 4698/4698/4698 4694/4694/4694
f 4697/4697/4697 4699/4699/4699 4698/4698/4698
f 4697/4697/4697 4696/4696/4696 4699/4699/4699
f 4700/4700/4700 4698/4698/4698 4699/4699/4699
f 4700/4700/4700 4699/4699/4699 4701/4701/4701
f 4702/4702/4702 4701/4701/4701 4699/4699/4699
f 4699/4699/4699 4696/4696/4696 4702/4702/4702
f 4701/4701/4701 4702/4702/4702 4703/4703/4703
f 4704/4704/4704 4696/4696/4696 4687/4687/4687
f 4702/4702/4702 4696/4696/4696 4704/4704/4704
f 4705/4705/4705 4703/4703/4703 4702/4702/4702
f 4703/4703/4703 4705/4705/4705 4706/4706/4706
f 4687/4687/4687 4707/4707/4707 4704/4704/4704
f 4707/4707/4707 4687/4687/4687 4686/4686/4686
f 4686/4686/4686 4681/4681/4681 4707/4707/4707
f 4702/4702/4702 4704/4704/4704 4708/4708/4708
f 4708/4708/4708 4704/4704/4704 4707/4707/4707
f 4705/4705/4705 4702/4702/4702 4708/4708/4708
f 4707/4707/4707 4709/4709/4709 4708/4708/4708
f 4709/4709/4709 4707/4707/4707 4681/4681/4681
f 4708/4708/4708 4710/4710/4710 4705/4705/4705
f 4710/4710/4710 4708/4708/4708 4709/4709/4709
f 4711/4711/4711 4706/4706/4706 4705/4705/4705
f 4711/4711/4711 4705/4705/4705 4710/4710/4710
f 4710/4710/4710 4709/4709/4709 4712/4712/4712
f 4710/4710/4710 4712/4712/4712 4711/4711/4711
f 4711/4711/4711 4713/4713/4713 4706/4706/4706
f 4713/4713/4713 4711/4711/4711 4712/4712/4712
f 4714/4714/4714 4706/4706/4706 4713/4713/4713
f 4709/4709/4709 4681/4681/4681 4715/4715/4715
f 4715/4715/4715 4712/4712/4712 4709/4709/4709
f 4712/4712/4712 4716/4716/4716 4713/4713/4713
f 4712/4712/4712 4715/4715/4715 4716/4716/4716
f 4713/4713/4713 4717/4717/4717 4714/4714/4714
f 4717/4717/4717 4713/4713/4713 4716/4716/4716
f 4718/4718/4718 4714/4714/4714 4717/4717/4717
f 4717/4717/4717 4719/4719/4719 4718/4718/4718
f 4717/4717/4717 4716/4716/4716 4719/4719/4719
f 4720/4720/4720 4718/4718/4718 4719/4719/4719
f 4721/4721/4721 4715/4715/4715 4681/4681/4681
f 4681/4681/4681 4682/4682/4682 4721/4721/4721
f 4722/4722/4722 4716/4716/4716 4715/4715/4715
f 4715/4715/4715 4721/4721/4721 4722/4722/4722
f 4723/4723/4723 4719/4719/4719 4716/4716/4716
f 4716/4716/4716 4722/4722/4722 4723/4723/4723
f 4719/4719/4719 4724/4724/4724 4720/4720/4720
f 4719/4719/4719 4723/4723/4723 4724/4724/4724
f 4725/4725/4725 4720/4720/4720 4724/4724/4724
f 4726/4726/4726 4721/4721/4721 4682/4682/4682
f 4726/4726/4726 4682/4682/4682 4683/4683/4683
f 4692/4692/4692 4726/4726/4726 4683/4683/4683
f 4721/4721/4721 4726/4726/4726 4692/4692/4692
f 4692/4692/4692 4722/4722/4722 4721/4721/4721
f 4722/4722/4722 4692/4692/4692 4727/4727/4727
f 4727/4727/4727 4723/4723/4723 4722/4722/4722
f 4692/4692/4692 4690/4690/4690 4727/4727/4727
f 4724/4724/4724 4728/4728/4728 4725/4725/4725
f 4728/4728/4728 4729/4729/4729 4725/4725/4725
f 4729/4729/4729 4728/4728/4728 4730/4730/4730
f 4731/4731/4731 4724/4724/4724 4723/4723/4723
f 4731/4731/4731 4728/4728/4728 4724/4724/4724
f 4727/4727/4727 4732/4732/4732 4723/4723/4723
f 4727/4727/4727 4690/4690/4690 4732/4732/4732
f 4732/4732/4732 4731/4731/4731 4723/4723/4723
f 4730/4730/4730 4728/4728/4728 4733/4733/4733
f 4728/4728/4728 4731/4731/4731 4733/4733/4733
f 4733/4733/4733 4731/4731/4731 4732/4732/4732
f 4733/4733/4733 4732/4732/4732 4690/4690/4690
f 4730/4730/4730 4733/4733/4733 4691/4691/4691
f 4690/4690/4690 4691/4691/4691 4733/4733/4733
f 4736/4736/4736 4735/4735/4735 4734/4734/4734
f 4735/4735/4735 4736/4736/4736 4737/4737/4737
f 4734/4734/4734 4738/4738/4738 4736/4736/4736
f 4739/4739/4739 4737/4737/4737 4736/4736/4736
f 4737/4737/4737 4739/4739/4739 4740/4740/4740
f 4741/4741/4741 4736/4736/4736 4738/4738/4738
f 4736/4736/4736 4741/4741/4741 4739/4739/4739
f 4742/4742/4742 4740/4740/4740 4739/4739/4739
f 4743/4743/4743 4739/4739/4739 4741/4741/4741
f 4739/4739/4739 4743/4743/4743 4742/4742/4742
f 4742/4742/4742 4744/4744/4744 4740/4740/4740
f 4745/4745/4745 4740/4740/4740 4744/4744/4744
f 4744/4744/4744 4746/4746/4746 4745/4745/4745
f 4747/4747/4747 4745/4745/4745 4746/4746/4746
f 4747/4747/4747 4746/4746/4746 4748/4748/4748
f 4748/4748/4748 4746/4746/4746 4749/4749/4749
f 4746/4746/4746 4744/4744/4744 4750/4750/4750
f 4750/4750/4750 4749/4749/4749 4746/4746/4746
f 4744/4744/4744 4742/4742/4742 4751/4751/4751
f 4751/4751/4751 4750/4750/4750 4744/4744/4744
f 4752/4752/4752 4742/4742/4742 4743/4743/4743
f 4752/4752/4752 4751/4751/4751 4742/4742/4742
f 4743/4743/4743 4741/4741/4741 4753/4753/4753
f 4743/4743/4743 4753/4753/4753 4752/4752/4752
f 4751/4751/4751 4754/4754/4754 4750/4750/4750
f 4751/4751/4751 4752/4752/4752 4754/4754/4754
f 4749/4749/4749 4750/4750/4750 4755/4755/4755
f 4755/4755/4755 4750/4750/4750 4754/4754/4754
f 4756/4756/4756 4754/4754/4754 4752/4752/4752
f 4756/4756/4756 4752/4752/4752 4753/4753/4753
f 4757/4757/4757 4753/4753/4753 4741/4741/4741
f 4741/4741/4741 4738/4738/4738 4757/4757/4757
f 4755/4755/4755 4758/4758/4758 4749/4749/4749
f 4758/4758/4758 4755/4755/4755 4759/4759/4759
f 4760/4760/4760 4749/4749/4749 4758/4758/4758
f 4754/4754/4754 4761/4761/4761 4755/4755/4755
f 4754/4754/4754 4756/4756/4756 4761/4761/4761
f 4761/4761/4761 4759/4759/4759 4755/4755/4755
f 4753/4753/4753 4762/4762/4762 4756/4756/4756
f 4753/4753/4753 4757/4757/4757 4762/4762/4762
f 4762/4762/4762 4757/4757/4757 4763/4763/4763
f 4757/4757/4757 4738/4738/4738 4764/4764/4764
f 4764/4764/4764 4763/4763/4763 4757/4757/4757
f 4765/4765/4765 4764/4764/4764 4738/4738/4738
f 4766/4766/4766 4761/4761/4761 4756/4756/4756
f 4766/4766/4766 4756/4756/4756 4762/4762/4762
f 4761/4761/4761 4766/4766/4766 4759/4759/4759
f 4762/4762/4762 4763/4763/4763 4766/4766/4766
f 4758/4758/4758 4767/4767/4767 4760/4760/4760
f 4768/4768/4768 4760/4760/4760 4767/4767/4767
f 4764/4764/4764 4765/4765/4765 4769/4769/4769
f 4770/4770/4770 4769/4769/4769 4765/4765/4765
f 4759/4759/4759 4771/4771/4771 4758/4758/4758
f 4767/4767/4767 4758/4758/4758 4771/4771/4771
f 4768/4768/4768 4767/4767/4767 4772/4772/4772
f 4773/4773/4773 4768/4768/4768 4772/4772/4772
f 4773/4773/4773 4772/4772/4772 4774/4774/4774
f 4772/4772/4772 4767/4767/4767 4775/4775/4775
f 4771/4771/4771 4775/4775/4775 4767/4767/4767
f 4776/4776/4776 4774/4774/4774 4772/4772/4772
f 4776/4776/4776 4772/4772/4772 4775/4775/4775
f 4769/4769/4769 4777/4777/4777 4764/4764/4764
f 4763/4763/4763 4764/4764/4764 4777/4777/4777
f 4769/4769/4769 4770/4770/4770 4778/4778/4778
f 4770/4770/4770 4779/4779/4779 4778/4778/4778
f 4779/4779/4779 4780/4780/4780 4778/4778/4778
f 4778/4778/4778 4781/4781/4781 4769/4769/4769
f 4777/4777/4777 4769/4769/4769 4781/4781/4781
f 4782/4782/4782 4778/4778/4778 4780/4780/4780
f 4778/4778/4778 4782/4782/4782 4781/4781/4781
f 4776/4776/4776 4783/4783/4783 4774/4774/4774
f 4784/4784/4784 4774/4774/4774 4783/4783/4783
f 4782/4782/4782 4780/4780/4780 4785/4785/4785
f 4786/4786/4786 4785/4785/4785 4780/4780/4780
f 4783/4783/4783 4787/4787/4787 4784/4784/4784
f 4788/4788/4788 4784/4784/4784 4787/4787/4787
f 4785/4785/4785 4786/4786/4786 4789/4789/4789
f 4790/4790/4790 4789/4789/4789 4786/4786/4786
f 4787/4787/4787 4791/4791/4791 4788/4788/4788
f 4788/4788/4788 4791/4791/4791 4792/4792/4792
f 4793/4793/4793 4792/4792/4792 4791/4791/4791
f 4793/4793/4793 4794/4794/4794 4792/4792/4792
f 4789/4789/4789 4790/4790/4790 4795/4795/4795
f 4796/4796/4796 4795/4795/4795 4790/4790/4790
f 4796/4796/4796 4797/4797/4797 4795/4795/4795
f 4798/4798/4798 4797/4797/4797 4796/4796/4796
f 4787/4787/4787 4799/4799/4799 4791/4791/4791
f 4799/4799/4799 4793/4793/4793 4791/4791/4791
f 4800/4800/4800 4794/4794/4794 4793/4793/4793
f 4801/4801/4801 4794/4794/4794 4800/4800/4800
f 4802/4802/4802 4801/4801/4801 4800/4800/4800
f 4793/4793/4793 4803/4803/4803 4800/4800/4800
f 4799/4799/4799 4803/4803/4803 4793/4793/4793
f 4800/4800/4800 4804/4804/4804 4802/4802/4802
f 4803/4803/4803 4804/4804/4804 4800/4800/4800
f 4805/4805/4805 4802/4802/4802 4804/4804/4804
f 4805/4805/4805 4804/4804/4804 4806/4806/4806
f 4806/4806/4806 4804/4804/4804 4803/4803/4803
f 4806/4806/4806 4803/4803/4803 4807/4807/4807
f 4807/4807/4807 4803/4803/4803 4799/4799/4799
f 4808/4808/4808 4799/4799/4799 4787/4787/4787
f 4808/4808/4808 4807/4807/4807 4799/4799/4799
f 4808/4808/4808 4809/4809/4809 4807/4807/4807
f 4808/4808/4808 4787/4787/4787 4810/4810/4810
f 4808/4808/4808 4810/4810/4810 4809/4809/4809
f 4787/4787/4787 4783/4783/4783 4810/4810/4810
f 4811/4811/4811 4810/4810/4810 4783/4783/4783
f 4811/4811/4811 4783/4783/4783 4776/4776/4776
f 4812/4812/4812 4809/4809/4809 4810/4810/4810
f 4810/4810/4810 4811/4811/4811 4812/4812/4812
f 4813/4813/4813 4811/4811/4811 4776/4776/4776
f 4813/4813/4813 4776/4776/4776 4775/4775/4775
f 4775/4775/4775 4814/4814/4814 4813/4813/4813
f 4775/4775/4775 4771/4771/4771 4814/4814/4814
f 4813/4813/4813 4815/4815/4815 4811/4811/4811
f 4815/4815/4815 4813/4813/4813 4814/4814/4814
f 4814/4814/4814 4816/4816/4816 4815/4815/4815
f 4817/4817/4817 4814/4814/4814 4771/4771/4771
f 4814/4814/4814 4817/4817/4817 4816/4816/4816
f 4817/4817/4817 4771/4771/4771 4759/4759/4759
f 4818/4818/4818 4811/4811/4811 4815/4815/4815
f 4818/4818/4818 4812/4812/4812 4811/4811/4811
f 4817/4817/4817 4759/4759/4759 4819/4819/4819
f 4819/4819/4819 4816/4816/4816 4817/4817/4817
f 4815/4815/4815 4820/4820/4820 4818/4818/4818
f 4820/4820/4820 4815/4815/4815 4816/4816/4816
f 4818/4818/4818 4821/4821/4821 4812/4812/4812
f 4821/4821/4821 4818/4818/4818 4820/4820/4820
f 4822/4822/4822 4819/4819/4819 4759/4759/4759
f 4822/4822/4822 4759/4759/4759 4766/4766/4766
f 4822/4822/4822 4766/4766/4766 4763/4763/4763
f 4822/4822/4822 4763/4763/4763 4819/4819/4819
f 4823/4823/4823 4819/4819/4819 4763/4763/4763
f 4819/4819/4819 4823/4823/4823 4816/4816/4816
f 4777/4777/4777 4823/4823/4823 4763/4763/4763
f 4823/4823/4823 4777/4777/4777 4824/4824/4824
f 4824/4824/4824 4816/4816/4816 4823/4823/4823
f 4781/4781/4781 4824/4824/4824 4777/4777/4777
f 4820/4820/4820 4816/4816/4816 4825/4825/4825
f 4824/4824/4824 4825/4825/4825 4816/4816/4816
f 4781/4781/4781 4826/4826/4826 4824/4824/4824
f 4825/4825/4825 4824/4824/4824 4826/4826/4826
f 4782/4782/4782 4826/4826/4826 4781/4781/4781
f 4827/4827/4827 4826/4826/4826 4782/4782/4782
f 4826/4826/4826 4827/4827/4827 4825/4825/4825
f 4785/4785/4785 4827/4827/4827 4782/4782/4782
f 4825/4825/4825 4828/4828/4828 4820/4820/4820
f 4828/4828/4828 4825/4825/4825 4827/4827/4827
f 4821/4821/4821 4820/4820/4820 4828/4828/4828
f 4827/4827/4827 4785/4785/4785 4829/4829/4829
f 4789/4789/4789 4829/4829/4829 4785/4785/4785
f 4828/4828/4828 4827/4827/4827 4830/4830/4830
f 4828/4828/4828 4830/4830/4830 4821/4821/4821
f 4829/4829/4829 4830/4830/4830 4827/4827/4827
f 4830/4830/4830 4829/4829/4829 4831/4831/4831
f 4832/4832/4832 4821/4821/4821 4830/4830/4830
f 4830/4830/4830 4831/4831/4831 4832/4832/4832
f 4832/4832/4832 4812/4812/4812 4821/4821/4821
f 4812/4812/4812 4832/4832/4832 4809/4809/4809
f 4833/4833/4833 4829/4829/4829 4789/4789/4789
f 4833/4833/4833 4831/4831/4831 4829/4829/4829
f 4834/4834/4834 4833/4833/4833 4789/4789/4789
f 4834/4834/4834 4789/4789/4789 4795/4795/4795
f 4797/4797/4797 4834/4834/4834 4795/4795/4795
f 4835/4835/4835 4833/4833/4833 4834/4834/4834
f 4833/4833/4833 4835/4835/4835 4831/4831/4831
f 4836/4836/4836 4834/4834/4834 4797/4797/4797
f 4836/4836/4836 4835/4835/4835 4834/4834/4834
f 4837/4837/4837 4809/4809/4809 4832/4832/4832
f 4837/4837/4837 4832/4832/4832 4831/4831/4831
f 4837/4837/4837 4838/4838/4838 4809/4809/4809
f 4837/4837/4837 4831/4831/4831 4838/4838/4838
f 4836/4836/4836 4797/4797/4797 4839/4839/4839
f 4798/4798/4798 4839/4839/4839 4797/4797/4797
f 4840/4840/4840 4839/4839/4839 4798/4798/4798
f 4840/4840/4840 4841/4841/4841 4839/4839/4839
f 4842/4842/4842 4839/4839/4839 4841/4841/4841
f 4842/4842/4842 4836/4836/4836 4839/4839/4839
f 4841/4841/4841 4843/4843/4843 4842/4842/4842
f 4843/4843/4843 4844/4844/4844 4842/4842/4842
f 4842/4842/4842 4844/4844/4844 4836/4836/4836
f 4844/4844/4844 4835/4835/4835 4836/4836/4836
f 4845/4845/4845 4831/4831/4831 4835/4835/4835
f 4838/4838/4838 4831/4831/4831 4845/4845/4845
f 4835/4835/4835 4846/4846/4846 4845/4845/4845
f 4845/4845/4845 4846/4846/4846 4838/4838/4838
f 4847/4847/4847 4846/4846/4846 4835/4835/4835
f 4847/4847/4847 4848/4848/4848 4846/4846/4846
f 4848/4848/4848 4849/4849/4849 4846/4846/4846
f 4850/4850/4850 4849/4849/4849 4848/4848/4848
f 4846/4846/4846 4849/4849/4849 4851/4851/4851
f 4851/4851/4851 4838/4838/4838 4846/4846/4846
f 4852/4852/4852 4849/4849/4849 4850/4850/4850
f 4852/4852/4852 4851/4851/4851 4849/4849/4849
f 4853/4853/4853 4852/4852/4852 4850/4850/4850
f 4852/4852/4852 4853/4853/4853 4851/4851/4851
f 4853/4853/4853 4850/4850/4850 4854/4854/4854
f 4855/4855/4855 4851/4851/4851 4853/4853/4853
f 4853/4853/4853 4854/4854/4854 4855/4855/4855
f 4851/4851/4851 4855/4855/4855 4838/4838/4838
f 4854/4854/4854 4856/4856/4856 4855/4855/4855
f 4856/4856/4856 4807/4807/4807 4855/4855/4855
f 4857/4857/4857 4838/4838/4838 4855/4855/4855
f 4855/4855/4855 4807/4807/4807 4857/4857/4857
f 4809/4809/4809 4838/4838/4838 4857/4857/4857
f 4857/4857/4857 4807/4807/4807 4809/4809/4809
f 4860/4860/4860 4859/4859/4859 4858/4858/4858
f 4859/4859/4859 4860/4860/4860 4861/4861/4861
f 4862/4862/4862 4860/4860/4860 4858/4858/4858
f 4862/4862/4862 4863/4863/4863 4860/4860/4860
f 4864/4864/4864 4862/4862/4862 4858/4858/4858
f 4862/4862/4862 4864/4864/4864 4863/4863/4863
f 4865/4865/4865 4864/4864/4864 4858/4858/4858
f 4864/4864/4864 4865/4865/4865 4866/4866/4866
f 4866/4866/4866 4863/4863/4863 4864/4864/4864
f 4865/4865/4865 4867/4867/4867 4866/4866/4866
f 4867/4867/4867 4868/4868/4868 4866/4866/4866
f 4861/4861/4861 4860/4860/4860 4869/4869/4869
f 4869/4869/4869 4860/4860/4860 4863/4863/4863
f 4869/4869/4869 4870/4870/4870 4861/4861/4861
f 4869/4869/4869 4863/4863/4863 4870/4870/4870
f 4871/4871/4871 4861/4861/4861 4870/4870/4870
f 4871/4871/4871 4870/4870/4870 4872/4872/4872
f 4866/4866/4866 4873/4873/4873 4863/4863/4863
f 4866/4866/4866 4868/4868/4868 4873/4873/4873
f 4874/4874/4874 4870/4870/4870 4863/4863/4863
f 4874/4874/4874 4863/4863/4863 4873/4873/4873
f 4870/4870/4870 4875/4875/4875 4872/4872/4872
f 4870/4870/4870 4874/4874/4874 4875/4875/4875
f 4873/4873/4873 4876/4876/4876 4874/4874/4874
f 4873/4873/4873 4868/4868/4868 4876/4876/4876
f 4875/4875/4875 4877/4877/4877 4872/4872/4872
f 4877/4877/4877 4875/4875/4875 4878/4878/4878
f 4879/4879/4879 4872/4872/4872 4877/4877/4877
f 4880/4880/4880 4875/4875/4875 4874/4874/4874
f 4880/4880/4880 4874/4874/4874 4876/4876/4876
f 4880/4880/4880 4878/4878/4878 4875/4875/4875
f 4880/4880/4880 4876/4876/4876 4878/4878/4878
f 4877/4877/4877 4881/4881/4881 4879/4879/4879
f 4878/4878/4878 4881/4881/4881 4877/4877/4877
f 4882/4882/4882 4879/4879/4879 4881/4881/4881
f 4882/4882/4882 4881/4881/4881 4883/4883/4883
f 4884/4884/4884 4876/4876/4876 4868/4868/4868
f 4885/4885/4885 4878/4878/4878 4876/4876/4876
f 4876/4876/4876 4884/4884/4884 4885/4885/4885
f 4878/4878/4878 4885/4885/4885 4886/4886/4886
f 4878/4878/4878 4887/4887/4887 4881/4881/4881
f 4878/4878/4878 4886/4886/4886 4887/4887/4887
f 4888/4888/4888 4883/4883/4883 4881/4881/4881
f 4881/4881/4881 4887/4887/4887 4888/4888/4888
f 4868/4868/4868 4889/4889/4889 4884/4884/4884
f 4868/4868/4868 4890/4890/4890 4889/4889/4889
f 4891/4891/4891 4885/4885/4885 4884/4884/4884
f 4885/4885/4885 4891/4891/4891 4886/4886/4886
f 4891/4891/4891 4884/4884/4884 4892/4892/4892
f 4892/4892/4892 4884/4884/4884 4889/4889/4889
f 4883/4883/4883 4888/4888/4888 4893/4893/4893
f 4883/4883/4883 4893/4893/4893 4894/4894/4894
f 4893/4893/4893 4895/4895/4895 4894/4894/4894
f 4896/4896/4896 4894/4894/4894 4895/4895/4895
f 4897/4897/4897 4893/4893/4893 4888/4888/4888
f 4895/4895/4895 4893/4893/4893 4897/4897/4897
f 4898/4898/4898 4889/4889/4889 4890/4890/4890
f 4898/4898/4898 4890/4890/4890 4899/4899/4899
f 4898/4898/4898 4900/4900/4900 4889/4889/4889
f 4900/4900/4900 4898/4898/4898 4899/4899/4899
f 4901/4901/4901 4889/4889/4889 4900/4900/4900
f 4889/4889/4889 4901/4901/4901 4892/4892/4892
f 4900/4900/4900 4899/4899/4899 4902/4902/4902
f 4901/4901/4901 4900/4900/4900 4902/4902/4902
f 4903/4903/4903 4902/4902/4902 4899/4899/4899
f 4902/4902/4902 4903/4903/4903 4904/4904/4904
f 4902/4902/4902 4904/4904/4904 4901/4901/4901
f 4905/4905/4905 4904/4904/4904 4903/4903/4903
f 4905/4905/4905 4906/4906/4906 4904/4904/4904
f 4907/4907/4907 4904/4904/4904 4906/4906/4906
f 4901/4901/4901 4904/4904/4904 4907/4907/4907
f 4906/4906/4906 4908/4908/4908 4907/4907/4907
f 4909/4909/4909 4892/4892/4892 4901/4901/4901
f 4901/4901/4901 4907/4907/4907 4909/4909/4909
f 4910/4910/4910 4907/4907/4907 4908/4908/4908
f 4908/4908/4908 4911/4911/4911 4910/4910/4910
f 4892/4892/4892 4909/4909/4909 4912/4912/4912
f 4892/4892/4892 4912/4912/4912 4891/4891/4891
f 4891/4891/4891 4912/4912/4912 4886/4886/4886
f 4909/4909/4909 4907/4907/4907 4913/4913/4913
f 4913/4913/4913 4912/4912/4912 4909/4909/4909
f 4907/4907/4907 4910/4910/4910 4913/4913/4913
f 4912/4912/4912 4913/4913/4913 4914/4914/4914
f 4914/4914/4914 4886/4886/4886 4912/4912/4912
f 4913/4913/4913 4910/4910/4910 4915/4915/4915
f 4915/4915/4915 4914/4914/4914 4913/4913/4913
f 4916/4916/4916 4910/4910/4910 4911/4911/4911
f 4916/4916/4916 4915/4915/4915 4910/4910/4910
f 4915/4915/4915 4917/4917/4917 4914/4914/4914
f 4915/4915/4915 4916/4916/4916 4917/4917/4917
f 4916/4916/4916 4911/4911/4911 4918/4918/4918
f 4918/4918/4918 4917/4917/4917 4916/4916/4916
f 4919/4919/4919 4918/4918/4918 4911/4911/4911
f 4914/4914/4914 4920/4920/4920 4886/4886/4886
f 4920/4920/4920 4914/4914/4914 4917/4917/4917
f 4917/4917/4917 4918/4918/4918 4921/4921/4921
f 4917/4917/4917 4921/4921/4921 4920/4920/4920
f 4918/4918/4918 4919/4919/4919 4922/4922/4922
f 4922/4922/4922 4921/4921/4921 4918/4918/4918
f 4923/4923/4923 4922/4922/4922 4919/4919/4919
f 4922/4922/4922 4923/4923/4923 4924/4924/4924
f 4922/4922/4922 4924/4924/4924 4921/4921/4921
f 4925/4925/4925 4924/4924/4924 4923/4923/4923
f 4926/4926/4926 4886/4886/4886 4920/4920/4920
f 4886/4886/4886 4926/4926/4926 4887/4887/4887
f 4927/4927/4927 4920/4920/4920 4921/4921/4921
f 4920/4920/4920 4927/4927/4927 4926/4926/4926
f 4928/4928/4928 4921/4921/4921 4924/4924/4924
f 4921/4921/4921 4928/4928/4928 4927/4927/4927
f 4929/4929/4929 4924/4924/4924 4925/4925/4925
f 4924/4924/4924 4929/4929/4929 4928/4928/4928
f 4925/4925/4925 4930/4930/4930 4929/4929/4929
f 4931/4931/4931 4887/4887/4887 4926/4926/4926
f 4931/4931/4931 4888/4888/4888 4887/4887/4887
f 4931/4931/4931 4897/4897/4897 4888/4888/4888
f 4931/4931/4931 4926/4926/4926 4897/4897/4897
f 4897/4897/4897 4926/4926/4926 4927/4927/4927
f 4897/4897/4897 4927/4927/4927 4932/4932/4932
f 4932/4932/4932 4927/4927/4927 4928/4928/4928
f 4895/4895/4895 4897/4897/4897 4932/4932/4932
f 4933/4933/4933 4929/4929/4929 4930/4930/4930
f 4934/4934/4934 4933/4933/4933 4930/4930/4930
f 4933/4933/4933 4934/4934/4934 4935/4935/4935
f 4936/4936/4936 4932/4932/4932 4928/4928/4928
f 4932/4932/4932 4936/4936/4936 4895/4895/4895
f 4937/4937/4937 4928/4928/4928 4929/4929/4929
f 4933/4933/4933 4937/4937/4937 4929/4929/4929
f 4937/4937/4937 4936/4936/4936 4928/4928/4928
f 4933/4933/4933 4935/4935/4935 4938/4938/4938
f 4933/4933/4933 4938/4938/4938 4937/4937/4937
f 4937/4937/4937 4938/4938/4938 4936/4936/4936
f 4938/4938/4938 4895/4895/4895 4936/4936/4936
f 4935/4935/4935 4896/4896/4896 4938/4938/4938
f 4895/4895/4895 4938/4938/4938 4896/4896/4896
f 4941/4941/4941 4940/4940/4940 4939/4939/4939
f 4942/4942/4942 4940/4940/4940 4941/4941/4941
f 4942/4942/4942 4943/4943/4943 4940/4940/4940
f 4939/4939/4939 4940/4940/4940 4944/4944/4944
f 4945/4945/4945 4940/4940/4940 4943/4943/4943
f 4940/4940/4940 4945/4945/4945 4944/4944/4944
f 4943/4943/4943 4946/4946/4946 4945/4945/4945
f 4947/4947/4947 4945/4945/4945 4946/4946/4946
f 4945/4945/4945 4947/4947/4947 4944/4944/4944
f 4946/4946/4946 4948/4948/4948 4947/4947/4947
f 4944/4944/4944 4947/4947/4947 4949/4949/4949
f 4950/4950/4950 4947/4947/4947 4948/4948/4948
f 4950/4950/4950 4949/4949/4949 4947/4947/4947
f 4951/4951/4951 4950/4950/4950 4948/4948/4948
f 4951/4951/4951 4949/4949/4949 4950/4950/4950
f 4952/4952/4952 4951/4951/4951 4948/4948/4948
f 4953/4953/4953 4951/4951/4951 4952/4952/4952
f 4954/4954/4954 4951/4951/4951 4953/4953/4953
f 4944/4944/4944 4949/4949/4949 4955/4955/4955
f 4944/4944/4944 4955/4955/4955 4956/4956/4956
f 4957/4957/4957 4951/4951/4951 4954/4954/4954
f 4957/4957/4957 4958/4958/4958 4951/4951/4951
f 4959/4959/4959 4957/4957/4957 4954/4954/4954
f 4957/4957/4957 4959/4959/4959 4958/4958/4958
f 4960/4960/4960 4958/4958/4958 4959/4959/4959
f 4949/4949/4949 4951/4951/4951 4961/4961/4961
f 4961/4961/4961 4955/4955/4955 4949/4949/4949
f 4962/4962/4962 4951/4951/4951 4958/4958/4958
f 4962/4962/4962 4961/4961/4961 4951/4951/4951
f 4958/4958/4958 4960/4960/4960 4963/4963/4963
f 4964/4964/4964 4963/4963/4963 4960/4960/4960
f 4963/4963/4963 4964/4964/4964 4965/4965/4965
f 4966/4966/4966 4963/4963/4963 4965/4965/4965
f 4967/4967/4967 4965/4965/4965 4964/4964/4964
f 4967/4967/4967 4968/4968/4968 4965/4965/4965
f 4963/4963/4963 4969/4969/4969 4958/4958/4958
f 4963/4963/4963 4966/4966/4966 4969/4969/4969
f 4970/4970/4970 4962/4962/4962 4958/4958/4958
f 4970/4970/4970 4958/4958/4958 4969/4969/4969
f 4961/4961/4961 4962/4962/4962 4971/4971/4971
f 4970/4970/4970 4971/4971/4971 4962/4962/4962
f 4969/4969/4969 4972/4972/4972 4970/4970/4970
f 4969/4969/4969 4966/4966/4966 4972/4972/4972
f 4971/4971/4971 4973/4973/4973 4961/4961/4961
f 4955/4955/4955 4961/4961/4961 4973/4973/4973
f 4973/4973/4973 4974/4974/4974 4955/4955/4955
f 4970/4970/4970 4975/4975/4975 4971/4971/4971
f 4971/4971/4971 4975/4975/4975 4973/4973/4973
f 4975/4975/4975 4970/4970/4970 4972/4972/4972
f 4976/4976/4976 4973/4973/4973 4975/4975/4975
f 4973/4973/4973 4976/4976/4976 4974/4974/4974
f 4972/4972/4972 4977/4977/4977 4975/4975/4975
f 4976/4976/4976 4975/4975/4975 4977/4977/4977
f 4978/4978/4978 4974/4974/4974 4976/4976/4976
f 4979/4979/4979 4974/4974/4974 4978/4978/4978
f 4980/4980/4980 4972/4972/4972 4966/4966/4966
f 4972/4972/4972 4980/4980/4980 4977/4977/4977
f 4981/4981/4981 4976/4976/4976 4977/4977/4977
f 4982/4982/4982 4976/4976/4976 4981/4981/4981
f 4983/4983/4983 4982/4982/4982 4981/4981/4981
f 4984/4984/4984 4977/4977/4977 4980/4980/4980
f 4977/4977/4977 4984/4984/4984 4981/4981/4981
f 4981/4981/4981 4985/4985/4985 4983/4983/4983
f 4986/4986/4986 4983/4983/4983 4985/4985/4985
f 4981/4981/4981 4987/4987/4987 4985/4985/4985
f 4981/4981/4981 4984/4984/4984 4987/4987/4987
f 4985/4985/4985 4988/4988/4988 4986/4986/4986
f 4985/4985/4985 4987/4987/4987 4988/4988/4988
f 4989/4989/4989 4986/4986/4986 4988/4988/4988
f 4988/4988/4988 4987/4987/4987 4989/4989/4989
f 4990/4990/4990 4989/4989/4989 4987/4987/4987
f 4987/4987/4987 4984/4984/4984 4990/4990/4990
f 4991/4991/4991 4990/4990/4990 4984/4984/4984
f 4980/4980/4980 4992/4992/4992 4984/4984/4984
f 4991/4991/4991 4984/4984/4984 4992/4992/4992
f 4992/4992/4992 4980/4980/4980 4966/4966/4966
f 4991/4991/4991 4992/4992/4992 4993/4993/4993
f 4991/4991/4991 4993/4993/4993 4994/4994/4994
f 4966/4966/4966 4995/4995/4995 4992/4992/4992
f 4995/4995/4995 4993/4993/4993 4992/4992/4992
f 4993/4993/4993 4995/4995/4995 4996/4996/4996
f 4997/4997/4997 4994/4994/4994 4993/4993/4993
f 4993/4993/4993 4996/4996/4996 4997/4997/4997
f 4994/4994/4994 4997/4997/4997 4998/4998/4998
f 4966/4966/4966 4999/4999/4999 4995/4995/4995
f 4965/4965/4965 4999/4999/4999 4966/4966/4966
f 4999/4999/4999 4965/4965/4965 5000/5000/5000
f 5001/5001/5001 4998/4998/4998 4997/4997/4997
f 4998/4998/4998 5001/5001/5001 5002/5002/5002
f 5003/5003/5003 4995/4995/4995 4999/4999/4999
f 5003/5003/5003 4996/4996/4996 4995/4995/4995
f 5003/5003/5003 4999/4999/4999 5004/5004/5004
f 5000/5000/5000 5004/5004/5004 4999/4999/4999
f 5003/5003/5003 5004/5004/5004 4996/4996/4996
f 4997/4997/4997 5005/5005/5005 5001/5001/5001
f 5005/5005/5005 4997/4997/4997 4996/4996/4996
f 5001/5001/5001 5006/5006/5006 5002/5002/5002
f 5006/5006/5006 5001/5001/5001 5005/5005/5005
f 5006/5006/5006 5007/5007/5007 5002/5002/5002
f 5006/5006/5006 5005/5005/5005 5007/5007/5007
f 5007/5007/5007 5008/5008/5008 5002/5002/5002
f 5009/5009/5009 5007/5007/5007 5005/5005/5005
f 5007/5007/5007 5009/5009/5009 5008/5008/5008
f 5005/5005/5005 4996/4996/4996 5009/5009/5009
f 5010/5010/5010 5008/5008/5008 5009/5009/5009
f 5011/5011/5011 5009/5009/5009 4996/4996/4996
f 5009/5009/5009 5011/5011/5011 5010/5010/5010
f 5011/5011/5011 4996/4996/4996 5004/5004/5004
f 5012/5012/5012 5010/5010/5010 5011/5011/5011
f 5004/5004/5004 5013/5013/5013 5011/5011/5011
f 5012/5012/5012 5011/5011/5011 5013/5013/5013
f 5004/5004/5004 5000/5000/5000 5013/5013/5013
f 5012/5012/5012 5013/5013/5013 5014/5014/5014
f 5012/5012/5012 5014/5014/5014 5015/5015/5015
f 5016/5016/5016 5013/5013/5013 5000/5000/5000
f 5016/5016/5016 5014/5014/5014 5013/5013/5013
f 5017/5017/5017 5015/5015/5015 5014/5014/5014
f 5015/5015/5015 5017/5017/5017 5018/5018/5018
f 5019/5019/5019 5018/5018/5018 5017/5017/5017
f 5020/5020/5020 5018/5018/5018 5019/5019/5019
f 5019/5019/5019 5021/5021/5021 5020/5020/5020
f 5017/5017/5017 5021/5021/5021 5019/5019/5019
f 5022/5022/5022 5020/5020/5020 5021/5021/5021
f 5017/5017/5017 5023/5023/5023 5021/5021/5021
f 5021/5021/5021 5023/5023/5023 5022/5022/5022
f 5014/5014/5014 5023/5023/5023 5017/5017/5017
f 5024/5024/5024 5022/5022/5022 5023/5023/5023
f 5025/5025/5025 5024/5024/5024 5023/5023/5023
f 5014/5014/5014 5026/5026/5026 5023/5023/5023
f 5014/5014/5014 5016/5016/5016 5026/5026/5026
f 5025/5025/5025 5023/5023/5023 5026/5026/5026
f 5027/5027/5027 5026/5026/5026 5016/5016/5016
f 5016/5016/5016 5000/5000/5000 5027/5027/5027
f 5025/5025/5025 5026/5026/5026 5028/5028/5028
f 5027/5027/5027 5028/5028/5028 5026/5026/5026
f 5029/5029/5029 5027/5027/5027 5000/5000/5000
f 5028/5028/5028 5027/5027/5027 5030/5030/5030
f 5029/5029/5029 5030/5030/5030 5027/5027/5027
f 5030/5030/5030 5029/5029/5029 5031/5031/5031
f 5000/5000/5000 5032/5032/5032 5029/5029/5029
f 5032/5032/5032 5031/5031/5031 5029/5029/5029
f 5032/5032/5032 5000/5000/5000 4965/4965/4965
f 5032/5032/5032 4965/4965/4965 4968/4968/4968
f 4968/4968/4968 5033/5033/5033 5032/5032/5032
f 5031/5031/5031 5032/5032/5032 5033/5033/5033
f 5033/5033/5033 5034/5034/5034 5031/5031/5031
f 5035/5035/5035 5031/5031/5031 5034/5034/5034
f 5035/5035/5035 5034/5034/5034 5036/5036/5036
f 5037/5037/5037 5035/5035/5035 5036/5036/5036
f 5035/5035/5035 5037/5037/5037 5031/5031/5031
f 5037/5037/5037 5036/5036/5036 5038/5038/5038
f 5037/5037/5037 5038/5038/5038 5039/5039/5039
f 5037/5037/5037 5039/5039/5039 5040/5040/5040
f 5041/5041/5041 5030/5030/5030 5031/5031/5031
f 5041/5041/5041 5031/5031/5031 5037/5037/5037
f 5030/5030/5030 5041/5041/5041 5042/5042/5042
f 5028/5028/5028 5030/5030/5030 5042/5042/5042
f 5043/5043/5043 5042/5042/5042 5041/5041/5041
f 5041/5041/5041 5037/5037/5037 5043/5043/5043
f 5042/5042/5042 5044/5044/5044 5028/5028/5028
f 5042/5042/5042 5043/5043/5043 5044/5044/5044
f 5025/5025/5025 5028/5028/5028 5044/5044/5044
f 5044/5044/5044 5045/5045/5045 5025/5025/5025
f 5046/5046/5046 5025/5025/5025 5045/5045/5045
f 5045/5045/5045 5047/5047/5047 5046/5046/5046
f 5048/5048/5048 5044/5044/5044 5043/5043/5043
f 5044/5044/5044 5048/5048/5048 5045/5045/5045
f 5049/5049/5049 5043/5043/5043 5037/5037/5037
f 5043/5043/5043 5049/5049/5049 5048/5048/5048
f 5050/5050/5050 5037/5037/5037 5040/5040/5040
f 5049/5049/5049 5037/5037/5037 5050/5050/5050
f 5050/5050/5050 5040/5040/5040 5051/5051/5051
f 5050/5050/5050 5051/5051/5051 5049/5049/5049
f 5052/5052/5052 5051/5051/5051 5040/5040/5040
f 5053/5053/5053 5049/5049/5049 5051/5051/5051
f 5053/5053/5053 5048/5048/5048 5049/5049/5049
f 5051/5051/5051 5052/5052/5052 5054/5054/5054
f 5051/5051/5051 5054/5054/5054 5053/5053/5053
f 5055/5055/5055 5054/5054/5054 5052/5052/5052
f 5054/5054/5054 5055/5055/5055 5056/5056/5056
f 5054/5054/5054 5056/5056/5056 5053/5053/5053
f 5057/5057/5057 5056/5056/5056 5055/5055/5055
f 5056/5056/5056 5057/5057/5057 5058/5058/5058
f 5056/5056/5056 5058/5058/5058 5059/5059/5059
f 5056/5056/5056 5059/5059/5059 5053/5053/5053
f 5053/5053/5053 5060/5060/5060 5048/5048/5048
f 5061/5061/5061 5048/5048/5048 5060/5060/5060
f 5061/5061/5061 5045/5045/5045 5048/5048/5048
f 5061/5061/5061 5060/5060/5060 5062/5062/5062
f 5062/5062/5062 5045/5045/5045 5061/5061/5061
f 5063/5063/5063 5062/5062/5062 5060/5060/5060
f 5062/5062/5062 5063/5063/5063 5064/5064/5064
f 5065/5065/5065 5045/5045/5045 5062/5062/5062
f 5062/5062/5062 5064/5064/5064 5065/5065/5065
f 5045/5045/5045 5065/5065/5065 5047/5047/5047
f 5065/5065/5065 5064/5064/5064 5047/5047/5047
f 5066/5066/5066 4955/4955/4955 4974/4974/4974
f 5066/5066/5066 4956/4956/4956 4955/4955/4955
f 5066/5066/5066 5067/5067/5067 4956/4956/4956
f 4974/4974/4974 5067/5067/5067 5066/5066/5066
f 5068/5068/5068 4956/4956/4956 5067/5067/5067
f 5068/5068/5068 5067/5067/5067 5069/5069/5069
f 4974/4974/4974 5070/5070/5070 5067/5067/5067
f 5069/5069/5069 5067/5067/5067 5070/5070/5070
f 5070/5070/5070 4974/4974/4974 4979/4979/4979
f 5069/5069/5069 5070/5070/5070 4979/4979/4979
f 5073/5073/5073 5072/5072/5072 5071/5071/5071
f 5071/5071/5071 5074/5074/5074 5073/5073/5073
f 5072/5072/5072 5073/5073/5073 5075/5075/5075
f 5076/5076/5076 5072/5072/5072 5075/5075/5075
f 5077/5077/5077 5073/5073/5073 5074/5074/5074
f 5073/5073/5073 5077/5077/5077 5075/5075/5075
f 5074/5074/5074 5078/5078/5078 5077/5077/5077
f 5076/5076/5076 5075/5075/5075 5079/5079/5079
f 5076/5076/5076 5079/5079/5079 5080/5080/5080
f 5075/5075/5075 5077/5077/5077 5081/5081/5081
f 5075/5075/5075 5081/5081/5081 5079/5079/5079
f 5080/5080/5080 5079/5079/5079 5082/5082/5082
f 5082/5082/5082 5079/5079/5079 5081/5081/5081
f 5080/5080/5080 5082/5082/5082 5083/5083/5083
f 5084/5084/5084 5077/5077/5077 5078/5078/5078
f 5077/5077/5077 5084/5084/5084 5081/5081/5081
f 5082/5082/5082 5085/5085/5085 5083/5083/5083
f 5086/5086/5086 5083/5083/5083 5085/5085/5085
f 5081/5081/5081 5087/5087/5087 5082/5082/5082
f 5087/5087/5087 5081/5081/5081 5084/5084/5084
f 5085/5085/5085 5082/5082/5082 5087/5087/5087
f 5084/5084/5084 5078/5078/5078 5088/5088/5088
f 5084/5084/5084 5088/5088/5088 5087/5087/5087
f 5089/5089/5089 5088/5088/5088 5078/5078/5078
f 5089/5089/5089 5090/5090/5090 5088/5088/5088
f 5085/5085/5085 5091/5091/5091 5086/5086/5086
f 5085/5085/5085 5087/5087/5087 5091/5091/5091
f 5092/5092/5092 5086/5086/5086 5091/5091/5091
f 5093/5093/5093 5088/5088/5088 5090/5090/5090
f 5093/5093/5093 5090/5090/5090 5094/5094/5094
f 5095/5095/5095 5087/5087/5087 5088/5088/5088
f 5095/5095/5095 5091/5091/5091 5087/5087/5087
f 5088/5088/5088 5093/5093/5093 5095/5095/5095
f 5091/5091/5091 5096/5096/5096 5092/5092/5092
f 5097/5097/5097 5092/5092/5092 5096/5096/5096
f 5095/5095/5095 5098/5098/5098 5091/5091/5091
f 5098/5098/5098 5095/5095/5095 5093/5093/5093
f 5096/5096/5096 5091/5091/5091 5098/5098/5098
f 5099/5099/5099 5093/5093/5093 5094/5094/5094
f 5093/5093/5093 5099/5099/5099 5098/5098/5098
f 5099/5099/5099 5094/5094/5094 5100/5100/5100
f 5096/5096/5096 5101/5101/5101 5097/5097/5097
f 5102/5102/5102 5097/5097/5097 5101/5101/5101
f 5101/5101/5101 5103/5103/5103 5102/5102/5102
f 5098/5098/5098 5104/5104/5104 5096/5096/5096
f 5104/5104/5104 5098/5098/5098 5099/5099/5099
f 5101/5101/5101 5096/5096/5096 5104/5104/5104
f 5100/5100/5100 5105/5105/5105 5099/5099/5099
f 5104/5104/5104 5099/5099/5099 5105/5105/5105
f 5104/5104/5104 5105/5105/5105 5101/5101/5101
f 5103/5103/5103 5101/5101/5101 5105/5105/5105
f 5106/5106/5106 5105/5105/5105 5100/5100/5100
f 5105/5105/5105 5106/5106/5106 5103/5103/5103
f 5109/5109/5109 5108/5108/5108 5107/5107/5107
f 5109/5109/5109 5110/5110/5110 5108/5108/5108
f 5111/5111/5111 5107/5107/5107 5108/5108/5108
f 5107/5107/5107 5111/5111/5111 5112/5112/5112
f 5111/5111/5111 5113/5113/5113 5112/5112/5112
f 5112/5112/5112 5113/5113/5113 5114/5114/5114
f 5114/5114/5114 5113/5113/5113 5115/5115/5115
f 5115/5115/5115 5116/5116/5116 5114/5114/5114
f 5115/5115/5115 5117/5117/5117 5116/5116/5116
f 5117/5117/5117 5115/5115/5115 5118/5118/5118
f 5119/5119/5119 5115/5115/5115 5113/5113/5113
f 5119/5119/5119 5118/5118/5118 5115/5115/5115
f 5111/5111/5111 5120/5120/5120 5113/5113/5113
f 5119/5119/5119 5113/5113/5113 5120/5120/5120
f 5118/5118/5118 5119/5119/5119 5121/5121/5121
f 5120/5120/5120 5121/5121/5121 5119/5119/5119
f 5121/5121/5121 5122/5122/5122 5118/5118/5118
f 5122/5122/5122 5121/5121/5121 5123/5123/5123
f 5121/5121/5121 5124/5124/5124 5123/5123/5123
f 5121/5121/5121 5120/5120/5120 5124/5124/5124
f 5123/5123/5123 5124/5124/5124 5125/5125/5125
f 5120/5120/5120 5111/5111/5111 5126/5126/5126
f 5126/5126/5126 5124/5124/5124 5120/5120/5120
f 5108/5108/5108 5126/5126/5126 5111/5111/5111
f 5127/5127/5127 5125/5125/5125 5124/5124/5124
f 5125/5125/5125 5127/5127/5127 5128/5128/5128
f 5126/5126/5126 5129/5129/5129 5124/5124/5124
f 5126/5126/5126 5108/5108/5108 5129/5129/5129
f 5127/5127/5127 5124/5124/5124 5129/5129/5129
f 5130/5130/5130 5128/5128/5128 5127/5127/5127
f 5127/5127/5127 5129/5129/5129 5130/5130/5130
f 5130/5130/5130 5131/5131/5131 5128/5128/5128
f 5132/5132/5132 5129/5129/5129 5108/5108/5108
f 5132/5132/5132 5108/5108/5108 5110/5110/5110
f 5133/5133/5133 5131/5131/5131 5130/5130/5130
f 5133/5133/5133 5134/5134/5134 5131/5131/5131
f 5135/5135/5135 5130/5130/5130 5129/5129/5129
f 5129/5129/5129 5132/5132/5132 5135/5135/5135
f 5130/5130/5130 5135/5135/5135 5133/5133/5133
f 5132/5132/5132 5110/5110/5110 5136/5136/5136
f 5136/5136/5136 5135/5135/5135 5132/5132/5132
f 5137/5137/5137 5136/5136/5136 5110/5110/5110
f 5138/5138/5138 5134/5134/5134 5133/5133/5133
f 5138/5138/5138 5133/5133/5133 5135/5135/5135
f 5136/5136/5136 5138/5138/5138 5135/5135/5135
f 5139/5139/5139 5134/5134/5134 5138/5138/5138
f 5136/5136/5136 5137/5137/5137 5140/5140/5140
f 5136/5136/5136 5140/5140/5140 5138/5138/5138
f 5140/5140/5140 5139/5139/5139 5138/5138/5138
f 5141/5141/5141 5140/5140/5140 5137/5137/5137
f 5139/5139/5139 5140/5140/5140 5141/5141/5141
f 4346/4346/4346 5142/5142/5142 4350/4350/4350
f 5142/5142/5142 4346/4346/4346 4345/4345/4345
f 5142/5142/5142 4345/4345/4345 4361/4361/4361
f 5143/5143/5143 4350/4350/4350 5142/5142/5142
f 5142/5142/5142 4361/4361/4361 5143/5143/5143
f 5143/5143/5143 5144/5144/5144 4350/4350/4350
f 5144/5144/5144 4351/4351/4351 4350/4350/4350
f 5145/5145/5145 4351/4351/4351 5144/5144/5144
f 5146/5146/5146 5145/5145/5145 5144/5144/5144
f 5147/5147/5147 5146/5146/5146 5144/5144/5144
f 5148/5148/5148 5147/5147/5147 5144/5144/5144
f 5148/5148/5148 5144/5144/5144 5143/5143/5143
f 5149/5149/5149 5147/5147/5147 5148/5148/5148
f 5150/5150/5150 5143/5143/5143 4361/4361/4361
f 5150/5150/5150 5148/5148/5148 5143/5143/5143
f 5148/5148/5148 5150/5150/5150 5149/5149/5149
f 4361/4361/4361 4362/4362/4362 5150/5150/5150
f 5150/5150/5150 4362/4362/4362 5149/5149/5149
f 5153/5153/5153 5152/5152/5152 5151/5151/5151
f 5153/5153/5153 5154/5154/5154 5152/5152/5152
f 5155/5155/5155 5151/5151/5151 5152/5152/5152
f 5155/5155/5155 5156/5156/5156 5151/5151/5151
f 5157/5157/5157 5152/5152/5152 5154/5154/5154
f 5154/5154/5154 5158/5158/5158 5157/5157/5157
f 5155/5155/5155 5159/5159/5159 5156/5156/5156
f 5159/5159/5159 5160/5160/5160 5156/5156/5156
f 5160/5160/5160 5159/5159/5159 5161/5161/5161
f 5161/5161/5161 5162/5162/5162 5160/5160/5160
f 5163/5163/5163 5159/5159/5159 5155/5155/5155
f 5159/5159/5159 5163/5163/5163 5161/5161/5161
f 5155/5155/5155 5152/5152/5152 5164/5164/5164
f 5164/5164/5164 5163/5163/5163 5155/5155/5155
f 5161/5161/5161 5165/5165/5165 5162/5162/5162
f 5162/5162/5162 5165/5165/5165 5166/5166/5166
f 5163/5163/5163 5167/5167/5167 5161/5161/5161
f 5165/5165/5165 5161/5161/5161 5167/5167/5167
f 5165/5165/5165 5168/5168/5168 5166/5166/5166
f 5165/5165/5165 5167/5167/5167 5168/5168/5168
f 5168/5168/5168 5167/5167/5167 5169/5169/5169
f 5166/5166/5166 5168/5168/5168 5170/5170/5170
f 5168/5168/5168 5169/5169/5169 5170/5170/5170
f 5170/5170/5170 5169/5169/5169 5171/5171/5171
f 5171/5171/5171 5169/5169/5169 5172/5172/5172
f 5167/5167/5167 5163/5163/5163 5173/5173/5173
f 5164/5164/5164 5173/5173/5173 5163/5163/5163
f 5173/5173/5173 5169/5169/5169 5167/5167/5167
f 5174/5174/5174 5164/5164/5164 5152/5152/5152
f 5152/5152/5152 5157/5157/5157 5174/5174/5174
f 5173/5173/5173 5164/5164/5164 5175/5175/5175
f 5173/5173/5173 5175/5175/5175 5169/5169/5169
f 5174/5174/5174 5175/5175/5175 5164/5164/5164
f 5176/5176/5176 5172/5172/5172 5169/5169/5169
f 5176/5176/5176 5169/5169/5169 5175/5175/5175
f 5172/5172/5172 5176/5176/5176 5177/5177/5177
f 5178/5178/5178 5177/5177/5177 5176/5176/5176
f 5176/5176/5176 5175/5175/5175 5178/5178/5178
f 5177/5177/5177 5178/5178/5178 5179/5179/5179
f 5175/5175/5175 5174/5174/5174 5180/5180/5180
f 5180/5180/5180 5178/5178/5178 5175/5175/5175
f 5181/5181/5181 5179/5179/5179 5178/5178/5178
f 5178/5178/5178 5180/5180/5180 5181/5181/5181
f 5179/5179/5179 5181/5181/5181 5182/5182/5182
f 5183/5183/5183 5174/5174/5174 5157/5157/5157
f 5183/5183/5183 5180/5180/5180 5174/5174/5174
f 5184/5184/5184 5182/5182/5182 5181/5181/5181
f 5182/5182/5182 5184/5184/5184 5185/5185/5185
f 5186/5186/5186 5181/5181/5181 5180/5180/5180
f 5180/5180/5180 5183/5183/5183 5186/5186/5186
f 5157/5157/5157 5187/5187/5187 5183/5183/5183
f 5187/5187/5187 5157/5157/5157 5158/5158/5158
f 5185/5185/5185 5184/5184/5184 5188/5188/5188
f 5185/5185/5185 5188/5188/5188 5189/5189/5189
f 5184/5184/5184 5181/5181/5181 5190/5190/5190
f 5190/5190/5190 5181/5181/5181 5186/5186/5186
f 5191/5191/5191 5186/5186/5186 5183/5183/5183
f 5191/5191/5191 5183/5183/5183 5187/5187/5187
f 5191/5191/5191 5192/5192/5192 5186/5186/5186
f 5191/5191/5191 5187/5187/5187 5192/5192/5192
f 5190/5190/5190 5186/5186/5186 5192/5192/5192
f 5158/5158/5158 5193/5193/5193 5187/5187/5187
f 5192/5192/5192 5187/5187/5187 5193/5193/5193
f 5194/5194/5194 5193/5193/5193 5158/5158/5158
f 5194/5194/5194 5195/5195/5195 5193/5193/5193
f 5196/5196/5196 5184/5184/5184 5190/5190/5190
f 5188/5188/5188 5184/5184/5184 5196/5196/5196
f 5197/5197/5197 5189/5189/5189 5188/5188/5188
f 5189/5189/5189 5197/5197/5197 5198/5198/5198
f 5197/5197/5197 5188/5188/5188 5199/5199/5199
f 5196/5196/5196 5199/5199/5199 5188/5188/5188
f 5197/5197/5197 5199/5199/5199 5198/5198/5198
f 5193/5193/5193 5200/5200/5200 5192/5192/5192
f 5200/5200/5200 5193/5193/5193 5195/5195/5195
f 5192/5192/5192 5201/5201/5201 5190/5190/5190
f 5196/5196/5196 5190/5190/5190 5201/5201/5201
f 5201/5201/5201 5192/5192/5192 5200/5200/5200
f 5199/5199/5199 5196/5196/5196 5202/5202/5202
f 5199/5199/5199 5202/5202/5202 5198/5198/5198
f 5201/5201/5201 5202/5202/5202 5196/5196/5196
f 5200/5200/5200 5195/5195/5195 5203/5203/5203
f 5200/5200/5200 5203/5203/5203 5201/5201/5201
f 5202/5202/5202 5201/5201/5201 5203/5203/5203
f 5203/5203/5203 5198/5198/5198 5202/5202/5202
f 5204/5204/5204 5203/5203/5203 5195/5195/5195
f 5204/5204/5204 5198/5198/5198 5203/5203/5203
f 5207/5207/5207 5206/5206/5206 5205/5205/5205
f 5205/5205/5205 5206/5206/5206 5208/5208/5208
f 5209/5209/5209 5206/5206/5206 5207/5207/5207
f 5210/5210/5210 5209/5209/5209 5207/5207/5207
f 5209/5209/5209 5210/5210/5210 5211/5211/5211
f 5212/5212/5212 5211/5211/5211 5210/5210/5210
f 5212/5212/5212 5213/5213/5213 5211/5211/5211
f 5206/5206/5206 5209/5209/5209 5214/5214/5214
f 5214/5214/5214 5208/5208/5208 5206/5206/5206
f 5211/5211/5211 5214/5214/5214 5209/5209/5209
f 5208/5208/5208 5214/5214/5214 5215/5215/5215
f 5214/5214/5214 5211/5211/5211 5215/5215/5215
f 5216/5216/5216 5211/5211/5211 5213/5213/5213
f 5213/5213/5213 5217/5217/5217 5216/5216/5216
f 5218/5218/5218 5216/5216/5216 5217/5217/5217
f 5216/5216/5216 5219/5219/5219 5211/5211/5211
f 5215/5215/5215 5211/5211/5211 5219/5219/5219
f 5218/5218/5218 5219/5219/5219 5216/5216/5216
f 5208/5208/5208 5215/5215/5215 5220/5220/5220
f 5220/5220/5220 5221/5221/5221 5208/5208/5208
f 5219/5219/5219 5218/5218/5218 5222/5222/5222
f 5215/5215/5215 5219/5219/5219 5222/5222/5222
f 5223/5223/5223 5221/5221/5221 5220/5220/5220
f 5224/5224/5224 5221/5221/5221 5223/5223/5223
f 5224/5224/5224 5223/5223/5223 5225/5225/5225
f 5225/5225/5225 5226/5226/5226 5224/5224/5224
f 5226/5226/5226 5225/5225/5225 5227/5227/5227
f 5226/5226/5226 5227/5227/5227 5228/5228/5228
f 5227/5227/5227 5229/5229/5229 5228/5228/5228
f 5230/5230/5230 5229/5229/5229 5227/5227/5227
f 5227/5227/5227 5231/5231/5231 5230/5230/5230
f 5225/5225/5225 5231/5231/5231 5227/5227/5227
f 5231/5231/5231 5232/5232/5232 5230/5230/5230
f 5231/5231/5231 5233/5233/5233 5232/5232/5232
f 5233/5233/5233 5231/5231/5231 5225/5225/5225
f 5233/5233/5233 5234/5234/5234 5232/5232/5232
f 5233/5233/5233 5225/5225/5225 5235/5235/5235
f 5225/5225/5225 5223/5223/5223 5235/5235/5235
f 5233/5233/5233 5236/5236/5236 5234/5234/5234
f 5233/5233/5233 5235/5235/5235 5236/5236/5236
f 5237/5237/5237 5234/5234/5234 5236/5236/5236
f 5236/5236/5236 5238/5238/5238 5237/5237/5237
f 5235/5235/5235 5223/5223/5223 5239/5239/5239
f 5236/5236/5236 5235/5235/5235 5239/5239/5239
f 5240/5240/5240 5238/5238/5238 5236/5236/5236
f 5239/5239/5239 5240/5240/5240 5236/5236/5236
f 5240/5240/5240 5241/5241/5241 5238/5238/5238
f 5242/5242/5242 5238/5238/5238 5241/5241/5241
f 5242/5242/5242 5241/5241/5241 5243/5243/5243
f 5239/5239/5239 5223/5223/5223 5244/5244/5244
f 5244/5244/5244 5223/5223/5223 5220/5220/5220
f 5245/5245/5245 5240/5240/5240 5239/5239/5239
f 5240/5240/5240 5245/5245/5245 5241/5241/5241
f 5246/5246/5246 5243/5243/5243 5241/5241/5241
f 5247/5247/5247 5243/5243/5243 5246/5246/5246
f 5246/5246/5246 5241/5241/5241 5248/5248/5248
f 5247/5247/5247 5246/5246/5246 5248/5248/5248
f 5220/5220/5220 5249/5249/5249 5244/5244/5244
f 5215/5215/5215 5249/5249/5249 5220/5220/5220
f 5244/5244/5244 5250/5250/5250 5239/5239/5239
f 5239/5239/5239 5250/5250/5250 5245/5245/5245
f 5251/5251/5251 5250/5250/5250 5244/5244/5244
f 5244/5244/5244 5249/5249/5249 5251/5251/5251
f 5250/5250/5250 5251/5251/5251 5245/5245/5245
f 5252/5252/5252 5241/5241/5241 5245/5245/5245
f 5252/5252/5252 5248/5248/5248 5241/5241/5241
f 5252/5252/5252 5253/5253/5253 5248/5248/5248
f 5245/5245/5245 5254/5254/5254 5252/5252/5252
f 5254/5254/5254 5245/5245/5245 5251/5251/5251
f 5252/5252/5252 5254/5254/5254 5253/5253/5253
f 5255/5255/5255 5249/5249/5249 5215/5215/5215
f 5249/5249/5249 5255/5255/5255 5251/5251/5251
f 5251/5251/5251 5256/5256/5256 5254/5254/5254
f 5256/5256/5256 5251/5251/5251 5255/5255/5255
f 5257/5257/5257 5255/5255/5255 5215/5215/5215
f 5255/5255/5255 5257/5257/5257 5256/5256/5256
f 5257/5257/5257 5215/5215/5215 5222/5222/5222
f 5258/5258/5258 5254/5254/5254 5256/5256/5256
f 5253/5253/5253 5254/5254/5254 5258/5258/5258
f 5259/5259/5259 5256/5256/5256 5257/5257/5257
f 5256/5256/5256 5259/5259/5259 5258/5258/5258
f 5257/5257/5257 5222/5222/5222 5259/5259/5259
f 5260/5260/5260 5258/5258/5258 5259/5259/5259
f 5253/5253/5253 5258/5258/5258 5260/5260/5260
f 5222/5222/5222 5261/5261/5261 5259/5259/5259
f 5259/5259/5259 5261/5261/5261 5260/5260/5260
f 5262/5262/5262 5248/5248/5248 5253/5253/5253
f 5248/5248/5248 5262/5262/5262 5247/5247/5247
f 5262/5262/5262 5253/5253/5253 5263/5263/5263
f 5262/5262/5262 5263/5263/5263 5247/5247/5247
f 5264/5264/5264 5253/5253/5253 5260/5260/5260
f 5264/5264/5264 5263/5263/5263 5253/5253/5253
f 5247/5247/5247 5263/5263/5263 5265/5265/5265
f 5265/5265/5265 5263/5263/5263 5264/5264/5264
f 5265/5265/5265 5266/5266/5266 5247/5247/5247
f 5264/5264/5264 5260/5260/5260 5267/5267/5267
f 5267/5267/5267 5260/5260/5260 5261/5261/5261
f 5265/5265/5265 5264/5264/5264 5267/5267/5267
f 5268/5268/5268 5266/5266/5266 5265/5265/5265
f 5269/5269/5269 5266/5266/5266 5268/5268/5268
f 5267/5267/5267 5270/5270/5270 5265/5265/5265
f 5270/5270/5270 5267/5267/5267 5261/5261/5261
f 5265/5265/5265 5270/5270/5270 5268/5268/5268
f 5271/5271/5271 5270/5270/5270 5261/5261/5261
f 5272/5272/5272 5271/5271/5271 5261/5261/5261
f 5272/5272/5272 5261/5261/5261 5222/5222/5222
f 5272/5272/5272 5222/5222/5222 5218/5218/5218
f 5272/5272/5272 5218/5218/5218 5271/5271/5271
f 5218/5218/5218 5273/5273/5273 5271/5271/5271
f 5274/5274/5274 5268/5268/5268 5270/5270/5270
f 5274/5274/5274 5270/5270/5270 5271/5271/5271
f 5274/5274/5274 5275/5275/5275 5268/5268/5268
f 5275/5275/5275 5274/5274/5274 5271/5271/5271
f 5271/5271/5271 5273/5273/5273 5276/5276/5276
f 5277/5277/5277 5276/5276/5276 5273/5273/5273
f 5277/5277/5277 5278/5278/5278 5276/5276/5276
f 5279/5279/5279 5268/5268/5268 5275/5275/5275
f 5279/5279/5279 5269/5269/5269 5268/5268/5268
f 5280/5280/5280 5275/5275/5275 5271/5271/5271
f 5280/5280/5280 5279/5279/5279 5275/5275/5275
f 5276/5276/5276 5280/5280/5280 5271/5271/5271
f 5281/5281/5281 5279/5279/5279 5280/5280/5280
f 5281/5281/5281 5269/5269/5269 5279/5279/5279
f 5282/5282/5282 5280/5280/5280 5276/5276/5276
f 5280/5280/5280 5282/5282/5282 5281/5281/5281
f 5276/5276/5276 5278/5278/5278 5283/5283/5283
f 5276/5276/5276 5283/5283/5283 5282/5282/5282
f 5284/5284/5284 5269/5269/5269 5281/5281/5281
f 5284/5284/5284 5281/5281/5281 5282/5282/5282
f 5285/5285/5285 5269/5269/5269 5284/5284/5284
f 5282/5282/5282 5285/5285/5285 5284/5284/5284
f 5286/5286/5286 5282/5282/5282 5283/5283/5283
f 5286/5286/5286 5285/5285/5285 5282/5282/5282
f 5269/5269/5269 5285/5285/5285 5287/5287/5287
f 5269/5269/5269 5287/5287/5287 5288/5288/5288
f 5288/5288/5288 5287/5287/5287 5289/5289/5289
f 5285/5285/5285 5290/5290/5290 5287/5287/5287
f 5285/5285/5285 5286/5286/5286 5290/5290/5290
f 5287/5287/5287 5290/5290/5290 5289/5289/5289
f 5286/5286/5286 5283/5283/5283 5291/5291/5291
f 5291/5291/5291 5290/5290/5290 5286/5286/5286
f 5292/5292/5292 5283/5283/5283 5278/5278/5278
f 5292/5292/5292 5291/5291/5291 5283/5283/5283
f 5293/5293/5293 5289/5289/5289 5290/5290/5290
f 5293/5293/5293 5290/5290/5290 5291/5291/5291
f 5293/5293/5293 5294/5294/5294 5289/5289/5289
f 5295/5295/5295 5289/5289/5289 5294/5294/5294
f 5295/5295/5295 5294/5294/5294 5296/5296/5296
f 5293/5293/5293 5291/5291/5291 5297/5297/5297
f 5291/5291/5291 5292/5292/5292 5297/5297/5297
f 5293/5293/5293 5297/5297/5297 5294/5294/5294
f 5292/5292/5292 5278/5278/5278 5298/5298/5298
f 5298/5298/5298 5297/5297/5297 5292/5292/5292
f 5298/5298/5298 5299/5299/5299 5297/5297/5297
f 5278/5278/5278 5300/5300/5300 5298/5298/5298
f 5300/5300/5300 5301/5301/5301 5298/5298/5298
f 5298/5298/5298 5301/5301/5301 5299/5299/5299
f 5301/5301/5301 5302/5302/5302 5299/5299/5299
f 5302/5302/5302 5303/5303/5303 5299/5299/5299
f 5304/5304/5304 5294/5294/5294 5297/5297/5297
f 5304/5304/5304 5297/5297/5297 5299/5299/5299
f 5303/5303/5303 5305/5305/5305 5299/5299/5299
f 5303/5303/5303 5306/5306/5306 5305/5305/5305
f 5306/5306/5306 5307/5307/5307 5305/5305/5305
f 5304/5304/5304 5299/5299/5299 5308/5308/5308
f 5304/5304/5304 5308/5308/5308 5294/5294/5294
f 5305/5305/5305 5308/5308/5308 5299/5299/5299
f 5307/5307/5307 5309/5309/5309 5305/5305/5305
f 5305/5305/5305 5309/5309/5309 5308/5308/5308
f 5310/5310/5310 5294/5294/5294 5308/5308/5308
f 5310/5310/5310 5296/5296/5296 5294/5294/5294
f 5311/5311/5311 5308/5308/5308 5309/5309/5309
f 5311/5311/5311 5310/5310/5310 5308/5308/5308
f 5312/5312/5312 5309/5309/5309 5307/5307/5307
f 5309/5309/5309 5312/5312/5312 5311/5311/5311
f 5310/5310/5310 5313/5313/5313 5296/5296/5296
f 5313/5313/5313 5310/5310/5310 5311/5311/5311
f 5307/5307/5307 5314/5314/5314 5312/5312/5312
f 5307/5307/5307 5315/5315/5315 5314/5314/5314
f 5315/5315/5315 5316/5316/5316 5314/5314/5314
f 5317/5317/5317 5314/5314/5314 5316/5316/5316
f 5316/5316/5316 5318/5318/5318 5317/5317/5317
f 5319/5319/5319 5311/5311/5311 5312/5312/5312
f 5311/5311/5311 5319/5319/5319 5313/5313/5313
f 5320/5320/5320 5296/5296/5296 5313/5313/5313
f 5320/5320/5320 5321/5321/5321 5296/5296/5296
f 5322/5322/5322 5321/5321/5321 5320/5320/5320
f 5313/5313/5313 5323/5323/5323 5320/5320/5320
f 5323/5323/5323 5313/5313/5313 5319/5319/5319
f 5323/5323/5323 5322/5322/5322 5320/5320/5320
f 5319/5319/5319 5312/5312/5312 5324/5324/5324
f 5314/5314/5314 5324/5324/5324 5312/5312/5312
f 5319/5319/5319 5324/5324/5324 5323/5323/5323
f 5325/5325/5325 5314/5314/5314 5317/5317/5317
f 5324/5324/5324 5314/5314/5314 5325/5325/5325
f 5323/5323/5323 5324/5324/5324 5326/5326/5326
f 5322/5322/5322 5323/5323/5323 5326/5326/5326
f 5326/5326/5326 5324/5324/5324 5327/5327/5327
f 5325/5325/5325 5327/5327/5327 5324/5324/5324
f 5322/5322/5322 5326/5326/5326 5327/5327/5327
f 5327/5327/5327 5325/5325/5325 5328/5328/5328
f 5322/5322/5322 5327/5327/5327 5328/5328/5328
f 5329/5329/5329 5328/5328/5328 5325/5325/5325
f 5329/5329/5329 5325/5325/5325 5317/5317/5317
f 5322/5322/5322 5328/5328/5328 5330/5330/5330
f 5328/5328/5328 5329/5329/5329 5330/5330/5330
f 5322/5322/5322 5330/5330/5330 5331/5331/5331
f 5332/5332/5332 5329/5329/5329 5317/5317/5317
f 5332/5332/5332 5330/5330/5330 5329/5329/5329
f 5331/5331/5331 5330/5330/5330 5333/5333/5333
f 5331/5331/5331 5333/5333/5333 5334/5334/5334
f 5332/5332/5332 5335/5335/5335 5330/5330/5330
f 5335/5335/5335 5332/5332/5332 5317/5317/5317
f 5333/5333/5333 5330/5330/5330 5335/5335/5335
f 5335/5335/5335 5317/5317/5317 5336/5336/5336
f 5337/5337/5337 5333/5333/5333 5335/5335/5335
f 5337/5337/5337 5335/5335/5335 5336/5336/5336
f 5317/5317/5317 5338/5338/5338 5336/5336/5336
f 5318/5318/5318 5338/5338/5338 5317/5317/5317
f 5338/5338/5338 5339/5339/5339 5336/5336/5336
f 5338/5338/5338 5318/5318/5318 5339/5339/5339
f 5340/5340/5340 5333/5333/5333 5337/5337/5337
f 5341/5341/5341 5337/5337/5337 5336/5336/5336
f 5340/5340/5340 5337/5337/5337 5341/5341/5341
f 5342/5342/5342 5340/5340/5340 5341/5341/5341
f 5343/5343/5343 5333/5333/5333 5340/5340/5340
f 5343/5343/5343 5334/5334/5334 5333/5333/5333
f 5340/5340/5340 5342/5342/5342 5343/5343/5343
f 5336/5336/5336 5344/5344/5344 5341/5341/5341
f 5336/5336/5336 5339/5339/5339 5344/5344/5344
f 5343/5343/5343 5345/5345/5345 5334/5334/5334
f 5345/5345/5345 5343/5343/5343 5342/5342/5342
f 5345/5345/5345 5346/5346/5346 5334/5334/5334
f 5345/5345/5345 5342/5342/5342 5346/5346/5346
f 5341/5341/5341 5344/5344/5344 5347/5347/5347
f 5347/5347/5347 5342/5342/5342 5341/5341/5341
f 5348/5348/5348 5334/5334/5334 5346/5346/5346
f 5348/5348/5348 5346/5346/5346 5349/5349/5349
f 5350/5350/5350 5334/5334/5334 5348/5348/5348
f 5348/5348/5348 5349/5349/5349 5350/5350/5350
f 5351/5351/5351 5350/5350/5350 5349/5349/5349
f 5351/5351/5351 5349/5349/5349 5352/5352/5352
f 5353/5353/5353 5346/5346/5346 5342/5342/5342
f 5353/5353/5353 5349/5349/5349 5346/5346/5346
f 5354/5354/5354 5342/5342/5342 5347/5347/5347
f 5354/5354/5354 5353/5353/5353 5342/5342/5342
f 5355/5355/5355 5347/5347/5347 5344/5344/5344
f 5347/5347/5347 5355/5355/5355 5354/5354/5354
f 5353/5353/5353 5356/5356/5356 5349/5349/5349
f 5354/5354/5354 5356/5356/5356 5353/5353/5353
f 5357/5357/5357 5352/5352/5352 5349/5349/5349
f 5357/5357/5357 5349/5349/5349 5356/5356/5356
f 5352/5352/5352 5357/5357/5357 5358/5358/5358
f 5352/5352/5352 5358/5358/5358 5359/5359/5359
f 5359/5359/5359 5358/5358/5358 5360/5360/5360
f 5344/5344/5344 5361/5361/5361 5355/5355/5355
f 5339/5339/5339 5361/5361/5361 5344/5344/5344
f 5362/5362/5362 5361/5361/5361 5339/5339/5339
f 5363/5363/5363 5362/5362/5362 5339/5339/5339
f 5362/5362/5362 5363/5363/5363 5364/5364/5364
f 5363/5363/5363 5339/5339/5339 5318/5318/5318
f 5363/5363/5363 5318/5318/5318 5365/5365/5365
f 5365/5365/5365 5364/5364/5364 5363/5363/5363
f 5318/5318/5318 5366/5366/5366 5365/5365/5365
f 5365/5365/5365 5366/5366/5366 5367/5367/5367
f 5365/5365/5365 5367/5367/5367 5364/5364/5364
f 5368/5368/5368 5364/5364/5364 5367/5367/5367
f 5368/5368/5368 5369/5369/5369 5364/5364/5364
f 5370/5370/5370 5355/5355/5355 5361/5361/5361
f 5370/5370/5370 5361/5361/5361 5362/5362/5362
f 5371/5371/5371 5364/5364/5364 5369/5369/5369
f 5371/5371/5371 5369/5369/5369 5372/5372/5372
f 5355/5355/5355 5370/5370/5370 5373/5373/5373
f 5373/5373/5373 5354/5354/5354 5355/5355/5355
f 5354/5354/5354 5373/5373/5373 5356/5356/5356
f 5364/5364/5364 5371/5371/5371 5374/5374/5374
f 5364/5364/5364 5374/5374/5374 5362/5362/5362
f 5375/5375/5375 5371/5371/5371 5372/5372/5372
f 5375/5375/5375 5374/5374/5374 5371/5371/5371
f 5375/5375/5375 5372/5372/5372 5376/5376/5376
f 5376/5376/5376 5377/5377/5377 5375/5375/5375
f 5374/5374/5374 5375/5375/5375 5377/5377/5377
f 5374/5374/5374 5377/5377/5377 5362/5362/5362
f 5378/5378/5378 5370/5370/5370 5362/5362/5362
f 5378/5378/5378 5373/5373/5373 5370/5370/5370
f 5362/5362/5362 5377/5377/5377 5379/5379/5379
f 5378/5378/5378 5362/5362/5362 5379/5379/5379
f 5380/5380/5380 5379/5379/5379 5377/5377/5377
f 5378/5378/5378 5381/5381/5381 5373/5373/5373
f 5378/5378/5378 5379/5379/5379 5381/5381/5381
f 5380/5380/5380 5382/5382/5382 5379/5379/5379
f 5382/5382/5382 5381/5381/5381 5379/5379/5379
f 5380/5380/5380 5383/5383/5383 5382/5382/5382
f 5384/5384/5384 5373/5373/5373 5381/5381/5381
f 5384/5384/5384 5356/5356/5356 5373/5373/5373
f 5384/5384/5384 5381/5381/5381 5385/5385/5385
f 5384/5384/5384 5385/5385/5385 5356/5356/5356
f 5382/5382/5382 5385/5385/5385 5381/5381/5381
f 5357/5357/5357 5356/5356/5356 5385/5385/5385
f 5357/5357/5357 5385/5385/5385 5358/5358/5358
f 5382/5382/5382 5383/5383/5383 5386/5386/5386
f 5387/5387/5387 5386/5386/5386 5383/5383/5383
f 5388/5388/5388 5385/5385/5385 5382/5382/5382
f 5388/5388/5388 5358/5358/5358 5385/5385/5385
f 5382/5382/5382 5386/5386/5386 5388/5388/5388
f 5389/5389/5389 5358/5358/5358 5388/5388/5388
f 5386/5386/5386 5389/5389/5389 5388/5388/5388
f 5389/5389/5389 5360/5360/5360 5358/5358/5358
f 5360/5360/5360 5389/5389/5389 5390/5390/5390
f 5389/5389/5389 5391/5391/5391 5390/5390/5390
f 5391/5391/5391 5389/5389/5389 5386/5386/5386
f 5390/5390/5390 5391/5391/5391 5392/5392/5392
f 5386/5386/5386 5387/5387/5387 5393/5393/5393
f 5391/5391/5391 5386/5386/5386 5393/5393/5393
f 5391/5391/5391 5393/5393/5393 5392/5392/5392
f 5393/5393/5393 5387/5387/5387 5394/5394/5394
f 5395/5395/5395 5392/5392/5392 5393/5393/5393
f 5395/5395/5395 5393/5393/5393 5394/5394/5394
g Kayoko_Original_Body_2
f 5398/5398/5398 5397/5397/5397 5396/5396/5396
f 5396/5396/5396 5397/5397/5397 5399/5399/5399
f 5396/5396/5396 5399/5399/5399 5400/5400/5400
f 5399/5399/5399 5397/5397/5397 5401/5401/5401
f 5400/5400/5400 5399/5399/5399 5402/5402/5402
f 5400/5400/5400 5402/5402/5402 5403/5403/5403
f 5404/5404/5404 5403/5403/5403 5402/5402/5402
f 5403/5403/5403 5404/5404/5404 5405/5405/5405
f 5406/5406/5406 5405/5405/5405 5404/5404/5404
f 5406/5406/5406 5404/5404/5404 5407/5407/5407
f 5404/5404/5404 5402/5402/5402 5408/5408/5408
f 5407/5407/5407 5404/5404/5404 5408/5408/5408
f 5402/5402/5402 5399/5399/5399 5409/5409/5409
f 5409/5409/5409 5408/5408/5408 5402/5402/5402
f 5410/5410/5410 5399/5399/5399 5401/5401/5401
f 5409/5409/5409 5399/5399/5399 5410/5410/5410
f 5411/5411/5411 5410/5410/5410 5401/5401/5401
f 5411/5411/5411 5409/5409/5409 5410/5410/5410
f 5412/5412/5412 5411/5411/5411 5401/5401/5401
f 5413/5413/5413 5407/5407/5407 5408/5408/5408
f 5413/5413/5413 5414/5414/5414 5407/5407/5407
f 5415/5415/5415 5414/5414/5414 5413/5413/5413
f 5413/5413/5413 5416/5416/5416 5415/5415/5415
f 5409/5409/5409 5417/5417/5417 5408/5408/5408
f 5413/5413/5413 5408/5408/5408 5417/5417/5417
f 5413/5413/5413 5417/5417/5417 5416/5416/5416
f 5417/5417/5417 5409/5409/5409 5411/5411/5411
f 5418/5418/5418 5416/5416/5416 5417/5417/5417
f 5411/5411/5411 5418/5418/5418 5417/5417/5417
f 5419/5419/5419 5418/5418/5418 5411/5411/5411
f 5412/5412/5412 5419/5419/5419 5411/5411/5411
f 5420/5420/5420 5419/5419/5419 5412/5412/5412
f 5423/5423/5423 5422/5422/5422 5421/5421/5421
f 5424/5424/5424 5422/5422/5422 5423/5423/5423
f 5425/5425/5425 5424/5424/5424 5423/5423/5423
f 5426/5426/5426 5425/5425/5425 5423/5423/5423
f 5427/5427/5427 5425/5425/5425 5426/5426/5426
f 5425/5425/5425 5428/5428/5428 5424/5424/5424
f 5424/5424/5424 5428/5428/5428 5422/5422/5422
f 5429/5429/5429 5428/5428/5428 5425/5425/5425
f 5429/5429/5429 5425/5425/5425 5427/5427/5427
f 5422/5422/5422 5428/5428/5428 5430/5430/5430
f 5431/5431/5431 5429/5429/5429 5427/5427/5427
f 5432/5432/5432 5429/5429/5429 5431/5431/5431
f 5433/5433/5433 5429/5429/5429 5432/5432/5432
f 5433/5433/5433 5428/5428/5428 5429/5429/5429
f 5434/5434/5434 5433/5433/5433 5432/5432/5432
f 5435/5435/5435 5433/5433/5433 5434/5434/5434
f 5435/5435/5435 5428/5428/5428 5433/5433/5433
f 5436/5436/5436 5435/5435/5435 5434/5434/5434
f 5437/5437/5437 5435/5435/5435 5436/5436/5436
f 5437/5437/5437 5428/5428/5428 5435/5435/5435
f 5438/5438/5438 5437/5437/5437 5436/5436/5436
f 5439/5439/5439 5437/5437/5437 5438/5438/5438
f 5437/5437/5437 5439/5439/5439 5440/5440/5440
f 5440/5440/5440 5428/5428/5428 5437/5437/5437
f 5441/5441/5441 5440/5440/5440 5439/5439/5439
f 5441/5441/5441 5428/5428/5428 5440/5440/5440
f 5439/5439/5439 5442/5442/5442 5441/5441/5441
f 5443/5443/5443 5441/5441/5441 5442/5442/5442
f 5444/5444/5444 5428/5428/5428 5441/5441/5441
f 5444/5444/5444 5441/5441/5441 5443/5443/5443
f 5430/5430/5430 5428/5428/5428 5444/5444/5444
f 5430/5430/5430 5444/5444/5444 5443/5443/5443
f 5445/5445/5445 5430/5430/5430 5443/5443/5443
f 5446/5446/5446 5430/5430/5430 5445/5445/5445
f 5422/5422/5422 5430/5430/5430 5446/5446/5446
f 5447/5447/5447 5422/5422/5422 5446/5446/5446
f 5448/5448/5448 5422/5422/5422 5447/5447/5447
f 5451/5451/5451 5450/5450/5450 5449/5449/5449
f 5451/5451/5451 5452/5452/5452 5450/5450/5450
f 5452/5452/5452 5453/5453/5453 5450/5450/5450
f 5453/5453/5453 5454/5454/5454 5450/5450/5450
f 5453/5453/5453 5455/5455/5455 5454/5454/5454
f 5456/5456/5456 5453/5453/5453 5452/5452/5452
f 5456/5456/5456 5452/5452/5452 5451/5451/5451
f 5456/5456/5456 5457/5457/5457 5453/5453/5453
f 5453/5453/5453 5457/5457/5457 5455/5455/5455
f 5456/5456/5456 5451/5451/5451 5458/5458/5458
f 5457/5457/5457 5459/5459/5459 5455/5455/5455
f 5457/5457/5457 5460/5460/5460 5459/5459/5459
f 5457/5457/5457 5461/5461/5461 5460/5460/5460
f 5456/5456/5456 5461/5461/5461 5457/5457/5457
f 5461/5461/5461 5462/5462/5462 5460/5460/5460
f 5461/5461/5461 5463/5463/5463 5462/5462/5462
f 5456/5456/5456 5463/5463/5463 5461/5461/5461
f 5463/5463/5463 5464/5464/5464 5462/5462/5462
f 5463/5463/5463 5465/5465/5465 5464/5464/5464
f 5456/5456/5456 5465/5465/5465 5463/5463/5463
f 5465/5465/5465 5466/5466/5466 5464/5464/5464
f 5465/5465/5465 5467/5467/5467 5466/5466/5466
f 5467/5467/5467 5465/5465/5465 5468/5468/5468
f 5456/5456/5456 5468/5468/5468 5465/5465/5465
f 5468/5468/5468 5469/5469/5469 5467/5467/5467
f 5456/5456/5456 5469/5469/5469 5468/5468/5468
f 5470/5470/5470 5467/5467/5467 5469/5469/5469
f 5469/5469/5469 5471/5471/5471 5470/5470/5470
f 5456/5456/5456 5472/5472/5472 5469/5469/5469
f 5469/5469/5469 5472/5472/5472 5471/5471/5471
f 5456/5456/5456 5458/5458/5458 5472/5472/5472
f 5472/5472/5472 5458/5458/5458 5471/5471/5471
f 5458/5458/5458 5473/5473/5473 5471/5471/5471
f 5458/5458/5458 5474/5474/5474 5473/5473/5473
f 5458/5458/5458 5451/5451/5451 5474/5474/5474
f 5451/5451/5451 5475/5475/5475 5474/5474/5474
f 5451/5451/5451 5476/5476/5476 5475/5475/5475
f 5479/5479/5479 5478/5478/5478 5477/5477/5477
f 5480/5480/5480 5477/5477/5477 5478/5478/5478
f 5481/5481/5481 5478/5478/5478 5479/5479/5479
f 5482/5482/5482 5480/5480/5480 5478/5478/5478
f 5483/5483/5483 5478/5478/5478 5481/5481/5481
f 5484/5484/5484 5482/5482/5482 5478/5478/5478
f 5485/5485/5485 5478/5478/5478 5483/5483/5483
f 5486/5486/5486 5484/5484/5484 5478/5478/5478
f 5487/5487/5487 5478/5478/5478 5485/5485/5485
f 5488/5488/5488 5486/5486/5486 5478/5478/5478
f 5489/5489/5489 5478/5478/5478 5487/5487/5487
f 5490/5490/5490 5488/5488/5488 5478/5478/5478
f 5491/5491/5491 5478/5478/5478 5489/5489/5489
f 5490/5490/5490 5478/5478/5478 5492/5492/5492
f 5493/5493/5493 5478/5478/5478 5491/5491/5491
f 5492/5492/5492 5478/5478/5478 5494/5494/5494
f 5495/5495/5495 5478/5478/5478 5493/5493/5493
f 5494/5494/5494 5478/5478/5478 5495/5495/5495
f 5498/5498/5498 5497/5497/5497 5496/5496/5496
f 5496/5496/5496 5499/5499/5499 5498/5498/5498
f 5498/5498/5498 5500/5500/5500 5497/5497/5497
f 5499/5499/5499 5501/5501/5501 5498/5498/5498
f 5498/5498/5498 5502/5502/5502 5500/5500/5500
f 5501/5501/5501 5503/5503/5503 5498/5498/5498
f 5498/5498/5498 5504/5504/5504 5502/5502/5502
f 5503/5503/5503 5505/5505/5505 5498/5498/5498
f 5498/5498/5498 5506/5506/5506 5504/5504/5504
f 5505/5505/5505 5507/5507/5507 5498/5498/5498
f 5498/5498/5498 5508/5508/5508 5506/5506/5506
f 5507/5507/5507 5509/5509/5509 5498/5498/5498
f 5498/5498/5498 5510/5510/5510 5508/5508/5508
f 5498/5498/5498 5509/5509/5509 5511/5511/5511
f 5498/5498/5498 5512/5512/5512 5510/5510/5510
f 5498/5498/5498 5511/5511/5511 5513/5513/5513
f 5498/5498/5498 5514/5514/5514 5512/5512/5512
f 5498/5498/5498 5513/5513/5513 5514/5514/5514
f 5517/5517/5517 5516/5516/5516 5515/5515/5515
f 5518/5518/5518 5515/5515/5515 5516/5516/5516
f 5519/5519/5519 5517/5517/5517 5515/5515/5515
f 5520/5520/5520 5515/5515/5515 5518/5518/5518
f 5519/5519/5519 5515/5515/5515 5521/5521/5521
f 5522/5522/5522 5515/5515/5515 5520/5520/5520
f 5521/5521/5521 5515/5515/5515 5523/5523/5523
f 5524/5524/5524 5515/5515/5515 5522/5522/5522
f 5523/5523/5523 5515/5515/5515 5525/5525/5525
f 5526/5526/5526 5515/5515/5515 5524/5524/5524
f 5525/5525/5525 5515/5515/5515 5527/5527/5527
f 5527/5527/5527 5515/5515/5515 5526/5526/5526
f 5530/5530/5530 5529/5529/5529 5528/5528/5528
f 5531/5531/5531 5528/5528/5528 5529/5529/5529
f 5532/5532/5532 5530/5530/5530 5528/5528/5528
f 5533/5533/5533 5528/5528/5528 5531/5531/5531
f 5532/5532/5532 5528/5528/5528 5534/5534/5534
f 5535/5535/5535 5528/5528/5528 5533/5533/5533
f 5534/5534/5534 5528/5528/5528 5536/5536/5536
f 5537/5537/5537 5528/5528/5528 5535/5535/5535
f 5536/5536/5536 5528/5528/5528 5538/5538/5538
f 5539/5539/5539 5528/5528/5528 5537/5537/5537
f 5538/5538/5538 5528/5528/5528 5540/5540/5540
f 5540/5540/5540 5528/5528/5528 5539/5539/5539
g Kayoko_Original_Body_3
f 5543/5543/5543 5542/5542/5542 5541/5541/5541
f 5546/5546/5546 5545/5545/5545 5544/5544/5544
f 5549/5549/5549 5548/5548/5548 5547/5547/5547
f 5550/5550/5550 5548/5548/5548 5549/5549/5549
f 5551/5551/5551 5548/5548/5548 5550/5550/5550
f 5552/5552/5552 5548/5548/5548 5551/5551/5551
f 5553/5553/5553 5548/5548/5548 5552/5552/5552
f 5554/5554/5554 5548/5548/5548 5553/5553/5553
f 5555/5555/5555 5554/5554/5554 5553/5553/5553
f 5554/5554/5554 5555/5555/5555 5556/5556/5556
f 5559/5559/5559 5558/5558/5558 5557/5557/5557
f 5560/5560/5560 5557/5557/5557 5558/5558/5558
f 5561/5561/5561 5560/5560/5560 5558/5558/5558
f 5557/5557/5557 5560/5560/5560 5562/5562/5562
f 5562/5562/5562 5563/5563/5563 5557/5557/5557
f 5564/5564/5564 5557/5557/5557 5563/5563/5563
f 5565/5565/5565 5564/5564/5564 5563/5563/5563
f 5565/5565/5565 5563/5563/5563 5566/5566/5566
f 5563/5563/5563 5567/5567/5567 5566/5566/5566
f 5568/5568/5568 5566/5566/5566 5567/5567/5567
f 5569/5569/5569 5563/5563/5563 5562/5562/5562
f 5563/5563/5563 5569/5569/5569 5567/5567/5567
f 5560/5560/5560 5561/5561/5561 5570/5570/5570
f 5562/5562/5562 5560/5560/5560 5571/5571/5571
f 5560/5560/5560 5570/5570/5570 5571/5571/5571
f 5570/5570/5570 5561/5561/5561 5572/5572/5572
f 5573/5573/5573 5572/5572/5572 5561/5561/5561
f 5572/5572/5572 5573/5573/5573 5574/5574/5574
f 5575/5575/5575 5574/5574/5574 5573/5573/5573
f 5574/5574/5574 5575/5575/5575 5576/5576/5576
f 5577/5577/5577 5576/5576/5576 5575/5575/5575
f 5574/5574/5574 5578/5578/5578 5572/5572/5572
f 5574/5574/5574 5576/5576/5576 5578/5578/5578
f 5572/5572/5572 5579/5579/5579 5570/5570/5570
f 5579/5579/5579 5572/5572/5572 5578/5578/5578
f 5571/5571/5571 5570/5570/5570 5580/5580/5580
f 5580/5580/5580 5570/5570/5570 5579/5579/5579
f 5576/5576/5576 5577/5577/5577 5581/5581/5581
f 5582/5582/5582 5581/5581/5581 5577/5577/5577
f 5582/5582/5582 5583/5583/5583 5581/5581/5581
f 5584/5584/5584 5581/5581/5581 5583/5583/5583
f 5583/5583/5583 5585/5585/5585 5584/5584/5584
f 5581/5581/5581 5586/5586/5586 5576/5576/5576
f 5581/5581/5581 5584/5584/5584 5586/5586/5586
f 5578/5578/5578 5576/5576/5576 5587/5587/5587
f 5587/5587/5587 5576/5576/5576 5586/5586/5586
f 5588/5588/5588 5579/5579/5579 5578/5578/5578
f 5578/5578/5578 5587/5587/5587 5588/5588/5588
f 5589/5589/5589 5584/5584/5584 5585/5585/5585
f 5585/5585/5585 5590/5590/5590 5589/5589/5589
f 5591/5591/5591 5589/5589/5589 5590/5590/5590
f 5590/5590/5590 5592/5592/5592 5591/5591/5591
f 5584/5584/5584 5589/5589/5589 5593/5593/5593
f 5589/5589/5589 5591/5591/5591 5593/5593/5593
f 5594/5594/5594 5586/5586/5586 5584/5584/5584
f 5584/5584/5584 5593/5593/5593 5594/5594/5594
f 5586/5586/5586 5595/5595/5595 5587/5587/5587
f 5586/5586/5586 5594/5594/5594 5595/5595/5595
f 5596/5596/5596 5588/5588/5588 5587/5587/5587
f 5596/5596/5596 5587/5587/5587 5595/5595/5595
f 5595/5595/5595 5597/5597/5597 5596/5596/5596
f 5598/5598/5598 5595/5595/5595 5594/5594/5594
f 5597/5597/5597 5595/5595/5595 5598/5598/5598
f 5593/5593/5593 5599/5599/5599 5594/5594/5594
f 5598/5598/5598 5594/5594/5594 5599/5599/5599
f 5600/5600/5600 5593/5593/5593 5591/5591/5591
f 5600/5600/5600 5599/5599/5599 5593/5593/5593
f 5601/5601/5601 5591/5591/5591 5592/5592/5592
f 5591/5591/5591 5601/5601/5601 5600/5600/5600
f 5596/5596/5596 5602/5602/5602 5588/5588/5588
f 5597/5597/5597 5602/5602/5602 5596/5596/5596
f 5598/5598/5598 5599/5599/5599 5603/5603/5603
f 5603/5603/5603 5597/5597/5597 5598/5598/5598
f 5592/5592/5592 5604/5604/5604 5601/5601/5601
f 5604/5604/5604 5592/5592/5592 5605/5605/5605
f 5599/5599/5599 5600/5600/5600 5606/5606/5606
f 5606/5606/5606 5603/5603/5603 5599/5599/5599
f 5607/5607/5607 5588/5588/5588 5602/5602/5602
f 5579/5579/5579 5588/5588/5588 5607/5607/5607
f 5608/5608/5608 5579/5579/5579 5607/5607/5607
f 5608/5608/5608 5580/5580/5580 5579/5579/5579
f 5607/5607/5607 5602/5602/5602 5609/5609/5609
f 5607/5607/5607 5609/5609/5609 5608/5608/5608
f 5610/5610/5610 5580/5580/5580 5608/5608/5608
f 5571/5571/5571 5580/5580/5580 5610/5610/5610
f 5604/5604/5604 5605/5605/5605 5611/5611/5611
f 5612/5612/5612 5611/5611/5611 5605/5605/5605
f 5602/5602/5602 5613/5613/5613 5609/5609/5609
f 5602/5602/5602 5597/5597/5597 5613/5613/5613
f 5610/5610/5610 5608/5608/5608 5614/5614/5614
f 5609/5609/5609 5614/5614/5614 5608/5608/5608
f 5610/5610/5610 5615/5615/5615 5571/5571/5571
f 5615/5615/5615 5562/5562/5562 5571/5571/5571
f 5610/5610/5610 5616/5616/5616 5615/5615/5615
f 5616/5616/5616 5610/5610/5610 5614/5614/5614
f 5617/5617/5617 5562/5562/5562 5615/5615/5615
f 5617/5617/5617 5615/5615/5615 5616/5616/5616
f 5562/5562/5562 5617/5617/5617 5569/5569/5569
f 5618/5618/5618 5616/5616/5616 5614/5614/5614
f 5619/5619/5619 5617/5617/5617 5616/5616/5616
f 5618/5618/5618 5614/5614/5614 5620/5620/5620
f 5620/5620/5620 5614/5614/5614 5609/5609/5609
f 5621/5621/5621 5618/5618/5618 5620/5620/5620
f 5621/5621/5621 5620/5620/5620 5622/5622/5622
f 5617/5617/5617 5619/5619/5619 5623/5623/5623
f 5569/5569/5569 5617/5617/5617 5623/5623/5623
f 5624/5624/5624 5623/5623/5623 5619/5619/5619
f 5620/5620/5620 5609/5609/5609 5625/5625/5625
f 5625/5625/5625 5622/5622/5622 5620/5620/5620
f 5625/5625/5625 5609/5609/5609 5613/5613/5613
f 5622/5622/5622 5625/5625/5625 5626/5626/5626
f 5623/5623/5623 5627/5627/5627 5569/5569/5569
f 5627/5627/5627 5567/5567/5567 5569/5569/5569
f 5623/5623/5623 5624/5624/5624 5628/5628/5628
f 5627/5627/5627 5623/5623/5623 5628/5628/5628
f 5629/5629/5629 5628/5628/5628 5624/5624/5624
f 5567/5567/5567 5627/5627/5627 5630/5630/5630
f 5627/5627/5627 5628/5628/5628 5630/5630/5630
f 5628/5628/5628 5629/5629/5629 5631/5631/5631
f 5630/5630/5630 5628/5628/5628 5631/5631/5631
f 5631/5631/5631 5629/5629/5629 5632/5632/5632
f 5632/5632/5632 5629/5629/5629 5633/5633/5633
f 5567/5567/5567 5630/5630/5630 5634/5634/5634
f 5567/5567/5567 5634/5634/5634 5568/5568/5568
f 5568/5568/5568 5634/5634/5634 5635/5635/5635
f 5568/5568/5568 5635/5635/5635 5636/5636/5636
f 5637/5637/5637 5630/5630/5630 5631/5631/5631
f 5637/5637/5637 5631/5631/5631 5632/5632/5632
f 5637/5637/5637 5632/5632/5632 5638/5638/5638
f 5632/5632/5632 5633/5633/5633 5639/5639/5639
f 5632/5632/5632 5639/5639/5639 5638/5638/5638
f 5640/5640/5640 5639/5639/5639 5633/5633/5633
f 5640/5640/5640 5641/5641/5641 5639/5639/5639
f 5642/5642/5642 5639/5639/5639 5641/5641/5641
f 5639/5639/5639 5642/5642/5642 5638/5638/5638
f 5641/5641/5641 5643/5643/5643 5642/5642/5642
f 5630/5630/5630 5644/5644/5644 5634/5634/5634
f 5644/5644/5644 5630/5630/5630 5637/5637/5637
f 5634/5634/5634 5645/5645/5645 5635/5635/5635
f 5645/5645/5645 5634/5634/5634 5644/5644/5644
f 5644/5644/5644 5637/5637/5637 5646/5646/5646
f 5646/5646/5646 5637/5637/5637 5638/5638/5638
f 5647/5647/5647 5645/5645/5645 5644/5644/5644
f 5647/5647/5647 5644/5644/5644 5646/5646/5646
f 5645/5645/5645 5648/5648/5648 5635/5635/5635
f 5645/5645/5645 5647/5647/5647 5648/5648/5648
f 5649/5649/5649 5642/5642/5642 5643/5643/5643
f 5650/5650/5650 5638/5638/5638 5642/5642/5642
f 5642/5642/5642 5649/5649/5649 5650/5650/5650
f 5643/5643/5643 5651/5651/5651 5649/5649/5649
f 5643/5643/5643 5652/5652/5652 5651/5651/5651
f 5653/5653/5653 5651/5651/5651 5652/5652/5652
f 5654/5654/5654 5653/5653/5653 5652/5652/5652
f 5655/5655/5655 5653/5653/5653 5654/5654/5654
f 5654/5654/5654 5656/5656/5656 5655/5655/5655
f 5653/5653/5653 5657/5657/5657 5651/5651/5651
f 5657/5657/5657 5653/5653/5653 5655/5655/5655
f 5651/5651/5651 5658/5658/5658 5649/5649/5649
f 5658/5658/5658 5651/5651/5651 5657/5657/5657
f 5658/5658/5658 5657/5657/5657 5659/5659/5659
f 5660/5660/5660 5650/5650/5650 5649/5649/5649
f 5660/5660/5660 5649/5649/5649 5658/5658/5658
f 5650/5650/5650 5661/5661/5661 5638/5638/5638
f 5660/5660/5660 5661/5661/5661 5650/5650/5650
f 5658/5658/5658 5662/5662/5662 5660/5660/5660
f 5659/5659/5659 5662/5662/5662 5658/5658/5658
f 5663/5663/5663 5655/5655/5655 5656/5656/5656
f 5656/5656/5656 5664/5664/5664 5663/5663/5663
f 5657/5657/5657 5655/5655/5655 5665/5665/5665
f 5657/5657/5657 5665/5665/5665 5659/5659/5659
f 5665/5665/5665 5666/5666/5666 5659/5659/5659
f 5665/5665/5665 5655/5655/5655 5667/5667/5667
f 5663/5663/5663 5667/5667/5667 5655/5655/5655
f 5665/5665/5665 5667/5667/5667 5666/5666/5666
f 5663/5663/5663 5664/5664/5664 5668/5668/5668
f 5663/5663/5663 5668/5668/5668 5667/5667/5667
f 5668/5668/5668 5664/5664/5664 5669/5669/5669
f 5669/5669/5669 5626/5626/5626 5668/5668/5668
f 5670/5670/5670 5668/5668/5668 5626/5626/5626
f 5670/5670/5670 5626/5626/5626 5625/5625/5625
f 5668/5668/5668 5671/5671/5671 5667/5667/5667
f 5670/5670/5670 5671/5671/5671 5668/5668/5668
f 5670/5670/5670 5625/5625/5625 5672/5672/5672
f 5670/5670/5670 5672/5672/5672 5671/5671/5671
f 5613/5613/5613 5672/5672/5672 5625/5625/5625
f 5613/5613/5613 5673/5673/5673 5672/5672/5672
f 5672/5672/5672 5673/5673/5673 5671/5671/5671
f 5667/5667/5667 5671/5671/5671 5674/5674/5674
f 5674/5674/5674 5666/5666/5666 5667/5667/5667
f 5613/5613/5613 5675/5675/5675 5673/5673/5673
f 5675/5675/5675 5613/5613/5613 5597/5597/5597
f 5671/5671/5671 5673/5673/5673 5676/5676/5676
f 5676/5676/5676 5674/5674/5674 5671/5671/5671
f 5675/5675/5675 5597/5597/5597 5677/5677/5677
f 5603/5603/5603 5677/5677/5677 5597/5597/5597
f 5675/5675/5675 5678/5678/5678 5673/5673/5673
f 5678/5678/5678 5676/5676/5676 5673/5673/5673
f 5678/5678/5678 5675/5675/5675 5679/5679/5679
f 5678/5678/5678 5679/5679/5679 5676/5676/5676
f 5675/5675/5675 5677/5677/5677 5679/5679/5679
f 5676/5676/5676 5680/5680/5680 5674/5674/5674
f 5680/5680/5680 5676/5676/5676 5679/5679/5679
f 5674/5674/5674 5681/5681/5681 5666/5666/5666
f 5681/5681/5681 5674/5674/5674 5680/5680/5680
f 5677/5677/5677 5603/5603/5603 5682/5682/5682
f 5603/5603/5603 5606/5606/5606 5682/5682/5682
f 5679/5679/5679 5677/5677/5677 5683/5683/5683
f 5679/5679/5679 5683/5683/5683 5680/5680/5680
f 5683/5683/5683 5677/5677/5677 5684/5684/5684
f 5682/5682/5682 5684/5684/5684 5677/5677/5677
f 5683/5683/5683 5685/5685/5685 5680/5680/5680
f 5684/5684/5684 5685/5685/5685 5683/5683/5683
f 5680/5680/5680 5685/5685/5685 5686/5686/5686
f 5680/5680/5680 5686/5686/5686 5681/5681/5681
f 5682/5682/5682 5606/5606/5606 5687/5687/5687
f 5600/5600/5600 5687/5687/5687 5606/5606/5606
f 5685/5685/5685 5684/5684/5684 5688/5688/5688
f 5685/5685/5685 5688/5688/5688 5686/5686/5686
f 5689/5689/5689 5686/5686/5686 5688/5688/5688
f 5690/5690/5690 5688/5688/5688 5684/5684/5684
f 5691/5691/5691 5686/5686/5686 5689/5689/5689
f 5684/5684/5684 5692/5692/5692 5690/5690/5690
f 5682/5682/5682 5692/5692/5692 5684/5684/5684
f 5693/5693/5693 5690/5690/5690 5692/5692/5692
f 5694/5694/5694 5693/5693/5693 5692/5692/5692
f 5691/5691/5691 5695/5695/5695 5686/5686/5686
f 5691/5691/5691 5696/5696/5696 5695/5695/5695
f 5686/5686/5686 5695/5695/5695 5681/5681/5681
f 5697/5697/5697 5692/5692/5692 5682/5682/5682
f 5697/5697/5697 5694/5694/5694 5692/5692/5692
f 5697/5697/5697 5682/5682/5682 5687/5687/5687
f 5698/5698/5698 5694/5694/5694 5697/5697/5697
f 5695/5695/5695 5696/5696/5696 5699/5699/5699
f 5695/5695/5695 5699/5699/5699 5681/5681/5681
f 5700/5700/5700 5699/5699/5699 5696/5696/5696
f 5687/5687/5687 5701/5701/5701 5697/5697/5697
f 5701/5701/5701 5698/5698/5698 5697/5697/5697
f 5702/5702/5702 5681/5681/5681 5699/5699/5699
f 5702/5702/5702 5666/5666/5666 5681/5681/5681
f 5702/5702/5702 5703/5703/5703 5666/5666/5666
f 5704/5704/5704 5699/5699/5699 5700/5700/5700
f 5704/5704/5704 5700/5700/5700 5705/5705/5705
f 5699/5699/5699 5706/5706/5706 5702/5702/5702
f 5704/5704/5704 5706/5706/5706 5699/5699/5699
f 5702/5702/5702 5706/5706/5706 5703/5703/5703
f 5704/5704/5704 5705/5705/5705 5707/5707/5707
f 5704/5704/5704 5707/5707/5707 5706/5706/5706
f 5708/5708/5708 5707/5707/5707 5705/5705/5705
f 5709/5709/5709 5706/5706/5706 5707/5707/5707
f 5706/5706/5706 5709/5709/5709 5703/5703/5703
f 5707/5707/5707 5708/5708/5708 5710/5710/5710
f 5707/5707/5707 5710/5710/5710 5709/5709/5709
f 5711/5711/5711 5666/5666/5666 5703/5703/5703
f 5711/5711/5711 5659/5659/5659 5666/5666/5666
f 5659/5659/5659 5711/5711/5711 5712/5712/5712
f 5711/5711/5711 5703/5703/5703 5712/5712/5712
f 5710/5710/5710 5708/5708/5708 5713/5713/5713
f 5714/5714/5714 5713/5713/5713 5708/5708/5708
f 5715/5715/5715 5659/5659/5659 5712/5712/5712
f 5715/5715/5715 5662/5662/5662 5659/5659/5659
f 5713/5713/5713 5714/5714/5714 5716/5716/5716
f 5716/5716/5716 5717/5717/5717 5713/5713/5713
f 5718/5718/5718 5716/5716/5716 5714/5714/5714
f 5718/5718/5718 5719/5719/5719 5716/5716/5716
f 5720/5720/5720 5716/5716/5716 5719/5719/5719
f 5716/5716/5716 5720/5720/5720 5717/5717/5717
f 5721/5721/5721 5720/5720/5720 5719/5719/5719
f 5713/5713/5713 5722/5722/5722 5710/5710/5710
f 5722/5722/5722 5713/5713/5713 5717/5717/5717
f 5723/5723/5723 5710/5710/5710 5722/5722/5722
f 5723/5723/5723 5709/5709/5709 5710/5710/5710
f 5724/5724/5724 5722/5722/5722 5717/5717/5717
f 5724/5724/5724 5723/5723/5723 5722/5722/5722
f 5725/5725/5725 5709/5709/5709 5723/5723/5723
f 5725/5725/5725 5703/5703/5703 5709/5709/5709
f 5724/5724/5724 5726/5726/5726 5723/5723/5723
f 5725/5725/5725 5723/5723/5723 5726/5726/5726
f 5725/5725/5725 5727/5727/5727 5703/5703/5703
f 5703/5703/5703 5727/5727/5727 5712/5712/5712
f 5727/5727/5727 5725/5725/5725 5728/5728/5728
f 5728/5728/5728 5725/5725/5725 5726/5726/5726
f 5729/5729/5729 5712/5712/5712 5727/5727/5727
f 5728/5728/5728 5729/5729/5729 5727/5727/5727
f 5712/5712/5712 5729/5729/5729 5715/5715/5715
f 5729/5729/5729 5730/5730/5730 5715/5715/5715
f 5662/5662/5662 5715/5715/5715 5730/5730/5730
f 5728/5728/5728 5731/5731/5731 5729/5729/5729
f 5731/5731/5731 5730/5730/5730 5729/5729/5729
f 5662/5662/5662 5730/5730/5730 5732/5732/5732
f 5660/5660/5660 5662/5662/5662 5732/5732/5732
f 5732/5732/5732 5661/5661/5661 5660/5660/5660
f 5726/5726/5726 5724/5724/5724 5733/5733/5733
f 5728/5728/5728 5726/5726/5726 5734/5734/5734
f 5734/5734/5734 5726/5726/5726 5733/5733/5733
f 5728/5728/5728 5735/5735/5735 5731/5731/5731
f 5728/5728/5728 5734/5734/5734 5735/5735/5735
f 5733/5733/5733 5724/5724/5724 5736/5736/5736
f 5736/5736/5736 5724/5724/5724 5717/5717/5717
f 5730/5730/5730 5731/5731/5731 5737/5737/5737
f 5732/5732/5732 5730/5730/5730 5738/5738/5738
f 5738/5738/5738 5730/5730/5730 5737/5737/5737
f 5661/5661/5661 5732/5732/5732 5739/5739/5739
f 5732/5732/5732 5738/5738/5738 5739/5739/5739
f 5740/5740/5740 5731/5731/5731 5735/5735/5735
f 5740/5740/5740 5737/5737/5737 5731/5731/5731
f 5661/5661/5661 5739/5739/5739 5741/5741/5741
f 5661/5661/5661 5741/5741/5741 5638/5638/5638
f 5646/5646/5646 5638/5638/5638 5741/5741/5741
f 5646/5646/5646 5741/5741/5741 5742/5742/5742
f 5741/5741/5741 5739/5739/5739 5742/5742/5742
f 5742/5742/5742 5647/5647/5647 5646/5646/5646
f 5743/5743/5743 5739/5739/5739 5738/5738/5738
f 5739/5739/5739 5743/5743/5743 5742/5742/5742
f 5744/5744/5744 5647/5647/5647 5742/5742/5742
f 5742/5742/5742 5743/5743/5743 5744/5744/5744
f 5647/5647/5647 5744/5744/5744 5648/5648/5648
f 5738/5738/5738 5737/5737/5737 5745/5745/5745
f 5743/5743/5743 5738/5738/5738 5745/5745/5745
f 5746/5746/5746 5744/5744/5744 5743/5743/5743
f 5648/5648/5648 5744/5744/5744 5746/5746/5746
f 5747/5747/5747 5745/5745/5745 5737/5737/5737
f 5737/5737/5737 5740/5740/5740 5747/5747/5747
f 5745/5745/5745 5748/5748/5748 5743/5743/5743
f 5743/5743/5743 5748/5748/5748 5746/5746/5746
f 5745/5745/5745 5747/5747/5747 5748/5748/5748
f 5648/5648/5648 5746/5746/5746 5749/5749/5749
f 5746/5746/5746 5748/5748/5748 5749/5749/5749
f 5750/5750/5750 5648/5648/5648 5749/5749/5749
f 5635/5635/5635 5648/5648/5648 5750/5750/5750
f 5751/5751/5751 5747/5747/5747 5740/5740/5740
f 5752/5752/5752 5748/5748/5748 5747/5747/5747
f 5747/5747/5747 5751/5751/5751 5752/5752/5752
f 5753/5753/5753 5749/5749/5749 5748/5748/5748
f 5748/5748/5748 5752/5752/5752 5753/5753/5753
f 5751/5751/5751 5740/5740/5740 5754/5754/5754
f 5735/5735/5735 5754/5754/5754 5740/5740/5740
f 5754/5754/5754 5735/5735/5735 5755/5755/5755
f 5734/5734/5734 5755/5755/5755 5735/5735/5735
f 5734/5734/5734 5756/5756/5756 5755/5755/5755
f 5733/5733/5733 5756/5756/5756 5734/5734/5734
f 5754/5754/5754 5755/5755/5755 5757/5757/5757
f 5757/5757/5757 5755/5755/5755 5756/5756/5756
f 5754/5754/5754 5758/5758/5758 5751/5751/5751
f 5757/5757/5757 5758/5758/5758 5754/5754/5754
f 5759/5759/5759 5752/5752/5752 5751/5751/5751
f 5759/5759/5759 5751/5751/5751 5758/5758/5758
f 5759/5759/5759 5760/5760/5760 5752/5752/5752
f 5759/5759/5759 5758/5758/5758 5760/5760/5760
f 5761/5761/5761 5753/5753/5753 5752/5752/5752
f 5761/5761/5761 5752/5752/5752 5760/5760/5760
f 5761/5761/5761 5762/5762/5762 5753/5753/5753
f 5761/5761/5761 5760/5760/5760 5762/5762/5762
f 5763/5763/5763 5760/5760/5760 5758/5758/5758
f 5760/5760/5760 5763/5763/5763 5762/5762/5762
f 5763/5763/5763 5758/5758/5758 5764/5764/5764
f 5762/5762/5762 5763/5763/5763 5764/5764/5764
f 5757/5757/5757 5764/5764/5764 5758/5758/5758
f 5765/5765/5765 5753/5753/5753 5762/5762/5762
f 5749/5749/5749 5753/5753/5753 5765/5765/5765
f 5766/5766/5766 5749/5749/5749 5765/5765/5765
f 5764/5764/5764 5767/5767/5767 5762/5762/5762
f 5750/5750/5750 5749/5749/5749 5766/5766/5766
f 5764/5764/5764 5768/5768/5768 5767/5767/5767
f 5764/5764/5764 5757/5757/5757 5768/5768/5768
f 5768/5768/5768 5769/5769/5769 5767/5767/5767
f 5770/5770/5770 5750/5750/5750 5766/5766/5766
f 5766/5766/5766 5771/5771/5771 5770/5770/5770
f 5635/5635/5635 5750/5750/5750 5770/5770/5770
f 5772/5772/5772 5770/5770/5770 5771/5771/5771
f 5773/5773/5773 5772/5772/5772 5771/5771/5771
f 5774/5774/5774 5772/5772/5772 5773/5773/5773
f 5775/5775/5775 5770/5770/5770 5772/5772/5772
f 5770/5770/5770 5775/5775/5775 5635/5635/5635
f 5635/5635/5635 5775/5775/5775 5636/5636/5636
f 5636/5636/5636 5775/5775/5775 5776/5776/5776
f 5777/5777/5777 5636/5636/5636 5776/5776/5776
f 5778/5778/5778 5777/5777/5777 5776/5776/5776
f 5779/5779/5779 5777/5777/5777 5778/5778/5778
f 5780/5780/5780 5779/5779/5779 5778/5778/5778
f 5781/5781/5781 5774/5774/5774 5773/5773/5773
f 5781/5781/5781 5773/5773/5773 5782/5782/5782
f 5783/5783/5783 5781/5781/5781 5782/5782/5782
f 5782/5782/5782 5769/5769/5769 5783/5783/5783
f 5783/5783/5783 5784/5784/5784 5781/5781/5781
f 5784/5784/5784 5783/5783/5783 5785/5785/5785
f 5786/5786/5786 5783/5783/5783 5769/5769/5769
f 5786/5786/5786 5785/5785/5785 5783/5783/5783
f 5768/5768/5768 5786/5786/5786 5769/5769/5769
f 5787/5787/5787 5786/5786/5786 5768/5768/5768
f 5787/5787/5787 5785/5785/5785 5786/5786/5786
f 5784/5784/5784 5785/5785/5785 5788/5788/5788
f 5784/5784/5784 5788/5788/5788 5789/5789/5789
f 5788/5788/5788 5790/5790/5790 5789/5789/5789
f 5790/5790/5790 5791/5791/5791 5789/5789/5789
f 5790/5790/5790 5792/5792/5792 5791/5791/5791
f 5792/5792/5792 5793/5793/5793 5791/5791/5791
f 5785/5785/5785 5794/5794/5794 5788/5788/5788
f 5795/5795/5795 5787/5787/5787 5768/5768/5768
f 5795/5795/5795 5768/5768/5768 5757/5757/5757
f 5757/5757/5757 5756/5756/5756 5795/5795/5795
f 5796/5796/5796 5795/5795/5795 5756/5756/5756
f 5796/5796/5796 5787/5787/5787 5795/5795/5795
f 5756/5756/5756 5797/5797/5797 5796/5796/5796
f 5756/5756/5756 5733/5733/5733 5797/5797/5797
f 5733/5733/5733 5736/5736/5736 5797/5797/5797
f 5796/5796/5796 5798/5798/5798 5787/5787/5787
f 5798/5798/5798 5796/5796/5796 5797/5797/5797
f 5736/5736/5736 5799/5799/5799 5797/5797/5797
f 5798/5798/5798 5797/5797/5797 5799/5799/5799
f 5717/5717/5717 5799/5799/5799 5736/5736/5736
f 5787/5787/5787 5800/5800/5800 5785/5785/5785
f 5798/5798/5798 5800/5800/5800 5787/5787/5787
f 5801/5801/5801 5794/5794/5794 5785/5785/5785
f 5800/5800/5800 5801/5801/5801 5785/5785/5785
f 5800/5800/5800 5798/5798/5798 5802/5802/5802
f 5802/5802/5802 5798/5798/5798 5799/5799/5799
f 5801/5801/5801 5800/5800/5800 5802/5802/5802
f 5803/5803/5803 5799/5799/5799 5717/5717/5717
f 5803/5803/5803 5802/5802/5802 5799/5799/5799
f 5720/5720/5720 5803/5803/5803 5717/5717/5717
f 5801/5801/5801 5804/5804/5804 5794/5794/5794
f 5805/5805/5805 5794/5794/5794 5804/5804/5804
f 5802/5802/5802 5806/5806/5806 5801/5801/5801
f 5806/5806/5806 5802/5802/5802 5803/5803/5803
f 5806/5806/5806 5804/5804/5804 5801/5801/5801
f 5807/5807/5807 5803/5803/5803 5720/5720/5720
f 5806/5806/5806 5803/5803/5803 5807/5807/5807
f 5721/5721/5721 5807/5807/5807 5720/5720/5720
f 5721/5721/5721 5808/5808/5808 5807/5807/5807
f 5808/5808/5808 5806/5806/5806 5807/5807/5807
f 5808/5808/5808 5721/5721/5721 5809/5809/5809
f 5808/5808/5808 5810/5810/5810 5806/5806/5806
f 5810/5810/5810 5804/5804/5804 5806/5806/5806
f 5809/5809/5809 5811/5811/5811 5808/5808/5808
f 5811/5811/5811 5810/5810/5810 5808/5808/5808
f 5809/5809/5809 5812/5812/5812 5811/5811/5811
f 5804/5804/5804 5813/5813/5813 5805/5805/5805
f 5813/5813/5813 5814/5814/5814 5805/5805/5805
f 5815/5815/5815 5814/5814/5814 5813/5813/5813
f 5611/5611/5611 5815/5815/5815 5813/5813/5813
f 5810/5810/5810 5816/5816/5816 5804/5804/5804
f 5810/5810/5810 5811/5811/5811 5816/5816/5816
f 5813/5813/5813 5804/5804/5804 5816/5816/5816
f 5817/5817/5817 5811/5811/5811 5812/5812/5812
f 5817/5817/5817 5816/5816/5816 5811/5811/5811
f 5817/5817/5817 5812/5812/5812 5698/5698/5698
f 5813/5813/5813 5818/5818/5818 5611/5611/5611
f 5813/5813/5813 5816/5816/5816 5818/5818/5818
f 5817/5817/5817 5818/5818/5818 5816/5816/5816
f 5604/5604/5604 5611/5611/5611 5818/5818/5818
f 5819/5819/5819 5817/5817/5817 5698/5698/5698
f 5818/5818/5818 5817/5817/5817 5819/5819/5819
f 5698/5698/5698 5701/5701/5701 5819/5819/5819
f 5604/5604/5604 5818/5818/5818 5820/5820/5820
f 5818/5818/5818 5819/5819/5819 5820/5820/5820
f 5819/5819/5819 5701/5701/5701 5820/5820/5820
f 5601/5601/5601 5604/5604/5604 5820/5820/5820
f 5821/5821/5821 5820/5820/5820 5701/5701/5701
f 5601/5601/5601 5820/5820/5820 5821/5821/5821
f 5821/5821/5821 5701/5701/5701 5687/5687/5687
f 5821/5821/5821 5600/5600/5600 5601/5601/5601
f 5821/5821/5821 5687/5687/5687 5600/5600/5600
f 5824/5824/5824 5823/5823/5823 5822/5822/5822
f 5822/5822/5822 5825/5825/5825 5824/5824/5824
f 5826/5826/5826 5824/5824/5824 5825/5825/5825
f 5825/5825/5825 5827/5827/5827 5826/5826/5826
f 5828/5828/5828 5826/5826/5826 5827/5827/5827
f 5827/5827/5827 5829/5829/5829 5828/5828/5828
f 5830/5830/5830 5828/5828/5828 5829/5829/5829
f 5830/5830/5830 5829/5829/5829 5831/5831/5831
f 5834/5834/5834 5833/5833/5833 5832/5832/5832
f 5834/5834/5834 5835/5835/5835 5833/5833/5833
f 5834/5834/5834 5836/5836/5836 5835/5835/5835
f 5834/5834/5834 5837/5837/5837 5836/5836/5836
f 5834/5834/5834 5838/5838/5838 5837/5837/5837
f 5834/5834/5834 5839/5839/5839 5838/5838/5838
f 5839/5839/5839 5840/5840/5840 5838/5838/5838
f 5840/5840/5840 5839/5839/5839 5841/5841/5841
f 5844/5844/5844 5843/5843/5843 5842/5842/5842
f 5842/5842/5842 5843/5843/5843 5845/5845/5845
f 5846/5846/5846 5845/5845/5845 5843/5843/5843
f 5845/5845/5845 5846/5846/5846 5847/5847/5847
f 5848/5848/5848 5847/5847/5847 5846/5846/5846
f 5847/5847/5847 5848/5848/5848 5849/5849/5849
f 5850/5850/5850 5849/5849/5849 5848/5848/5848
f 5849/5849/5849 5850/5850/5850 5851/5851/5851
f 5854/5854/5854 5853/5853/5853 5852/5852/5852
f 5855/5855/5855 5852/5852/5852 5853/5853/5853
f 5854/5854/5854 5856/5856/5856 5853/5853/5853
f 5853/5853/5853 5857/5857/5857 5855/5855/5855
f 5858/5858/5858 5855/5855/5855 5857/5857/5857
f 5859/5859/5859 5858/5858/5858 5857/5857/5857
f 5860/5860/5860 5858/5858/5858 5859/5859/5859
f 5860/5860/5860 5859/5859/5859 5861/5861/5861
f 5862/5862/5862 5853/5853/5853 5856/5856/5856
f 5853/5853/5853 5862/5862/5862 5857/5857/5857
f 5856/5856/5856 5863/5863/5863 5862/5862/5862
f 5862/5862/5862 5864/5864/5864 5857/5857/5857
f 5857/5857/5857 5864/5864/5864 5859/5859/5859
f 5865/5865/5865 5862/5862/5862 5863/5863/5863
f 5862/5862/5862 5865/5865/5865 5864/5864/5864
f 5863/5863/5863 5866/5866/5866 5865/5865/5865
f 5867/5867/5867 5864/5864/5864 5865/5865/5865
f 5864/5864/5864 5867/5867/5867 5859/5859/5859
f 5868/5868/5868 5865/5865/5865 5866/5866/5866
f 5865/5865/5865 5868/5868/5868 5867/5867/5867
f 5866/5866/5866 5869/5869/5869 5868/5868/5868
f 5870/5870/5870 5867/5867/5867 5868/5868/5868
f 5867/5867/5867 5870/5870/5870 5859/5859/5859
f 5871/5871/5871 5868/5868/5868 5869/5869/5869
f 5868/5868/5868 5871/5871/5871 5870/5870/5870
f 5869/5869/5869 5872/5872/5872 5871/5871/5871
f 5870/5870/5870 5873/5873/5873 5859/5859/5859
f 5873/5873/5873 5870/5870/5870 5871/5871/5871
f 5874/5874/5874 5871/5871/5871 5872/5872/5872
f 5871/5871/5871 5874/5874/5874 5873/5873/5873
f 5874/5874/5874 5872/5872/5872 5875/5875/5875
f 5874/5874/5874 5875/5875/5875 5873/5873/5873
f 5859/5859/5859 5873/5873/5873 5876/5876/5876
f 5876/5876/5876 5873/5873/5873 5875/5875/5875
f 5859/5859/5859 5876/5876/5876 5861/5861/5861
f 5875/5875/5875 5861/5861/5861 5876/5876/5876
f 5879/5879/5879 5878/5878/5878 5877/5877/5877
f 5879/5879/5879 5880/5880/5880 5878/5878/5878
f 5881/5881/5881 5877/5877/5877 5878/5878/5878
f 5877/5877/5877 5881/5881/5881 5882/5882/5882
f 5883/5883/5883 5878/5878/5878 5880/5880/5880
f 5880/5880/5880 5884/5884/5884 5883/5883/5883
f 5885/5885/5885 5882/5882/5882 5881/5881/5881
f 5885/5885/5885 5886/5886/5886 5882/5882/5882
f 5887/5887/5887 5882/5882/5882 5886/5886/5886
f 5886/5886/5886 5888/5888/5888 5887/5887/5887
f 5889/5889/5889 5887/5887/5887 5888/5888/5888
f 5889/5889/5889 5888/5888/5888 5890/5890/5890
f 5890/5890/5890 5891/5891/5891 5884/5884/5884
f 5891/5891/5891 5890/5890/5890 5888/5888/5888
f 5886/5886/5886 5885/5885/5885 5892/5892/5892
f 5886/5886/5886 5892/5892/5892 5888/5888/5888
f 5893/5893/5893 5892/5892/5892 5885/5885/5885
f 5885/5885/5885 5881/5881/5881 5893/5893/5893
f 5894/5894/5894 5888/5888/5888 5892/5892/5892
f 5895/5895/5895 5893/5893/5893 5881/5881/5881
f 5894/5894/5894 5896/5896/5896 5888/5888/5888
f 5891/5891/5891 5888/5888/5888 5896/5896/5896
f 5881/5881/5881 5878/5878/5878 5895/5895/5895
f 5897/5897/5897 5895/5895/5895 5878/5878/5878
f 5897/5897/5897 5878/5878/5878 5898/5898/5898
f 5883/5883/5883 5898/5898/5898 5878/5878/5878
f 5898/5898/5898 5883/5883/5883 5899/5899/5899
f 5899/5899/5899 5900/5900/5900 5896/5896/5896
f 5891/5891/5891 5896/5896/5896 5900/5900/5900
f 5900/5900/5900 5899/5899/5899 5883/5883/5883
f 5900/5900/5900 5884/5884/5884 5891/5891/5891
f 5900/5900/5900 5883/5883/5883 5884/5884/5884
f 5903/5903/5903 5902/5902/5902 5901/5901/5901
f 5904/5904/5904 5903/5903/5903 5901/5901/5901
f 5903/5903/5903 5905/5905/5905 5902/5902/5902
f 5904/5904/5904 5906/5906/5906 5903/5903/5903
f 5906/5906/5906 5905/5905/5905 5903/5903/5903
f 5906/5906/5906 5907/5907/5907 5905/5905/5905
f 5905/5905/5905 5907/5907/5907 5908/5908/5908
f 5908/5908/5908 5907/5907/5907 5909/5909/5909
f 5904/5904/5904 5910/5910/5910 5906/5906/5906
f 5910/5910/5910 5904/5904/5904 5911/5911/5911
f 5911/5911/5911 5912/5912/5912 5910/5910/5910
f 5912/5912/5912 5913/5913/5913 5910/5910/5910
f 5913/5913/5913 5906/5906/5906 5910/5910/5910
f 5907/5907/5907 5906/5906/5906 5913/5913/5913
f 5914/5914/5914 5907/5907/5907 5913/5913/5913
f 5915/5915/5915 5907/5907/5907 5914/5914/5914
f 5916/5916/5916 5909/5909/5909 5907/5907/5907
f 5916/5916/5916 5907/5907/5907 5915/5915/5915
f 5909/5909/5909 5916/5916/5916 5917/5917/5917
f 5918/5918/5918 5916/5916/5916 5915/5915/5915
f 5919/5919/5919 5917/5917/5917 5916/5916/5916
f 5919/5919/5919 5916/5916/5916 5918/5918/5918
f 5920/5920/5920 5917/5917/5917 5919/5919/5919
f 5920/5920/5920 5919/5919/5919 5918/5918/5918
f 5921/5921/5921 5917/5917/5917 5920/5920/5920
f 5922/5922/5922 5920/5920/5920 5918/5918/5918
f 5920/5920/5920 5923/5923/5923 5921/5921/5921
f 5923/5923/5923 5920/5920/5920 5922/5922/5922
f 5921/5921/5921 5923/5923/5923 5924/5924/5924
f 5925/5925/5925 5923/5923/5923 5922/5922/5922
f 5923/5923/5923 5925/5925/5925 5924/5924/5924
f 5926/5926/5926 5925/5925/5925 5922/5922/5922
f 5927/5927/5927 5924/5924/5924 5925/5925/5925
f 5928/5928/5928 5925/5925/5925 5926/5926/5926
f 5927/5927/5927 5925/5925/5925 5928/5928/5928
f 5931/5931/5931 5930/5930/5930 5929/5929/5929
f 5932/5932/5932 5929/5929/5929 5930/5930/5930
f 5931/5931/5931 5929/5929/5929 5933/5933/5933
f 5929/5929/5929 5932/5932/5932 5934/5934/5934
f 5935/5935/5935 5934/5934/5934 5932/5932/5932
f 5935/5935/5935 5936/5936/5936 5934/5934/5934
f 5935/5935/5935 5937/5937/5937 5936/5936/5936
f 5936/5936/5936 5937/5937/5937 5938/5938/5938
f 5939/5939/5939 5933/5933/5933 5929/5929/5929
f 5939/5939/5939 5929/5929/5929 5934/5934/5934
f 5933/5933/5933 5939/5939/5939 5940/5940/5940
f 5941/5941/5941 5939/5939/5939 5934/5934/5934
f 5941/5941/5941 5934/5934/5934 5936/5936/5936
f 5942/5942/5942 5940/5940/5940 5939/5939/5939
f 5939/5939/5939 5941/5941/5941 5942/5942/5942
f 5940/5940/5940 5942/5942/5942 5943/5943/5943
f 5944/5944/5944 5942/5942/5942 5941/5941/5941
f 5944/5944/5944 5941/5941/5941 5936/5936/5936
f 5945/5945/5945 5943/5943/5943 5942/5942/5942
f 5942/5942/5942 5944/5944/5944 5945/5945/5945
f 5943/5943/5943 5945/5945/5945 5946/5946/5946
f 5947/5947/5947 5945/5945/5945 5944/5944/5944
f 5947/5947/5947 5944/5944/5944 5936/5936/5936
f 5948/5948/5948 5946/5946/5946 5945/5945/5945
f 5945/5945/5945 5947/5947/5947 5948/5948/5948
f 5946/5946/5946 5948/5948/5948 5949/5949/5949
f 5950/5950/5950 5947/5947/5947 5936/5936/5936
f 5950/5950/5950 5948/5948/5948 5947/5947/5947
f 5951/5951/5951 5949/5949/5949 5948/5948/5948
f 5951/5951/5951 5948/5948/5948 5950/5950/5950
f 5949/5949/5949 5951/5951/5951 5952/5952/5952
f 5951/5951/5951 5950/5950/5950 5952/5952/5952
f 5950/5950/5950 5936/5936/5936 5953/5953/5953
f 5953/5953/5953 5952/5952/5952 5950/5950/5950
f 5953/5953/5953 5936/5936/5936 5938/5938/5938
f 5938/5938/5938 5952/5952/5952 5953/5953/5953
f 5956/5956/5956 5955/5955/5955 5954/5954/5954
f 5955/5955/5955 5957/5957/5957 5954/5954/5954
f 5958/5958/5958 5955/5955/5955 5956/5956/5956
f 5959/5959/5959 5957/5957/5957 5955/5955/5955
f 5958/5958/5958 5959/5959/5959 5955/5955/5955
f 5960/5960/5960 5959/5959/5959 5958/5958/5958
f 5960/5960/5960 5958/5958/5958 5961/5961/5961
f 5961/5961/5961 5962/5962/5962 5960/5960/5960
f 5963/5963/5963 5957/5957/5957 5959/5959/5959
f 5957/5957/5957 5963/5963/5963 5964/5964/5964
f 5965/5965/5965 5964/5964/5964 5963/5963/5963
f 5966/5966/5966 5965/5965/5965 5963/5963/5963
f 5959/5959/5959 5966/5966/5966 5963/5963/5963
f 5959/5959/5959 5960/5960/5960 5966/5966/5966
f 5960/5960/5960 5967/5967/5967 5966/5966/5966
f 5960/5960/5960 5968/5968/5968 5967/5967/5967
f 5969/5969/5969 5960/5960/5960 5962/5962/5962
f 5960/5960/5960 5969/5969/5969 5968/5968/5968
f 5962/5962/5962 5970/5970/5970 5969/5969/5969
f 5969/5969/5969 5971/5971/5971 5968/5968/5968
f 5972/5972/5972 5969/5969/5969 5970/5970/5970
f 5969/5969/5969 5972/5972/5972 5971/5971/5971
f 5970/5970/5970 5973/5973/5973 5972/5972/5972
f 5972/5972/5972 5973/5973/5973 5971/5971/5971
f 5970/5970/5970 5974/5974/5974 5973/5973/5973
f 5973/5973/5973 5975/5975/5975 5971/5971/5971
f 5976/5976/5976 5973/5973/5973 5974/5974/5974
f 5973/5973/5973 5976/5976/5976 5975/5975/5975
f 5976/5976/5976 5974/5974/5974 5977/5977/5977
f 5976/5976/5976 5978/5978/5978 5975/5975/5975
f 5976/5976/5976 5977/5977/5977 5978/5978/5978
f 5978/5978/5978 5979/5979/5979 5975/5975/5975
f 5980/5980/5980 5978/5978/5978 5977/5977/5977
f 5978/5978/5978 5981/5981/5981 5979/5979/5979
f 5978/5978/5978 5980/5980/5980 5981/5981/5981
g Kayoko_Original_Body_4
f 5984/5984/5984 5983/5983/5983 5982/5982/5982
f 5985/5985/5985 5983/5983/5983 5984/5984/5984
f 5983/5983/5983 5986/5986/5986 5982/5982/5982
f 5983/5983/5983 5985/5985/5985 5986/5986/5986
f 5987/5987/5987 5986/5986/5986 5985/5985/5985
f 5988/5988/5988 5982/5982/5982 5986/5986/5986
f 5987/5987/5987 5989/5989/5989 5986/5986/5986
f 5986/5986/5986 5990/5990/5990 5988/5988/5988
f 5990/5990/5990 5986/5986/5986 5989/5989/5989
f 5991/5991/5991 5988/5988/5988 5990/5990/5990
f 5990/5990/5990 5989/5989/5989 5992/5992/5992
f 5991/5991/5991 5990/5990/5990 5992/5992/5992
f 5995/5995/5995 5994/5994/5994 5993/5993/5993
f 5994/5994/5994 5996/5996/5996 5993/5993/5993
f 5996/5996/5996 5994/5994/5994 5997/5997/5997
f 5994/5994/5994 5995/5995/5995 5998/5998/5998
f 5998/5998/5998 5997/5997/5997 5994/5994/5994
f 5999/5999/5999 5998/5998/5998 5995/5995/5995
f 5997/5997/5997 5998/5998/5998 6000/6000/6000
f 5999/5999/5999 6001/6001/6001 5998/5998/5998
f 6002/6002/6002 6000/6000/6000 5998/5998/5998
f 6002/6002/6002 5998/5998/5998 6001/6001/6001
f 6002/6002/6002 6003/6003/6003 6000/6000/6000
f 6002/6002/6002 6001/6001/6001 6003/6003/6003
