g OL_Chise_Original_Weapon
v -0.004200071 -0.01946984 0.02855335
v 0.00601685 -0.02216475 0.02855335
v -0.004200071 -0.0221568 0.02855372
v -0.004204229 -0.02213071 0.01700789
v 0.009558871 -0.02217308 0.01700789
v 0.009558871 -0.033402 0.01700789
v -0.004204229 0.02213071 0.01700789
v -0.009504795 0 0.01700789
v 0.009558871 0.033402 0.01700789
v 0.009558871 0.02217308 0.01700789
v -0.004200071 0.01946984 0.02855335
v -0.004200071 0.02215682 0.02855335
v 0.006017223 0.02216475 0.02855335
v -0.02799478 -0.009742677 0.03264412
v -0.02799478 0.009742677 0.02596357
v -0.02799478 0.009742677 0.03264451
v -0.02799478 -0.009742677 0.02596357
v -0.02799478 -0.009742677 0.03264412
v -0.02629977 -0.009742677 0.0246354
v -0.02799478 -0.009742677 0.02596357
v -0.02629977 -0.009742677 0.03394279
v -0.02799478 0.009742677 0.03264451
v -0.02629977 -0.009742677 0.03394279
v -0.02799478 -0.009742677 0.03264412
v -0.02629977 0.009742677 0.03394279
v -0.02799478 0.009742677 0.02596357
v -0.02629977 0.009742677 0.03394279
v -0.02799478 0.009742677 0.03264451
v -0.02629977 0.009742677 0.0246354
v -0.02799478 -0.009742677 0.02596357
v -0.02629977 0.009742677 0.0246354
v -0.02799478 0.009742677 0.02596357
v -0.02629977 -0.009742677 0.0246354
v -0.01816663 -0.0135241 0.02111796
v -0.01055197 -0.0135241 0.02407986
v -0.01055197 -0.0135241 0.02111796
v -0.01816663 -0.0135241 0.02407949
v -0.01816663 0.0135241 0.02111796
v -0.01055197 0.0135241 0.02407986
v -0.01816663 0.0135241 0.02407949
v -0.01055197 0.0135241 0.02111796
v -0.0279233 0.005748719 -0.003057212
v -0.03027824 0.004838437 0.002011165
v -0.03027824 0.004838437 -0.003057212
v -0.0279233 0.005748719 0.003047749
v -0.0279233 -0.005748719 -0.003057212
v -0.03027824 -0.004838437 0.002011538
v -0.0279233 -0.005748719 0.003047749
v -0.03027824 -0.004838437 -0.003057212
v -0.0279233 0.005748719 0.003047749
v -0.03027824 -0.004838437 0.002011538
v -0.03027824 0.004838437 0.002011165
v -0.0279233 -0.005748719 0.003047749
v -0.03027824 0.004838437 0.002011165
v -0.03027824 -0.004838437 -0.003057212
v -0.03027824 0.004838437 -0.003057212
v -0.03027824 -0.004838437 0.002011538
v -0.03027824 0.004838437 -0.003057212
v -0.0279233 -0.005748719 -0.003057212
v -0.0279233 0.005748719 -0.003057212
v -0.03027824 -0.004838437 -0.003057212
v 0.07484712 0 0.08759859
v 0.07089022 -0.008867189 0.08274806
v 0.07089022 0 0.08759823
v 0.07484712 -0.008867189 0.08274806
v 0.07484712 -0.008867189 0.07191095
v 0.07089022 0 0.06755543
v 0.07089022 -0.008867189 0.07191095
v 0.07484712 0 0.06755507
v 0.07484712 0 0.06755507
v 0.07089022 0.008867189 0.07191095
v 0.07089022 0 0.06755543
v 0.07484712 0.008867189 0.07191095
v 0.07484712 0.008867189 0.08274806
v 0.07089022 0 0.08759823
v 0.07089022 0.008867189 0.08274806
v 0.07484712 0 0.08759859
v 0.07037362 0 0.08403727
v 0.07089022 -0.008867189 0.08274806
v 0.07037362 -0.00692977 0.08058941
v 0.07089022 0 0.08759823
v 0.07037362 0.00692977 0.08058941
v 0.07089022 0.008867189 0.08274806
v 0.07484712 -0.008867189 0.08274806
v 0.07037362 -0.00692977 0.08058941
v 0.07089022 -0.008867189 0.08274806
v 0.07536371 -0.00692977 0.08058941
v 0.07484712 0 0.08759859
v 0.07536371 -0.00692977 0.08058941
v 0.07484712 -0.008867189 0.08274806
v 0.07536371 0 0.08403766
v 0.07484712 0.008867189 0.08274806
v 0.07536371 0.00692977 0.08058903
v 0.07089022 0.008867189 0.08274806
v 0.07536371 0.00692977 0.08058903
v 0.07484712 0.008867189 0.08274806
v 0.07037362 0.00692977 0.08058941
v 0.07089022 0 0.06755543
v 0.07037362 -0.00692977 0.07394364
v 0.07089022 -0.008867189 0.07191095
v 0.07037362 0 0.07072458
v 0.07089022 0.008867189 0.07191095
v 0.07037362 0.00692977 0.07394364
v 0.07484712 0.008867189 0.07191095
v 0.07037362 0.00692977 0.07394364
v 0.07089022 0.008867189 0.07191095
v 0.07536371 0.00692977 0.07394364
v 0.07484712 0 0.06755507
v 0.07536371 0.00692977 0.07394364
v 0.07484712 0.008867189 0.07191095
v 0.07536371 0 0.07072458
v 0.07484712 -0.008867189 0.07191095
v 0.07536371 -0.00692977 0.07394364
v 0.07089022 -0.008867189 0.07191095
v 0.07536371 -0.00692977 0.07394364
v 0.07484712 -0.008867189 0.07191095
v 0.07037362 -0.00692977 0.07394364
v 0.08827364 0 0.08759859
v 0.08431713 -0.008867189 0.08274806
v 0.08431713 0 0.08759859
v 0.08827403 -0.008867189 0.08274806
v 0.08827364 -0.008867189 0.07191095
v 0.08431675 0 0.06755507
v 0.08431713 -0.008867189 0.07191095
v 0.08827364 0 0.06755543
v 0.08827364 0 0.06755543
v 0.08431675 0.008867189 0.07191131
v 0.08431675 0 0.06755507
v 0.08827364 0.008867189 0.07191095
v 0.08827364 0.008867189 0.08274806
v 0.08431713 0 0.08759859
v 0.08431675 0.008867189 0.08274806
v 0.08827364 0 0.08759859
v 0.08380054 0 0.08403766
v 0.08431713 -0.008867189 0.08274806
v 0.08380054 -0.00692977 0.08058941
v 0.08431713 0 0.08759859
v 0.08380054 0.00692977 0.08058941
v 0.08431675 0.008867189 0.08274806
v 0.08827403 -0.008867189 0.08274806
v 0.08380054 -0.00692977 0.08058941
v 0.08431713 -0.008867189 0.08274806
v 0.08879024 -0.006929398 0.08058941
v 0.08827364 0 0.08759859
v 0.08879024 -0.006929398 0.08058941
v 0.08827403 -0.008867189 0.08274806
v 0.08879024 0 0.08403766
v 0.08827364 0.008867189 0.08274806
v 0.08879024 0.00692977 0.08058941
v 0.08431675 0.008867189 0.08274806
v 0.08879024 0.00692977 0.08058941
v 0.08827364 0.008867189 0.08274806
v 0.08380054 0.00692977 0.08058941
v 0.08431675 0 0.06755507
v 0.08380054 -0.00692977 0.07394364
v 0.08431713 -0.008867189 0.07191095
v 0.08380054 0 0.07072458
v 0.08431675 0.008867189 0.07191131
v 0.08380054 0.00692977 0.07394364
v 0.08827364 0.008867189 0.07191095
v 0.08380054 0.00692977 0.07394364
v 0.08431675 0.008867189 0.07191131
v 0.08879024 0.00692977 0.07394364
v 0.08827364 0 0.06755543
v 0.08879024 0.00692977 0.07394364
v 0.08827364 0.008867189 0.07191095
v 0.08879024 0 0.07072458
v 0.08827364 -0.008867189 0.07191095
v 0.08879024 -0.006929398 0.07394364
v 0.08431713 -0.008867189 0.07191095
v 0.08879024 -0.006929398 0.07394364
v 0.08827364 -0.008867189 0.07191095
v 0.08380054 -0.00692977 0.07394364
v 0.1013534 0 0.08759859
v 0.09739649 -0.008867189 0.08274806
v 0.09739649 0 0.08759859
v 0.1013534 -0.008867189 0.08274806
v 0.1013534 -0.008867189 0.07191095
v 0.09739649 0 0.06755507
v 0.09739649 -0.008867189 0.07191095
v 0.1013534 0 0.06755543
v 0.1013534 0 0.06755543
v 0.09739649 0.008867189 0.07191131
v 0.09739649 0 0.06755507
v 0.1013534 0.008867189 0.07191131
v 0.1013534 0.008867189 0.08274806
v 0.09739649 0 0.08759859
v 0.09739649 0.008867189 0.08274806
v 0.1013534 0 0.08759859
v 0.09687989 0 0.08403766
v 0.09739649 -0.008867189 0.08274806
v 0.09687989 -0.00692977 0.08058941
v 0.09739649 0 0.08759859
v 0.09687989 0.00692977 0.08058941
v 0.09739649 0.008867189 0.08274806
v 0.1013534 -0.008867189 0.08274806
v 0.09687989 -0.00692977 0.08058941
v 0.09739649 -0.008867189 0.08274806
v 0.10187 -0.00692977 0.08058941
v 0.1013534 0 0.08759859
v 0.10187 -0.00692977 0.08058941
v 0.1013534 -0.008867189 0.08274806
v 0.10187 0 0.08403766
v 0.1013534 0.008867189 0.08274806
v 0.10187 0.00692977 0.08058941
v 0.09739649 0.008867189 0.08274806
v 0.10187 0.00692977 0.08058941
v 0.1013534 0.008867189 0.08274806
v 0.09687989 0.00692977 0.08058941
v 0.09739649 0 0.06755507
v 0.09687989 -0.00692977 0.07394364
v 0.09739649 -0.008867189 0.07191095
v 0.09687989 0 0.07072496
v 0.09739649 0.008867189 0.07191131
v 0.09687989 0.00692977 0.07394364
v 0.1013534 0.008867189 0.07191131
v 0.09687989 0.00692977 0.07394364
v 0.09739649 0.008867189 0.07191131
v 0.10187 0.00692977 0.07394364
v 0.1013534 0 0.06755543
v 0.10187 0.00692977 0.07394364
v 0.1013534 0.008867189 0.07191131
v 0.10187 0 0.07072458
v 0.1013534 -0.008867189 0.07191095
v 0.10187 -0.00692977 0.07394364
v 0.09739649 -0.008867189 0.07191095
v 0.10187 -0.00692977 0.07394364
v 0.1013534 -0.008867189 0.07191095
v 0.09687989 -0.00692977 0.07394364
v 0.05964278 -0.009055138 0.08484507
v 0.05964278 -0.0143436 0.07353145
v 0.05964278 -0.0143436 0.08096796
v 0.05964278 -0.009055138 0.06994137
v 0.05366488 -0.0143436 0.07353145
v 0.05964278 -0.009055138 0.06994137
v 0.05366488 -0.009055138 0.06994137
v 0.05964278 -0.0143436 0.07353145
v 0.05366488 -0.0143436 0.08096796
v 0.05964278 -0.0143436 0.08096796
v 0.05366488 -0.009055138 0.08484507
v 0.05964278 -0.009055138 0.08484507
v 0.0522588 -0.012413 0.07435587
v 0.0522588 -0.009194687 0.08307254
v 0.0522588 -0.012413 0.08010533
v 0.0522588 -0.009194687 0.07156
v 0.0522588 -0.012413 0.07435587
v 0.05366488 -0.009055138 0.06994137
v 0.0522588 -0.009194687 0.07156
v 0.05366488 -0.0143436 0.07353145
v 0.0522588 -0.012413 0.08010533
v 0.05366488 -0.0143436 0.08096796
v 0.0522588 -0.009194687 0.08307254
v 0.05366488 -0.009055138 0.08484507
v 0.05964278 0.009055138 0.08484507
v 0.05964278 0.01434362 0.07353106
v 0.05964278 0.009055138 0.06994137
v 0.05964278 0.01434362 0.08096796
v 0.05964278 0.009055138 0.06994137
v 0.05366488 0.01434399 0.07353145
v 0.05366488 0.009055138 0.06994137
v 0.05964278 0.01434362 0.07353106
v 0.05366488 0.01434399 0.08096796
v 0.05964278 0.01434362 0.08096796
v 0.05366488 0.009055138 0.08484507
v 0.05964278 0.009055138 0.08484507
v 0.05225919 0.01241301 0.07435587
v 0.0522588 0.009194687 0.08307254
v 0.05225919 0.009194687 0.07156
v 0.05225919 0.01241301 0.08010533
v 0.05366488 0.009055138 0.06994137
v 0.05225919 0.01241301 0.07435587
v 0.05225919 0.009194687 0.07156
v 0.05366488 0.01434399 0.07353145
v 0.05225919 0.01241301 0.08010533
v 0.05366488 0.01434399 0.08096796
v 0.0522588 0.009194687 0.08307254
v 0.05366488 0.009055138 0.08484507
v 0.1081523 -0.007140413 0.08094829
v 0.1076542 0 0.08575839
v 0.1081523 0 0.08477661
v 0.1076546 -0.008038595 0.08142367
v 0.1081523 -0.007140413 0.07360139
v 0.1076546 -0.008038595 0.08142367
v 0.1081523 -0.007140413 0.08094829
v 0.1076546 -0.008038595 0.07315099
v 0.1081523 0 0.0700537
v 0.1076546 -0.008038595 0.07315099
v 0.1081523 -0.007140413 0.07360139
v 0.1076546 0 0.06917214
v 0.1081523 0.007140413 0.07360139
v 0.1076546 0 0.06917214
v 0.1081523 0 0.0700537
v 0.1076546 0.008038595 0.07315099
v 0.1081523 0.007140413 0.08094829
v 0.1076546 0.008038595 0.07315099
v 0.1081523 0.007140413 0.07360139
v 0.1076546 0.008038595 0.08142367
v 0.1081523 0 0.08477661
v 0.1076546 0.008038595 0.08142367
v 0.1081523 0.007140413 0.08094829
v 0.1076542 0 0.08575839
v 0.1138912 0.007140413 0.07360139
v 0.1138912 0 0.08477661
v 0.1138912 0.007140413 0.08094829
v 0.1138912 -0.007140413 0.07360139
v 0.1138912 0 0.0700537
v 0.1138912 -0.007140413 0.08094829
v 0.02248545 -0.04677217 0.01700789
v 0.009558871 -0.033402 0.008515865
v 0.009558871 -0.033402 0.01700789
v 0.02248545 -0.04677217 0.008515865
v 0.05599409 -0.0582851 0.01700789
v 0.02248545 -0.04677217 0.008515865
v 0.02248545 -0.04677217 0.01700789
v 0.05599409 -0.0582851 0.008515865
v 0.08950274 -0.05102216 0.01700789
v 0.08950274 -0.05102216 0.008515865
v 0.1126723 -0.03148688 0.01700789
v 0.1126723 -0.03148688 0.008515865
v 0.1187516 0 0.01700789
v 0.1187516 0 0.008515865
v 0.1126723 0.0314869 0.008515865
v 0.1126723 0.0314869 0.01700789
v 0.08950274 0.05102178 0.008515865
v 0.08950274 0.05102217 0.01700789
v 0.05599409 0.05828512 0.008515865
v 0.05599409 0.05828512 0.01700789
v 0.02248545 0.04677218 0.008515865
v 0.02248545 0.04677218 0.01700789
v 0.02043572 -0.04963273 0.02083167
v 0.009558871 -0.033402 0.01700789
v 0.00601685 -0.0346999 0.02083167
v 0.02248545 -0.04677217 0.01700789
v 0.05599409 -0.06184983 0.02083167
v 0.02248545 -0.04677217 0.01700789
v 0.02043572 -0.04963273 0.02083167
v 0.05599409 -0.0582851 0.01700789
v 0.09155209 -0.05414252 0.02083167
v 0.08950274 -0.05102216 0.01700789
v 0.1162219 -0.03341259 0.02083167
v 0.1126723 -0.03148688 0.01700789
v 0.1214642 0 0.02083167
v 0.1187516 0 0.01700789
v 0.1126723 0.0314869 0.01700789
v 0.1162219 0.03341258 0.02083167
v 0.08950274 0.05102217 0.01700789
v 0.09155209 0.05414289 0.02083167
v 0.05599409 0.05828512 0.01700789
v 0.05599409 0.06184983 0.02083167
v 0.02248545 0.04677218 0.01700789
v 0.02043572 0.04963273 0.02083167
v 0.009558871 -0.033402 0.008515865
v -0.004204229 -0.02213071 0.01700789
v 0.009558871 -0.033402 0.01700789
v -0.004204229 -0.02213034 0.008515865
v -0.009504795 0 0.01700789
v -0.009504795 0 0.008515865
v -0.004204229 0.02213071 0.008515865
v -0.004204229 0.02213071 0.01700789
v 0.009558871 0.033402 0.008515865
v 0.009558871 0.033402 0.01700789
v -0.004200071 0.01946984 0.02855335
v -0.004200071 0.02215682 0.02855335
v -0.004200071 -0.01946984 0.02855335
v -0.004200071 -0.0221568 0.02855372
v -0.004200071 0.01937038 0.03593051
v -0.004200071 -0.01937038 0.03593051
v 0.00601685 -0.0346999 0.02083167
v 0.02043572 -0.04963273 0.02855335
v 0.02043572 -0.04963273 0.02083167
v 0.00601685 -0.0346999 0.02855335
v 0.05599409 -0.06184983 0.02855335
v 0.02043572 -0.04963273 0.02083167
v 0.02043572 -0.04963273 0.02855335
v 0.05599409 -0.06184983 0.02083167
v 0.09155209 -0.05414252 0.02855335
v 0.09155209 -0.05414252 0.02083167
v 0.1162219 -0.03341259 0.02855335
v 0.1162219 -0.03341259 0.02083167
v 0.1214642 0 0.02855335
v 0.1214642 0 0.02083167
v 0.1162219 0.03341258 0.02083167
v 0.1162219 0.03341258 0.02855335
v 0.09155209 0.05414289 0.02083167
v 0.09155209 0.05414253 0.02855335
v 0.05599409 0.06184983 0.02083167
v 0.05599409 0.06184983 0.02855335
v 0.02043572 0.04963273 0.02083167
v 0.02043572 0.04963273 0.02855335
v 0.00601685 -0.02216475 0.02855335
v 0.00601685 -0.0346999 0.02083167
v 0.00601685 -0.02217308 0.02083167
v 0.00601685 -0.0346999 0.02855335
v 0.009558871 -0.02217308 0.01700789
v 0.00601685 -0.0346999 0.02083167
v 0.009558871 -0.033402 0.01700789
v 0.00601685 -0.02217308 0.02083167
v -0.004200071 -0.01946984 0.02855335
v 0.07174492 -0.01937038 0.03593051
v 0.07174492 -0.01937038 0.02855335
v -0.004200071 -0.01937038 0.03593051
v 0.07174492 -0.01937038 0.03593051
v -0.004200071 0.01937038 0.03593051
v 0.07174492 0.01937038 0.03593051
v -0.004200071 -0.01937038 0.03593051
v -0.004204229 -0.02213071 0.01700789
v 0.00601685 -0.02217308 0.02083167
v 0.009558871 -0.02217308 0.01700789
v -0.004200071 -0.0221568 0.02855372
v 0.00601685 -0.02216475 0.02855335
v 0.02248545 0.04677218 0.01700789
v 0.009558871 0.033402 0.008515865
v 0.02248545 0.04677218 0.008515865
v 0.009558871 0.033402 0.01700789
v 0.009558871 0.033402 0.01700789
v 0.02043572 0.04963273 0.02083167
v 0.00601685 0.03469992 0.02083167
v 0.02248545 0.04677218 0.01700789
v 0.00601685 0.03469992 0.02083167
v 0.02043572 0.04963273 0.02855335
v 0.006017223 0.03469992 0.02855335
v 0.02043572 0.04963273 0.02083167
v 0.006017223 0.02216475 0.02855335
v 0.00601685 0.03469992 0.02083167
v 0.006017223 0.03469992 0.02855335
v 0.006017223 0.02217308 0.02083167
v 0.00601685 0.03469992 0.02083167
v 0.009558871 0.02217308 0.01700789
v 0.009558871 0.033402 0.01700789
v 0.006017223 0.02217308 0.02083167
v -0.004200071 0.01946984 0.02855335
v 0.07174492 0.01937038 0.03593051
v -0.004200071 0.01937038 0.03593051
v 0.07174492 0.01937038 0.02855335
v -0.004204229 0.02213071 0.01700789
v 0.009558871 0.02217308 0.01700789
v 0.006017223 0.02217308 0.02083167
v -0.004200071 0.02215682 0.02855335
v 0.006017223 0.02216475 0.02855335
v 0.006017223 0.02216475 0.02855335
v 0.07174492 0.01937038 0.02855335
v -0.004200071 0.01946984 0.02855335
v 0.006017223 0.03469992 0.02855335
v 0.02043572 0.04963273 0.02855335
v 0.05599409 0.06184983 0.02855335
v 0.09155209 0.05414253 0.02855335
v 0.1162219 0.03341258 0.02855335
v 0.1214642 0 0.02855335
v 0.07174492 0 0.02855335
v 0.07174492 -0.01937038 0.02855335
v 0.1162219 -0.03341259 0.02855335
v 0.09155209 -0.05414252 0.02855335
v 0.05599409 -0.06184983 0.02855335
v 0.02043572 -0.04963273 0.02855335
v 0.00601685 -0.0346999 0.02855335
v 0.00601685 -0.02216475 0.02855335
v -0.004200071 -0.01946984 0.02855335
v 0.0529732 0.003088221 0.04198402
v 0.05832179 0.006176054 0.03376466
v 0.05832179 0.006176054 0.04198402
v 0.0529732 0.003088221 0.03376466
v 0.0529732 -0.003087834 0.04198402
v 0.0529732 0.003088221 0.03376466
v 0.0529732 0.003088221 0.04198402
v 0.0529732 -0.003087834 0.03376466
v 0.05832179 -0.006176054 0.04198366
v 0.0529732 -0.003087834 0.03376466
v 0.0529732 -0.003087834 0.04198402
v 0.05832179 -0.006176054 0.03376466
v 0.0636704 -0.003087834 0.04198366
v 0.05832179 -0.006176054 0.03376466
v 0.05832179 -0.006176054 0.04198366
v 0.0636704 -0.003087834 0.03376466
v 0.0636704 0.003088221 0.04198402
v 0.0636704 0.003088221 0.03376466
v 0.05832179 0.006176054 0.04198402
v 0.05832179 0.006176054 0.03376466
v 0.06599393 0.008226544 0.04318893
v 0.04920425 0.008226544 0.04083475
v 0.06599393 0.008226544 0.04083475
v 0.05116625 0.008226544 0.04318893
v 0.04935741 0.008226544 0.04752174
v 0.04593828 0.008226544 0.04752174
v 0.04920425 0.008226544 0.05403739
v 0.05116625 0.008226544 0.05178231
v 0.07024504 0.008226544 0.05178231
v 0.07140304 0.008226544 0.05403739
v 0.04920425 -0.008226544 0.04083475
v 0.06599393 -0.008226544 0.04318893
v 0.06599393 -0.008226544 0.04083475
v 0.05116625 -0.008226544 0.04318893
v 0.04935741 -0.008226544 0.04752174
v 0.04593828 -0.008226544 0.04752174
v 0.04920425 -0.008226544 0.05403739
v 0.05116625 -0.008226544 0.05178231
v 0.07024504 -0.008226544 0.05178231
v 0.07140304 -0.008226544 0.05403739
v 0.06599393 -0.008226544 0.04083475
v 0.06599393 0.008226544 0.04318893
v 0.06599393 0.008226544 0.04083475
v 0.06599393 -0.008226544 0.04318893
v 0.04920425 -0.008226544 0.05403739
v 0.07140304 0.008226544 0.05403739
v 0.07140304 -0.008226544 0.05403739
v 0.04920425 0.008226544 0.05403739
v 0.06599393 -0.008226544 0.04083475
v 0.04920425 0.008226544 0.04083475
v 0.04920425 -0.008226544 0.04083475
v 0.06599393 0.008226544 0.04083475
v 0.04920425 0.008226544 0.04083475
v 0.04593828 -0.008226544 0.04752174
v 0.04920425 -0.008226544 0.04083475
v 0.04593828 0.008226544 0.04752174
v 0.04920425 -0.008226544 0.05403739
v 0.04920425 0.008226544 0.05403739
v 0.07024504 -0.008226544 0.05178231
v 0.07140304 0.008226544 0.05403739
v 0.07024504 0.008226544 0.05178231
v 0.07140304 -0.008226544 0.05403739
v 0.06599393 0.008226544 0.04318893
v 0.05116625 -0.008226544 0.04318893
v 0.05116625 0.008226544 0.04318893
v 0.06599393 -0.008226544 0.04318893
v 0.05116625 0.008226544 0.05178231
v 0.07024504 -0.008226544 0.05178231
v 0.07024504 0.008226544 0.05178231
v 0.05116625 -0.008226544 0.05178231
v 0.04935741 0.008226544 0.04752174
v 0.05116625 -0.008226544 0.05178231
v 0.05116625 0.008226544 0.05178231
v 0.04935741 -0.008226544 0.04752174
v 0.05116625 0.008226544 0.04318893
v 0.04935741 -0.008226544 0.04752174
v 0.04935741 0.008226544 0.04752174
v 0.05116625 -0.008226544 0.04318893
v 0.1168538 0.00807339 0.02987584
v 0.06989561 0.00807339 0.02810861
v 0.1183779 0.00807339 0.02810861
v 0.06989561 0.00807339 0.03400481
v 0.1168538 -0.00807339 0.02987584
v 0.06989561 -0.00807339 0.02810861
v 0.06989561 -0.00807339 0.03400481
v 0.1183779 -0.00807339 0.02810861
v 0.1183779 -0.00807339 0.02810861
v 0.1168538 0.00807339 0.02987584
v 0.1183779 0.00807339 0.02810861
v 0.1168538 -0.00807339 0.02987584
v 0.06989561 0.00807339 0.03400481
v 0.06989561 -0.00807339 0.03400481
v 0.06989561 -0.00807339 0.02810861
v 0.06989561 0.00807339 0.03400481
v 0.06989561 -0.00807339 0.03400481
v 0.06989561 0.00807339 0.02810861
v 0.1194633 0.004577115 0.02723426
v 0.1259472 0.004577115 0.01748855
v 0.1232958 0.004577115 0.02655694
v 0.1194633 0.004577115 0.01748855
v 0.1194633 -0.00501655 0.02723388
v 0.1259472 -0.00501655 0.01748855
v 0.1194633 -0.00501655 0.01748855
v 0.1232958 -0.00501655 0.02655731
v 0.1232958 -0.00501655 0.02655731
v 0.1259472 0.004577115 0.01748855
v 0.1259472 -0.00501655 0.01748855
v 0.1232958 0.004577115 0.02655694
v 0.1194633 -0.00501655 0.02723388
v 0.1232958 0.004577115 0.02655694
v 0.1232958 -0.00501655 0.02655731
v 0.1194633 0.004577115 0.02723426
v 0.1194633 -0.00501655 0.01748855
v 0.1194633 0.004577115 0.02723426
v 0.1194633 -0.00501655 0.02723388
v 0.1194633 0.004577115 0.01748855
v 0.1259472 -0.00501655 0.01748855
v 0.1194633 0.004577115 0.01748855
v 0.1194633 -0.00501655 0.01748855
v 0.1259472 0.004577115 0.01748855
v 0.127461 0.006624952 0.01805696
v 0.1249322 0.006624952 -0.01185027
v 0.127461 0.006624952 -0.01185027
v 0.1249322 0.006624952 0.01578334
v 0.1174483 0.006624952 0.01805696
v 0.1204541 0.006624952 0.01578334
v 0.1174483 0.006624952 -0.01185027
v 0.1204541 0.006624952 -0.01185027
v 0.1249322 -0.006624952 -0.01185027
v 0.127461 -0.006624952 0.01805696
v 0.127461 -0.006624952 -0.01185027
v 0.1249322 -0.006624952 0.01578334
v 0.1204541 -0.006624952 0.01578334
v 0.1174483 -0.006624952 0.01805696
v 0.1174483 -0.006624952 -0.01185027
v 0.1204541 -0.006624952 -0.01185027
v 0.127461 -0.006624952 -0.01185027
v 0.127461 0.006624952 0.01805696
v 0.127461 0.006624952 -0.01185027
v 0.127461 -0.006624952 0.01805696
v 0.1174483 -0.006624952 -0.01185027
v 0.1204541 0.006624952 -0.01185027
v 0.1174483 0.006624952 -0.01185027
v 0.1204541 -0.006624952 -0.01185027
v 0.1249322 -0.006624952 -0.01185027
v 0.127461 0.006624952 -0.01185027
v 0.1249322 0.006624952 -0.01185027
v 0.127461 -0.006624952 -0.01185027
v 0.1174483 -0.006624952 0.01805696
v 0.1174483 0.006624952 -0.01185027
v 0.1174483 0.006624952 0.01805696
v 0.1174483 -0.006624952 -0.01185027
v 0.1174483 -0.006624952 0.01805696
v 0.127461 0.006624952 0.01805696
v 0.127461 -0.006624952 0.01805696
v 0.1174483 0.006624952 0.01805696
v 0.1249322 0.006624952 0.01578334
v 0.1249322 -0.006624952 -0.01185027
v 0.1249322 0.006624952 -0.01185027
v 0.1249322 -0.006624952 0.01578334
v 0.1204541 0.006624952 0.01578334
v 0.1249322 -0.006624952 0.01578334
v 0.1249322 0.006624952 0.01578334
v 0.1204541 -0.006624952 0.01578334
v 0.1204541 0.006624952 -0.01185027
v 0.1204541 -0.006624952 0.01578334
v 0.1204541 0.006624952 0.01578334
v 0.1204541 -0.006624952 -0.01185027
v 0.1294817 -0.002156004 0.005016565
v 0.1294817 0.002156004 0.008444384
v 0.1294817 0.002156004 0.005016178
v 0.1294817 -0.002156004 0.008444384
v 0.1294817 0.002156004 0.008444384
v 0.1267463 -0.003989801 0.009896979
v 0.1267463 0.003989801 0.009896979
v 0.1294817 -0.002156004 0.008444384
v 0.1267467 -0.003989801 0.003552631
v 0.1294817 -0.002156004 0.008444384
v 0.1294817 -0.002156004 0.005016565
v 0.1267463 -0.003989801 0.009896979
v 0.1267467 -0.003989801 0.003552631
v 0.1294817 0.002156004 0.005016178
v 0.1267463 0.003989801 0.003552631
v 0.1294817 -0.002156004 0.005016565
v 0.1267463 0.003989801 0.009896979
v 0.1294817 0.002156004 0.005016178
v 0.1294817 0.002156004 0.008444384
v 0.1267463 0.003989801 0.003552631
v 0.05599409 -0.0582851 0.008515865
v 0.009558871 -0.033402 0.008515865
v 0.02248545 -0.04677217 0.008515865
v 0.009558871 0.033402 0.008515865
v -0.009504795 0 0.008515865
v -0.004204229 -0.02213034 0.008515865
v -0.004204229 0.02213071 0.008515865
v 0.1126723 0.0314869 0.008515865
v 0.1126723 -0.03148688 0.008515865
v 0.08950274 -0.05102216 0.008515865
v 0.1187516 0 0.008515865
v 0.05599409 0.05828512 0.008515865
v 0.02248545 0.04677218 0.008515865
v 0.08950274 0.05102178 0.008515865
v 0.1137963 0 -0.0002586693
v 0.1137963 -0.005629212 0.008138821
v 0.1137963 -0.005629212 0.002550066
v 0.1137963 0.005629212 0.008138433
v 0.1137963 0.005629212 0.002550066
v 0.1137963 0 0.01091957
v -0.01923613 -0.01311113 0.02755457
v -0.02557367 -0.0131115 0.03495708
v -0.01923688 -0.0131115 0.03495708
v -0.02557367 -0.0131115 0.01912759
v -0.003552243 -0.0131115 0.01912759
v -0.003552243 -0.0131115 0.02755609
v -0.003552243 -0.0131115 0.03495708
v -0.02557367 -0.01061589 0.03602317
v -0.003552243 -0.01061589 0.03602317
v -0.01923688 -0.0131115 0.03495708
v -0.02557367 -0.0131115 0.03495708
v -0.02657358 -0.01061589 0.03495708
v -0.02657358 -0.01061589 0.01912759
v -0.02657358 0.01061627 0.03495708
v -0.02557367 0.01061627 0.03602317
v -0.02557367 -0.0131115 0.01912759
v -0.02557367 0.0131115 0.03495708
v -0.02657358 0.01061627 0.01912759
v -0.01923688 0.0131115 0.03495708
v -0.003552243 0.0131115 0.03495708
v -0.003552243 0.01061627 0.03602317
v -0.02557367 0.0131115 0.01912759
v -0.02557367 0.01061627 0.01695231
v -0.003552243 0.01061627 0.01695231
v -0.003552243 0.0131115 0.01912759
v -0.02557367 -0.01061589 0.01695231
v -0.003552243 -0.01061589 0.01695231
v -0.003552243 -0.0131115 0.01912759
v -0.01812617 0.01513627 0.03399497
v -0.003552243 0.01513627 0.03399497
v -0.01923688 0.0131115 0.03495708
v -0.01812541 -0.01513553 0.02853747
v -0.003552243 -0.01513627 0.03399497
v -0.003552243 -0.01513627 0.0285386
v -0.01812617 -0.01513627 0.03399497
v -0.01812617 -0.01513627 0.03399497
v -0.01923688 -0.0131115 0.03495708
v -0.003552243 -0.01513627 0.03399497
v -0.01923688 -0.0131115 0.03495708
v -0.01812541 -0.01513553 0.02853747
v -0.01923613 -0.01311113 0.02755457
v -0.01812617 -0.01513627 0.03399497
v -0.01923613 -0.01311113 0.02755457
v -0.003552243 -0.01513627 0.0285386
v -0.003552243 -0.0131115 0.02755609
v -0.01812541 -0.01513553 0.02853747
v -0.02557367 0.0131115 0.03495708
v -0.01923613 0.01311113 0.02755457
v -0.01923688 0.0131115 0.03495708
v -0.02557367 0.0131115 0.01912759
v -0.003552243 0.0131115 0.01912759
v -0.003552243 0.0131115 0.02755609
v -0.02557367 -0.01061589 0.03602317
v -0.003552243 0.01061627 0.03602317
v -0.003552243 -0.01061589 0.03602317
v -0.02557367 0.01061627 0.03602317
v -0.02657358 -0.01061589 0.03495708
v -0.02657358 0.01061627 0.01912759
v -0.02657358 0.01061627 0.03495708
v -0.02657358 -0.01061589 0.01912759
v -0.02557367 -0.01061589 0.01695231
v -0.003552243 0.01061627 0.01695231
v -0.02557367 0.01061627 0.01695231
v -0.003552243 -0.01061589 0.01695231
v -0.01812541 0.0151359 0.02853709
v -0.003552243 0.01513627 0.03399497
v -0.01812617 0.01513627 0.03399497
v -0.003552243 0.01513627 0.0285386
v -0.01923688 0.0131115 0.03495708
v -0.01812541 0.0151359 0.02853709
v -0.01812617 0.01513627 0.03399497
v -0.01923613 0.01311113 0.02755457
v -0.01923613 0.01311113 0.02755457
v -0.003552243 0.01513627 0.0285386
v -0.01812541 0.0151359 0.02853709
v -0.003552243 0.0131115 0.02755609
v 0.07174492 -0.01937038 0.03593051
v 0.07174492 0 0.02855335
v 0.07174492 -0.01937038 0.02855335
v 0.07174492 0.01937038 0.03593051
v 0.07174492 0.01937038 0.02855335
v -0.02539063 0.006879479 -0.04815441
v -0.02823493 0.006879479 0.003711462
v -0.02823493 0.006879479 -0.04815441
v -0.02539063 0.006879479 0.003711462
v -0.02539063 -0.006879479 -0.04815441
v -0.02823493 -0.006879479 0.003711462
v -0.02539063 -0.006879479 0.003711462
v -0.02823493 -0.006879479 -0.04815441
v -0.02539063 0.006879479 0.003711462
v -0.02823493 -0.006879479 0.003711462
v -0.02823493 0.006879479 0.003711462
v -0.02539063 -0.006879479 0.003711462
v -0.02823493 0.006879479 0.003711462
v -0.02823493 -0.006879479 -0.04815441
v -0.02823493 0.006879479 -0.04815441
v -0.02823493 -0.006879479 0.003711462
v -0.02823493 0.006879479 -0.04815441
v -0.02539063 -0.006879479 -0.04815441
v -0.02539063 0.006879479 -0.04815441
v -0.02823493 -0.006879479 -0.04815441
v -0.02539063 0.006879479 -0.04815441
v -0.02522953 0.005078197 -0.0009102821
v -0.02539063 0.006879479 0.003711462
v -0.02522953 0.005078197 -0.04453599
v -0.02539063 0.006879479 0.003711462
v -0.02522953 -0.005078197 -0.0009102821
v -0.02539063 -0.006879479 0.003711462
v -0.02522953 0.005078197 -0.0009102821
v -0.02539063 -0.006879479 0.003711462
v -0.02522953 -0.005078197 -0.04453599
v -0.02539063 -0.006879479 -0.04815441
v -0.02522953 -0.005078197 -0.0009102821
v -0.02539063 -0.006879479 -0.04815441
v -0.02522953 0.005078197 -0.04453599
v -0.02539063 0.006879479 -0.04815441
v -0.02522953 -0.005078197 -0.04453599
v -0.02522953 0.005078197 -0.04453599
v -0.02415285 0.005078197 -0.001207143
v -0.02522953 0.005078197 -0.0009102821
v -0.02415285 0.005078197 -0.04429169
v -0.02522953 0.005078197 -0.0009102821
v -0.02415285 -0.005078197 -0.001207143
v -0.02522953 -0.005078197 -0.0009102821
v -0.02415285 0.005078197 -0.001207143
v -0.02522953 -0.005078197 -0.0009102821
v -0.02415285 -0.005078197 -0.04429169
v -0.02522953 -0.005078197 -0.04453599
v -0.02415285 -0.005078197 -0.001207143
v -0.02522953 -0.005078197 -0.04453599
v -0.02415285 0.005078197 -0.04429169
v -0.02522953 0.005078197 -0.04453599
v -0.02415285 -0.005078197 -0.04429169
v -0.02415285 0.00367099 -0.04272564
v -0.02087326 0.003072709 -0.004805148
v -0.02415285 0.00367099 -0.003072336
v -0.02087326 0.003072709 -0.04122125
v -0.02415285 0.00367099 -0.003072336
v -0.02087326 -0.003072709 -0.004805148
v -0.02415285 -0.00367099 -0.003072709
v -0.02087326 0.003072709 -0.004805148
v -0.02415285 -0.00367099 -0.003072709
v -0.02087326 -0.003072336 -0.04122125
v -0.02415285 -0.00367099 -0.04272564
v -0.02087326 -0.003072709 -0.004805148
v -0.02415285 -0.00367099 -0.04272564
v -0.02087326 0.003072709 -0.04122125
v -0.02415285 0.00367099 -0.04272564
v -0.02087326 -0.003072336 -0.04122125
v -0.0279233 0.005748719 -0.01989415
v -0.03027824 0.004838437 -0.01177539
v -0.03027824 0.004838437 -0.01887269
v -0.0279233 0.005748719 -0.01077056
v -0.0279233 -0.005748719 -0.01989415
v -0.03027824 -0.004838437 -0.01177539
v -0.0279233 -0.005748719 -0.01077056
v -0.03027824 -0.004838437 -0.01887269
v -0.0279233 0.005748719 -0.01077056
v -0.03027824 -0.004838437 -0.01177539
v -0.03027824 0.004838437 -0.01177539
v -0.0279233 -0.005748719 -0.01077056
v -0.03027824 0.004838437 -0.01177539
v -0.03027824 -0.004838437 -0.01887269
v -0.03027824 0.004838437 -0.01887269
v -0.03027824 -0.004838437 -0.01177539
v -0.03027824 0.004838437 -0.01887269
v -0.0279233 -0.005748719 -0.01989415
v -0.0279233 0.005748719 -0.01989415
v -0.03027824 -0.004838437 -0.01887269
v -0.0279233 0.005748719 -0.03467003
v -0.03027824 0.004838437 -0.02679406
v -0.03027824 0.004838437 -0.03370605
v -0.0279233 0.005748719 -0.02578469
v -0.0279233 -0.005748719 -0.03467003
v -0.03027824 -0.004838437 -0.02679406
v -0.0279233 -0.005748719 -0.02578469
v -0.03027824 -0.004838437 -0.03370605
v -0.0279233 0.005748719 -0.02578469
v -0.03027824 -0.004838437 -0.02679406
v -0.03027824 0.004838437 -0.02679406
v -0.0279233 -0.005748719 -0.02578469
v -0.03027824 0.004838437 -0.02679406
v -0.03027824 -0.004838437 -0.03370605
v -0.03027824 0.004838437 -0.03370605
v -0.03027824 -0.004838437 -0.02679406
v -0.03027824 0.004838437 -0.03370605
v -0.0279233 -0.005748719 -0.03467003
v -0.0279233 0.005748719 -0.03467003
v -0.03027824 -0.004838437 -0.03370605
v -0.0279233 0.005748719 -0.04769531
v -0.03027824 0.004838437 -0.04097581
v -0.03027824 0.004838437 -0.0469034
v -0.0279233 0.005748719 -0.04007649
v -0.0279233 -0.005748719 -0.04769531
v -0.03027824 -0.004838437 -0.04097581
v -0.0279233 -0.005748719 -0.04007649
v -0.03027824 -0.004838437 -0.0469034
v -0.0279233 0.005748719 -0.04007649
v -0.03027824 -0.004838437 -0.04097581
v -0.03027824 0.004838437 -0.04097581
v -0.0279233 -0.005748719 -0.04007649
v -0.03027824 0.004838437 -0.04097581
v -0.03027824 -0.004838437 -0.0469034
v -0.03027824 0.004838437 -0.0469034
v -0.03027824 -0.004838437 -0.04097581
v -0.03027824 0.004838437 -0.0469034
v -0.0279233 -0.005748719 -0.04769531
v -0.0279233 0.005748719 -0.04769531
v -0.03027824 -0.004838437 -0.0469034
v 0.04751454 0.01157722 0.122224
v 0.05468673 0.00648503 0.05946124
v 0.05468673 0.00648503 0.1209768
v 0.04751454 0.01157722 0.05872381
v 0.04751454 -0.01157722 0.122224
v 0.05468673 -0.00648503 0.05946088
v 0.04751454 -0.01157685 0.05872381
v 0.05468673 -0.00648503 0.1209768
v 0.05468673 -0.00648503 0.1209768
v 0.05468673 0.00648503 0.05946124
v 0.05468673 -0.00648503 0.05946088
v 0.05468673 0.00648503 0.1209768
v 0.04751454 -0.01157722 0.122224
v 0.05468673 0.00648503 0.1209768
v 0.05468673 -0.00648503 0.1209768
v 0.04751454 0.01157722 0.122224
v 0.04751454 -0.01157685 0.05872381
v 0.04751454 0.01157722 0.122224
v 0.04751454 -0.01157722 0.122224
v 0.04751454 0.01157722 0.05872381
v 0.05468673 -0.00648503 0.05946088
v 0.04751454 0.01157722 0.05872381
v 0.04751454 -0.01157685 0.05872381
v 0.05468673 0.00648503 0.05946124
v -0.01265693 0.01123044 0.1266483
v -0.008014008 0.01123044 0.04120046
v -0.008014008 0.01123044 0.1266483
v -0.01265693 0.01123044 0.04120082
v -0.01265731 -0.01123044 0.1266483
v -0.008014008 -0.01123044 0.04120046
v -0.01265693 -0.01123044 0.04120046
v -0.008014008 -0.01123044 0.1266483
v -0.01265731 -0.01123044 0.1266483
v -0.008014008 0.01123044 0.1266483
v -0.008014008 -0.01123044 0.1266483
v -0.01265693 0.01123044 0.1266483
v -0.01265693 -0.01123044 0.04120046
v -0.01265693 0.01123044 0.1266483
v -0.01265731 -0.01123044 0.1266483
v -0.01265693 0.01123044 0.04120082
v -0.008014008 -0.01123044 0.04120046
v -0.01265693 0.01123044 0.04120082
v -0.01265693 -0.01123044 0.04120046
v -0.008014008 0.01123044 0.04120046
v -0.01599248 0.008358151 0.1232054
v -0.01205601 0.009930253 0.1125869
v -0.01205601 0.009930253 0.1253149
v -0.01599248 0.008358151 0.1125869
v -0.01599248 -0.008357778 0.1232058
v -0.01205601 -0.009930253 0.1125869
v -0.01599248 -0.008357778 0.1125869
v -0.01205601 -0.009930253 0.1253149
v -0.01599248 -0.008357778 0.1232058
v -0.01205601 0.009930253 0.1253149
v -0.01205601 -0.009930253 0.1253149
v -0.01599248 0.008358151 0.1232054
v -0.01599248 -0.008357778 0.1125869
v -0.01599248 0.008358151 0.1232054
v -0.01599248 -0.008357778 0.1232058
v -0.01599248 0.008358151 0.1125869
v -0.01205601 -0.009930253 0.1125869
v -0.01599248 0.008358151 0.1125869
v -0.01599248 -0.008357778 0.1125869
v -0.01205601 0.009930253 0.1125869
v 0.006976664 0.02721421 0.1264903
v 0.02774177 0.02721421 0.04165992
v 0.02774177 0.02721421 0.1264899
v 0.006977037 0.02721421 0.04165992
v 0.006976664 -0.02721421 0.1264903
v 0.02774177 -0.02721421 0.04165992
v 0.006976664 -0.02721421 0.04165992
v 0.02774177 -0.02721421 0.1264903
v 0.03119381 -0.01870403 0.1311071
v 0.03119381 0.01870403 0.04060972
v 0.03119381 -0.01870403 0.04060972
v 0.03119381 0.01870403 0.1311071
v 0.006230518 -0.01870403 0.1311071
v -0.006550461 0.01617666 0.1311071
v -0.006550461 -0.01617627 0.1311071
v 0.006230891 0.01870403 0.1311071
v -0.009050608 -0.01870403 0.04060972
v -0.00905022 0.01870403 0.1280616
v -0.009050608 -0.01870403 0.1280616
v -0.009050608 0.01870403 0.04060972
v 0.02869365 -0.01870403 0.03848776
v -0.006550461 -0.01617627 0.03848776
v 0.006230891 -0.01870403 0.03848776
v 0.006230891 0.01870403 0.03848776
v 0.02869365 0.01870403 0.03848776
v -0.006550461 0.01617627 0.03848776
v -0.00905022 0.01870403 0.1280616
v 0.006024778 0.02168523 0.04060972
v 0.006024778 0.0216856 0.1280616
v -0.009050608 0.01870403 0.04060972
v -0.009050608 -0.01870403 0.04060972
v 0.006024778 -0.02168523 0.1280616
v 0.006024778 -0.02168523 0.04060972
v -0.009050608 -0.01870403 0.1280616
v 0.006977037 0.02721421 0.04165992
v 0.02869365 0.02168523 0.04060972
v 0.02774177 0.02721421 0.04165992
v 0.006024778 0.02168523 0.04060972
v 0.006976664 0.02721421 0.1264903
v 0.006024778 0.02168523 0.04060972
v 0.006977037 0.02721421 0.04165992
v 0.006024778 0.0216856 0.1280616
v 0.02774177 0.02721421 0.1264899
v 0.006024778 0.0216856 0.1280616
v 0.006976664 0.02721421 0.1264903
v 0.02869365 0.02168523 0.1280616
v 0.02774177 0.02721421 0.04165992
v 0.02869365 0.02168523 0.1280616
v 0.02774177 0.02721421 0.1264899
v 0.02869365 0.02168523 0.04060972
v 0.02774177 -0.02721421 0.1264903
v 0.02869365 -0.02168523 0.04060972
v 0.02774177 -0.02721421 0.04165992
v 0.02869365 -0.02168523 0.1280616
v 0.006976664 -0.02721421 0.1264903
v 0.02869365 -0.02168523 0.1280616
v 0.02774177 -0.02721421 0.1264903
v 0.006024778 -0.02168523 0.1280616
v 0.006976664 -0.02721421 0.04165992
v 0.006024778 -0.02168523 0.1280616
v 0.006976664 -0.02721421 0.1264903
v 0.006024778 -0.02168523 0.04060972
v 0.02774177 -0.02721421 0.04165992
v 0.006024778 -0.02168523 0.04060972
v 0.006976664 -0.02721421 0.04165992
v 0.02869365 -0.02168523 0.04060972
v 0.02967843 0.01608779 0.1272519
v 0.0499417 0.01232299 0.05826619
v 0.0499417 0.01232299 0.1231056
v 0.02967843 0.01608779 0.05586588
v 0.02967843 -0.01608777 0.1272519
v 0.0499417 -0.01232262 0.05826619
v 0.02967843 -0.01608777 0.05586588
v 0.0499417 -0.01232262 0.1231052
v 0.0499417 -0.01232262 0.1231052
v 0.0499417 0.01232299 0.05826619
v 0.0499417 -0.01232262 0.05826619
v 0.0499417 0.01232299 0.1231056
v 0.02967843 -0.01608777 0.1272519
v 0.0499417 0.01232299 0.1231056
v 0.0499417 -0.01232262 0.1231052
v 0.02967843 0.01608779 0.1272519
v 0.02967843 -0.01608777 0.05586588
v 0.02967843 0.01608779 0.1272519
v 0.02967843 -0.01608777 0.1272519
v 0.02967843 0.01608779 0.05586588
v 0.0499417 -0.01232262 0.05826619
v 0.02967843 0.01608779 0.05586588
v 0.02967843 -0.01608777 0.05586588
v 0.0499417 0.01232299 0.05826619
v 0.04777321 0.01098159 0.09570149
v 0.06061508 0.009431437 0.06463212
v 0.06061508 0.009431437 0.09297141
v 0.04777321 0.01098159 0.06253093
v 0.04777321 -0.01098159 0.09570187
v 0.06061508 -0.009431049 0.06463212
v 0.04777321 -0.01098159 0.06253093
v 0.06061508 -0.009431049 0.09297141
v 0.06061508 -0.009431049 0.09297141
v 0.06061508 0.009431437 0.06463212
v 0.06061508 -0.009431049 0.06463212
v 0.06061508 0.009431437 0.09297141
v 0.04777321 -0.01098159 0.09570187
v 0.06061508 0.009431437 0.09297141
v 0.06061508 -0.009431049 0.09297141
v 0.04777321 0.01098159 0.09570149
v 0.06061508 -0.009431049 0.06463212
v 0.04777321 0.01098159 0.06253093
v 0.04777321 -0.01098159 0.06253093
v 0.06061508 0.009431437 0.06463212
v -0.01599248 0.008357778 0.07088417
v -0.01205601 0.009930253 0.06071529
v -0.01205601 0.009930253 0.07226038
v -0.01599248 0.008358151 0.06193379
v -0.01599248 -0.008357778 0.07088417
v -0.01205601 -0.009930253 0.06071529
v -0.01599248 -0.008357778 0.06193379
v -0.01205601 -0.009930253 0.07226038
v -0.01599248 -0.008357778 0.07088417
v -0.01205601 0.009930253 0.07226038
v -0.01205601 -0.009930253 0.07226038
v -0.01599248 0.008357778 0.07088417
v -0.01599248 -0.008357778 0.06193379
v -0.01599248 0.008357778 0.07088417
v -0.01599248 -0.008357778 0.07088417
v -0.01599248 0.008358151 0.06193379
v -0.01205601 -0.009930253 0.06071529
v -0.01599248 0.008358151 0.06193379
v -0.01599248 -0.008357778 0.06193379
v -0.01205601 0.009930253 0.06071529
v -0.01599248 0.008358151 0.05216956
v -0.01205601 0.009930253 0.04200786
v -0.01205601 0.009930253 0.05337897
v -0.01599248 0.008358151 0.04335532
v -0.01599248 -0.008357778 0.05216956
v -0.01205601 -0.009930253 0.04200786
v -0.01599248 -0.008357778 0.04335532
v -0.01205601 -0.009930253 0.05337897
v -0.01599248 -0.008357778 0.05216956
v -0.01205601 0.009930253 0.05337897
v -0.01205601 -0.009930253 0.05337897
v -0.01599248 0.008358151 0.05216956
v -0.01599248 -0.008357778 0.04335532
v -0.01599248 0.008358151 0.05216956
v -0.01599248 -0.008357778 0.05216956
v -0.01599248 0.008358151 0.04335532
v -0.01205601 -0.009930253 0.04200786
v -0.01599248 0.008358151 0.04335532
v -0.01599248 -0.008357778 0.04335532
v -0.01205601 0.009930253 0.04200786
v -0.01599248 0.008358151 0.09578392
v -0.01205601 0.009930253 0.08146036
v -0.01205601 0.009930626 0.09775236
v -0.01599248 0.008358151 0.08311528
v -0.01599248 -0.008357778 0.09578392
v -0.01205601 -0.009930253 0.08146036
v -0.01599248 -0.008357778 0.08311528
v -0.01205601 -0.009930253 0.09775236
v -0.01599248 -0.008357778 0.09578392
v -0.01205601 0.009930626 0.09775236
v -0.01205601 -0.009930253 0.09775236
v -0.01599248 0.008358151 0.09578392
v -0.01599248 -0.008357778 0.08311528
v -0.01599248 0.008358151 0.09578392
v -0.01599248 -0.008357778 0.09578392
v -0.01599248 0.008358151 0.08311528
v -0.01205601 -0.009930253 0.08146036
v -0.01599248 0.008358151 0.08311528
v -0.01599248 -0.008357778 0.08311528
v -0.01205601 0.009930253 0.08146036
v 0.01400135 -0.02759315 0.05099419
v 0.01400135 -0.02759315 0.0490008
v 0.01241717 -0.02759315 0.04999918
v 0.01558556 -0.02759315 0.04999918
v 0.01347266 -0.02734658 0.05199862
v 0.01347266 -0.02734658 0.04798576
v 0.01028536 -0.02734658 0.04999918
v 0.01665996 -0.02734658 0.04999918
v 0.01830694 -0.02759315 0.05313694
v 0.01623754 -0.02759315 0.05313694
v 0.01727223 -0.02759315 0.05465344
v 0.01727223 -0.02759315 0.05161968
v 0.01935412 -0.02734658 0.05364296
v 0.01519036 -0.02734658 0.05364296
v 0.01727223 -0.02734658 0.05669788
v 0.01727223 -0.02734658 0.0505884
v 0.01623754 -0.02759315 0.04682624
v 0.01830731 -0.02759315 0.04682589
v 0.01727223 -0.02759315 0.04526776
v 0.01727262 -0.02759315 0.04836884
v 0.01519036 -0.02734658 0.04630777
v 0.01935449 -0.02734658 0.04630777
v 0.01727262 -0.02734658 0.0431405
v 0.01727223 -0.02734658 0.04940847
v 0.0205435 -0.02759315 0.04900041
v 0.0205435 -0.02759315 0.05099419
v 0.02212769 -0.02759315 0.04999918
v 0.0189593 -0.02759315 0.04999879
v 0.02107219 -0.02734658 0.04798537
v 0.02107219 -0.02734658 0.05199823
v 0.02425949 -0.02734658 0.04999918
v 0.0178849 -0.02734658 0.04999918
v 0.01400135 0.02759315 0.05099419
v 0.01400135 0.02759315 0.04900041
v 0.01558556 0.02759315 0.04999918
v 0.01241717 0.02759315 0.04999918
v 0.01347266 0.02734658 0.05199823
v 0.01347266 0.02734658 0.04798537
v 0.01665996 0.02734658 0.04999918
v 0.01028536 0.02734658 0.04999918
v 0.01830731 0.02759315 0.05313694
v 0.01623754 0.02759315 0.05313694
v 0.01727223 0.02759315 0.05162007
v 0.01727223 0.02759315 0.05465344
v 0.01935412 0.02734658 0.05364296
v 0.01519036 0.02734658 0.05364296
v 0.01727223 0.02734658 0.0505884
v 0.01727223 0.02734658 0.05669788
v 0.01623754 0.02759315 0.04682624
v 0.01830731 0.02759315 0.04682624
v 0.01727262 0.02759315 0.04836884
v 0.01727262 0.02759315 0.04526776
v 0.01519036 0.02734658 0.04630777
v 0.01935449 0.02734658 0.04630777
v 0.01727223 0.02734658 0.04940847
v 0.01727262 0.02734658 0.0431405
v 0.0205435 0.02759315 0.04900041
v 0.0205435 0.02759315 0.05099419
v 0.0189593 0.02759278 0.04999879
v 0.02212769 0.02759315 0.04999918
v 0.02107219 0.02734658 0.04798537
v 0.02107219 0.02734658 0.05199823
v 0.0178849 0.02734658 0.04999918
v 0.02425949 0.02734658 0.04999918
v 0.01411557 0.02112968 -0.05454907
v 0.00929302 0 0.01852742
v 0.00929302 0 -0.05454907
v 0.01411557 0.02112968 0.01852742
v 0.0276287 0.0380744 -0.05454907
v 0.0276287 0.0380744 0.01852742
v 0.04715526 0.04747823 0.01852742
v 0.04715526 0.04747823 -0.05454907
v 0.06882876 0.04747823 -0.05454907
v 0.06882839 0.04747823 0.01852742
v 0.08835533 0.03807479 -0.05454907
v 0.08835533 0.0380744 0.01852742
v 0.1018685 0.02112968 0.01852742
v 0.1018685 0.02112968 -0.05454907
v 0.106691 0 0.01852742
v 0.106691 0 -0.05454907
v 0.08835533 0.0380744 0.01852742
v 0.04715526 0.04747823 0.01852742
v 0.06882839 0.04747823 0.01852742
v 0.106691 0 0.01852742
v 0.1018685 0.02112968 0.01852742
v 0.01411557 0.02112968 0.01852742
v 0.0276287 0.0380744 0.01852742
v 0.00929302 0 0.01852742
v 0.01411557 -0.02112967 0.01852742
v 0.04715526 -0.04747823 0.01852742
v 0.0276287 -0.0380744 0.01852742
v 0.08835533 -0.0380744 0.01852742
v 0.1018685 -0.02112967 0.01852742
v 0.06882876 -0.04747823 0.01852742
v 0.1018685 0.02112968 -0.05454907
v 0.1030461 0 -0.05454907
v 0.106691 0 -0.05454907
v 0.0991191 0.009480596 -0.05454907
v 0.0896385 0.01340799 -0.05454907
v 0.08709525 0.02682242 -0.05454907
v 0.08835533 0.03807479 -0.05454907
v 0.08316784 0.01734145 -0.05454907
v 0.08316784 0.03630301 -0.05454907
v 0.08015753 0.009480596 -0.05454907
v 0.07368724 0.01341443 -0.05454907
v 0.06882876 0.04747823 -0.05454907
v 0.07368724 0.04023004 -0.05454907
v 0.06420664 0.03630301 -0.05454907
v 0.07623051 0 -0.05454907
v 0.04715526 0.04747823 -0.05454907
v 0.06420664 0.01734145 -0.05454907
v 0.06027962 0.02682242 -0.05454907
v 0.05177777 0.01734145 -0.05454907
v 0.03975353 0 -0.05454907
v 0.05570479 0.02682242 -0.05454907
v 0.04229678 0.01341443 -0.05454907
v 0.05177777 0.03630301 -0.05454907
v 0.0358265 0.009480596 -0.05454907
v 0.04229678 0.04023004 -0.05454907
v 0.03281619 0.01734145 -0.05454907
v 0.0276287 0.0380744 -0.05454907
v 0.03281619 0.03630301 -0.05454907
v 0.02634591 0.01340799 -0.05454907
v 0.02888918 0.02682242 -0.05454907
v 0.01411557 0.02112968 -0.05454907
v 0.01686494 0.009480596 -0.05454907
v 0.01293792 0 -0.05454907
v 0.00929302 0 -0.05454907
v 0.01411557 -0.02112967 -0.05454907
v 0.01686494 -0.009480596 -0.05454907
v 0.02634591 -0.01340762 -0.05454907
v 0.02888918 -0.02682242 -0.05454907
v 0.0276287 -0.0380744 -0.05454907
v 0.03281619 -0.01734145 -0.05454907
v 0.03281619 -0.03630301 -0.05454907
v 0.0358265 -0.009480596 -0.05454907
v 0.04229678 -0.04023004 -0.05454907
v 0.04229678 -0.01341443 -0.05454907
v 0.03975353 0 -0.05454907
v 0.04715526 -0.04747823 -0.05454907
v 0.05177777 -0.01734145 -0.05454907
v 0.05177777 -0.03630301 -0.05454907
v 0.05570479 -0.02682242 -0.05454907
v 0.07623051 0 -0.05454907
v 0.06027962 -0.02682242 -0.05454907
v 0.06420664 -0.03630301 -0.05454907
v 0.06420664 -0.01734145 -0.05454907
v 0.07368724 -0.01341443 -0.05454907
v 0.08015753 -0.009480596 -0.05454907
v 0.08316784 -0.01734145 -0.05454907
v 0.06882876 -0.04747823 -0.05454907
v 0.07368724 -0.04023004 -0.05454907
v 0.08316784 -0.03630301 -0.05454907
v 0.08835533 -0.0380744 -0.05454907
v 0.0896385 -0.01340762 -0.05454907
v 0.08709525 -0.02682242 -0.05454907
v 0.1018685 -0.02112967 -0.05454907
v 0.0991191 -0.009480596 -0.05454907
v 0.1030461 0 -0.05454907
v 0.106691 0 -0.05454907
v 0.00929302 0 0.01852742
v 0.01411557 -0.02112967 -0.05454907
v 0.00929302 0 -0.05454907
v 0.01411557 -0.02112967 0.01852742
v 0.0276287 -0.0380744 -0.05454907
v 0.0276287 -0.0380744 0.01852742
v 0.04715526 -0.04747823 0.01852742
v 0.04715526 -0.04747823 -0.05454907
v 0.06882876 -0.04747823 -0.05454907
v 0.06882876 -0.04747823 0.01852742
v 0.08835533 -0.0380744 -0.05454907
v 0.08835533 -0.0380744 0.01852742
v 0.1018685 -0.02112967 0.01852742
v 0.1018685 -0.02112967 -0.05454907
v 0.106691 0 0.01852742
v 0.106691 0 -0.05454907
v 0.09740783 0.02658153 0.01726355
v 0.09555021 0.03687406 -0.05313505
v 0.09740821 0.02658153 -0.05313505
v 0.09554945 0.03687444 0.01726355
v 0.0852675 0.04724264 -0.05313505
v 0.0852675 0.04724225 0.01726355
v 0.07114777 0.05096278 0.01726355
v 0.07114701 0.05096316 -0.05313505
v 0.06130449 0.04742566 0.01726355
v 0.06130412 0.04742604 -0.05313542
v 0.09740821 0.02658153 -0.05313505
v 0.09555021 0.03687406 -0.05313505
v 0.09039713 0.03156593 -0.05313542
v 0.08134311 0.04044521 -0.05313505
v 0.0852675 0.04724264 -0.05313505
v 0.07114701 0.05096316 -0.05313505
v 0.0691264 0.04384658 -0.05313542
v 0.06130412 0.04742604 -0.05313542
v 0.08134311 0.04044521 0.01726355
v 0.09554945 0.03687444 0.01726355
v 0.09740783 0.02658153 0.01726355
v 0.0852675 0.04724225 0.01726355
v 0.06130449 0.04742566 0.01726355
v 0.07114777 0.05096278 0.01726355
v 0.05467954 0.04742566 0.01726355
v 0.04483703 0.05096316 -0.05313505
v 0.05467992 0.04742604 -0.05313505
v 0.04483627 0.05096278 0.01726355
v 0.03071654 0.04724264 -0.05313542
v 0.03071654 0.04724225 0.01726355
v 0.02043457 0.03687444 0.01726355
v 0.02043383 0.03687406 -0.05313505
v 0.0185762 0.02658153 0.01726355
v 0.01857582 0.02658153 -0.05313542
v 0.05467992 0.04742604 -0.05313505
v 0.04483703 0.05096316 -0.05313505
v 0.04685764 0.04384658 -0.05313542
v 0.03464091 0.04044521 -0.05313542
v 0.03071654 0.04724264 -0.05313542
v 0.02043383 0.03687406 -0.05313505
v 0.0255869 0.03156593 -0.05313542
v 0.01857582 0.02658153 -0.05313542
v 0.03464091 0.04044521 0.01726355
v 0.04483627 0.05096278 0.01726355
v 0.05467954 0.04742566 0.01726355
v 0.03071654 0.04724225 0.01726355
v 0.0185762 0.02658153 0.01726355
v 0.02043457 0.03687444 0.01726355
v 0.1005414 -0.02084415 0.01726355
v 0.1085259 -0.01408909 -0.05313505
v 0.1005414 -0.02084452 -0.05313505
v 0.1085259 -0.01408833 0.01726355
v 0.1123641 0 -0.05313505
v 0.1123637 0 0.01726355
v 0.1085259 0.01408835 0.01726355
v 0.1085259 0.01408909 -0.05313505
v 0.1005414 0.02084415 0.01726355
v 0.1005414 0.02084453 -0.05313542
v 0.1005414 -0.02084452 -0.05313505
v 0.1085259 -0.01408909 -0.05313505
v 0.1013526 -0.01228064 -0.05313542
v 0.1045153 0 -0.05313505
v 0.1123641 0 -0.05313505
v 0.1085259 0.01408909 -0.05313505
v 0.1013526 0.01228064 -0.05313505
v 0.1005414 0.02084453 -0.05313542
v 0.1045153 0 0.01726355
v 0.1085259 -0.01408833 0.01726355
v 0.1005414 -0.02084415 0.01726355
v 0.1123637 0 0.01726355
v 0.1005414 0.02084415 0.01726355
v 0.1085259 0.01408835 0.01726355
v 0.06130449 -0.04742567 0.01726355
v 0.07114701 -0.05096316 -0.05313505
v 0.06130412 -0.04742604 -0.05313505
v 0.07114777 -0.05096279 0.01726355
v 0.0852675 -0.04724263 -0.05313505
v 0.0852675 -0.04724225 0.01726355
v 0.09554945 -0.03687444 0.01726355
v 0.09555021 -0.03687407 -0.05313505
v 0.09740783 -0.02658151 0.01726355
v 0.09740821 -0.02658151 -0.05313542
v 0.06130412 -0.04742604 -0.05313505
v 0.07114701 -0.05096316 -0.05313505
v 0.0691264 -0.04384658 -0.05313542
v 0.08134311 -0.04044522 -0.05313505
v 0.0852675 -0.04724263 -0.05313505
v 0.09555021 -0.03687407 -0.05313505
v 0.09039713 -0.03156593 -0.05313505
v 0.09740821 -0.02658151 -0.05313542
v 0.08134311 -0.04044522 0.01726355
v 0.07114777 -0.05096279 0.01726355
v 0.06130449 -0.04742567 0.01726355
v 0.0852675 -0.04724225 0.01726355
v 0.09740783 -0.02658151 0.01726355
v 0.09554945 -0.03687444 0.01726355
v 0.0185762 -0.02658151 0.01726355
v 0.0204342 -0.03687407 -0.05313505
v 0.01857582 -0.02658151 -0.05313505
v 0.02043457 -0.03687444 0.01726355
v 0.03071654 -0.04724263 -0.05313542
v 0.03071654 -0.04724225 0.01726355
v 0.04483627 -0.05096279 0.01726355
v 0.04483703 -0.05096316 -0.05313505
v 0.05467954 -0.04742567 0.01726355
v 0.05467992 -0.04742604 -0.05313542
v 0.01857582 -0.02658151 -0.05313505
v 0.0204342 -0.03687407 -0.05313505
v 0.0255869 -0.03156593 -0.05313542
v 0.03464091 -0.04044522 -0.05313542
v 0.03071654 -0.04724263 -0.05313542
v 0.04483703 -0.05096316 -0.05313505
v 0.04685764 -0.04384658 -0.05313542
v 0.05467992 -0.04742604 -0.05313542
v 0.03464091 -0.04044522 0.01726355
v 0.02043457 -0.03687444 0.01726355
v 0.0185762 -0.02658151 0.01726355
v 0.03071654 -0.04724225 0.01726355
v 0.05467954 -0.04742567 0.01726355
v 0.04483627 -0.05096279 0.01726355
v 0.01526372 0.02084415 0.01726355
v 0.007279202 0.01408909 -0.05313505
v 0.01526372 0.02084453 -0.05313505
v 0.00727883 0.01408835 0.01726355
v 0.003441066 0 -0.05313542
v 0.003441066 0 0.01726355
v 0.00727883 -0.01408833 0.01726355
v 0.007279202 -0.01408909 -0.05313505
v 0.01526372 -0.02084415 0.01726355
v 0.01526372 -0.02084452 -0.05313542
v 0.01526372 0.02084453 -0.05313505
v 0.007279202 0.01408909 -0.05313505
v 0.01445253 0.01228064 -0.05313542
v 0.01128981 0 -0.05313542
v 0.003441066 0 -0.05313542
v 0.007279202 -0.01408909 -0.05313505
v 0.01445253 -0.01228064 -0.05313542
v 0.01526372 -0.02084452 -0.05313542
v 0.01128981 0 0.01726355
v 0.00727883 0.01408835 0.01726355
v 0.01526372 0.02084415 0.01726355
v 0.003441066 0 0.01726355
v 0.01526372 -0.02084415 0.01726355
v 0.00727883 -0.01408833 0.01726355
v -0.02076322 0.004962102 -0.04255849
v -0.01631279 0.007017508 0.01095928
v -0.02076322 0.004962102 0.01095928
v -0.01631279 0.007017508 -0.04255849
v -0.02260685 0 0.01095928
v -0.02076322 0.004962102 -0.04255849
v -0.02076322 0.004962102 0.01095928
v -0.02260685 0 -0.04255849
v -0.02076322 -0.004962102 0.01095928
v -0.02076322 -0.004962102 -0.04255849
v -0.01631279 -0.007017508 0.01095966
v -0.02076322 -0.004962102 -0.04255849
v -0.02076322 -0.004962102 0.01095928
v -0.01631279 -0.007017508 -0.04255849
v -0.01186199 -0.004962102 0.01095928
v -0.01631279 -0.007017508 -0.04255849
v -0.01631279 -0.007017508 0.01095966
v -0.01186199 -0.004962102 -0.04255849
v -0.01001875 0 0.01095928
v -0.01001875 0 -0.04255849
v -0.01186237 0.004962102 0.01095928
v -0.01186199 0.004962102 -0.04255849
v -0.01631279 0.007017508 0.01095928
v -0.01631279 0.007017508 -0.04255849
v -0.01631279 0.009219646 0.01164
v -0.02215984 0.006519064 0.02007644
v -0.02215984 0.006519064 0.01164
v -0.01631279 0.009219646 0.02007644
v -0.0245817 0 0.02007644
v -0.02215984 0.006519064 0.01164
v -0.02215984 0.006519064 0.02007644
v -0.0245817 0 0.01164038
v -0.02215984 -0.006519064 0.02007644
v -0.02215984 -0.006519064 0.01164
v -0.02215984 -0.006519064 0.01164
v -0.01631279 -0.009219646 0.02007644
v -0.01631279 -0.009219646 0.01164038
v -0.02215984 -0.006519064 0.02007644
v -0.01046576 -0.006519064 0.02007644
v -0.01631279 -0.009219646 0.01164038
v -0.01631279 -0.009219646 0.02007644
v -0.01046576 -0.006519064 0.01164
v -0.008043885 0 0.02007644
v -0.008043885 0 0.01164
v -0.01046576 0.006519064 0.02007644
v -0.01046576 0.006519064 0.01164
v -0.01631279 0.009219646 0.02007644
v -0.01631279 0.009219646 0.01164
v -0.01186199 0.004962102 -0.04255849
v -0.01186199 -0.004962102 -0.04255849
v -0.01001875 0 -0.04255849
v -0.02076322 0.004962102 -0.04255849
v -0.01631279 0.007017508 -0.04255849
v -0.02076322 -0.004962102 -0.04255849
v -0.01631279 -0.007017508 -0.04255849
v -0.02260685 0 -0.04255849
v 0.003700495 -0.01139267 -0.07419476
v -0.01231052 -0.01139267 -0.09521779
v -0.01231052 -0.01139267 -0.07419476
v 0.003700495 -0.01139267 -0.09521779
v 0.003700495 0.01139267 -0.09521779
v 0.003700495 0.01139267 -0.07419476
v -0.01231052 0.01139267 -0.09521779
v -0.01231052 0.01139267 -0.07419476
v 0.003700495 -0.01060039 -0.07322587
v 0.003700495 0.01060039 -0.07322587
v -0.01218231 0.01060039 -0.07322587
v -0.013914 -0.008641407 -0.07322587
v -0.01391438 0.008641422 -0.07322587
v -0.01218231 -0.01060039 -0.07322587
v 0.003700495 -0.01139267 -0.07419476
v -0.01218231 -0.01060039 -0.07322587
v 0.003700495 -0.01060039 -0.07322587
v -0.01231052 -0.01139267 -0.07419476
v -0.013914 -0.008641407 -0.07322587
v -0.01431298 -0.009094477 -0.07419476
v -0.01431298 0.009094477 -0.07419476
v -0.01431298 -0.009094477 -0.09521779
v -0.01391438 0.008641422 -0.07322587
v -0.01231052 -0.01139267 -0.09521779
v -0.01231052 0.01139267 -0.07419476
v -0.01218231 0.01060039 -0.07322587
v -0.01431298 0.009094477 -0.09521779
v 0.003700495 0.01139267 -0.07419476
v 0.003700495 0.01060039 -0.07322587
v -0.01231052 0.01139267 -0.09521779
v -0.01218231 -0.01060039 -0.09618442
v 0.003700495 -0.01060039 -0.09618442
v -0.013914 -0.008641407 -0.09618442
v 0.003700495 -0.01139267 -0.09521779
v -0.01391438 0.008641422 -0.09618442
v -0.01218231 0.01060039 -0.09618442
v 0.003700495 0.01060039 -0.09618442
v 0.003700495 0.01139267 -0.09521779
v -0.01431298 0.009094477 -0.07419476
v -0.01431298 -0.009094477 -0.09521779
v -0.01431298 0.009094477 -0.09521779
v -0.01431298 -0.009094477 -0.07419476
v -0.01218231 0.01060039 -0.09618442
v 0.003700495 -0.01060039 -0.09618442
v 0.003700495 0.01060039 -0.09618442
v -0.013914 -0.008641407 -0.09618442
v -0.01391438 0.008641422 -0.09618442
v -0.01218231 -0.01060039 -0.09618442
v -0.004298776 -0.01449451 -0.09114896
v 0.0008732229 -0.01449451 -0.08615206
v -0.0006413907 -0.01449451 -0.0896854
v -0.009463578 -0.01447484 -0.08613504
v -0.007955775 -0.01449451 -0.0896854
v -0.004298776 -0.01449451 -0.0811529
v -0.0006413907 -0.01449451 -0.08261721
v -0.007963344 -0.01447484 -0.08263423
v -0.007963344 -0.01035117 -0.08263423
v -0.009463578 -0.01447484 -0.08613504
v -0.009463578 -0.01035117 -0.08613504
v -0.007963344 -0.01447484 -0.08263423
v -0.004298776 -0.01033112 -0.0811529
v -0.004298776 -0.01449451 -0.0811529
v -0.0006413907 -0.01033112 -0.08261721
v -0.0006413907 -0.01449451 -0.08261721
v 0.0008732229 -0.01033112 -0.08615206
v 0.0008732229 -0.01449451 -0.08615206
v -0.007955775 -0.01449451 -0.0896854
v -0.009463578 -0.01035117 -0.08613504
v -0.009463578 -0.01447484 -0.08613504
v -0.007955775 -0.01033112 -0.0896854
v -0.004298776 -0.01449451 -0.09114896
v -0.004298776 -0.01033112 -0.09114896
v -0.0006413907 -0.01449451 -0.0896854
v -0.0006413907 -0.01033112 -0.08968577
v 0.0008732229 -0.01449451 -0.08615206
v 0.0008732229 -0.01033112 -0.08615206
v -0.004298776 -0.01483789 -0.0896056
v -0.0007242113 -0.01483828 -0.08615206
v -0.001771018 -0.01483828 -0.08859435
v -0.007873327 -0.01483789 -0.08615206
v -0.006826535 -0.01483789 -0.08859396
v -0.004298776 -0.01483789 -0.082697
v -0.001771018 -0.01483828 -0.08370902
v -0.006826147 -0.01483789 -0.08370902
v -0.009470761 0.01449488 -0.08615206
v -0.004298776 0.01449488 -0.0811529
v -0.007955775 0.01449488 -0.08261721
v 0.0008732229 0.01449488 -0.08615206
v -0.0006413907 0.01449488 -0.08261721
v -0.004298776 0.01449488 -0.09114896
v -0.007955775 0.01449488 -0.0896854
v -0.0006417781 0.01449488 -0.08968577
v -0.009470761 0.01449488 -0.08615206
v -0.007955775 0.01033112 -0.08261721
v -0.009470761 0.01033112 -0.08615206
v -0.007955775 0.01449488 -0.08261721
v -0.004298776 0.01033112 -0.0811529
v -0.004298776 0.01449488 -0.0811529
v -0.0006417781 0.01033112 -0.08261721
v -0.0006413907 0.01449488 -0.08261721
v 0.0008732229 0.01033112 -0.08615206
v 0.0008732229 0.01449488 -0.08615206
v -0.009470761 0.01033112 -0.08615206
v -0.007955775 0.01449488 -0.0896854
v -0.009470761 0.01449488 -0.08615206
v -0.007955775 0.01033112 -0.0896854
v -0.004298776 0.01449488 -0.09114896
v -0.004298776 0.01033112 -0.09114896
v -0.0006417781 0.01449488 -0.08968577
v -0.0006413907 0.01033112 -0.0896854
v 0.0008732229 0.01449488 -0.08615206
v 0.0008732229 0.01033112 -0.08615206
v -0.007873327 0.01483828 -0.08615206
v -0.004298776 0.01483828 -0.08269738
v -0.006826147 0.01483828 -0.08370939
v -0.0007242113 0.01483828 -0.08615206
v -0.001771018 0.01483828 -0.08370902
v -0.004298776 0.01483828 -0.0896056
v -0.006826147 0.01483828 -0.08859435
v -0.001771018 0.01483828 -0.08859435
v 0.02987963 -0.003391892 -0.1428446
v 0.02987963 0.003391892 -0.1428446
v 0.02987963 0 -0.1387592
v 0.02987963 0 -0.1469384
v 0.04737197 0.03057358 -0.06065592
v 0.05317929 0.03057358 -0.06674992
v 0.05493934 0.03057358 -0.06065592
v 0.04913163 0.03057358 -0.06674992
v 0.04737197 -0.03057359 -0.06065592
v 0.05317929 -0.03057359 -0.06674992
v 0.04913163 -0.03057359 -0.06674992
v 0.05493934 -0.03057359 -0.06065592
v 0.05493934 -0.03057359 -0.06065592
v 0.05317929 0.03057358 -0.06674992
v 0.05317929 -0.03057359 -0.06674992
v 0.05493934 0.03057358 -0.06065592
v 0.04913163 -0.03057359 -0.06674992
v 0.04737197 0.03057358 -0.06065592
v 0.04737197 -0.03057359 -0.06065592
v 0.04913163 0.03057358 -0.06674992
v 0.05317929 -0.03057359 -0.06674992
v 0.04913163 0.03057358 -0.06674992
v 0.04913163 -0.03057359 -0.06674992
v 0.05317929 0.03057358 -0.06674992
v -0.008549899 0.01255406 -0.09520683
v -0.01104739 -0.01255406 -0.1010312
v -0.01104739 0.01255406 -0.1010312
v -0.008549899 -0.01255406 -0.09520683
v -0.002520576 0.01255406 -0.09279403
v -0.002520576 -0.01255406 -0.09279403
v 0.003508747 0.01255406 -0.09520683
v 0.003508747 -0.01255406 -0.09520683
v 0.006006256 0.01255406 -0.1010312
v 0.006006256 -0.01255406 -0.1010312
v -0.008549899 -0.01255406 -0.1068578
v -0.01104739 0.01255406 -0.1010312
v -0.01104739 -0.01255406 -0.1010312
v -0.008549899 0.01255406 -0.1068578
v -0.002520576 -0.01255406 -0.1092729
v -0.002520576 0.01255406 -0.1092729
v 0.003508747 -0.01255406 -0.1068578
v 0.003508747 0.01255406 -0.1068578
v 0.006006256 -0.01255406 -0.1010312
v 0.006006256 0.01255406 -0.1010312
v 0.003508747 0.01255406 -0.09520683
v 0.003508747 0.01255406 -0.1068578
v 0.006006256 0.01255406 -0.1010312
v -0.008549899 0.01255406 -0.09520683
v -0.002520576 0.01255406 -0.09279403
v -0.008549899 0.01255406 -0.1068578
v -0.002520576 0.01255406 -0.1092729
v -0.01104739 0.01255406 -0.1010312
v -0.008549899 -0.01255406 -0.09520683
v -0.008549899 -0.01255406 -0.1068578
v -0.01104739 -0.01255406 -0.1010312
v 0.003508747 -0.01255406 -0.09520683
v -0.002520576 -0.01255406 -0.09279403
v 0.003508747 -0.01255406 -0.1068578
v -0.002520576 -0.01255406 -0.1092729
v 0.006006256 -0.01255406 -0.1010312
v 0.1201607 0.004966259 -0.006728962
v 0.1253062 0.004966259 -0.05688168
v 0.1253062 0.004966259 -0.006728962
v 0.1201607 0.004966259 -0.05688168
v 0.1237065 0.004966259 -0.05995741
v 0.1201607 0.004966259 -0.06125836
v 0.1029406 0.004966259 -0.06125836
v 0.1029406 0.004966259 -0.05688168
v 0.1253062 -0.004966259 -0.05688168
v 0.1201607 -0.004966259 -0.006728962
v 0.1253062 -0.004966259 -0.006728962
v 0.1201607 -0.004966259 -0.05688168
v 0.1237065 -0.004966259 -0.05995741
v 0.1201607 -0.004966259 -0.06125836
v 0.1029406 -0.004966259 -0.05688168
v 0.1029406 -0.004966259 -0.06125836
v 0.1253062 -0.004966259 -0.006728962
v 0.1253062 0.004966259 -0.05688168
v 0.1253062 -0.004966259 -0.05688168
v 0.1253062 0.004966259 -0.006728962
v 0.1201607 -0.004966259 -0.006728962
v 0.1253062 0.004966259 -0.006728962
v 0.1253062 -0.004966259 -0.006728962
v 0.1201607 0.004966259 -0.006728962
v 0.1201607 -0.004966259 -0.05688168
v 0.1201607 0.004966259 -0.006728962
v 0.1201607 -0.004966259 -0.006728962
v 0.1201607 0.004966259 -0.05688168
v 0.1253062 0.004966259 -0.05688168
v 0.1237065 -0.004966259 -0.05995741
v 0.1253062 -0.004966259 -0.05688168
v 0.1237065 0.004966259 -0.05995741
v 0.1201607 0.004966259 -0.06125836
v 0.1201607 -0.004966259 -0.06125836
v 0.1029406 -0.004966259 -0.06125836
v 0.1029406 0.004966259 -0.06125836
v 0.1029406 0.004966259 -0.06125836
v 0.1029406 -0.004966259 -0.05688168
v 0.1029406 -0.004966259 -0.06125836
v 0.1029406 0.004966259 -0.05688168
v 0.1029406 0.004966259 -0.05688168
v 0.1201607 -0.004966259 -0.05688168
v 0.1029406 -0.004966259 -0.05688168
v 0.1201607 0.004966259 -0.05688168
v 0.01121645 -0.01875205 -0.08145998
v 0.01138586 -0.01686153 -0.08024715
v 0.01175874 -0.01762395 -0.08184458
v 0.01084356 -0.01798965 -0.07986216
v 0.004948109 -0.01233207 -0.07631673
v 0.004405797 -0.01346019 -0.07593174
v 0.00325878 -0.01164378 -0.07665671
v 0.002716467 -0.01277189 -0.07627136
v -0.009301335 -0.01344846 -0.09394749
v -0.008759022 -0.01232035 -0.0943321
v -0.009301335 -0.01344846 -0.09394749
v -0.00838615 -0.01308313 -0.09592839
v -0.008759022 -0.01232035 -0.0943321
v -0.008928448 -0.01421086 -0.09554379
v -0.001948386 -0.01761261 -0.09985314
v -0.002490699 -0.01874033 -0.09946854
v -0.0008013695 -0.01942863 -0.09912968
v -0.001289979 -0.01757553 -0.09888576
v -0.0002590567 -0.01830089 -0.09951429
v 0.01121645 -0.01875205 -0.08145998
v 0.01175874 -0.01762395 -0.08184458
v -0.001289979 -0.01757553 -0.09888576
v -0.00838615 -0.01308313 -0.09592839
v -0.001948386 -0.01761261 -0.09985314
v -0.007727727 -0.01304607 -0.09496063
v -0.008759022 -0.01232035 -0.0943321
v 0.004289702 -0.01236913 -0.07728601
v 0.00325878 -0.01164378 -0.07665671
v 0.004948109 -0.01233207 -0.07631673
v 0.01072784 -0.0168986 -0.08121568
v 0.01138586 -0.01686153 -0.08024715
v 0.01175874 -0.01762395 -0.08184458
v -0.0002590567 -0.01830089 -0.09951429
v -0.001289979 -0.01757553 -0.09888576
v -0.00827004 -0.01417381 -0.09457602
v -0.007727727 -0.01304607 -0.09496063
v -0.001832277 -0.01870327 -0.09850115
v 0.01072784 -0.0168986 -0.08121568
v 0.01018552 -0.01802671 -0.08083069
v 0.003747389 -0.01349725 -0.07690102
v -0.007727727 -0.01304607 -0.09496063
v -0.00827004 -0.01417381 -0.09457602
v 0.004289702 -0.01236913 -0.07728601
v 0.01018552 -0.01802671 -0.08083069
v 0.01072784 -0.0168986 -0.08121568
v 0.03552321 0.003391892 -0.1428446
v 0.03552321 -0.003391892 -0.1428446
v 0.03552321 0 -0.1387592
v 0.03552321 0 -0.1469384
v 0.003202811 0.007892624 -0.06065592
v -0.009093344 0.007892624 -0.07712755
v 0.008958712 0.007892624 -0.07712755
v -0.009093344 0.007892624 -0.06065592
v -0.009093344 -0.007892624 -0.07712755
v 0.003202811 -0.007892624 -0.06065592
v 0.008958712 -0.007892624 -0.07712755
v -0.009093344 -0.007892624 -0.06065592
v 0.06128067 0.001068741 -0.07485355
v 0.0556473 -0.0001633763 -0.0789863
v 0.06229231 -0.0001633763 -0.07694602
v 0.05516739 0.001324013 -0.07689989
v 0.06026979 -0.0001633763 -0.07301068
v 0.04674986 -0.0001633763 -0.07910354
v 0.05468862 -0.0001633763 -0.07460773
v 0.04674986 0.002044439 -0.07665898
v 0.03760017 -0.0001633763 -0.08320868
v 0.04674986 -0.0001633763 -0.07338244
v 0.03760017 0.003748149 -0.07683787
v 0.03760017 -0.0001633763 -0.06528975
v 0.06128067 -0.001395479 -0.07485355
v 0.05468862 -0.0001633763 -0.07460773
v 0.06026979 -0.0001633763 -0.07301068
v 0.05516739 -0.001651138 -0.07689989
v 0.06229231 -0.0001633763 -0.07694602
v 0.0556473 -0.0001633763 -0.0789863
v 0.04674986 -0.0001633763 -0.07910354
v 0.04674986 -0.002371565 -0.07665898
v 0.03760017 -0.0001633763 -0.08320868
v 0.04674986 -0.0001633763 -0.07338244
v 0.03760017 -0.004074886 -0.07683787
v 0.03760017 -0.0001633763 -0.06528975
v 0.06128067 0.001068741 -0.07485355
v 0.06128067 -0.001395479 -0.07485355
v 0.06026979 -0.0001633763 -0.07301068
v 0.06229231 -0.0001633763 -0.07694602
v -0.02053404 0.004733309 -0.06925498
v -0.01628859 0.00669378 -0.04340637
v -0.02053404 0.004733309 -0.04340637
v -0.01628859 0.00669378 -0.06925498
v -0.02053404 0.004733309 -0.04340637
v -0.02229258 0 -0.06925498
v -0.02053404 0.004733309 -0.06925498
v -0.02229258 0 -0.04340637
v -0.02053404 -0.004733294 -0.06925498
v -0.02053404 -0.004733294 -0.04340637
v -0.01628859 -0.00669378 -0.06925498
v -0.02053404 -0.004733294 -0.04340637
v -0.01628859 -0.00669378 -0.04340637
v -0.02053404 -0.004733294 -0.06925498
v -0.01628859 -0.00669378 -0.04340637
v -0.01204352 -0.004733294 -0.06925498
v -0.01628859 -0.00669378 -0.06925498
v -0.01204352 -0.004733294 -0.04340637
v -0.01028499 0 -0.06925498
v -0.01028499 0 -0.04340637
v -0.01204352 0.004733309 -0.06925498
v -0.01204352 0.004733309 -0.04340637
v -0.01628859 0.00669378 -0.06925498
v -0.01628859 0.00669378 -0.04340637
v -0.02053404 0.004733309 -0.06925498
v -0.01628859 0.008338496 -0.07189505
v -0.01628859 0.00669378 -0.06925498
v -0.02223396 0.00636591 -0.07189505
v -0.01628859 0.00669378 -0.06925498
v -0.01628859 0.008338496 -0.07189505
v -0.01204352 0.004733309 -0.06925498
v -0.008077919 0.00636591 -0.07189505
v -0.008077919 0.004733309 -0.06925498
v -0.008077919 0 -0.07189505
v -0.008077919 -0.00636591 -0.07189505
v -0.01628859 -0.008338496 -0.07189505
v -0.01204352 -0.004733294 -0.06925498
v -0.008077919 -0.004733294 -0.06925498
v -0.01628859 -0.00669378 -0.06925498
v -0.02223396 -0.00636591 -0.07189505
v -0.02223396 0.00636591 -0.07189505
v -0.02469666 0 -0.07189505
v -0.02053404 -0.004733294 -0.06925498
v -0.02229258 0 -0.06925498
v -0.02053404 0.004733309 -0.06925498
v -0.01628859 -0.00669378 -0.06925498
v -0.02223396 -0.00636591 -0.07189505
v -0.02053404 -0.004733294 -0.06925498
v -0.01628859 -0.008338496 -0.07189505
v -0.01028499 0 -0.06925498
v -0.008077919 -0.004733294 -0.06925498
v -0.01204352 -0.004733294 -0.06925498
v -0.008077919 0.004733309 -0.06925498
v -0.01204352 0.004733309 -0.06925498
v -0.01293603 0 -0.125012
v -0.002866223 0.0100698 -0.125012
v -0.009986594 0.007120371 -0.125012
v -0.002866223 -0.01006941 -0.125012
v -0.009986594 -0.007120371 -0.125012
v 0.007203192 0 -0.125012
v 0.004254147 0.007120371 -0.125012
v 0.004254147 -0.007120371 -0.125012
v 0.01697725 0.003855541 -0.119711
v 0.004583165 0.003855541 -0.1212846
v 0.01697725 0.003855541 -0.1267134
v 0.01073729 0.003855541 -0.1166969
v 0.004583165 0.003855541 -0.1093625
v 0.01073729 0.003855541 -0.1121062
v 0.004583165 -0.003855541 -0.1212846
v 0.01697725 -0.003855541 -0.119711
v 0.01697725 -0.003855541 -0.1267134
v 0.01073729 -0.003855541 -0.1166969
v 0.01073729 -0.003855541 -0.1121062
v 0.004583165 -0.003855541 -0.1093625
v 0.01697725 -0.003855541 -0.119711
v 0.01697725 0.003855541 -0.1267134
v 0.01697725 -0.003855541 -0.1267134
v 0.01697725 0.003855541 -0.119711
v 0.01697725 -0.003855541 -0.119711
v 0.01073729 0.003855541 -0.1166969
v 0.01697725 0.003855541 -0.119711
v 0.01073729 -0.003855541 -0.1166969
v 0.01073729 -0.003855541 -0.1121062
v 0.004583165 0.003855541 -0.1093625
v 0.01073729 0.003855541 -0.1121062
v 0.004583165 -0.003855541 -0.1093625
v 0.01073729 0.003855541 -0.1121062
v 0.01073729 -0.003855541 -0.1166969
v 0.01073729 -0.003855541 -0.1121062
v 0.01073729 0.003855541 -0.1166969
v -0.01591305 0.01033378 -0.2117449
v -0.01591305 -0.01033376 -0.2165951
v -0.01591305 0.01033378 -0.2165951
v -0.01591305 -0.01033376 -0.2117449
v -0.0134133 -0.01266639 -0.2117449
v -0.005924195 -0.01266639 -0.2165951
v -0.0134133 -0.01266639 -0.2165951
v -0.005924195 -0.01266639 -0.2117449
v 0.01707104 -0.01266639 -0.2165951
v 0.01707104 -0.01266639 -0.2117449
v 0.06217544 -0.01266639 -0.2117449
v 0.06217544 -0.01266639 -0.2165947
v -0.01591305 0.01033378 -0.2117449
v -0.01591344 -0.01033376 -0.1135346
v -0.01591305 -0.01033376 -0.2117449
v -0.01591344 0.01033378 -0.1135346
v -0.0134133 -0.01266639 -0.1135346
v -0.0134133 0.01266639 -0.1135346
v -0.005924195 -0.01266639 -0.1135346
v -0.0134133 -0.01266639 -0.2117449
v -0.005924195 -0.01266639 -0.2117449
v -0.005924195 0.01266639 -0.1135346
v -0.0134133 0.01266639 -0.2117449
v -0.005924195 0.01266639 -0.2117449
v 0.01707104 -0.01266639 -0.1229921
v 0.01707104 -0.01266639 -0.2117449
v 0.01707104 0.01266639 -0.1229921
v 0.01707104 0.01266639 -0.2117449
v -0.01340838 -0.009124354 -0.2206072
v -0.005924195 0.009124354 -0.2206072
v -0.01340875 0.009124354 -0.2206072
v -0.005924195 -0.009124354 -0.2206072
v 0.01707104 -0.009124354 -0.2206072
v 0.01707104 0.009124354 -0.2206072
v 0.06010982 -0.009124354 -0.2206072
v 0.06010982 0.009124354 -0.2206072
v 0.0646756 -0.01033376 -0.2165947
v 0.0646756 0.01033378 -0.2165947
v 0.0646756 -0.01033376 -0.2165947
v 0.0646756 0.01033378 -0.2117449
v 0.0646756 0.01033378 -0.2165947
v 0.0646756 -0.01033376 -0.2117449
v -0.005924195 0.01266639 -0.2165951
v -0.0134133 0.01266639 -0.2117449
v -0.0134133 0.01266639 -0.2165951
v -0.005924195 0.01266639 -0.2117449
v 0.01707104 0.01266639 -0.2165951
v 0.01707104 0.01266639 -0.2117449
v 0.06217544 0.01266639 -0.2117449
v 0.06217544 0.01266639 -0.2165947
v -0.0134133 -0.01266639 -0.2117449
v -0.01591305 -0.01033376 -0.2165951
v -0.01591305 -0.01033376 -0.2117449
v -0.0134133 -0.01266639 -0.2165951
v -0.0134133 -0.01266639 -0.1135346
v -0.01591305 -0.01033376 -0.2117449
v -0.01591344 -0.01033376 -0.1135346
v -0.0134133 -0.01266639 -0.2117449
v -0.0134133 0.01266639 -0.2165951
v -0.01591305 0.01033378 -0.2117449
v -0.01591305 0.01033378 -0.2165951
v -0.0134133 0.01266639 -0.2117449
v -0.0134133 0.01266639 -0.2117449
v -0.01591344 0.01033378 -0.1135346
v -0.01591305 0.01033378 -0.2117449
v -0.0134133 0.01266639 -0.1135346
v 0.06217544 -0.01266639 -0.2165947
v 0.0646756 -0.01033376 -0.2117449
v 0.0646756 -0.01033376 -0.2165947
v 0.06217544 -0.01266639 -0.2117449
v 0.0646756 -0.01033376 -0.2165947
v 0.06010982 -0.009124354 -0.2206072
v 0.06217544 -0.01266639 -0.2165947
v 0.01707104 -0.01266639 -0.2165951
v 0.01707104 -0.009124354 -0.2206072
v -0.005924195 -0.01266639 -0.2165951
v -0.005924195 -0.009124354 -0.2206072
v -0.01340838 -0.009124354 -0.2206072
v -0.0134133 -0.01266639 -0.2165951
v -0.01591305 -0.01033376 -0.2165951
v -0.01340875 0.009124354 -0.2206072
v -0.01591305 0.01033378 -0.2165951
v -0.0134133 0.01266639 -0.2165951
v -0.005924195 0.01266639 -0.2165951
v -0.005924195 0.009124354 -0.2206072
v 0.01707104 0.009124354 -0.2206072
v 0.01707104 0.01266639 -0.2165951
v 0.06010982 0.009124354 -0.2206072
v 0.06217544 0.01266639 -0.2165947
v 0.0646756 0.01033378 -0.2165947
v 0.06217544 0.01266639 -0.2117449
v 0.0646756 0.01033378 -0.2165947
v 0.0646756 0.01033378 -0.2117449
v 0.06217544 0.01266639 -0.2165947
v 0.06244282 0.01152617 -0.08876452
v 0.03602126 0.01406641 -0.0879295
v 0.03602126 0.01218836 -0.08876452
v 0.06667125 0.01406641 -0.0879295
v 0.06667125 -0.01407057 -0.0879295
v 0.06244282 -0.01153032 -0.08876452
v 0.03602126 -0.01407057 -0.0879295
v 0.03602126 -0.01219214 -0.08876452
v 0.06964602 0.01406641 -0.08583023
v 0.06667125 -0.01407057 -0.0879295
v 0.06964602 -0.01407057 -0.08583023
v 0.06667125 0.01406641 -0.0879295
v 0.06964602 0.01406641 -0.06549095
v 0.06964602 -0.01407057 -0.08583023
v 0.06964602 -0.01407057 -0.06549095
v 0.06964602 0.01406641 -0.08583023
v 0.06667125 0.01406641 -0.08583023
v 0.04302667 -0.01407057 -0.08583023
v 0.04302667 0.01406641 -0.08583023
v 0.06667125 -0.01407057 -0.08583023
v 0.06667125 0.01406641 -0.06549095
v 0.06667125 -0.01407057 -0.08583023
v 0.06667125 0.01406641 -0.08583023
v 0.06667125 -0.01407057 -0.06549095
v 0.06964602 0.01406641 -0.06224389
v 0.06667125 -0.01407057 -0.06549095
v 0.06667125 0.01406641 -0.06549095
v 0.06964602 -0.01407018 -0.06224389
v 0.07674558 0.01159273 -0.0681885
v 0.07102713 -0.01159689 -0.06818889
v 0.07674558 -0.01159689 -0.0681885
v 0.07102713 0.01159273 -0.06818889
v 0.0781267 0.01406641 -0.06224427
v 0.06964602 0.01406641 -0.06549095
v 0.07812707 0.01406641 -0.06549095
v 0.06964602 0.01406641 -0.06224389
v 0.06667125 0.01406641 -0.06549095
v 0.06667125 0.01406641 -0.08583023
v 0.06964602 0.01406641 -0.08583023
v 0.06667125 0.01406641 -0.0879295
v 0.03602126 0.01406641 -0.0879295
v 0.04302667 0.01406641 -0.08583023
v 0.03602126 0.01406641 -0.08260813
v 0.04302667 0.01406641 -0.08260813
v 0.07812707 -0.01407057 -0.06549095
v 0.06964602 -0.01407018 -0.06224389
v 0.07812707 -0.01407057 -0.06224427
v 0.06964602 -0.01407057 -0.06549095
v 0.06667125 -0.01407057 -0.06549095
v 0.06964602 -0.01407057 -0.08583023
v 0.06667125 -0.01407057 -0.08583023
v 0.06667125 -0.01407057 -0.0879295
v 0.04302667 -0.01407057 -0.08583023
v 0.03602126 -0.01407057 -0.0879295
v 0.04302667 -0.01407057 -0.08260813
v 0.03602126 -0.01407057 -0.08260813
v 0.07812707 -0.01407057 -0.06224427
v 0.06964602 0.01406641 -0.06224389
v 0.0781267 0.01406641 -0.06224427
v 0.06964602 -0.01407018 -0.06224389
v 0.07812707 -0.01407057 -0.06549095
v 0.0781267 0.01406641 -0.06224427
v 0.07812707 0.01406641 -0.06549095
v 0.07812707 -0.01407057 -0.06224427
v 0.07102713 0.01159273 -0.06818889
v 0.06964602 -0.01407057 -0.06549095
v 0.07102713 -0.01159689 -0.06818889
v 0.06964602 0.01406641 -0.06549095
v 0.07674558 0.01159273 -0.0681885
v 0.06964602 0.01406641 -0.06549095
v 0.07102713 0.01159273 -0.06818889
v 0.07812707 0.01406641 -0.06549095
v 0.07674558 -0.01159689 -0.0681885
v 0.07812707 0.01406641 -0.06549095
v 0.07674558 0.01159273 -0.0681885
v 0.07812707 -0.01407057 -0.06549095
v 0.07102713 -0.01159689 -0.06818889
v 0.07812707 -0.01407057 -0.06549095
v 0.07674558 -0.01159689 -0.0681885
v 0.06964602 -0.01407057 -0.06549095
v 0.04302667 0.01406641 -0.08583023
v 0.04302667 -0.01407057 -0.08260813
v 0.04302667 0.01406641 -0.08260813
v 0.04302667 -0.01407057 -0.08583023
v 0.04302667 0.01406641 -0.08260813
v 0.03602126 -0.01407057 -0.08260813
v 0.03602126 0.01406641 -0.08260813
v 0.04302667 -0.01407057 -0.08260813
v 0.02775766 -0.01357894 -0.1578009
v 0.03079028 -0.01159652 -0.1341964
v 0.03079028 -0.01159652 -0.1585785
v 0.02775727 -0.01357894 -0.1348227
v 0.02068569 -0.01295759 -0.150001
v 0.02775727 -0.01357894 -0.1348227
v 0.02775766 -0.01357894 -0.1578009
v 0.02068569 -0.01295759 -0.1386801
v 0.03079028 0.01159652 -0.1585785
v 0.03079028 -0.01159652 -0.1341964
v 0.03079028 0.01159652 -0.1341964
v 0.03079028 -0.01159652 -0.1585785
v 0.02068569 -0.01295759 -0.150001
v 0.02068569 0.01295759 -0.1386801
v 0.02068569 -0.01295759 -0.1386801
v 0.02068569 0.01295759 -0.150001
v 0.02775766 0.01357894 -0.1578009
v 0.02775766 -0.01357894 -0.1578009
v 0.03079028 -0.01159652 -0.1585785
v 0.03079028 0.01159652 -0.1585785
v 0.03079028 -0.01159652 -0.1341964
v 0.02775727 0.01357894 -0.1348227
v 0.03079028 0.01159652 -0.1341964
v 0.02775727 -0.01357894 -0.1348227
v 0.02068569 0.01295759 -0.1386801
v 0.02068569 -0.01295759 -0.1386801
v 0.02775766 0.01357894 -0.1578009
v 0.03079028 0.01159652 -0.1341964
v 0.02775727 0.01357894 -0.1348227
v 0.03079028 0.01159652 -0.1585785
v 0.02068569 0.01295759 -0.150001
v 0.02775727 0.01357894 -0.1348227
v 0.02068569 0.01295759 -0.1386801
v 0.02775766 0.01357894 -0.1578009
v 0.1080676 0.01152617 -0.1173406
v 0.04877955 0.01152693 -0.1142932
v 0.09953282 0.01152617 -0.1427656
v 0.06238005 0.01152617 -0.09442739
v 0.06244282 0.01152617 -0.08876452
v 0.03602126 0.01218836 -0.08876452
v 0.03332788 0.01152693 -0.118913
v 0.02903704 0.01152655 -0.1178394
v 0.02518074 0.01152693 -0.1083769
v 0.04877955 -0.01152995 -0.1142932
v 0.1080676 -0.01153071 -0.1173406
v 0.09953282 -0.01153071 -0.1427656
v 0.06238005 -0.01153071 -0.09442739
v 0.06244282 -0.01153032 -0.08876452
v 0.03602126 -0.01219214 -0.08876452
v 0.03332788 -0.01152995 -0.118913
v 0.02903704 -0.01152995 -0.1178394
v 0.02518074 -0.01152995 -0.1083769
v 0.1080676 -0.01153071 -0.1173406
v 0.06238005 0.01152617 -0.09442739
v 0.1080676 0.01152617 -0.1173406
v 0.06238005 -0.01153071 -0.09442739
v 0.04877955 -0.01152995 -0.1142932
v 0.09953282 0.01152617 -0.1427656
v 0.04877955 0.01152693 -0.1142932
v 0.09953282 -0.01153071 -0.1427656
v 0.04877955 0.01152693 -0.1142932
v 0.03332788 -0.01152995 -0.118913
v 0.04877955 -0.01152995 -0.1142932
v 0.03332788 0.01152693 -0.118913
v 0.02903704 -0.01152995 -0.1178394
v 0.02903704 0.01152655 -0.1178394
v 0.114255 0.01367462 -0.1166474
v 0.1001114 0.01322798 -0.1457831
v 0.1040381 0.01348402 -0.1479319
v 0.1102281 0.01322798 -0.1151959
v 0.114255 -0.01367991 -0.1166474
v 0.1102281 0.01322798 -0.1151959
v 0.114255 0.01367462 -0.1166474
v 0.1102281 -0.0132329 -0.1151959
v 0.1040381 -0.01348855 -0.1479319
v 0.1102281 -0.0132329 -0.1151959
v 0.114255 -0.01367991 -0.1166474
v 0.1001114 -0.01323251 -0.1457831
v 0.1040381 0.01348402 -0.1479319
v 0.1001114 -0.01323251 -0.1457831
v 0.1040381 -0.01348855 -0.1479319
v 0.1001114 0.01322798 -0.1457831
v 0.02518074 -0.01152995 -0.1083769
v 0.02903704 0.01152655 -0.1178394
v 0.02518074 0.01152693 -0.1083769
v 0.02903704 -0.01152995 -0.1178394
v 0.1040381 -0.01348855 -0.1479319
v 0.114255 0.01367462 -0.1166474
v 0.1040381 0.01348402 -0.1479319
v 0.114255 -0.01367991 -0.1166474
v 0.06244282 -0.01153032 -0.08876452
v 0.06238005 0.01152617 -0.09442739
v 0.06238005 -0.01153071 -0.09442739
v 0.06244282 0.01152617 -0.08876452
v 0.02875681 -0.01088743 -0.15953
v 0.01810348 -0.01088743 -0.123475
v 0.02875681 -0.01085527 -0.1277579
v 0.0209697 -0.01088743 -0.1671336
v 0.0209697 -0.01088743 -0.1986531
v 0.01809704 -0.01088743 -0.210638
v 0.02680162 -0.01088743 -0.2021943
v 0.04179949 -0.01088743 -0.2021943
v 0.06053415 -0.01088743 -0.210638
v 0.02347893 -0.01088743 -0.1668171
v 0.04333867 -0.01088743 -0.1985411
v 0.04142621 -0.0108307 -0.1841967
v 0.03743717 -0.01077397 -0.183291
v 0.04896335 -0.0108307 -0.1996193
v 0.0524615 -0.01079591 -0.1997925
v 0.06222612 -0.009721115 -0.2098324
v 0.04896335 0.0108307 -0.1996193
v 0.03743717 -0.01077397 -0.183291
v 0.0374368 0.01077397 -0.183291
v 0.04896335 -0.0108307 -0.1996193
v 0.04142621 0.0108307 -0.1841967
v 0.0524615 -0.01079591 -0.1997925
v 0.0524615 0.01079591 -0.1997925
v 0.04142621 -0.0108307 -0.1841967
v 0.0374368 0.01077397 -0.183291
v 0.03743717 -0.01077397 -0.183291
v 0.02875681 -0.01088743 -0.15953
v 0.06222461 0.009721115 -0.2098332
v 0.06222612 -0.009721115 -0.2098324
v 0.02875681 0.01088743 -0.1596858
v 0.02875681 -0.01085527 -0.1277579
v 0.02875681 0.01088743 -0.1280287
v 0.04333867 -0.01088743 -0.1985411
v 0.02347893 0.01088743 -0.1668171
v 0.02347893 -0.01088743 -0.1668171
v 0.04333867 0.01088743 -0.1985411
v 0.02680162 -0.01088743 -0.2021943
v 0.04179949 0.01088743 -0.2021943
v 0.04179949 -0.01088743 -0.2021943
v 0.02680162 0.01088743 -0.2021943
v 0.0209697 -0.01088743 -0.1986531
v 0.0209697 0.01088743 -0.1986531
v 0.0209697 -0.01088743 -0.1671336
v 0.0209697 0.01088743 -0.1986531
v 0.0209697 -0.01088743 -0.1986531
v 0.0209697 0.01088743 -0.1671336
v 0.02347893 -0.01088743 -0.1668171
v 0.0209697 0.01088743 -0.1671336
v 0.0209697 -0.01088743 -0.1671336
v 0.02347893 0.01088743 -0.1668171
v 0.04179949 -0.01088743 -0.2021943
v 0.04333867 0.01088743 -0.1985411
v 0.04333867 -0.01088743 -0.1985411
v 0.04179949 0.01088743 -0.2021943
v 0.02875681 0.01088743 -0.1596858
v 0.02875681 0.01088743 -0.1280287
v 0.01810348 0.01088743 -0.123475
v 0.0209697 0.01088743 -0.1671336
v 0.0209697 0.01088743 -0.1986531
v 0.01809704 0.01088743 -0.210638
v 0.02680162 0.01088743 -0.2021943
v 0.04179949 0.01088743 -0.2021943
v 0.06053415 0.01088743 -0.210638
v 0.02347893 0.01088743 -0.1668171
v 0.04333867 0.01088743 -0.1985411
v 0.04142621 0.0108307 -0.1841967
v 0.0374368 0.01077397 -0.183291
v 0.04896335 0.0108307 -0.1996193
v 0.0524615 0.01079591 -0.1997925
v 0.06222461 0.009721115 -0.2098332
v 0.0524615 -0.01079591 -0.1997925
v 0.04896335 0.0108307 -0.1996193
v 0.0524615 0.01079591 -0.1997925
v 0.04896335 -0.0108307 -0.1996193
v 0.02875681 0.01088743 -0.1280287
v 0.01810348 -0.01088743 -0.123475
v 0.01810348 0.01088743 -0.123475
v 0.02875681 -0.01085527 -0.1277579
v 0.04972841 -0.01699881 -0.06506059
v 0.001633734 -0.01699881 -0.06065592
v 0.04844676 -0.01699881 -0.06065592
v 0.04054809 -0.01699881 -0.06930377
v 0.009930253 -0.01699881 -0.08135371
v 0.01371016 -0.01699881 -0.08376007
v 0.03741147 -0.01699881 -0.08301921
v 0.04053523 -0.01699881 -0.0830196
v 0.01391172 -0.01699881 -0.08657373
v 0.01321058 -0.01699881 -0.08878608
v 0.03741147 -0.01699881 -0.09738854
v 0.02419142 -0.01699881 -0.1117533
v 0.03956974 -0.01699881 -0.1039916
v 0.04073717 -0.01699844 -0.10137
v 0.04972841 -0.01699881 -0.06506059
v 0.04054809 0.016947 -0.06930377
v 0.04054809 -0.01699881 -0.06930377
v 0.04972841 0.016947 -0.06506059
v 0.03741147 -0.01699881 -0.09738854
v 0.04073717 0.016947 -0.10137
v 0.04073717 -0.01699844 -0.10137
v 0.03741147 0.016947 -0.09738854
v 0.03741147 -0.01699881 -0.08301921
v 0.03741147 0.016947 -0.0830196
v 0.001634121 0.016947 -0.06065592
v 0.009930253 -0.01699881 -0.08135371
v 0.009930253 0.016947 -0.08135371
v 0.001633734 -0.01699881 -0.06065592
v 0.02419142 -0.01699881 -0.1117533
v 0.03956974 0.016947 -0.1039916
v 0.02419142 0.016947 -0.1117533
v 0.03956974 -0.01699881 -0.1039916
v 0.04073717 -0.01699844 -0.10137
v 0.04073717 0.016947 -0.10137
v 0.04053523 0.016947 -0.0830196
v 0.04054809 -0.01699881 -0.06930377
v 0.04054809 0.016947 -0.06930377
v 0.04053523 -0.01699881 -0.0830196
v 0.03741147 0.016947 -0.0830196
v 0.04053523 -0.01699881 -0.0830196
v 0.04053523 0.016947 -0.0830196
v 0.03741147 -0.01699881 -0.08301921
v 0.01321058 0.016947 -0.08878608
v 0.02419142 -0.01699881 -0.1117533
v 0.02419142 0.016947 -0.1117533
v 0.01321058 -0.01699881 -0.08878608
v 0.01371016 -0.01699881 -0.08376007
v 0.009930253 0.016947 -0.08135371
v 0.009930253 -0.01699881 -0.08135371
v 0.01371016 0.016947 -0.08376007
v 0.01391172 -0.01699881 -0.08657373
v 0.01391172 0.016947 -0.08657373
v 0.01321058 -0.01699881 -0.08878608
v 0.01321058 0.016947 -0.08878608
v 0.04073717 0.016947 -0.10137
v 0.03741147 0.016947 -0.09738854
v 0.03956974 0.016947 -0.1039916
v 0.02419142 0.016947 -0.1117533
v 0.01321058 0.016947 -0.08878608
v 0.03741147 0.016947 -0.0830196
v 0.01391172 0.016947 -0.08657373
v 0.01371016 0.016947 -0.08376007
v 0.04054809 0.016947 -0.06930377
v 0.04053523 0.016947 -0.0830196
v 0.009930253 0.016947 -0.08135371
v 0.001634121 0.016947 -0.06065592
v 0.04972841 0.016947 -0.06506059
v 0.04844676 0.016947 -0.06065592
v -0.01628859 0.00669378 -0.04340637
v -0.01973382 0.003841177 -0.04260273
v -0.02053404 0.004733309 -0.04340637
v -0.01628859 0.005432174 -0.04260273
v -0.02116106 0 -0.04260273
v -0.02053404 0.004733309 -0.04340637
v -0.01973382 0.003841177 -0.04260273
v -0.02229258 0 -0.04340637
v -0.01973382 -0.003841177 -0.04260273
v -0.02053404 -0.004733294 -0.04340637
v -0.02053404 -0.004733294 -0.04340637
v -0.01628859 -0.005432174 -0.04260273
v -0.01628859 -0.00669378 -0.04340637
v -0.01973382 -0.003841177 -0.04260273
v -0.01284337 -0.003841177 -0.04260273
v -0.01628859 -0.00669378 -0.04340637
v -0.01628859 -0.005432174 -0.04260273
v -0.01204352 -0.004733294 -0.04340637
v -0.01141649 0 -0.04260273
v -0.01028499 0 -0.04340637
v -0.01284337 0.003841177 -0.04260312
v -0.01204352 0.004733309 -0.04340637
v -0.01628859 0.005432174 -0.04260273
v -0.01628859 0.00669378 -0.04340637
v -0.01628859 0.005432174 -0.04260273
v -0.01973382 0.003841177 -0.009962395
v -0.01973382 0.003841177 -0.04260273
v -0.01628859 0.005432174 -0.009962395
v -0.02116106 0 -0.009962395
v -0.01973382 0.003841177 -0.04260273
v -0.01973382 0.003841177 -0.009962395
v -0.02116106 0 -0.04260273
v -0.01973382 -0.003841177 -0.009962395
v -0.01973382 -0.003841177 -0.04260273
v -0.01973382 -0.003841177 -0.04260273
v -0.01628859 -0.005432174 -0.009962395
v -0.01628859 -0.005432174 -0.04260273
v -0.01973382 -0.003841177 -0.009962395
v -0.01284337 -0.003841177 -0.009962395
v -0.01628859 -0.005432174 -0.04260273
v -0.01628859 -0.005432174 -0.009962395
v -0.01284337 -0.003841177 -0.04260273
v -0.01141649 0 -0.009962395
v -0.01141649 0 -0.04260273
v -0.01284337 0.003841177 -0.009962395
v -0.01284337 0.003841177 -0.04260312
v -0.01628859 0.005432174 -0.009962395
v -0.01628859 0.005432174 -0.04260273
v -0.02116106 0 -0.009962395
v -0.01628859 -0.005432174 -0.009962395
v -0.01973382 -0.003841177 -0.009962395
v -0.01141649 0 -0.009962395
v -0.01284337 -0.003841177 -0.009962395
v -0.01628859 0.005432174 -0.009962395
v -0.01973382 0.003841177 -0.009962395
v -0.01284337 0.003841177 -0.009962395
v 0.08833566 -0.0529732 -0.06252602
v 0.02716732 -0.0529732 -0.06252602
v 0.05775149 -0.06116797 -0.06252602
v 0.1189195 0 -0.06252602
v 0.1107247 -0.03058417 -0.06252602
v 0.02716732 0.05297318 -0.06252602
v 0.08833566 0.05297318 -0.06252602
v 0.1107247 0.03058419 -0.06252602
v 0.05775149 0.06116799 -0.06252602
v 0.002214238 0.02101395 -0.06252602
v 0.004778311 0.03058419 -0.06252602
v 0.004778311 -0.03058417 -0.06252602
v 0.002214238 -0.02101395 -0.06252602
v -0.006260395 -0.02101395 -0.06252602
v -0.006260395 0.02101395 -0.06252602
v 0.05775149 0.06116799 -0.06252602
v 0.02716732 0.05297318 -0.0556787
v 0.02716732 0.05297318 -0.06252602
v 0.05775149 0.06116799 -0.0556787
v 0.08833566 0.05297318 -0.06252602
v 0.08833566 0.05297318 -0.0556787
v 0.1107247 0.03058419 -0.06252602
v 0.1107247 0.03058419 -0.0556787
v 0.1189195 0 -0.06252602
v 0.1189195 0 -0.0556787
v 0.1107247 -0.03058417 -0.06252602
v 0.1107247 -0.03058417 -0.0556787
v 0.08833566 -0.0529732 -0.06252602
v 0.08833566 -0.0529732 -0.0556787
v 0.05775149 -0.06116797 -0.06252602
v 0.05775149 -0.06116797 -0.0556787
v 0.02716732 -0.0529732 -0.06252602
v 0.02716732 -0.0529732 -0.0556787
v 0.02716732 0.05297318 -0.06252602
v 0.004778311 0.03058419 -0.0556787
v 0.004778311 0.03058419 -0.06252602
v 0.02716732 0.05297318 -0.0556787
v 0.004778311 0.03058419 -0.06252602
v 0.002214238 0.02101395 -0.0556787
v 0.002214238 0.02101395 -0.06252602
v 0.004778311 0.03058419 -0.0556787
v 0.002214238 -0.02101395 -0.06252602
v 0.004778311 -0.03058417 -0.0556787
v 0.004778311 -0.03058417 -0.06252602
v 0.002214238 -0.02101395 -0.0556787
v 0.004778311 -0.03058417 -0.06252602
v 0.02716732 -0.0529732 -0.0556787
v 0.02716732 -0.0529732 -0.06252602
v 0.004778311 -0.03058417 -0.0556787
v 0.08536923 0 -0.04291549
v 0.07156035 0.02391762 -0.04291549
v 0.08166911 0.01380886 -0.04291549
v 0.07156035 -0.02391762 -0.04291549
v 0.08166911 -0.01380886 -0.04291549
v 0.03013377 0 -0.04291549
v 0.04394263 0.02391762 -0.04291549
v 0.05775149 0.02761774 -0.04291549
v 0.03383388 0.01380886 -0.04291549
v 0.04394263 -0.02391762 -0.04291549
v 0.03383388 -0.01380886 -0.04291549
v 0.05775149 -0.02761774 -0.04291549
v 0.05775149 0.04636714 -0.0556787
v 0.03558712 0.03838944 -0.05042842
v 0.03456792 0.04015514 -0.0556787
v 0.05775149 0.04432836 -0.05042842
v 0.08093506 0.04015514 -0.0556787
v 0.07991587 0.03838944 -0.05042842
v 0.09790665 0.02318357 -0.0556787
v 0.09614093 0.02216437 -0.05042842
v 0.1041186 0 -0.0556787
v 0.1020799 0 -0.05042842
v 0.09790665 -0.02318357 -0.0556787
v 0.09614093 -0.02216437 -0.05042842
v 0.08093506 -0.04015516 -0.0556787
v 0.07991587 -0.03838943 -0.05042842
v 0.05775149 -0.04636714 -0.0556787
v 0.05775149 -0.04432838 -0.05042842
v 0.03456792 -0.04015516 -0.0556787
v 0.03558712 -0.03838943 -0.05042842
v 0.03456792 0.04015514 -0.0556787
v 0.01936206 0.02216437 -0.05042842
v 0.01759633 0.02318357 -0.0556787
v 0.03558712 0.03838944 -0.05042842
v 0.01342312 0 -0.05042842
v 0.01759633 0.02318357 -0.0556787
v 0.01936206 0.02216437 -0.05042842
v 0.01138435 0 -0.0556787
v 0.01936206 -0.02216437 -0.05042842
v 0.01759633 -0.02318357 -0.0556787
v 0.01759633 -0.02318357 -0.0556787
v 0.03558712 -0.03838943 -0.05042842
v 0.03456792 -0.04015516 -0.0556787
v 0.01936206 -0.02216437 -0.05042842
v 0.05775149 0.02909869 -0.05042842
v 0.04394263 0.02391762 -0.04291549
v 0.04320215 0.02520002 -0.05042842
v 0.05775149 0.02761774 -0.04291549
v 0.07230084 0.02520002 -0.05042842
v 0.07156035 0.02391762 -0.04291549
v 0.08295152 0.01454934 -0.05042842
v 0.08166911 0.01380886 -0.04291549
v 0.08685018 0 -0.05042842
v 0.08536923 0 -0.04291549
v 0.08295152 -0.01454934 -0.05042842
v 0.08166911 -0.01380886 -0.04291549
v 0.07230084 -0.02520002 -0.05042842
v 0.07156035 -0.02391762 -0.04291549
v 0.05775149 -0.02909869 -0.05042842
v 0.05775149 -0.02761774 -0.04291549
v 0.04320215 -0.02520002 -0.05042842
v 0.04394263 -0.02391762 -0.04291549
v 0.04320215 0.02520002 -0.05042842
v 0.03383388 0.01380886 -0.04291549
v 0.03255147 0.01454934 -0.05042842
v 0.04394263 0.02391762 -0.04291549
v 0.03013377 0 -0.04291549
v 0.03255147 0.01454934 -0.05042842
v 0.03383388 0.01380886 -0.04291549
v 0.0286528 0 -0.05042842
v 0.03383388 -0.01380886 -0.04291549
v 0.03255147 -0.01454934 -0.05042842
v 0.03255147 -0.01454934 -0.05042842
v 0.04394263 -0.02391762 -0.04291549
v 0.04320215 -0.02520002 -0.05042842
v 0.03383388 -0.01380886 -0.04291549
v -0.006260395 0.02101395 -0.06252602
v -0.006260395 -0.02101395 -0.0556787
v -0.006260395 -0.02101395 -0.06252602
v -0.006260395 0.02101395 -0.0556787
v 0.002214238 0.02101395 -0.0556787
v -0.006260395 0.02101395 -0.06252602
v 0.002214238 0.02101395 -0.06252602
v -0.006260395 0.02101395 -0.0556787
v 0.002214238 -0.02101395 -0.06252602
v -0.006260395 -0.02101395 -0.0556787
v 0.002214238 -0.02101395 -0.0556787
v -0.006260395 -0.02101395 -0.06252602
v -0.006260395 0.02101395 -0.0556787
v 0.002214238 -0.02101395 -0.0556787
v -0.006260395 -0.02101395 -0.0556787
v 0.002214238 0.02101395 -0.0556787
v 0.01138435 0 -0.0556787
v 0.004778311 0.03058419 -0.0556787
v 0.01759633 -0.02318357 -0.0556787
v 0.01759633 0.02318357 -0.0556787
v 0.004778311 -0.03058417 -0.0556787
v 0.02716732 0.05297318 -0.0556787
v 0.03456792 -0.04015516 -0.0556787
v 0.03456792 0.04015514 -0.0556787
v 0.02716732 -0.0529732 -0.0556787
v 0.05775149 0.06116799 -0.0556787
v 0.05775149 -0.04636714 -0.0556787
v 0.05775149 0.04636714 -0.0556787
v 0.05775149 -0.06116797 -0.0556787
v 0.08833566 0.05297318 -0.0556787
v 0.08093506 -0.04015516 -0.0556787
v 0.08093506 0.04015514 -0.0556787
v 0.08833566 -0.0529732 -0.0556787
v 0.1107247 0.03058419 -0.0556787
v 0.09790665 -0.02318357 -0.0556787
v 0.09790665 0.02318357 -0.0556787
v 0.1107247 -0.03058417 -0.0556787
v 0.1189195 0 -0.0556787
v 0.1041186 0 -0.0556787
v 0.179704 -0.008285925 -0.05322847
v 0.1879899 0 -0.05322847
v 0.176272 0 -0.05322847
v 0.1879899 -0.0117179 -0.05322847
v 0.179704 0.008285925 -0.05322847
v 0.1879899 0.01171829 -0.05322847
v 0.176272 0 -0.05322847
v 0.1962758 0.008285925 -0.05322847
v 0.1997078 0 -0.05322847
v 0.1879899 0.01171829 -0.05322847
v 0.1962758 -0.008285925 -0.05322847
v 0.1997078 0 -0.05322847
v 0.1879899 -0.0117179 -0.05322847
v 0.179704 -0.008285925 -0.05322847
v 0.1879899 -0.0117179 -0.0495552
v 0.1879899 -0.0117179 -0.05322847
v 0.179704 -0.008285925 -0.0495552
v 0.176272 0 -0.05322847
v 0.179704 -0.008285925 -0.0495552
v 0.179704 -0.008285925 -0.05322847
v 0.176272 0 -0.0495552
v 0.179704 0.008285925 -0.05322847
v 0.179704 0.008285925 -0.0495552
v 0.1879899 0.01171829 -0.05322847
v 0.179704 0.008285925 -0.0495552
v 0.179704 0.008285925 -0.05322847
v 0.1879899 0.01171829 -0.0495552
v 0.1962758 0.008285925 -0.05322847
v 0.1879899 0.01171829 -0.0495552
v 0.1879899 0.01171829 -0.05322847
v 0.1962758 0.008285925 -0.0495552
v 0.1997078 0 -0.05322847
v 0.1997078 0 -0.0495552
v 0.1962758 -0.008285925 -0.05322847
v 0.1962758 -0.008285925 -0.0495552
v 0.1879899 -0.0117179 -0.05322847
v 0.1879899 -0.0117179 -0.0495552
v 0.179704 -0.008285925 -0.04538576
v 0.1879899 -0.0117179 -0.006320521
v 0.1879899 -0.0117179 -0.04538576
v 0.179704 -0.008285925 -0.006320521
v 0.176272 0 -0.04538576
v 0.179704 -0.008285925 -0.006320521
v 0.179704 -0.008285925 -0.04538576
v 0.176272 0 -0.006320521
v 0.179704 0.008285925 -0.04538576
v 0.179704 0.008285925 -0.006320521
v 0.1879899 0.01171829 -0.04538576
v 0.179704 0.008285925 -0.006320521
v 0.179704 0.008285925 -0.04538576
v 0.1879899 0.01171829 -0.006320521
v 0.1962758 0.008285925 -0.04538576
v 0.1879899 0.01171829 -0.006320521
v 0.1879899 0.01171829 -0.04538576
v 0.1962758 0.008285925 -0.006320521
v 0.1997078 0 -0.04538576
v 0.1997078 0 -0.006320521
v 0.1962758 -0.008285925 -0.04538576
v 0.1962758 -0.008285925 -0.006320521
v 0.1879899 -0.0117179 -0.04538576
v 0.1879899 -0.0117179 -0.006320521
v 0.1805568 -0.007433131 -0.04600106
v 0.1879899 -0.01051189 -0.04893953
v 0.1805568 -0.007433131 -0.04893953
v 0.1879899 -0.01051189 -0.04600106
v 0.1805568 -0.007433131 -0.04893953
v 0.1774776 0 -0.04600106
v 0.1805568 -0.007433131 -0.04600106
v 0.1774776 0 -0.04893953
v 0.1805568 0.007433131 -0.04600106
v 0.1805568 0.007433131 -0.04893953
v 0.1879899 0.01051228 -0.04600106
v 0.1805568 0.007433131 -0.04893953
v 0.1879899 0.01051228 -0.04893953
v 0.1805568 0.007433131 -0.04600106
v 0.1879899 0.01051228 -0.04893953
v 0.195423 0.007433131 -0.04600106
v 0.1879899 0.01051228 -0.04600106
v 0.195423 0.007433131 -0.04893953
v 0.1985018 0 -0.04600106
v 0.1985018 0 -0.04893953
v 0.195423 -0.007433131 -0.04600106
v 0.195423 -0.007433131 -0.04893953
v 0.1879899 -0.01051189 -0.04600106
v 0.1879899 -0.01051189 -0.04893953
v 0.08963813 0 0.01160333
v 0.0991191 0.009480596 -0.05454907
v 0.0896385 0.01340799 -0.05454907
v 0.08015753 0.009480596 -0.05454907
v 0.1030461 0 -0.05454907
v 0.07623051 0 -0.05454907
v 0.0991191 -0.009480596 -0.05454907
v 0.08015753 -0.009480596 -0.05454907
v 0.0896385 -0.01340762 -0.05454907
v 0.07368724 0.04023004 -0.05454907
v 0.07368724 0.02682242 0.01160333
v 0.08316784 0.03630301 -0.05454907
v 0.06420664 0.03630301 -0.05454907
v 0.08709525 0.02682242 -0.05454907
v 0.06027962 0.02682242 -0.05454907
v 0.08316784 0.01734145 -0.05454907
v 0.06420664 0.01734145 -0.05454907
v 0.07368724 0.01341443 -0.05454907
v 0.04229678 0.02682242 0.01160333
v 0.05177777 0.03630301 -0.05454907
v 0.04229678 0.04023004 -0.05454907
v 0.05570479 0.02682242 -0.05454907
v 0.03281619 0.03630301 -0.05454907
v 0.05177777 0.01734145 -0.05454907
v 0.02888918 0.02682242 -0.05454907
v 0.04229678 0.01341443 -0.05454907
v 0.03281619 0.01734145 -0.05454907
v 0.01293792 0 -0.05454907
v 0.02634554 0 0.01160333
v 0.01686494 0.009480596 -0.05454907
v 0.01686494 -0.009480596 -0.05454907
v 0.02634591 0.01340799 -0.05454907
v 0.02634591 -0.01340762 -0.05454907
v 0.0358265 0.009480596 -0.05454907
v 0.0358265 -0.009480596 -0.05454907
v 0.03975353 0 -0.05454907
v 0.06420664 -0.03630301 -0.05454907
v 0.07368724 -0.04023004 -0.05454907
v 0.07368724 -0.02682242 0.01160333
v 0.06027962 -0.02682242 -0.05454907
v 0.08316784 -0.03630301 -0.05454907
v 0.06420664 -0.01734145 -0.05454907
v 0.08709525 -0.02682242 -0.05454907
v 0.07368724 -0.01341443 -0.05454907
v 0.08316784 -0.01734145 -0.05454907
v 0.04229678 -0.02682242 0.01160333
v 0.04229678 -0.04023004 -0.05454907
v 0.05177777 -0.03630301 -0.05454907
v 0.05570479 -0.02682242 -0.05454907
v 0.03281619 -0.03630301 -0.05454907
v 0.05177777 -0.01734145 -0.05454907
v 0.02888918 -0.02682242 -0.05454907
v 0.04229678 -0.01341443 -0.05454907
v 0.03281619 -0.01734145 -0.05454907
v -0.0008013695 -0.01942863 -0.09912968
v -0.002490699 -0.01874033 -0.09946854
v -0.001832277 -0.01870327 -0.09850115
v -0.008928448 -0.01421086 -0.09554379
v 0.01018552 -0.01802671 -0.08083069
v -0.00827004 -0.01417381 -0.09457602
v -0.009301335 -0.01344846 -0.09394749
v 0.002716467 -0.01277189 -0.07627136
v 0.003747389 -0.01349725 -0.07690102
v 0.004405797 -0.01346019 -0.07593174
v 0.01121645 -0.01875205 -0.08145998
v 0.01084356 -0.01798965 -0.07986216
v 0.01809704 -0.01088743 -0.210638
v 0.01707104 -0.01266639 -0.1229921
v 0.01810348 -0.01088743 -0.123475
v 0.01810348 0.01088743 -0.123475
v 0.01707104 -0.01266639 -0.2117449
v 0.01707104 0.01266639 -0.1229921
v 0.06053415 -0.01088743 -0.210638
v 0.01809704 0.01088743 -0.210638
v 0.06217544 -0.01266639 -0.2117449
v 0.01707104 0.01266639 -0.2117449
v 0.06222612 -0.009721115 -0.2098324
v 0.0646756 -0.01033376 -0.2117449
v 0.06222461 0.009721115 -0.2098332
v 0.0646756 0.01033378 -0.2117449
v 0.06053415 0.01088743 -0.210638
v 0.06217544 0.01266639 -0.2117449
v 0.01989415 0.01092449 0.1498236
v 0.01989415 0 0.1351131
v 0.0105429 0.007724702 0.1498236
v 0.02924542 0.007724702 0.1498236
v 0.007336318 0 0.1498236
v 0.032452 0 0.1498232
v 0.0105429 -0.007724702 0.1498236
v 0.02924542 -0.007724702 0.1498236
v 0.01989415 -0.01092449 0.1498236
v 0.1076542 0 0.08575839
v 0.05898738 -0.008038595 0.08142367
v 0.05898738 0 0.08575875
v 0.1076546 -0.008038595 0.08142367
v 0.1076546 0.008038595 0.08142367
v 0.05898738 -0.008038595 0.07315135
v 0.05898738 0.008038595 0.08142367
v 0.1076546 -0.008038595 0.07315099
v 0.1076546 0.008038595 0.07315099
v 0.05898777 0 0.06917214
v 0.05898738 0.008038595 0.07315135
v 0.1076546 0 0.06917214
v 0.1138912 -0.007140413 0.07360139
v 0.1081523 -0.007140413 0.08094829
v 0.1138912 -0.007140413 0.08094829
v 0.1081523 -0.007140413 0.07360139
v 0.1081523 0 0.08477661
v 0.1138912 0 0.0700537
v 0.1138912 0 0.08477661
v 0.1081523 0 0.0700537
v 0.1081523 0.007140413 0.08094829
v 0.1138912 0.007140413 0.07360139
v 0.1138912 0.007140413 0.08094829
v 0.1081523 0.007140413 0.07360139
v 0.1257437 -0.005285814 0.009813011
v 0.1191849 9.341538E-05 0.01398359
v 0.1256564 -6.4224E-06 0.01398699
v 0.1192723 -0.005185977 0.009809613
v 0.1190915 0.005329311 0.009854242
v 0.1257377 -0.005329311 0.001434058
v 0.125563 0.005229473 0.009858027
v 0.1192663 -0.005229473 0.00143066
v 0.1190851 0.005285829 0.001476035
v 0.1256439 -9.341538E-05 -0.002770171
v 0.1255565 0.005185977 0.001479447
v 0.1191725 6.437302E-06 -0.002773568
v 0.1180648 -0.005629212 0.008138821
v 0.1137963 0 0.01091957
v 0.1180648 0 0.01091957
v 0.1137963 -0.005629212 0.008138821
v 0.1137963 0.005629212 0.008138433
v 0.1180648 -0.005629212 0.002550066
v 0.1180648 0.005629212 0.008138433
v 0.1137963 -0.005629212 0.002550066
v 0.1137963 0.005629212 0.002550066
v 0.1180648 0 -0.0002586693
v 0.1180648 0.005629212 0.002550066
v 0.1137963 0 -0.0002586693
v -0.02415285 0.00367099 -0.003072336
v -0.02415285 0.005078197 -0.04429169
v -0.02415285 0.00367099 -0.04272564
v -0.02415285 0.005078197 -0.001207143
v -0.02415285 -0.005078197 -0.04429169
v -0.02415285 -0.00367099 -0.003072709
v -0.02415285 -0.00367099 -0.04272564
v -0.02415285 -0.005078197 -0.001207143
v 0.03119381 0.01870403 0.1311071
v 0.006024778 0.0216856 0.1280616
v 0.02869365 0.02168523 0.1280616
v 0.006230891 0.01870403 0.1311071
v -0.00905022 0.01870403 0.1280616
v -0.006550461 0.01617666 0.1311071
v -0.009050608 -0.01870403 0.1280616
v -0.006550461 -0.01617627 0.1311071
v 0.006024778 -0.02168523 0.1280616
v 0.006230518 -0.01870403 0.1311071
v 0.02869365 -0.02168523 0.1280616
v 0.03119381 -0.01870403 0.1311071
v 0.03119381 0.01870403 0.04060972
v 0.02869365 -0.02168523 0.04060972
v 0.02869365 0.02168523 0.04060972
v 0.03119381 -0.01870403 0.04060972
v 0.02869365 0.01870403 0.03848776
v 0.006230891 0.01870403 0.03848776
v 0.006024778 0.02168523 0.04060972
v -0.006550461 0.01617627 0.03848776
v -0.009050608 0.01870403 0.04060972
v -0.006550461 -0.01617627 0.03848776
v -0.009050608 -0.01870403 0.04060972
v 0.006230891 -0.01870403 0.03848776
v 0.006024778 -0.02168523 0.04060972
v 0.02869365 -0.01870403 0.03848776
v 0.003313616 0.01300637 0.05466706
v 0.01989415 0.01839355 0.03375787
v 0.01989415 0.01839392 0.05466706
v 0.003313988 0.01300637 0.03375825
v 0.0364747 0.01300637 0.03375825
v -0.002371952 0 0.05466706
v 0.0364747 0.01300637 0.05466706
v -0.002371952 0 0.03375825
v 0.04216065 0 0.03375825
v 0.003313616 -0.01300637 0.05466706
v 0.04216065 0 0.05466706
v 0.003313616 -0.01300637 0.03375825
v 0.0364747 -0.01300637 0.03375825
v 0.01989415 -0.01839355 0.05466667
v 0.0364747 -0.01300637 0.05466706
v 0.01989415 -0.01839355 0.03375825
v 0.005167454 0.01155226 0.05500895
v 0.01989415 0.01839392 0.05466706
v 0.01989415 0.01633738 0.05500895
v 0.003313616 0.01300637 0.05466706
v 0.0364747 0.01300637 0.05466706
v 0.0001172423 0 0.05500895
v 0.03462125 0.01155226 0.05500895
v -0.002371952 0 0.05466706
v 0.04216065 0 0.05466706
v 0.005167454 -0.01155226 0.05500895
v 0.03967147 0 0.05500895
v 0.003313616 -0.01300637 0.05466706
v 0.0364747 -0.01300637 0.05466706
v 0.01989415 -0.01633738 0.05500895
v 0.03462087 -0.01155226 0.05500895
v 0.01989415 -0.01839355 0.05466667
v 0.004009843 0.01361826 0.1679316
v 0.01989415 0.01633738 0.1674532
v 0.01989415 0.01925881 0.1679312
v 0.005167454 0.01155226 0.1674532
v 0.03462087 0.01155226 0.1674532
v -0.001437083 0 0.1679312
v 0.03577848 0.01361826 0.1679312
v 0.0001172423 0 0.1674532
v 0.03967108 0 0.1674532
v 0.004009843 -0.01361789 0.1679312
v 0.0412254 0 0.1679312
v 0.005167454 -0.01155226 0.1674532
v 0.03462087 -0.01155226 0.1674532
v 0.01989415 -0.01925881 0.1679312
v 0.03577848 -0.01361789 0.1679312
v 0.01989415 -0.01633738 0.1674532
v 0.007033765 0.01008832 0.1757198
v 0.01989415 0.01925881 0.175943
v 0.01989415 0.01426685 0.1757198
v 0.004009843 0.01361826 0.175943
v 0.03577848 0.01361826 0.175943
v 0.002623439 0 0.1757198
v 0.03275456 0.01008832 0.1757198
v -0.001437083 0 0.175943
v 0.0412254 0 0.175943
v 0.007033765 -0.01008795 0.1757198
v 0.03716488 0 0.1757198
v 0.004009843 -0.01361789 0.175943
v 0.03577848 -0.01361789 0.175943
v 0.01989415 -0.01426683 0.1757202
v 0.03275456 -0.01008795 0.1757198
v 0.01989415 -0.01925881 0.175943
v 0.0105429 0.007724702 0.1498236
v 0.01989415 0.01426685 0.1757198
v 0.01989415 0.01092449 0.1498236
v 0.007033765 0.01008832 0.1757198
v 0.03275456 0.01008832 0.1757198
v 0.007336318 0 0.1498236
v 0.02924542 0.007724702 0.1498236
v 0.002623439 0 0.1757198
v 0.03716488 0 0.1757198
v 0.0105429 -0.007724702 0.1498236
v 0.032452 0 0.1498232
v 0.007033765 -0.01008795 0.1757198
v 0.03275456 -0.01008795 0.1757198
v 0.01989415 -0.01092449 0.1498236
v 0.02924542 -0.007724702 0.1498236
v 0.01989415 -0.01426683 0.1757202
v 0.003080651 0.01441509 0.1749276
v 0.01989415 0.02038541 0.1689209
v 0.01989415 0.02038541 0.1749272
v 0.003080651 0.01441471 0.1689213
v 0.03670767 0.01441471 0.1689209
v -0.002685085 0 0.1749276
v 0.03670767 0.01441471 0.1749272
v -0.002685085 0 0.1689213
v 0.04247341 0 0.1689213
v 0.003080651 -0.01441471 0.1749276
v 0.04247341 0 0.1749272
v 0.003080651 -0.01441471 0.1689209
v 0.03670767 -0.01441471 0.1689213
v 0.01989415 -0.02038541 0.1749276
v 0.03670767 -0.01441471 0.1749276
v 0.01989415 -0.02038541 0.1689213
v 0.0001172423 0 0.05500895
v 0.005167454 0.01155226 0.1631525
v 0.0001172423 0 0.1631525
v 0.005167454 0.01155226 0.05500895
v 0.005167454 -0.01155226 0.05500895
v 0.01989415 0.01633738 0.1631525
v 0.005167454 -0.01155226 0.1631525
v 0.01989415 0.01633738 0.05500895
v 0.01989415 -0.01633738 0.05500895
v 0.03462087 0.01155226 0.1631525
v 0.01989415 -0.01633738 0.1631525
v 0.03462125 0.01155226 0.05500895
v 0.03462087 -0.01155226 0.05500895
v 0.03967108 0 0.1631525
v 0.03462087 -0.01155226 0.1631525
v 0.03967147 0 0.05500895
v -0.02215984 0.006519064 0.01164
v -0.01631279 0.007017508 0.01095928
v -0.01631279 0.009219646 0.01164
v -0.02076322 0.004962102 0.01095928
v -0.01186237 0.004962102 0.01095928
v -0.0245817 0 0.01164038
v -0.01046576 0.006519064 0.01164
v -0.02260685 0 0.01095928
v -0.01001875 0 0.01095928
v -0.02215984 -0.006519064 0.01164
v -0.008043885 0 0.01164
v -0.02076322 -0.004962102 0.01095928
v -0.01186199 -0.004962102 0.01095928
v -0.01631279 -0.009219646 0.01164038
v -0.01046576 -0.006519064 0.01164
v -0.01631279 -0.007017508 0.01095966
v 0.003202811 -0.007892624 -0.06065592
v 0.008958712 0.007892624 -0.07712755
v 0.008958712 -0.007892624 -0.07712755
v 0.003202811 0.007892624 -0.06065592
v -0.009093344 0.007892624 -0.07712755
v -0.009093344 -0.007892624 -0.06065592
v -0.009093344 -0.007892624 -0.07712755
v -0.009093344 0.007892624 -0.06065592
v 0.02987963 -0.003391892 -0.1428446
v 0.03552321 0 -0.1387592
v 0.03552321 -0.003391892 -0.1428446
v 0.02987963 0 -0.1387592
v 0.02987963 0 -0.1469384
v 0.03552321 0.003391892 -0.1428446
v 0.03552321 0 -0.1469384
v 0.02987963 0.003391892 -0.1428446
v -0.009986594 0.007120371 -0.07411346
v -0.002866223 0.0100698 -0.125012
v -0.002866223 0.0100698 -0.07411346
v -0.009986594 0.007120371 -0.125012
v 0.004254147 0.007120371 -0.125012
v -0.01293603 0 -0.07411346
v 0.004254147 0.007120371 -0.07411346
v -0.01293603 0 -0.125012
v 0.007203192 0 -0.125012
v -0.009986594 -0.007120371 -0.07411346
v 0.007203192 0 -0.07411346
v -0.009986594 -0.007120371 -0.125012
v 0.004254147 -0.007120371 -0.125012
v -0.002866223 -0.01006941 -0.07411346
v 0.004253775 -0.007120371 -0.07411346
v -0.002866223 -0.01006941 -0.125012
v 0.08295152 0.01454934 -0.05042842
v 0.1020799 0 -0.05042842
v 0.08685018 0 -0.05042842
v 0.09614093 0.02216437 -0.05042842
v 0.09614093 -0.02216437 -0.05042842
v 0.07230084 0.02520002 -0.05042842
v 0.08295152 -0.01454934 -0.05042842
v 0.07991587 0.03838944 -0.05042842
v 0.07991587 -0.03838943 -0.05042842
v 0.05775149 0.02909869 -0.05042842
v 0.07230084 -0.02520002 -0.05042842
v 0.05775149 0.04432836 -0.05042842
v 0.05775149 -0.04432838 -0.05042842
v 0.04320215 0.02520002 -0.05042842
v 0.05775149 -0.02909869 -0.05042842
v 0.03558712 0.03838944 -0.05042842
v 0.03558712 -0.03838943 -0.05042842
v 0.03255147 0.01454934 -0.05042842
v 0.04320215 -0.02520002 -0.05042842
v 0.01936206 0.02216437 -0.05042842
v 0.01936206 -0.02216437 -0.05042842
v 0.0286528 0 -0.05042842
v 0.03255147 -0.01454934 -0.05042842
v 0.01342312 0 -0.05042842
v 0.1804675 -0.007522374 -0.0009348541
v 0.1879899 -0.0117179 -0.006320521
v 0.179704 -0.008285925 -0.006320521
v 0.1879899 -0.01063821 -0.0009348541
v 0.1962758 -0.008285925 -0.006320521
v 0.1773517 0 -0.0009348541
v 0.176272 0 -0.006320521
v 0.1955123 -0.007522374 -0.0009348541
v 0.1997078 0 -0.006320521
v 0.1804675 0.007522374 -0.0009348541
v 0.179704 0.008285925 -0.006320521
v 0.1986281 0 -0.0009348541
v 0.1962758 0.008285925 -0.006320521
v 0.1879899 0.01063821 -0.0009348541
v 0.1879899 0.01171829 -0.006320521
v 0.1955123 0.007522374 -0.0009348541
v 0.1833163 -0.004673541 0.003320798
v 0.1879899 -0.006609455 0.003320798
v 0.1879899 0 0.006172284
v 0.1813804 0 0.003320798
v 0.1926634 -0.004673541 0.003320798
v 0.1833163 0.004673555 0.003320798
v 0.1945993 0 0.003320798
v 0.1879899 0.006609455 0.003320798
v 0.1926634 0.004673555 0.003320798
v 0.004009843 0.01361826 0.1679316
v 0.01989415 0.02038541 0.1689209
v 0.003080651 0.01441471 0.1689213
v 0.01989415 0.01925881 0.1679312
v -0.001437083 0 0.1679312
v 0.03670767 0.01441471 0.1689209
v -0.002685085 0 0.1689213
v 0.03577848 0.01361826 0.1679312
v 0.004009843 -0.01361789 0.1679312
v 0.04247341 0 0.1689213
v 0.003080651 -0.01441471 0.1689209
v 0.0412254 0 0.1679312
v 0.01989415 -0.01925881 0.1679312
v 0.03670767 -0.01441471 0.1689213
v 0.01989415 -0.02038541 0.1689213
v 0.03577848 -0.01361789 0.1679312
v 0.01989415 0.01925881 0.175943
v 0.003080651 0.01441509 0.1749276
v 0.01989415 0.02038541 0.1749272
v 0.004009843 0.01361826 0.175943
v 0.03577848 0.01361826 0.175943
v -0.002685085 0 0.1749276
v 0.03670767 0.01441471 0.1749272
v -0.001437083 0 0.175943
v 0.0412254 0 0.175943
v 0.003080651 -0.01441471 0.1749276
v 0.04247341 0 0.1749272
v 0.004009843 -0.01361789 0.175943
v 0.03577848 -0.01361789 0.175943
v 0.01989415 -0.02038541 0.1749276
v 0.03670767 -0.01441471 0.1749276
v 0.01989415 -0.01925881 0.175943
v 0.01989415 0.01633738 0.1631525
v 0.005167454 0.01155226 0.1674532
v 0.005167454 0.01155226 0.1631525
v 0.01989415 0.01633738 0.1674532
v 0.0001172423 0 0.1674532
v 0.03462087 0.01155226 0.1631525
v 0.0001172423 0 0.1631525
v 0.03462087 0.01155226 0.1674532
v 0.005167454 -0.01155226 0.1674532
v 0.03967108 0 0.1631525
v 0.005167454 -0.01155226 0.1631525
v 0.03967108 0 0.1674532
v 0.01989415 -0.01633738 0.1674532
v 0.03462087 -0.01155226 0.1631525
v 0.01989415 -0.01633738 0.1631525
v 0.03462087 -0.01155226 0.1674532
v 0.1102281 0.01322798 -0.1151959
v 0.09953282 0.01152617 -0.1427656
v 0.1001114 0.01322798 -0.1457831
v 0.1080676 0.01152617 -0.1173406
v 0.09953282 -0.01153071 -0.1427656
v 0.1102281 -0.0132329 -0.1151959
v 0.1001114 -0.01323251 -0.1457831
v 0.1080676 -0.01153071 -0.1173406
v 0.179704 -0.008285925 -0.04538576
v 0.1879899 -0.01051189 -0.04600106
v 0.1805568 -0.007433131 -0.04600106
v 0.1879899 -0.0117179 -0.04538576
v 0.176272 0 -0.04538576
v 0.195423 -0.007433131 -0.04600106
v 0.1774776 0 -0.04600106
v 0.1962758 -0.008285925 -0.04538576
v 0.179704 0.008285925 -0.04538576
v 0.1985018 0 -0.04600106
v 0.1805568 0.007433131 -0.04600106
v 0.1997078 0 -0.04538576
v 0.1879899 0.01171829 -0.04538576
v 0.195423 0.007433131 -0.04600106
v 0.1879899 0.01051228 -0.04600106
v 0.1962758 0.008285925 -0.04538576
v 0.1805568 -0.007433131 -0.04893953
v 0.1879899 -0.0117179 -0.0495552
v 0.179704 -0.008285925 -0.0495552
v 0.1879899 -0.01051189 -0.04893953
v 0.1774776 0 -0.04893953
v 0.1962758 -0.008285925 -0.0495552
v 0.176272 0 -0.0495552
v 0.195423 -0.007433131 -0.04893953
v 0.1805568 0.007433131 -0.04893953
v 0.1997078 0 -0.0495552
v 0.179704 0.008285925 -0.0495552
v 0.1985018 0 -0.04893953
v 0.1879899 0.01051228 -0.04893953
v 0.1962758 0.008285925 -0.0495552
v 0.1879899 0.01171829 -0.0495552
v 0.195423 0.007433131 -0.04893953
vt 0.04440188 0.9079843
vt 0.04524251 0.9079843
vt 0.04440188 0.9079843
vt 0.04440188 0.9056541
vt 0.04553747 0.9056541
vt 0.04553747 0.9056541
vt 0.04440188 0.9056541
vt 0.04395944 0.9056541
vt 0.04553747 0.9056541
vt 0.04553747 0.9056541
vt 0.04440188 0.9079843
vt 0.04440188 0.9079843
vt 0.04524251 0.9079843
vt 0.05124494 0.9723592
vt 0.05124494 0.9696751
vt 0.05124494 0.9723592
vt 0.05124494 0.9696751
vt 0.0474842 0.9036484
vt 0.04817736 0.9004186
vt 0.0474842 0.9009495
vt 0.04817736 0.9041646
vt 0.0474842 0.9036484
vt 0.04817736 0.9041646
vt 0.0474842 0.9036484
vt 0.04817736 0.9041646
vt 0.0474842 0.9009495
vt 0.04817736 0.9041646
vt 0.0474842 0.9036484
vt 0.04817736 0.9004186
vt 0.0474842 0.9009495
vt 0.04817736 0.9004186
vt 0.0474842 0.9009495
vt 0.04817736 0.9004186
vt 0.3673088 0.9027488
vt 0.3712317 0.9046365
vt 0.3712317 0.9027488
vt 0.3673088 0.9046217
vt 0.3673088 0.9027488
vt 0.3712317 0.9046365
vt 0.3673088 0.9046217
vt 0.3712317 0.9027488
vt 0.267288 0.8946079
vt 0.2645744 0.8949766
vt 0.267229 0.8949766
vt 0.264073 0.8946079
vt 0.267288 0.8992535
vt 0.2645744 0.8988848
vt 0.264073 0.8992535
vt 0.267229 0.8988848
vt 0.264073 0.8946079
vt 0.2645744 0.8988848
vt 0.2645744 0.8949766
vt 0.264073 0.8992535
vt 0.26161 0.9637612
vt 0.2640582 0.96851
vt 0.2640582 0.9637612
vt 0.26161 0.96851
vt 0.267229 0.8949766
vt 0.267288 0.8992535
vt 0.267288 0.8946079
vt 0.267229 0.8988848
vt 0.04341376 0.9086775
vt 0.04177674 0.9068192
vt 0.04177674 0.9086775
vt 0.04341376 0.9068192
vt 0.04341376 0.9026307
vt 0.04177674 0.9009495
vt 0.04177674 0.9026307
vt 0.04341376 0.9009495
vt 0.04341376 0.9009495
vt 0.04177674 0.9026307
vt 0.04177674 0.9009495
vt 0.04341376 0.9026307
vt 0.04341376 0.9068192
vt 0.04177674 0.9086775
vt 0.04177674 0.9068192
vt 0.04341376 0.9086775
vt 0.04472633 0.9738193
vt 0.04494755 0.9733178
vt 0.04472633 0.9724919
vt 0.04494755 0.9751908
vt 0.04472633 0.9724919
vt 0.04494755 0.9733178
vt 0.04656983 0.9733178
vt 0.04472633 0.9724919
vt 0.04494755 0.9733178
vt 0.0467763 0.9724919
vt 0.04656983 0.9751908
vt 0.0467763 0.9724919
vt 0.04656983 0.9733178
vt 0.0467763 0.9738193
vt 0.04656983 0.9733178
vt 0.0467763 0.9724919
vt 0.04494755 0.9733178
vt 0.0467763 0.9724919
vt 0.04656983 0.9733178
vt 0.04472633 0.9724919
vt 0.04494755 0.9674481
vt 0.04472633 0.9699258
vt 0.04494755 0.9691441
vt 0.04472633 0.9686722
vt 0.04494755 0.9691441
vt 0.04472633 0.9699258
vt 0.04656983 0.9691441
vt 0.04472633 0.9699258
vt 0.04494755 0.9691441
vt 0.0467763 0.9699258
vt 0.04656983 0.9674481
vt 0.0467763 0.9699258
vt 0.04656983 0.9691441
vt 0.0467763 0.9686722
vt 0.04656983 0.9691441
vt 0.0467763 0.9699258
vt 0.04494755 0.9691441
vt 0.0467763 0.9699258
vt 0.04656983 0.9691441
vt 0.04472633 0.9699258
vt 0.04892951 0.9086775
vt 0.04730723 0.9068192
vt 0.04730723 0.9086775
vt 0.04892951 0.9068192
vt 0.04892951 0.9026307
vt 0.04730723 0.9009495
vt 0.04730723 0.9026307
vt 0.04892951 0.9009495
vt 0.04892951 0.9009495
vt 0.04730723 0.9026307
vt 0.04730723 0.9009495
vt 0.04892951 0.9026307
vt 0.04892951 0.9068192
vt 0.04730723 0.9086775
vt 0.04730723 0.9068192
vt 0.04892951 0.9086775
vt 0.05025682 0.9738193
vt 0.0504633 0.9733178
vt 0.05025682 0.9724919
vt 0.0504633 0.9751908
vt 0.05025682 0.9724919
vt 0.0504633 0.9733178
vt 0.05208557 0.9733178
vt 0.05025682 0.9724919
vt 0.0504633 0.9733178
vt 0.05230679 0.9724919
vt 0.05208557 0.9751908
vt 0.05230679 0.9724919
vt 0.05208557 0.9733178
vt 0.05230679 0.9738193
vt 0.05208557 0.9733178
vt 0.05230679 0.9724919
vt 0.0504633 0.9733178
vt 0.05230679 0.9724919
vt 0.05208557 0.9733178
vt 0.05025682 0.9724919
vt 0.0504633 0.9674481
vt 0.05025682 0.9699258
vt 0.0504633 0.9691441
vt 0.05025682 0.9686722
vt 0.0504633 0.9691441
vt 0.05025682 0.9699258
vt 0.05208557 0.9691441
vt 0.05025682 0.9699258
vt 0.0504633 0.9691441
vt 0.05230679 0.9699258
vt 0.05208557 0.9674481
vt 0.05230679 0.9699258
vt 0.05208557 0.9691441
vt 0.05230679 0.9686722
vt 0.05208557 0.9691441
vt 0.05230679 0.9699258
vt 0.0504633 0.9691441
vt 0.05230679 0.9699258
vt 0.05208557 0.9691441
vt 0.05025682 0.9699258
vt 0.05431251 0.9086775
vt 0.05267549 0.9068192
vt 0.05267549 0.9086775
vt 0.05431251 0.9068192
vt 0.05431251 0.9026307
vt 0.05267549 0.9009495
vt 0.05267549 0.9026307
vt 0.05431251 0.9009495
vt 0.05431251 0.9009495
vt 0.05267549 0.9026307
vt 0.05267549 0.9009495
vt 0.05431251 0.9026307
vt 0.05431251 0.9068192
vt 0.05267549 0.9086775
vt 0.05267549 0.9068192
vt 0.05431251 0.9086775
vt 0.05562508 0.9738193
vt 0.0558463 0.9733178
vt 0.05562508 0.9724919
vt 0.0558463 0.9751908
vt 0.05562508 0.9724919
vt 0.0558463 0.9733178
vt 0.05746858 0.9733178
vt 0.05562508 0.9724919
vt 0.0558463 0.9733178
vt 0.05767506 0.9724919
vt 0.05746858 0.9751908
vt 0.05767506 0.9724919
vt 0.05746858 0.9733178
vt 0.05767506 0.9738193
vt 0.05746858 0.9733178
vt 0.05767506 0.9724919
vt 0.0558463 0.9733178
vt 0.05767506 0.9724919
vt 0.05746858 0.9733178
vt 0.05562508 0.9724919
vt 0.0558463 0.9674481
vt 0.05562508 0.9699258
vt 0.0558463 0.9691441
vt 0.05562508 0.9686722
vt 0.0558463 0.9691441
vt 0.05562508 0.9699258
vt 0.05746858 0.9691441
vt 0.05562508 0.9699258
vt 0.0558463 0.9691441
vt 0.05767506 0.9699258
vt 0.05746858 0.9674481
vt 0.05767506 0.9699258
vt 0.05746858 0.9691441
vt 0.05767506 0.9686722
vt 0.05746858 0.9691441
vt 0.05767506 0.9699258
vt 0.0558463 0.9691441
vt 0.05767506 0.9699258
vt 0.05746858 0.9691441
vt 0.05562508 0.9699258
vt 0.2697214 0.9686722
vt 0.2697214 0.9650589
vt 0.2697214 0.9674334
vt 0.2697214 0.9639086
vt 0.2678189 0.8977492
vt 0.2700311 0.8967906
vt 0.2678189 0.8967906
vt 0.2700311 0.8977492
vt 0.2678189 0.8996959
vt 0.2700311 0.8996959
vt 0.2678189 0.9006988
vt 0.2700311 0.9006988
vt 0.267288 0.8979557
vt 0.267288 0.9002416
vt 0.267288 0.89946
vt 0.267288 0.8972183
vt 0.2671995 0.9653244
vt 0.2676862 0.9639086
vt 0.2671995 0.9644248
vt 0.2676862 0.9650589
vt 0.2671995 0.9671679
vt 0.2676862 0.9674334
vt 0.2671995 0.9681118
vt 0.2676862 0.9686722
vt 0.2697214 0.9686722
vt 0.2697214 0.9650589
vt 0.2697214 0.9639086
vt 0.2697214 0.9674334
vt 0.2700311 0.8967906
vt 0.2678189 0.8977492
vt 0.2678189 0.8967906
vt 0.2700311 0.8977492
vt 0.2678189 0.8996959
vt 0.2700311 0.8996959
vt 0.2678189 0.9006988
vt 0.2700311 0.9006988
vt 0.267288 0.8979557
vt 0.267288 0.9002416
vt 0.267288 0.8972183
vt 0.267288 0.89946
vt 0.2676862 0.9639086
vt 0.2671995 0.9653244
vt 0.2671995 0.9644248
vt 0.2676862 0.9650589
vt 0.2671995 0.9671679
vt 0.2676862 0.9674334
vt 0.2671995 0.9681118
vt 0.2676862 0.9686722
vt 0.05419453 0.9078663
vt 0.05407654 0.9095476
vt 0.05419453 0.9092084
vt 0.05407654 0.9080285
vt 0.05419453 0.9052854
vt 0.05407654 0.9080285
vt 0.05419453 0.9078663
vt 0.05407654 0.9051232
vt 0.05419453 0.9040318
vt 0.05407654 0.9051232
vt 0.05419453 0.9052854
vt 0.05407654 0.9037221
vt 0.05419453 0.9052854
vt 0.05407654 0.9037221
vt 0.05419453 0.9040318
vt 0.05407654 0.9051232
vt 0.05419453 0.9078663
vt 0.05407654 0.9051232
vt 0.05419453 0.9052854
vt 0.05407654 0.9080285
vt 0.05419453 0.9092084
vt 0.05407654 0.9080285
vt 0.05419453 0.9078663
vt 0.05407654 0.9095476
vt 0.2684531 0.9631417
vt 0.2684531 0.9667107
vt 0.2684531 0.9654866
vt 0.2684531 0.9631417
vt 0.2684531 0.9620061
vt 0.2684531 0.9654866
vt 0.05174637 0.968805
vt 0.04642235 0.9653686
vt 0.04642235 0.968805
vt 0.05174637 0.9653686
vt 0.04938669 0.9056541
vt 0.04659932 0.9039286
vt 0.04659932 0.9056541
vt 0.04938669 0.9039286
vt 0.05215931 0.9056541
vt 0.05215931 0.9039286
vt 0.05407654 0.9056541
vt 0.05407654 0.9039286
vt 0.05457798 0.9056541
vt 0.05457798 0.9039286
vt 0.05407654 0.9039286
vt 0.05407654 0.9056541
vt 0.05215931 0.9039286
vt 0.05215931 0.9056541
vt 0.04938669 0.9039286
vt 0.04938669 0.9056541
vt 0.04659932 0.9039286
vt 0.04659932 0.9056541
vt 0.1542595 0.968215
vt 0.1516787 0.9610032
vt 0.150838 0.968215
vt 0.1547462 0.9610032
vt 0.1520621 0.9017754
vt 0.1441129 0.8945784
vt 0.1436263 0.9017754
vt 0.1520621 0.8945784
vt 0.1604832 0.9017754
vt 0.1599965 0.8945784
vt 0.1663381 0.9017754
vt 0.1654975 0.8945784
vt 0.1675917 0.9017754
vt 0.1669428 0.8945784
vt 0.1654975 0.8945784
vt 0.1663381 0.9017754
vt 0.1599965 0.8945784
vt 0.1604832 0.9017754
vt 0.1520621 0.8945784
vt 0.1520621 0.9017754
vt 0.1441129 0.8945784
vt 0.1436263 0.9017754
vt 0.04553747 0.9039286
vt 0.04440188 0.9056541
vt 0.04553747 0.9056541
vt 0.04440188 0.9039286
vt 0.04395944 0.9056541
vt 0.04395944 0.9039286
vt 0.04440188 0.9039286
vt 0.04440188 0.9056541
vt 0.04553747 0.9039286
vt 0.04553747 0.9056541
vt 0.04440188 0.9079843
vt 0.04440188 0.9079843
vt 0.04440188 0.9079843
vt 0.04440188 0.9079843
vt 0.04440188 0.9094738
vt 0.04440188 0.9094738
vt 0.0449623 0.9703535
vt 0.05089098 0.9734653
vt 0.05089098 0.9703535
vt 0.0449623 0.9734653
vt 0.04938669 0.9079843
vt 0.0464371 0.906421
vt 0.0464371 0.9079843
vt 0.04938669 0.906421
vt 0.05232154 0.9079843
vt 0.05232154 0.906421
vt 0.05437151 0.9079843
vt 0.05437151 0.906421
vt 0.0547992 0.9079843
vt 0.0547992 0.906421
vt 0.05437151 0.906421
vt 0.05437151 0.9079843
vt 0.05232154 0.906421
vt 0.05232154 0.9079843
vt 0.04938669 0.906421
vt 0.04938669 0.9079843
vt 0.0464371 0.906421
vt 0.0464371 0.9079843
vt 0.04524251 0.9079843
vt 0.04524251 0.906421
vt 0.04524251 0.906421
vt 0.04524251 0.9079843
vt 0.1410453 0.8945784
vt 0.1402047 0.9017754
vt 0.1410453 0.8945784
vt 0.1402047 0.9017754
vt 0.04440188 0.9079843
vt 0.05068451 0.9094738
vt 0.05068451 0.9079843
vt 0.04440188 0.9094738
vt 0.05068451 0.9094738
vt 0.04440188 0.9094738
vt 0.05068451 0.9094738
vt 0.04440188 0.9094738
vt 0.04440188 0.9056541
vt 0.04524251 0.906421
vt 0.04553747 0.9056541
vt 0.04440188 0.9079843
vt 0.04524251 0.9079843
vt 0.05174637 0.968805
vt 0.04642235 0.9653686
vt 0.05174637 0.9653686
vt 0.04642235 0.968805
vt 0.1516787 0.9610032
vt 0.1542595 0.968215
vt 0.150838 0.968215
vt 0.1547462 0.9610032
vt 0.0449623 0.9703535
vt 0.05089098 0.9734653
vt 0.0449623 0.9734653
vt 0.05089098 0.9703535
vt 0.04524251 0.9079843
vt 0.04524251 0.906421
vt 0.04524251 0.9079843
vt 0.04524251 0.906421
vt 0.1402047 0.9017754
vt 0.1410453 0.8945784
vt 0.1410453 0.8945784
vt 0.1402047 0.9017754
vt 0.04440188 0.9079843
vt 0.05068451 0.9094738
vt 0.04440188 0.9094738
vt 0.05068451 0.9079843
vt 0.04440188 0.9056541
vt 0.04553747 0.9056541
vt 0.04524251 0.906421
vt 0.04440188 0.9079843
vt 0.04524251 0.9079843
vt 0.07535788 0.823036
vt 0.4226137 0.8530628
vt 0.02138029 0.8530628
vt 0.07535788 0.7433527
vt 0.1515312 0.6396596
vt 0.3393908 0.5548145
vt 0.5272506 0.608335
vt 0.6575932 0.7522899
vt 0.6852899 0.9843198
vt 0.4226137 0.9843198
vt 0.4226137 0.8530628
vt 0.6575932 0.7522899
vt 0.5272506 0.608335
vt 0.3393908 0.5548145
vt 0.1515312 0.6396596
vt 0.07535788 0.7433527
vt 0.07535788 0.823036
vt 0.02138029 0.8530628
vt 0.1536696 0.96851
vt 0.1572091 0.9632302
vt 0.1572091 0.96851
vt 0.1536696 0.9632302
vt 0.1508528 0.9060081
vt 0.1508528 0.9007283
vt 0.1508528 0.9060081
vt 0.1508528 0.9007283
vt 0.1572091 0.96851
vt 0.1536696 0.9632302
vt 0.1536696 0.96851
vt 0.1572091 0.9632302
vt 0.157917 0.9060081
vt 0.1543923 0.9007283
vt 0.1543923 0.9060081
vt 0.157917 0.9007283
vt 0.157917 0.9060081
vt 0.157917 0.9007283
vt 0.1543923 0.9060081
vt 0.1543923 0.9007283
vt 0.05391432 0.9714301
vt 0.04701227 0.9704862
vt 0.05391432 0.9704862
vt 0.04782341 0.9714301
vt 0.04707126 0.9731556
vt 0.0456702 0.9731556
vt 0.04701227 0.9757365
vt 0.04782341 0.9748368
vt 0.05566933 0.9748368
vt 0.05614126 0.9757365
vt 0.04701227 0.9704862
vt 0.05391432 0.9714301
vt 0.05391432 0.9704862
vt 0.04782341 0.9714301
vt 0.04707126 0.9731556
vt 0.0456702 0.9731556
vt 0.04701227 0.9757365
vt 0.04782341 0.9748368
vt 0.05566933 0.9748368
vt 0.05614126 0.9757365
vt 0.05391432 0.9704862
vt 0.05391432 0.9714301
vt 0.05391432 0.9704862
vt 0.05391432 0.9714301
vt 0.04441662 0.9088544
vt 0.05354562 0.9088544
vt 0.05354562 0.9088544
vt 0.04441662 0.9088544
vt 0.05131868 0.9036189
vt 0.04441662 0.9036189
vt 0.04441662 0.9036189
vt 0.05131868 0.9036189
vt 0.04441662 0.9036189
vt 0.04307456 0.9062735
vt 0.04441662 0.9036189
vt 0.04307456 0.9062735
vt 0.04441662 0.9088544
vt 0.04441662 0.9088544
vt 0.05566933 0.9748368
vt 0.05614126 0.9757365
vt 0.05566933 0.9748368
vt 0.05614126 0.9757365
vt 0.05131868 0.9045628
vt 0.04521301 0.9045628
vt 0.04521301 0.9045628
vt 0.05131868 0.9045628
vt 0.04521301 0.9079695
vt 0.05305894 0.9079695
vt 0.05305894 0.9079695
vt 0.04521301 0.9079695
vt 0.04447562 0.9062735
vt 0.04521301 0.9079695
vt 0.04521301 0.9079695
vt 0.04447562 0.9062735
vt 0.04521301 0.9045628
vt 0.04447562 0.9062735
vt 0.04447562 0.9062735
vt 0.04521301 0.9045628
vt 0.05364886 0.9035156
vt 0.04392994 0.90297
vt 0.05395856 0.90297
vt 0.04392994 0.9047692
vt 0.05364886 0.9035156
vt 0.04392994 0.90297
vt 0.04392994 0.9047692
vt 0.05395856 0.90297
vt 0.05395856 0.90297
vt 0.05364886 0.9035156
vt 0.05395856 0.90297
vt 0.05364886 0.9035156
vt 0.04392994 0.9047692
vt 0.04392994 0.9047692
vt 0.04392994 0.90297
vt 0.04392994 0.9047692
vt 0.04392994 0.9047692
vt 0.04392994 0.90297
vt 0.05417978 0.9027045
vt 0.05552185 0.8997402
vt 0.05497617 0.9024981
vt 0.05417978 0.8997402
vt 0.05417978 0.9027045
vt 0.05552185 0.8997402
vt 0.05417978 0.8997402
vt 0.05497617 0.9024981
vt 0.05497617 0.9024981
vt 0.05552185 0.8997402
vt 0.05552185 0.8997402
vt 0.05497617 0.9024981
vt 0.05417978 0.9027045
vt 0.05497617 0.9024981
vt 0.05497617 0.9024981
vt 0.05417978 0.9027045
vt 0.05417978 0.8997402
vt 0.05417978 0.9027045
vt 0.05417978 0.9027045
vt 0.05417978 0.8997402
vt 0.05552185 0.8997402
vt 0.05417978 0.8997402
vt 0.05417978 0.8997402
vt 0.05552185 0.8997402
vt 0.04907698 0.9096066
vt 0.04802988 0.8974837
vt 0.04907698 0.8974837
vt 0.04802988 0.9086922
vt 0.04494755 0.9096066
vt 0.04618638 0.9086922
vt 0.04494755 0.8974837
vt 0.04618638 0.8974837
vt 0.04802988 0.8974837
vt 0.04907698 0.9096066
vt 0.04907698 0.8974837
vt 0.04802988 0.9086922
vt 0.04618638 0.9086922
vt 0.04494755 0.9096066
vt 0.04494755 0.8974837
vt 0.04618638 0.8974837
vt 0.04907698 0.8974837
vt 0.04907698 0.9096066
vt 0.04907698 0.8974837
vt 0.04907698 0.9096066
vt 0.04494755 0.8974837
vt 0.04618638 0.8974837
vt 0.04494755 0.8974837
vt 0.04618638 0.8974837
vt 0.04802988 0.8974837
vt 0.04907698 0.8974837
vt 0.04802988 0.8974837
vt 0.04907698 0.8974837
vt 0.04494755 0.9096066
vt 0.04494755 0.8974837
vt 0.04494755 0.9096066
vt 0.04494755 0.8974837
vt 0.04494755 0.9096066
vt 0.04907698 0.9096066
vt 0.04907698 0.9096066
vt 0.04494755 0.9096066
vt 0.04802988 0.9086922
vt 0.04802988 0.8974837
vt 0.04802988 0.8974837
vt 0.04802988 0.9086922
vt 0.04618638 0.9086922
vt 0.04802988 0.9086922
vt 0.04802988 0.9086922
vt 0.04618638 0.9086922
vt 0.04618638 0.8974837
vt 0.04618638 0.9086922
vt 0.04618638 0.9086922
vt 0.04618638 0.8974837
vt 0.2650463 0.9646608
vt 0.2650463 0.9658111
vt 0.2650463 0.9646608
vt 0.2650463 0.9658111
vt 0.2685268 0.8985308
vt 0.2675092 0.898929
vt 0.2675092 0.898929
vt 0.2685268 0.8985308
vt 0.2675092 0.8971888
vt 0.2685268 0.8985308
vt 0.2685268 0.8975869
vt 0.2675092 0.898929
vt 0.2675092 0.8971888
vt 0.2685268 0.8975869
vt 0.2675092 0.8971888
vt 0.2685268 0.8975869
vt 0.2675092 0.898929
vt 0.2685268 0.8975869
vt 0.2685268 0.8985308
vt 0.2675092 0.8971888
vt 0.04938669 0.9039286
vt 0.04553747 0.9039286
vt 0.04659932 0.9039286
vt 0.04553747 0.9039286
vt 0.04395944 0.9039286
vt 0.04440188 0.9039286
vt 0.04440188 0.9039286
vt 0.05407654 0.9039286
vt 0.05407654 0.9039286
vt 0.05215931 0.9039286
vt 0.05457798 0.9039286
vt 0.04938669 0.9039286
vt 0.04659932 0.9039286
vt 0.05215931 0.9039286
vt 0.2670078 0.9665043
vt 0.2670078 0.9693063
vt 0.2670078 0.9674334
vt 0.2670078 0.9693063
vt 0.2670078 0.9674334
vt 0.2670078 0.9702355
vt 0.04600941 0.9059196
vt 0.04341376 0.9088987
vt 0.04600941 0.9088987
vt 0.04341376 0.9025275
vt 0.05246902 0.9025275
vt 0.05246902 0.9059196
vt 0.05723261 0.9701027
vt 0.0551974 0.9708844
vt 0.05659845 0.9708844
vt 0.0562445 0.9701027
vt 0.05583156 0.9701027
vt 0.05496143 0.9705452
vt 0.05229204 0.9654276
vt 0.04807412 0.9742469
vt 0.04832484 0.9745861
vt 0.05317692 0.965
vt 0.04733672 0.9746746
vt 0.04541948 0.9691294
vt 0.04773492 0.9746746
vt 0.04873778 0.9746746
vt 0.0497259 0.9745861
vt 0.04466734 0.9695718
vt 0.04510978 0.9684215
vt 0.04651084 0.9684215
vt 0.0460684 0.9695718
vt 0.05199708 0.9647345
vt 0.05339814 0.9647345
vt 0.05456323 0.965
vt 0.04698277 0.9747189
vt 0.04791189 0.9747189
vt 0.04773492 0.9746746
vt 0.04646659 0.9063178
vt 0.05246902 0.9085152
vt 0.05246902 0.9063178
vt 0.04646659 0.9085152
vt 0.05680493 0.9694391
vt 0.0562445 0.9701027
vt 0.05773404 0.9694391
vt 0.0562445 0.9701027
vt 0.05589055 0.9676841
vt 0.05499092 0.9677283
vt 0.05680493 0.9694391
vt 0.05499092 0.9677283
vt 0.05681967 0.9676841
vt 0.05599378 0.9677283
vt 0.05589055 0.9676841
vt 0.04341376 0.9088987
vt 0.04600941 0.9059196
vt 0.04600941 0.9088987
vt 0.04341376 0.9025275
vt 0.05246902 0.9025275
vt 0.05246902 0.9059196
vt 0.04341376 0.9093264
vt 0.05246902 0.9093264
vt 0.05246902 0.9093264
vt 0.04341376 0.9093264
vt 0.04300082 0.9088987
vt 0.04300082 0.9025275
vt 0.04300082 0.9088987
vt 0.04300082 0.9025275
vt 0.04341376 0.9016427
vt 0.05246902 0.9016427
vt 0.04341376 0.9016427
vt 0.05246902 0.9016427
vt 0.04646659 0.9063178
vt 0.05246902 0.9085152
vt 0.04646659 0.9085152
vt 0.05246902 0.9063178
vt 0.04773492 0.9746746
vt 0.0460684 0.9729639
vt 0.04698277 0.9747189
vt 0.04649609 0.9722854
vt 0.04649609 0.9722854
vt 0.04699752 0.9729639
vt 0.0460684 0.9729639
vt 0.0474842 0.9722854
vt 0.05068451 0.9094738
vt 0.05068451 0.9079843
vt 0.05068451 0.9079843
vt 0.05068451 0.9094738
vt 0.05068451 0.9079843
vt 0.2670815 0.8932511
vt 0.2660344 0.9075861
vt 0.2660344 0.8932511
vt 0.2670815 0.9075861
vt 0.2670815 0.8932511
vt 0.2660344 0.9075861
vt 0.2670815 0.9075861
vt 0.2660344 0.8932511
vt 0.2670815 0.9075861
vt 0.2660344 0.9075861
vt 0.2660344 0.9075861
vt 0.2670815 0.9075861
vt 0.2660344 0.9075861
vt 0.2660344 0.8932511
vt 0.2660344 0.8932511
vt 0.2660344 0.9075861
vt 0.2660344 0.8932511
vt 0.2670815 0.8932511
vt 0.2670815 0.8932511
vt 0.2660344 0.8932511
vt 0.2670815 0.8932511
vt 0.2671405 0.9063178
vt 0.2670815 0.9075861
vt 0.2671405 0.8942539
vt 0.2670815 0.9075861
vt 0.2671405 0.9063178
vt 0.2670815 0.9075861
vt 0.2671405 0.9063178
vt 0.2670815 0.9075861
vt 0.2671405 0.8942539
vt 0.2670815 0.8932511
vt 0.2671405 0.9063178
vt 0.2670815 0.8932511
vt 0.2671405 0.8942539
vt 0.2670815 0.8932511
vt 0.2671405 0.8942539
vt 0.2671405 0.8942539
vt 0.2675387 0.906244
vt 0.2671405 0.9063178
vt 0.2675387 0.8943276
vt 0.2671405 0.9063178
vt 0.2675387 0.906244
vt 0.2671405 0.9063178
vt 0.2675387 0.906244
vt 0.2671405 0.9063178
vt 0.2675387 0.8943276
vt 0.2671405 0.8942539
vt 0.2675387 0.906244
vt 0.2671405 0.8942539
vt 0.2675387 0.8943276
vt 0.2671405 0.8942539
vt 0.2675387 0.8943276
vt 0.2675387 0.8947554
vt 0.268748 0.9052559
vt 0.2675387 0.9057279
vt 0.268748 0.8951683
vt 0.2675387 0.9057279
vt 0.268748 0.9052559
vt 0.2675387 0.9057279
vt 0.268748 0.9052559
vt 0.2675387 0.9057279
vt 0.268748 0.8951683
vt 0.2675387 0.8947554
vt 0.268748 0.9052559
vt 0.2675387 0.8947554
vt 0.268748 0.8951683
vt 0.2675387 0.8947554
vt 0.268748 0.8951683
vt 0.276181 0.8946079
vt 0.2718304 0.8949766
vt 0.2755911 0.8949766
vt 0.2713437 0.8946079
vt 0.276181 0.8992535
vt 0.2718304 0.8988848
vt 0.2713437 0.8992535
vt 0.2755911 0.8988848
vt 0.2713437 0.8946079
vt 0.2718304 0.8988848
vt 0.2718304 0.8949766
vt 0.2713437 0.8992535
vt 0.2682761 0.9637612
vt 0.2717271 0.96851
vt 0.2717271 0.9637612
vt 0.2682761 0.96851
vt 0.2755911 0.8949766
vt 0.276181 0.8992535
vt 0.276181 0.8946079
vt 0.2755911 0.8988848
vt 0.2646039 0.8946079
vt 0.2603712 0.8949766
vt 0.2640435 0.8949766
vt 0.2598845 0.8946079
vt 0.2646039 0.8992535
vt 0.2603712 0.8988848
vt 0.2598845 0.8992535
vt 0.2640435 0.8988848
vt 0.2598845 0.8946079
vt 0.2603712 0.8988848
vt 0.2603712 0.8949766
vt 0.2598845 0.8992535
vt 0.2755911 0.9637612
vt 0.2789536 0.96851
vt 0.2789536 0.9637612
vt 0.2755911 0.96851
vt 0.2640435 0.8949766
vt 0.2646039 0.8992535
vt 0.2646039 0.8946079
vt 0.2640435 0.8988848
vt 0.2715207 0.8946079
vt 0.2678927 0.8949766
vt 0.2710487 0.8949766
vt 0.267465 0.8946079
vt 0.2715207 0.8992535
vt 0.2678927 0.8988848
vt 0.267465 0.8992535
vt 0.2710487 0.8988848
vt 0.267465 0.8946079
vt 0.2678927 0.8988848
vt 0.2678927 0.8949766
vt 0.267465 0.8992535
vt 0.2719631 0.9626845
vt 0.2748537 0.9674334
vt 0.2748537 0.9626845
vt 0.2719631 0.9674334
vt 0.2710487 0.8949766
vt 0.2715207 0.8992535
vt 0.2715207 0.8946079
vt 0.2710487 0.8988848
vt 0.2662261 0.9095033
vt 0.2688808 0.895478
vt 0.2688808 0.9092379
vt 0.2662261 0.8952715
vt 0.2662261 0.9095033
vt 0.2688808 0.895478
vt 0.2662261 0.8952715
vt 0.2688808 0.9092379
vt 0.2688808 0.9092379
vt 0.2688808 0.895478
vt 0.2688808 0.895478
vt 0.2688808 0.9092379
vt 0.2662261 0.9095033
vt 0.2688808 0.9092379
vt 0.2688808 0.9092379
vt 0.2662261 0.9095033
vt 0.2662261 0.8952715
vt 0.2662261 0.9095033
vt 0.2662261 0.9095033
vt 0.2662261 0.8952715
vt 0.2688808 0.895478
vt 0.2662261 0.8952715
vt 0.2662261 0.8952715
vt 0.2688808 0.895478
vt 0.2669341 0.9064652
vt 0.2739393 0.8918058
vt 0.2739393 0.9064652
vt 0.2669341 0.8918058
vt 0.2669341 0.9064652
vt 0.2739393 0.8918058
vt 0.2669341 0.8918058
vt 0.2739393 0.9064652
vt 0.2669341 0.9064652
vt 0.2739393 0.9064652
vt 0.2739393 0.9064652
vt 0.2669341 0.9064652
vt 0.2669341 0.8918058
vt 0.2669341 0.9064652
vt 0.2669341 0.9064652
vt 0.2669341 0.8918058
vt 0.2739393 0.8918058
vt 0.2669341 0.8918058
vt 0.2669341 0.8918058
vt 0.2739393 0.8918058
vt 0.2613888 0.8944457
vt 0.2656805 0.8938115
vt 0.2605924 0.8938115
vt 0.265592 0.8944457
vt 0.2613888 0.9011855
vt 0.2656805 0.9018196
vt 0.265592 0.9011855
vt 0.2605924 0.9018196
vt 0.2613888 0.9011855
vt 0.2605924 0.8938115
vt 0.2605924 0.9018196
vt 0.2613888 0.8944457
vt 0.2696182 0.972138
vt 0.2657542 0.9639233
vt 0.2657542 0.972138
vt 0.2696182 0.9639233
vt 0.2656805 0.9018196
vt 0.265592 0.8944457
vt 0.265592 0.9011855
vt 0.2656805 0.8938115
vt 0.7028252 0.9771818
vt 0.9796889 0.01903536
vt 0.9796889 0.9771818
vt 0.7028252 0.01903536
vt 0.7028252 0.9771818
vt 0.9796889 0.01903536
vt 0.7028252 0.01903536
vt 0.9796889 0.9771818
vt 0.05285247 0.9160072
vt 0.05285247 0.8981621
vt 0.05285247 0.8981621
vt 0.05285247 0.9160072
vt 0.04704176 0.9160072
vt 0.04406267 0.9160072
vt 0.04406267 0.9160072
vt 0.04704176 0.9160072
vt 0.0434875 0.8981621
vt 0.0434875 0.9154173
vt 0.0434875 0.9154173
vt 0.0434875 0.8981621
vt 0.0522773 0.8976902
vt 0.04406267 0.8976902
vt 0.04704176 0.8976902
vt 0.04704176 0.8976902
vt 0.0522773 0.8976902
vt 0.04406267 0.8976902
vt 0.0434875 0.9770343
vt 0.04699752 0.9597644
vt 0.04699752 0.9770343
vt 0.0434875 0.9597644
vt 0.0434875 0.9597644
vt 0.04699752 0.9770343
vt 0.04699752 0.9597644
vt 0.0434875 0.9770343
vt 0.04721874 0.8983981
vt 0.0522773 0.8981621
vt 0.05205607 0.8983981
vt 0.04699752 0.8981621
vt 0.04721874 0.9151371
vt 0.04699752 0.8981621
vt 0.04721874 0.8983981
vt 0.04699752 0.9154173
vt 0.05205607 0.9151371
vt 0.04699752 0.9154173
vt 0.04721874 0.9151371
vt 0.0522773 0.9154173
vt 0.05205607 0.8983981
vt 0.0522773 0.9154173
vt 0.05205607 0.9151371
vt 0.0522773 0.8981621
vt 0.05205607 0.9151371
vt 0.0522773 0.8981621
vt 0.05205607 0.8983981
vt 0.0522773 0.9154173
vt 0.04721874 0.9151371
vt 0.0522773 0.9154173
vt 0.05205607 0.9151371
vt 0.04699752 0.9154173
vt 0.04721874 0.8983981
vt 0.04699752 0.9154173
vt 0.04721874 0.9151371
vt 0.04699752 0.8981621
vt 0.05205607 0.8983981
vt 0.04699752 0.8981621
vt 0.04721874 0.8983981
vt 0.0522773 0.8981621
vt 0.05375209 0.9048282
vt 0.04429864 0.9054771
vt 0.05323591 0.9054771
vt 0.04384145 0.9048282
vt 0.05376684 0.9103292
vt 0.04429864 0.909695
vt 0.04384145 0.9103439
vt 0.05323591 0.909695
vt 0.05323591 0.909695
vt 0.04429864 0.9054771
vt 0.04429864 0.909695
vt 0.05323591 0.9054771
vt 0.05376684 0.9103292
vt 0.05323591 0.9054771
vt 0.05323591 0.909695
vt 0.05375209 0.9048282
vt 0.04384145 0.9103439
vt 0.05375209 0.9048282
vt 0.05376684 0.9103292
vt 0.04384145 0.9048282
vt 0.04429864 0.909695
vt 0.04384145 0.9048282
vt 0.04384145 0.9103439
vt 0.04429864 0.9054771
vt 0.04676155 0.911568
vt 0.05204133 0.9000646
vt 0.05204133 0.9105947
vt 0.04676155 0.8992535
vt 0.04676155 0.911568
vt 0.05204133 0.9000646
vt 0.04676155 0.8992535
vt 0.05204133 0.9105947
vt 0.05204133 0.9105947
vt 0.05204133 0.9000646
vt 0.05204133 0.9000646
vt 0.05204133 0.9105947
vt 0.04676155 0.911568
vt 0.05204133 0.9105947
vt 0.05204133 0.9105947
vt 0.04676155 0.911568
vt 0.05204133 0.9000646
vt 0.04676155 0.8992535
vt 0.04676155 0.8992535
vt 0.05204133 0.9000646
vt 0.2632176 0.8944457
vt 0.2686006 0.8938115
vt 0.2626277 0.8938115
vt 0.2678632 0.8944457
vt 0.2632176 0.9011855
vt 0.2686006 0.9018196
vt 0.2678632 0.9011855
vt 0.2626277 0.9018196
vt 0.2632176 0.9011855
vt 0.2626277 0.8938115
vt 0.2626277 0.9018196
vt 0.2632176 0.8944457
vt 0.2752224 0.9702355
vt 0.2709602 0.9620356
vt 0.2709602 0.9702355
vt 0.2752224 0.9620356
vt 0.2686006 0.9018196
vt 0.2678632 0.8944457
vt 0.2678632 0.9011855
vt 0.2686006 0.8938115
vt 0.2732609 0.8944457
vt 0.2788799 0.8938115
vt 0.272671 0.8938115
vt 0.2780835 0.8944457
vt 0.2732609 0.9011855
vt 0.2788799 0.9018196
vt 0.2780835 0.9011855
vt 0.272671 0.9018196
vt 0.2732609 0.9011855
vt 0.272671 0.8938115
vt 0.272671 0.9018196
vt 0.2732609 0.8944457
vt 0.2740721 0.9691589
vt 0.2696329 0.9609442
vt 0.2696329 0.9691589
vt 0.2740721 0.9609442
vt 0.2788799 0.9018196
vt 0.2780835 0.8944457
vt 0.2780835 0.9011855
vt 0.2788799 0.8938115
vt 0.2720369 0.8944457
vt 0.2778771 0.8938115
vt 0.2713584 0.8938115
vt 0.2770954 0.8944457
vt 0.2720369 0.9011855
vt 0.2778771 0.9018196
vt 0.2770954 0.9011855
vt 0.2713584 0.9018196
vt 0.2720369 0.9011855
vt 0.2713584 0.8938115
vt 0.2713584 0.9018196
vt 0.2720369 0.8944457
vt 0.2658722 0.9702355
vt 0.2612118 0.9620356
vt 0.2612118 0.9702355
vt 0.2658722 0.9620356
vt 0.2778771 0.9018196
vt 0.2770954 0.8944457
vt 0.2770954 0.9011855
vt 0.2778771 0.8938115
vt 0.05503517 0.9705747
vt 0.04294182 0.9705747
vt 0.0489885 0.9790253
vt 0.0489885 0.9621093
vt 0.1552919 0.9710024
vt 0.1552919 0.9617259
vt 0.1481834 0.9663715
vt 0.1623857 0.9663715
vt 0.05535962 0.9704272
vt 0.04331052 0.9713858
vt 0.05013884 0.979335
vt 0.04851656 0.962478
vt 0.1552624 0.9710909
vt 0.1536549 0.9619619
vt 0.1474607 0.9677578
vt 0.1614566 0.9652949
vt 0.05515315 0.9705305
vt 0.04310405 0.9695571
vt 0.04831009 0.9784796
vt 0.04993237 0.9616079
vt 0.1543038 0.9709876
vt 0.1543038 0.9617112
vt 0.1471953 0.9663568
vt 0.1614123 0.9663568
vt 0.04294182 0.970383
vt 0.05503517 0.970383
vt 0.0489885 0.9619176
vt 0.0489885 0.9788483
vt 0.1553656 0.9708402
vt 0.1545545 0.9616079
vt 0.1478884 0.9668434
vt 0.1620465 0.9656046
vt 0.05503517 0.9705747
vt 0.04294182 0.9705747
vt 0.0489885 0.9621093
vt 0.0489885 0.9790253
vt 0.1552919 0.9710024
vt 0.1552919 0.9617259
vt 0.1623857 0.9663715
vt 0.1481834 0.9663715
vt 0.05535962 0.9704272
vt 0.04331052 0.9713858
vt 0.04851656 0.962478
vt 0.05013884 0.979335
vt 0.1552624 0.9710909
vt 0.1536549 0.9619619
vt 0.1614566 0.9652949
vt 0.1474607 0.9677578
vt 0.05515315 0.9705305
vt 0.04310405 0.9695571
vt 0.04993237 0.9616079
vt 0.04831009 0.9784796
vt 0.1543038 0.9709876
vt 0.1543038 0.9617112
vt 0.1614123 0.9663568
vt 0.1471953 0.9663568
vt 0.04294182 0.970383
vt 0.05503517 0.970383
vt 0.0489885 0.9788483
vt 0.0489885 0.9619176
vt 0.1553656 0.9708402
vt 0.1545545 0.9616079
vt 0.1620465 0.9656046
vt 0.1478884 0.9668434
vt 0.2684973 0.8965989
vt 0.2648841 0.9044448
vt 0.2704588 0.8982064
vt 0.2629374 0.9027193
vt 0.2665801 0.8951241
vt 0.2609611 0.9009348
vt 0.2590144 0.8991207
vt 0.2648251 0.8935313
vt 0.2632028 0.8918205
vt 0.2572004 0.8971151
vt 0.2657542 0.8952273
vt 0.2616395 0.8985898
vt 0.2605629 0.8972035
vt 0.2648841 0.8938705
vt 0.2595453 0.8958172
vt 0.2639402 0.8924842
vt 0.2713584 0.8938558
vt 0.27273 0.9002563
vt 0.27273 0.8968791
vt 0.2658132 0.8909946
vt 0.2688955 0.8917468
vt 0.2688955 0.9053887
vt 0.2713584 0.9032944
vt 0.2658132 0.9061408
vt 0.2627309 0.9053887
vt 0.2588964 0.9002563
vt 0.260268 0.9032944
vt 0.260268 0.8938558
vt 0.2627309 0.8917468
vt 0.2588964 0.8968791
vt 0.2571119 0.8917763
vt 0.2583507 0.8904194
vt 0.2581443 0.8901835
vt 0.257982 0.8912453
vt 0.258277 0.8921007
vt 0.2575986 0.8930888
vt 0.2568465 0.8936787
vt 0.2584097 0.8927644
vt 0.2572446 0.8939147
vt 0.2590587 0.8924989
vt 0.2591914 0.8931478
vt 0.2573626 0.895537
vt 0.2575396 0.8947701
vt 0.2583213 0.8951683
vt 0.2598698 0.8921745
vt 0.2586015 0.8969528
vt 0.2594863 0.8940179
vt 0.2591176 0.8948438
vt 0.2601942 0.8948291
vt 0.2619345 0.8945784
vt 0.2593831 0.8951535
vt 0.2609611 0.8952125
vt 0.2590144 0.8959794
vt 0.2615806 0.8954043
vt 0.2593241 0.8968348
vt 0.2612561 0.8960827
vt 0.2602827 0.8976755
vt 0.260091 0.8972183
vt 0.2618755 0.8962597
vt 0.2609021 0.8969086
vt 0.262082 0.897528
vt 0.2626424 0.8966431
vt 0.2634535 0.8963334
vt 0.26366 0.8965694
vt 0.262082 0.8947406
vt 0.2626424 0.8956255
vt 0.2618755 0.8960089
vt 0.2609021 0.89536
vt 0.2602827 0.8946079
vt 0.2612561 0.8962007
vt 0.260091 0.8950503
vt 0.2615806 0.8968643
vt 0.2593241 0.8954338
vt 0.2609611 0.897056
vt 0.2619345 0.897705
vt 0.2586015 0.8953158
vt 0.2601942 0.8974395
vt 0.2590144 0.8962892
vt 0.2593831 0.8971298
vt 0.2598698 0.9000941
vt 0.2591176 0.8974248
vt 0.2583213 0.8971151
vt 0.2594863 0.8982654
vt 0.2591914 0.8991207
vt 0.2590587 0.8997844
vt 0.2584097 0.8995042
vt 0.2573626 0.8967463
vt 0.2575396 0.8974985
vt 0.2572446 0.8983539
vt 0.2568465 0.8985898
vt 0.258277 0.9001679
vt 0.2575986 0.8991945
vt 0.2571119 0.900507
vt 0.257982 0.9010233
vt 0.2583507 0.9018639
vt 0.2581443 0.9020998
vt 0.2753257 0.8939737
vt 0.2777148 0.8991503
vt 0.2789979 0.8981031
vt 0.2740278 0.8951093
vt 0.2764317 0.9001236
vt 0.27273 0.8962892
vt 0.2665211 0.8925579
vt 0.2723466 0.8981621
vt 0.2707243 0.8998729
vt 0.2647071 0.8945636
vt 0.2688808 0.9017459
vt 0.2626571 0.8966578
vt 0.2610349 0.898752
vt 0.2675682 0.9037958
vt 0.2594716 0.9008462
vt 0.2661524 0.9058753
vt 0.6809687 0.5398306
vt 0.01781128 0.4431723
vt 0.01781128 0.5398306
vt 0.6809687 0.4431723
vt 0.01781128 0.2933182
vt 0.6809687 0.2933182
vt 0.6809687 0.1441719
vt 0.01781128 0.1441719
vt 0.6809687 0.03670343
vt 0.01781128 0.03670343
vt 0.04183573 0.9756038
vt 0.0464371 0.975176
vt 0.04429864 0.9727132
vt 0.04856081 0.9690704
vt 0.05139241 0.9710613
vt 0.05357511 0.9649852
vt 0.05052228 0.9638201
vt 0.05241003 0.9605166
vt 0.6809687 0.2933182
vt 0.6809687 0.4431723
vt 0.6809687 0.4431723
vt 0.6809687 0.2933182
vt 0.6809687 0.1441719
vt 0.6809687 0.1441719
vt 0.6809687 0.5398306
vt 0.01781128 0.4431723
vt 0.01781128 0.5398306
vt 0.6809687 0.4431723
vt 0.01781128 0.2933182
vt 0.6809687 0.2933182
vt 0.6809687 0.1441719
vt 0.01781128 0.1441719
vt 0.6809687 0.03670343
vt 0.01781128 0.03670343
vt 0.04224867 0.975353
vt 0.04685004 0.9749401
vt 0.04471158 0.9724624
vt 0.04897375 0.9688197
vt 0.05182011 0.9708107
vt 0.05398806 0.9647345
vt 0.05093523 0.9635694
vt 0.05282297 0.9602659
vt 0.6809687 0.2933182
vt 0.6809687 0.4431723
vt 0.6809687 0.4431723
vt 0.6809687 0.2933182
vt 0.6809687 0.1441719
vt 0.6809687 0.1441719
vt 0.6809687 0.5398306
vt 0.01781128 0.4431723
vt 0.01781128 0.5398306
vt 0.6809687 0.4431723
vt 0.01781128 0.2933182
vt 0.6809687 0.2933182
vt 0.6809687 0.1441719
vt 0.01781128 0.1441719
vt 0.6809687 0.03670343
vt 0.01781128 0.03670343
vt 0.04224867 0.9749696
vt 0.04679105 0.9741585
vt 0.04444612 0.9718725
vt 0.04836908 0.9678758
vt 0.05137767 0.9696161
vt 0.0530147 0.9633777
vt 0.04987337 0.962478
vt 0.05145141 0.9590271
vt 0.6809687 0.2933182
vt 0.6809687 0.4431723
vt 0.6809687 0.4431723
vt 0.6809687 0.2933182
vt 0.6809687 0.1441719
vt 0.6809687 0.1441719
vt 0.6809687 0.5398306
vt 0.01781128 0.4431723
vt 0.01781128 0.5398306
vt 0.6809687 0.4431723
vt 0.01781128 0.2933182
vt 0.6809687 0.2933182
vt 0.6809687 0.1441719
vt 0.01781128 0.1441719
vt 0.6809687 0.03670343
vt 0.01781128 0.03670343
vt 0.04297132 0.9757512
vt 0.04742521 0.9745271
vt 0.04488856 0.9724624
vt 0.04845757 0.9681413
vt 0.05159888 0.9696013
vt 0.05269024 0.963245
vt 0.04947518 0.9626255
vt 0.05075825 0.9590565
vt 0.6809687 0.2933182
vt 0.6809687 0.4431723
vt 0.6809687 0.4431723
vt 0.6809687 0.2933182
vt 0.6809687 0.1441719
vt 0.6809687 0.1441719
vt 0.6809687 0.5398306
vt 0.01781128 0.4431723
vt 0.01781128 0.5398306
vt 0.6809687 0.4431723
vt 0.01781128 0.2933182
vt 0.6809687 0.2933182
vt 0.6809687 0.1441719
vt 0.01781128 0.1441719
vt 0.6809687 0.03670343
vt 0.01781128 0.03670343
vt 0.04180623 0.9741142
vt 0.04636335 0.9732883
vt 0.04401843 0.9710171
vt 0.04794139 0.9670205
vt 0.05093523 0.9687459
vt 0.052587 0.9625075
vt 0.04944568 0.9616227
vt 0.05102371 0.9581569
vt 0.6809687 0.2933182
vt 0.6809687 0.4431723
vt 0.6809687 0.4431723
vt 0.6809687 0.2933182
vt 0.6809687 0.1441719
vt 0.6809687 0.1441719
vt 0.6809687 0.5398306
vt 0.01781128 0.4431723
vt 0.01781128 0.5398306
vt 0.6809687 0.4431723
vt 0.01781128 0.2933182
vt 0.6809687 0.2933182
vt 0.6809687 0.1441719
vt 0.01781128 0.1441719
vt 0.6809687 0.03670343
vt 0.01781128 0.03670343
vt 0.04179148 0.973775
vt 0.04633386 0.9729491
vt 0.04398893 0.9706779
vt 0.04791189 0.9666665
vt 0.05092048 0.9684067
vt 0.05257225 0.9621683
vt 0.04941618 0.9612687
vt 0.05100897 0.9578177
vt 0.6809687 0.2933182
vt 0.6809687 0.4431723
vt 0.6809687 0.4431723
vt 0.6809687 0.2933182
vt 0.6809687 0.1441719
vt 0.6809687 0.1441719
vt 0.2678189 0.9568443
vt 0.2693232 0.9748663
vt 0.2678189 0.9748663
vt 0.2693232 0.9568443
vt 0.2676862 0.9071584
vt 0.2683646 0.8923662
vt 0.2683646 0.9071584
vt 0.2676862 0.8923662
vt 0.2683646 0.9071584
vt 0.2683646 0.8923662
vt 0.2693232 0.9748663
vt 0.2678189 0.9568443
vt 0.2678189 0.9748663
vt 0.2693232 0.9568443
vt 0.2716534 0.9071584
vt 0.2700164 0.8923662
vt 0.2700164 0.9071584
vt 0.2716534 0.8923662
vt 0.2723318 0.9071584
vt 0.2723318 0.8923662
vt 0.2716534 0.9071584
vt 0.2716534 0.8923662
vt 0.2700164 0.9071584
vt 0.2700164 0.8923662
vt 0.1556016 0.9652802
vt 0.1517376 0.9707664
vt 0.1517376 0.9652802
vt 0.1556016 0.9707664
vt 0.152888 0.9016721
vt 0.1544808 0.8961859
vt 0.1544808 0.9016721
vt 0.152888 0.8961859
vt 0.1544808 0.9016721
vt 0.1544808 0.8961859
vt 0.1517376 0.9652802
vt 0.1556016 0.9707664
vt 0.1556016 0.9652802
vt 0.1517376 0.9707664
vt 0.1622087 0.9016721
vt 0.1583447 0.8961859
vt 0.1583447 0.9016721
vt 0.1622087 0.8961859
vt 0.1638015 0.9016721
vt 0.1638015 0.8961859
vt 0.1622087 0.9016721
vt 0.1622087 0.8961859
vt 0.1583447 0.9016721
vt 0.1583447 0.8961859
vt 0.262141 0.8951978
vt 0.2693527 0.8951978
vt 0.2657395 0.893546
vt 0.262141 0.9031469
vt 0.2606367 0.899165
vt 0.2693527 0.9031469
vt 0.270857 0.899165
vt 0.2657395 0.9047987
vt 0.2699574 0.8996517
vt 0.2640287 0.8938115
vt 0.2640287 0.8996517
vt 0.2699574 0.8938115
vt 0.2699574 0.8938115
vt 0.2699574 0.8996517
vt 0.2640287 0.8938115
vt 0.2640287 0.8996517
vt 0.2699574 0.8999319
vt 0.2699574 0.8999319
vt 0.264073 0.8999319
vt 0.2634388 0.8999319
vt 0.2634388 0.8999319
vt 0.264073 0.8999319
vt 0.2694117 0.9728459
vt 0.2640139 0.9731703
vt 0.2694117 0.9731703
vt 0.2639697 0.9728459
vt 0.263424 0.9731703
vt 0.2632913 0.9728459
vt 0.2632913 0.9728459
vt 0.2632913 0.9657226
vt 0.263424 0.9731703
vt 0.2639697 0.9657226
vt 0.2639697 0.9728459
vt 0.2640139 0.9731703
vt 0.2632913 0.9657226
vt 0.2694117 0.9728459
vt 0.2694117 0.9731703
vt 0.2639697 0.9657226
vt 0.2640139 0.9653981
vt 0.2694117 0.9653981
vt 0.263424 0.9653981
vt 0.2694117 0.9657226
vt 0.263424 0.9653981
vt 0.2640139 0.9653981
vt 0.2694117 0.9653981
vt 0.2694117 0.9657226
vt 0.2632913 0.8996517
vt 0.2632913 0.8938115
vt 0.2632913 0.8938115
vt 0.2632913 0.8996517
vt 0.264073 0.893546
vt 0.2699574 0.893546
vt 0.2699574 0.893546
vt 0.2634388 0.893546
vt 0.2634388 0.893546
vt 0.264073 0.893546
vt 0.154761 0.9586731
vt 0.1581677 0.9619619
vt 0.1571796 0.9596465
vt 0.1513542 0.9619766
vt 0.1523423 0.9596465
vt 0.154761 0.9652507
vt 0.1571796 0.9642773
vt 0.1523423 0.9642773
vt 0.1555426 0.8973215
vt 0.1545545 0.8950208
vt 0.1545545 0.8950208
vt 0.1555426 0.8973215
vt 0.1579613 0.8982949
vt 0.1579613 0.8982949
vt 0.1603799 0.8973362
vt 0.1603799 0.8973362
vt 0.1613828 0.8950061
vt 0.1613828 0.8950061
vt 0.1555574 0.8926907
vt 0.1545545 0.8950208
vt 0.1545545 0.8950208
vt 0.1555574 0.8926907
vt 0.1579613 0.891732
vt 0.1579613 0.891732
vt 0.1603799 0.8926907
vt 0.1603799 0.8926907
vt 0.1613828 0.8950061
vt 0.1613828 0.8950061
vt 0.05069926 0.9654276
vt 0.05217406 0.9668287
vt 0.05174637 0.9658406
vt 0.04923921 0.9668287
vt 0.0496669 0.9658406
vt 0.05069926 0.9682445
vt 0.05174637 0.9678316
vt 0.0496669 0.9678316
vt 0.1513542 0.9619619
vt 0.154761 0.9652507
vt 0.1523423 0.9642773
vt 0.1581677 0.9619619
vt 0.1571796 0.9642773
vt 0.154761 0.9586731
vt 0.1523423 0.9596465
vt 0.1571796 0.9596465
vt 0.1545545 0.8950061
vt 0.1555574 0.8973362
vt 0.1545545 0.8950061
vt 0.1555574 0.8973362
vt 0.1579613 0.8982949
vt 0.1579613 0.8982949
vt 0.1603799 0.8973362
vt 0.1603799 0.8973362
vt 0.1613828 0.8950061
vt 0.1613828 0.8950061
vt 0.1545545 0.8950061
vt 0.1555574 0.8926907
vt 0.1545545 0.8950061
vt 0.1555574 0.8926907
vt 0.1579613 0.891732
vt 0.1579613 0.891732
vt 0.1603799 0.8926907
vt 0.1603799 0.8926907
vt 0.1613828 0.8950061
vt 0.1613828 0.8950061
vt 0.04923921 0.9668287
vt 0.05069926 0.9682445
vt 0.0496669 0.9678316
vt 0.05217406 0.9668287
vt 0.05174637 0.9678316
vt 0.05069926 0.9654276
vt 0.0496669 0.9658406
vt 0.05174637 0.9658406
vt 0.2624212 0.9011117
vt 0.2624212 0.9011117
vt 0.2624212 0.9017901
vt 0.2624212 0.9004186
vt 0.04553747 0.9037516
vt 0.04792664 0.9023063
vt 0.04864929 0.9035451
vt 0.04626012 0.9023063
vt 0.04553747 0.9037516
vt 0.04792664 0.9023063
vt 0.04626012 0.9023063
vt 0.04864929 0.9035451
vt 0.05041905 0.9710761
vt 0.0496964 0.9698225
vt 0.0496964 0.9698225
vt 0.05041905 0.9710761
vt 0.04802988 0.9698225
vt 0.04730723 0.9712826
vt 0.04730723 0.9712826
vt 0.04802988 0.9698225
vt 0.04792664 0.9023063
vt 0.04626012 0.9023063
vt 0.04626012 0.9023063
vt 0.04792664 0.9023063
vt 0.0442249 0.9073943
vt 0.04319254 0.9050052
vt 0.04319254 0.9050052
vt 0.0442249 0.9073943
vt 0.04670256 0.9083825
vt 0.04670256 0.9083825
vt 0.04918022 0.9073943
vt 0.04918022 0.9073943
vt 0.05019783 0.9050052
vt 0.05019783 0.9050052
vt 0.0442249 0.902616
vt 0.04319254 0.9050052
vt 0.04319254 0.9050052
vt 0.0442249 0.902616
vt 0.04670256 0.9016279
vt 0.04670256 0.9016279
vt 0.04918022 0.902616
vt 0.04918022 0.902616
vt 0.05019783 0.9050052
vt 0.05019783 0.9050052
vt 0.0518791 0.9733031
vt 0.0518791 0.9685247
vt 0.05291146 0.9709139
vt 0.04692378 0.9733031
vt 0.04940144 0.9742912
vt 0.04692378 0.9685247
vt 0.04940144 0.9675366
vt 0.04589142 0.9709139
vt 0.04692378 0.9733031
vt 0.04692378 0.9685247
vt 0.04589142 0.9709139
vt 0.0518791 0.9733031
vt 0.04940144 0.9742912
vt 0.0518791 0.9685247
vt 0.04940144 0.9675366
vt 0.05291146 0.9709139
vt 0.05533013 0.9091051
vt 0.05569883 0.9042383
vt 0.05569883 0.9091051
vt 0.05533013 0.9042383
vt 0.0555366 0.9040023
vt 0.05533013 0.9039286
vt 0.05333915 0.9035894
vt 0.05333915 0.9040171
vt 0.05569883 0.9042383
vt 0.05533013 0.9091051
vt 0.05569883 0.9091051
vt 0.05533013 0.9042383
vt 0.0555366 0.9040023
vt 0.05533013 0.9039286
vt 0.05333915 0.9040171
vt 0.05333915 0.9035894
vt 0.05569883 0.9091051
vt 0.05569883 0.9042383
vt 0.05569883 0.9042383
vt 0.05569883 0.9091051
vt 0.05533013 0.9091051
vt 0.05569883 0.9091051
vt 0.05569883 0.9091051
vt 0.05533013 0.9091051
vt 0.05533013 0.9042383
vt 0.05533013 0.9091051
vt 0.05533013 0.9091051
vt 0.05533013 0.9042383
vt 0.05569883 0.9042383
vt 0.0555366 0.9040023
vt 0.05569883 0.9042383
vt 0.0555366 0.9040023
vt 0.05533013 0.9039286
vt 0.05533013 0.9039286
vt 0.05333915 0.9035894
vt 0.05333915 0.9035894
vt 0.05333915 0.9035894
vt 0.05333915 0.9040171
vt 0.05333915 0.9035894
vt 0.05333915 0.9040171
vt 0.05333915 0.9040171
vt 0.05533013 0.9042383
vt 0.05333915 0.9040171
vt 0.05533013 0.9042383
vt 0.2685563 0.9687902
vt 0.2686153 0.9692031
vt 0.2687333 0.9686574
vt 0.2684236 0.9693211
vt 0.2664179 0.9705305
vt 0.2662409 0.9706632
vt 0.2658427 0.9704124
vt 0.2656657 0.9705452
vt 0.2615806 0.9645575
vt 0.2617575 0.9644248
vt 0.2615806 0.9645575
vt 0.2618903 0.9638938
vt 0.2617575 0.9644248
vt 0.2616985 0.9640118
vt 0.264073 0.9625518
vt 0.263896 0.9626845
vt 0.2644711 0.9628025
vt 0.2642942 0.962891
vt 0.2646481 0.9626698
vt 0.2685563 0.9687902
vt 0.2687333 0.9686574
vt 0.2662704 0.8946669
vt 0.2636453 0.8954927
vt 0.2660344 0.8944014
vt 0.263896 0.8957582
vt 0.2635125 0.8959352
vt 0.2683351 0.9006693
vt 0.2679517 0.9008462
vt 0.2685858 0.9009495
vt 0.2707243 0.8995779
vt 0.2709602 0.8998582
vt 0.271093 0.8994157
vt 0.2666538 0.8945047
vt 0.2642942 0.962891
vt 0.2619197 0.9643511
vt 0.2621115 0.9642183
vt 0.2641172 0.963009
vt 0.2683941 0.9688639
vt 0.2682024 0.9689966
vt 0.2660197 0.970324
vt 0.2621115 0.9642183
vt 0.2619197 0.9643511
vt 0.2661967 0.970206
vt 0.2682024 0.9689966
vt 0.2683941 0.9688639
vt 0.2633945 0.9630827
vt 0.2633945 0.9630827
vt 0.2633945 0.9639233
vt 0.2633945 0.9622421
vt 0.2639845 0.9004186
vt 0.2620525 0.8940474
vt 0.2684826 0.8940474
vt 0.2620525 0.9004186
vt 0.2620525 0.8940474
vt 0.2639845 0.9004186
vt 0.2684826 0.8940474
vt 0.2620525 0.9004186
vt 0.2710782 0.8962302
vt 0.2689988 0.8950798
vt 0.2714617 0.8956403
vt 0.2688218 0.895655
vt 0.2707095 0.8967316
vt 0.26571 0.8950503
vt 0.2686448 0.8962892
vt 0.26571 0.8957287
vt 0.262318 0.8939147
vt 0.26571 0.8966283
vt 0.262318 0.8956697
vt 0.262318 0.8988848
vt 0.2710782 0.8962302
vt 0.2686448 0.8962892
vt 0.2707095 0.8967316
vt 0.2688218 0.895655
vt 0.2714617 0.8956403
vt 0.2689988 0.8950798
vt 0.26571 0.8950503
vt 0.26571 0.8957287
vt 0.262318 0.8939147
vt 0.26571 0.8966283
vt 0.262318 0.8956697
vt 0.262318 0.8988848
vt 0.2663441 0.9654571
vt 0.2663441 0.9654571
vt 0.2660049 0.9660913
vt 0.2666833 0.964764
vt 0.1527995 0.9580832
vt 0.1557343 0.975648
vt 0.1527995 0.975648
vt 0.1557343 0.9580832
vt 0.1533009 0.9091051
vt 0.1518114 0.8967021
vt 0.1533009 0.8967021
vt 0.1518114 0.9091051
vt 0.1533009 0.8967021
vt 0.1533009 0.9091051
vt 0.1557343 0.9580832
vt 0.1527995 0.975648
vt 0.1557343 0.975648
vt 0.1527995 0.9580832
vt 0.1569289 0.9091051
vt 0.1605422 0.8967021
vt 0.1569289 0.8967021
vt 0.1605422 0.9091051
vt 0.1620465 0.8967021
vt 0.1620465 0.9091051
vt 0.1605422 0.8967021
vt 0.1605422 0.9091051
vt 0.1569289 0.8967021
vt 0.1569289 0.9091051
vt 0.2700754 0.970265
vt 0.2715944 0.9693359
vt 0.2715944 0.970265
vt 0.2694707 0.9693359
vt 0.2660049 0.8996222
vt 0.2660049 0.8988553
vt 0.2676567 0.8996222
vt 0.2691905 0.8988553
vt 0.2691905 0.8996222
vt 0.2691315 0.8987225
vt 0.2691905 0.8988553
vt 0.2660049 0.8988553
vt 0.2676567 0.8996222
vt 0.2691905 0.8996222
vt 0.2660049 0.8996222
vt 0.2637042 0.8988553
vt 0.2637042 0.8988553
vt 0.2627456 0.8988553
vt 0.2643679 0.8996222
vt 0.2636748 0.8996222
vt 0.2643679 0.8996222
vt 0.2715944 0.970265
vt 0.2694707 0.9693359
vt 0.2700754 0.970265
vt 0.2715944 0.9693359
vt 0.2683351 0.8996222
vt 0.2691905 0.8996222
vt 0.2676567 0.8996222
vt 0.2691905 0.8996222
vt 0.2676567 0.8996222
vt 0.2626424 0.893487
vt 0.2648841 0.893487
vt 0.2632913 0.893487
vt 0.2648841 0.893487
vt 0.2632913 0.893487
vt 0.267111 0.893487
vt 0.2664621 0.893487
vt 0.2664621 0.893487
vt 0.2659312 0.898752
vt 0.2631733 0.8985013
vt 0.2659312 0.8975869
vt 0.2645449 0.8992682
vt 0.2631733 0.9004923
vt 0.2645449 0.9000351
vt 0.2631733 0.8985013
vt 0.2659312 0.898752
vt 0.2659312 0.8975869
vt 0.2645449 0.8992682
vt 0.2645449 0.9000351
vt 0.2631733 0.9004923
vt 0.2659312 0.898752
vt 0.2659312 0.8975869
vt 0.2659312 0.8975869
vt 0.2659312 0.898752
vt 0.2659312 0.898752
vt 0.2645449 0.8992682
vt 0.2659312 0.898752
vt 0.2645449 0.8992682
vt 0.2645449 0.9000351
vt 0.2631733 0.9004923
vt 0.2645449 0.9000351
vt 0.2631733 0.9004923
vt 0.2645449 0.9000351
vt 0.2645449 0.8992682
vt 0.2645449 0.9000351
vt 0.2645449 0.8992682
vt 0.1377418 0.8970708
vt 0.1377418 0.8951535
vt 0.1377418 0.8951535
vt 0.1377418 0.8970708
vt 0.1387299 0.8970708
vt 0.141709 0.8951535
vt 0.1387299 0.8951535
vt 0.141709 0.8970708
vt 0.1508233 0.8951535
vt 0.1508233 0.8970708
vt 0.1687126 0.8970708
vt 0.1687126 0.8951535
vt 0.04233716 0.8921302
vt 0.04233716 0.9178802
vt 0.04233716 0.8921302
vt 0.04233716 0.9178802
vt 0.04295658 0.9178802
vt 0.04295658 0.9178802
vt 0.04480007 0.9178802
vt 0.04295658 0.8921302
vt 0.04480007 0.8921302
vt 0.04480007 0.9178802
vt 0.04295658 0.8921302
vt 0.04480007 0.8921302
vt 0.05047804 0.9155353
vt 0.05047804 0.8921302
vt 0.05047804 0.9155353
vt 0.05047804 0.8921302
vt 0.2570087 0.8909799
vt 0.2586752 0.8909799
vt 0.2570087 0.8909799
vt 0.2586752 0.8909799
vt 0.263778 0.8909799
vt 0.263778 0.8909799
vt 0.2733494 0.8909799
vt 0.2733494 0.8909799
vt 0.274367 0.8916583
vt 0.274367 0.8916583
vt 0.1697007 0.8951535
vt 0.1697007 0.8970708
vt 0.1697007 0.8951535
vt 0.1697007 0.8970708
vt 0.141709 0.8951535
vt 0.1387299 0.8970708
vt 0.1387299 0.8951535
vt 0.141709 0.8970708
vt 0.1508233 0.8951535
vt 0.1508233 0.8970708
vt 0.1687126 0.8970708
vt 0.1687126 0.8951535
vt 0.147387 0.962419
vt 0.1463989 0.9605018
vt 0.1463989 0.962419
vt 0.147387 0.9605018
vt 0.04724824 0.9808983
vt 0.04662882 0.9551631
vt 0.04662882 0.9808983
vt 0.04724824 0.9551631
vt 0.147387 0.9605018
vt 0.1463989 0.962419
vt 0.1463989 0.9605018
vt 0.147387 0.962419
vt 0.04724824 0.9551631
vt 0.04662882 0.9808983
vt 0.04662882 0.9551631
vt 0.04724824 0.9808983
vt 0.1600408 0.9625961
vt 0.1610289 0.9645132
vt 0.1610289 0.9625961
vt 0.1600408 0.9645132
vt 0.2739246 0.9730523
vt 0.2729955 0.9722412
vt 0.2734084 0.9730523
vt 0.2642057 0.9730523
vt 0.2642057 0.9722412
vt 0.2595011 0.9730523
vt 0.2595011 0.9722412
vt 0.2579673 0.9722412
vt 0.2579673 0.9730523
vt 0.2574659 0.9730523
vt 0.2579673 0.9722412
vt 0.2574659 0.9730523
vt 0.2579673 0.9730523
vt 0.2595011 0.9730523
vt 0.2595011 0.9722412
vt 0.2642057 0.9722412
vt 0.2642057 0.9730523
vt 0.2729955 0.9722412
vt 0.2734084 0.9730523
vt 0.2739246 0.9730523
vt 0.1600408 0.9645132
vt 0.1610289 0.9625961
vt 0.1610289 0.9645132
vt 0.1600408 0.9625961
vt 0.2650758 0.9663273
vt 0.2620967 0.9672269
vt 0.2620967 0.9663273
vt 0.2655625 0.9672269
vt 0.2655625 0.9672269
vt 0.2650758 0.9663273
vt 0.2620967 0.9672269
vt 0.2620967 0.9663273
vt 0.2649283 0.9020261
vt 0.2644122 0.9017459
vt 0.2649283 0.9020261
vt 0.2644122 0.9017459
vt 0.2649283 0.9055803
vt 0.2649283 0.9020261
vt 0.2649283 0.9055803
vt 0.2649283 0.9020261
vt 0.2644122 0.9020261
vt 0.2601942 0.9020261
vt 0.2601942 0.9020261
vt 0.2644122 0.9020261
vt 0.2644122 0.9055803
vt 0.2644122 0.9020261
vt 0.2644122 0.9020261
vt 0.2644122 0.9055803
vt 0.2649283 0.9060228
vt 0.2644122 0.9055803
vt 0.2644122 0.9055803
vt 0.2649283 0.9060228
vt 0.2661967 0.9052264
vt 0.265179 0.9052264
vt 0.2661967 0.9052264
vt 0.265179 0.9052264
vt 0.2664474 0.9060228
vt 0.2649283 0.9055803
vt 0.2664474 0.9055803
vt 0.2649283 0.9060228
vt 0.2644122 0.9055803
vt 0.2644122 0.9020261
vt 0.2649283 0.9020261
vt 0.2644122 0.9017459
vt 0.2589554 0.9017459
vt 0.2601942 0.9020261
vt 0.2589554 0.9024538
vt 0.2601942 0.9024538
vt 0.2664474 0.9055803
vt 0.2649283 0.9060228
vt 0.2664474 0.9060228
vt 0.2649283 0.9055803
vt 0.2644122 0.9055803
vt 0.2649283 0.9020261
vt 0.2644122 0.9020261
vt 0.2644122 0.9017459
vt 0.2601942 0.9020261
vt 0.2589554 0.9017459
vt 0.2601942 0.9024538
vt 0.2589554 0.9024538
vt 0.2664474 0.9060228
vt 0.2649283 0.9060228
vt 0.2664474 0.9060228
vt 0.2649283 0.9060228
vt 0.2664474 0.9055803
vt 0.2664474 0.9060228
vt 0.2664474 0.9055803
vt 0.2664474 0.9060228
vt 0.2631733 0.966283
vt 0.2628931 0.9668287
vt 0.2631733 0.966283
vt 0.2628931 0.9668287
vt 0.2643532 0.966283
vt 0.2628931 0.9668287
vt 0.2631733 0.966283
vt 0.2646334 0.9668287
vt 0.2643532 0.966283
vt 0.2646334 0.9668287
vt 0.2643532 0.966283
vt 0.2646334 0.9668287
vt 0.2631733 0.966283
vt 0.2646334 0.9668287
vt 0.2643532 0.966283
vt 0.2628931 0.9668287
vt 0.2601942 0.9020261
vt 0.2601942 0.9024538
vt 0.2601942 0.9024538
vt 0.2601942 0.9020261
vt 0.2601942 0.9024538
vt 0.2589554 0.9024538
vt 0.2589554 0.9024538
vt 0.2601942 0.9024538
vt 0.05297045 0.9660028
vt 0.0537226 0.9730376
vt 0.0537226 0.9658111
vt 0.05297045 0.9728901
vt 0.05137767 0.9076598
vt 0.05311793 0.9126151
vt 0.05311793 0.9057279
vt 0.05137767 0.9116566
vt 0.05387007 0.9055361
vt 0.05387007 0.9127626
vt 0.05387007 0.9127626
vt 0.05387007 0.9055361
vt 0.05137767 0.9076598
vt 0.05137767 0.9116566
vt 0.05137767 0.9116566
vt 0.05137767 0.9076598
vt 0.05311793 0.9057279
vt 0.05311793 0.9057279
vt 0.05387007 0.9055361
vt 0.05387007 0.9055361
vt 0.05387007 0.9127626
vt 0.05311793 0.9126151
vt 0.05387007 0.9127626
vt 0.05311793 0.9126151
vt 0.05137767 0.9116566
vt 0.05137767 0.9116566
vt 0.05297045 0.9660028
vt 0.0537226 0.9730376
vt 0.05297045 0.9728901
vt 0.0537226 0.9658111
vt 0.05137767 0.9076598
vt 0.05311793 0.9126151
vt 0.05137767 0.9116566
vt 0.05311793 0.9057279
vt 0.2717714 0.8978082
vt 0.2612266 0.8982211
vt 0.2702523 0.8943866
vt 0.2636453 0.9008757
vt 0.26366 0.9016279
vt 0.2589554 0.9016279
vt 0.2584687 0.8976017
vt 0.2577166 0.8977345
vt 0.2570234 0.8990028
vt 0.2612266 0.8982211
vt 0.2717714 0.8978082
vt 0.2702523 0.8943866
vt 0.2636453 0.9008757
vt 0.26366 0.9016279
vt 0.2589554 0.9016279
vt 0.2584687 0.8976017
vt 0.2577166 0.8977345
vt 0.2570234 0.8990028
vt 0.2717714 0.8978082
vt 0.2636453 0.9008757
vt 0.2717714 0.8978082
vt 0.2636453 0.9008757
vt 0.2612266 0.8982211
vt 0.2702523 0.8943866
vt 0.2612266 0.8982211
vt 0.2702523 0.8943866
vt 0.2612266 0.8982211
vt 0.2584687 0.8976017
vt 0.2612266 0.8982211
vt 0.2584687 0.8976017
vt 0.2577166 0.8977345
vt 0.2577166 0.8977345
vt 0.2728775 0.8978966
vt 0.2703556 0.8939884
vt 0.2710487 0.8936935
vt 0.2721548 0.8980884
vt 0.2728775 0.8978966
vt 0.2721548 0.8980884
vt 0.2728775 0.8978966
vt 0.2721548 0.8980884
vt 0.2710487 0.8936935
vt 0.2721548 0.8980884
vt 0.2728775 0.8978966
vt 0.2703556 0.8939884
vt 0.2710487 0.8936935
vt 0.2703556 0.8939884
vt 0.2710487 0.8936935
vt 0.2703556 0.8939884
vt 0.2570234 0.8990028
vt 0.2577166 0.8977345
vt 0.2570234 0.8990028
vt 0.2577166 0.8977345
vt 0.2631143 0.963245
vt 0.2651938 0.9696308
vt 0.2631143 0.963245
vt 0.2651938 0.9696308
vt 0.26366 0.9016279
vt 0.2636453 0.9008757
vt 0.2636453 0.9008757
vt 0.26366 0.9016279
vt 0.2630996 0.9052706
vt 0.2607399 0.9121432
vt 0.2630996 0.9114206
vt 0.2613741 0.9040023
vt 0.2613741 0.8985308
vt 0.2607399 0.8965251
vt 0.2626719 0.8979409
vt 0.2664031 0.8979409
vt 0.2701639 0.8965251
vt 0.2619345 0.9040466
vt 0.2667571 0.8985603
vt 0.2658132 0.9014362
vt 0.2649283 0.9015837
vt 0.2677009 0.8983686
vt 0.2684826 0.8983391
vt 0.2705473 0.8966726
vt 0.2678042 0.9628763
vt 0.2652528 0.9667845
vt 0.2652528 0.9667845
vt 0.2678042 0.9628763
vt 0.2660787 0.9666075
vt 0.2685121 0.9628468
vt 0.2685121 0.9628468
vt 0.2660787 0.9666075
vt 0.2652528 0.9667845
vt 0.2652528 0.9667845
vt 0.2630996 0.9052706
vt 0.2705473 0.8966726
vt 0.2705473 0.8966726
vt 0.2630996 0.9052559
vt 0.2630996 0.9114206
vt 0.2630996 0.9113763
vt 0.2669341 0.9630975
vt 0.2625097 0.969793
vt 0.2625097 0.969793
vt 0.2669341 0.9630975
vt 0.2631881 0.9623601
vt 0.2666096 0.9623601
vt 0.2666096 0.9623601
vt 0.2631881 0.9623601
vt 0.2619935 0.9630827
vt 0.2619935 0.9630827
vt 0.2619935 0.9697341
vt 0.2619935 0.9630827
vt 0.2619935 0.9630827
vt 0.2619935 0.9697341
vt 0.2625097 0.969793
vt 0.2619935 0.9697341
vt 0.2619935 0.9697341
vt 0.2625097 0.969793
vt 0.2666096 0.9623601
vt 0.2669341 0.9630975
vt 0.2669341 0.9630975
vt 0.2666096 0.9623601
vt 0.2630996 0.9052559
vt 0.2630996 0.9113763
vt 0.2607399 0.9121432
vt 0.2613741 0.9040023
vt 0.2613741 0.8985308
vt 0.2607399 0.8965251
vt 0.2626719 0.8979409
vt 0.2664031 0.8979409
vt 0.2701639 0.8965251
vt 0.2619345 0.9040466
vt 0.2667571 0.8985603
vt 0.2658132 0.9014362
vt 0.2649283 0.9015837
vt 0.2677009 0.8983686
vt 0.2684826 0.8983391
vt 0.2705473 0.8966726
vt 0.2685121 0.9628468
vt 0.2678042 0.9628763
vt 0.2685121 0.9628468
vt 0.2678042 0.9628763
vt 0.2630996 0.9113763
vt 0.2607399 0.9121432
vt 0.2607399 0.9121432
vt 0.2630996 0.9114206
vt 0.05500567 0.9101375
vt 0.04186522 0.9114648
vt 0.05481394 0.9114648
vt 0.05311793 0.9096508
vt 0.04536049 0.9050199
vt 0.04628962 0.904312
vt 0.05232154 0.9035451
vt 0.05310318 0.9035451
vt 0.04637811 0.9036779
vt 0.04620113 0.9031469
vt 0.05232154 0.8999171
vt 0.04897375 0.8962892
vt 0.05286721 0.8982506
vt 0.05316217 0.8989143
vt 0.05500567 0.9101375
vt 0.05311793 0.9096508
vt 0.05311793 0.9096508
vt 0.05500567 0.9101375
vt 0.05232154 0.8999171
vt 0.05316217 0.8989143
vt 0.05316217 0.8989143
vt 0.05232154 0.8999171
vt 0.05232154 0.9035451
vt 0.05232154 0.9035451
vt 0.04186522 0.9114648
vt 0.04536049 0.9050199
vt 0.04536049 0.9050199
vt 0.04186522 0.9114648
vt 0.04897375 0.8962892
vt 0.05286721 0.8982506
vt 0.04897375 0.8962892
vt 0.05286721 0.8982506
vt 0.05316217 0.8989143
vt 0.05316217 0.8989143
vt 0.05310318 0.9035451
vt 0.05311793 0.9096508
vt 0.05311793 0.9096508
vt 0.05310318 0.9035451
vt 0.05232154 0.9035451
vt 0.05310318 0.9035451
vt 0.05310318 0.9035451
vt 0.05232154 0.9035451
vt 0.04620113 0.9031469
vt 0.04897375 0.8962892
vt 0.04897375 0.8962892
vt 0.04620113 0.9031469
vt 0.05232154 0.9692179
vt 0.050832 0.9703682
vt 0.050832 0.9703682
vt 0.05232154 0.9692179
vt 0.05246902 0.9681855
vt 0.05246902 0.9681855
vt 0.05217406 0.9673302
vt 0.05217406 0.9673302
vt 0.05316217 0.8989143
vt 0.05232154 0.8999171
vt 0.05286721 0.8982506
vt 0.04897375 0.8962892
vt 0.04620113 0.9031469
vt 0.05232154 0.9035451
vt 0.04637811 0.9036779
vt 0.04628962 0.904312
vt 0.05311793 0.9096508
vt 0.05310318 0.9035451
vt 0.04536049 0.9050199
vt 0.04186522 0.9114648
vt 0.05500567 0.9101375
vt 0.05481394 0.9114648
vt 0.1557343 0.975648
vt 0.1527995 0.975648
vt 0.1527995 0.975648
vt 0.1557343 0.975648
vt 0.1518114 0.9091051
vt 0.1533009 0.9091051
vt 0.1533009 0.9091051
vt 0.1518114 0.9091051
vt 0.1533009 0.9091051
vt 0.1533009 0.9091051
vt 0.1527995 0.975648
vt 0.1557343 0.975648
vt 0.1557343 0.975648
vt 0.1527995 0.975648
vt 0.1605422 0.9091051
vt 0.1569289 0.9091051
vt 0.1569289 0.9091051
vt 0.1605422 0.9091051
vt 0.1620465 0.9091051
vt 0.1620465 0.9091051
vt 0.1605422 0.9091051
vt 0.1605422 0.9091051
vt 0.1569289 0.9091051
vt 0.1569289 0.9091051
vt 0.2703851 0.9652359
vt 0.2633798 0.9661945
vt 0.2703998 0.9660618
vt 0.2633651 0.9653834
vt 0.2548112 0.903029
vt 0.2771102 0.8926021
vt 0.2538674 0.9001089
vt 0.278054 0.8955222
vt 0.2557551 0.9059491
vt 0.2789979 0.8984276
vt 0.2740426 0.9677431
vt 0.26015 0.9696013
vt 0.2740721 0.9693506
vt 0.2601205 0.9679791
vt 0.2768152 0.9029257
vt 0.2558288 0.9047397
vt 0.2767414 0.9053591
vt 0.2559026 0.9023063
vt 0.2768889 0.9003006
vt 0.2559763 0.8996812
vt 0.2769627 0.8976755
vt 0.2560501 0.897056
vt 0.2770364 0.895242
vt 0.2561238 0.8946226
vt 0.2648399 0.9032649
vt 0.2578493 0.896997
vt 0.2598993 0.9014362
vt 0.2648399 0.8907291
vt 0.2598993 0.8925726
vt 0.2718304 0.896997
vt 0.2697804 0.9014362
vt 0.2697804 0.8925726
vt 0.03922534 0.8948586
vt 0.03922534 0.9049904
vt 0.03814873 0.8999171
vt 0.04623063 0.8897853
vt 0.04218968 0.8911421
vt 0.05325066 0.9049904
vt 0.05325066 0.8948586
vt 0.05028632 0.8911421
vt 0.05432726 0.8999171
vt 0.04901799 0.9091199
vt 0.05028632 0.908707
vt 0.04218968 0.908707
vt 0.04345801 0.9091199
vt 0.04345801 0.9105357
vt 0.04901799 0.9105357
vt 0.05325066 0.9691294
vt 0.0522773 0.9737898
vt 0.0522773 0.9738193
vt 0.05325066 0.9690852
vt 0.0522773 0.9644248
vt 0.0522773 0.9643953
vt 0.04960791 0.9609885
vt 0.04960791 0.9609442
vt 0.04596516 0.9597202
vt 0.04596516 0.9596907
vt 0.04230766 0.9609885
vt 0.04230766 0.9609442
vt 0.03963828 0.9644248
vt 0.03963828 0.9643953
vt 0.03866491 0.9691294
vt 0.03866491 0.9690852
vt 0.03963828 0.9738193
vt 0.03963828 0.9737898
vt 0.05167263 0.9674923
vt 0.04904748 0.971843
vt 0.04904748 0.9718872
vt 0.05167263 0.9674481
vt 0.04960791 0.9772702
vt 0.04845757 0.9776242
vt 0.04845757 0.9776537
vt 0.04960791 0.977226
vt 0.04345801 0.9776537
vt 0.04230766 0.977226
vt 0.04230766 0.9772702
vt 0.04345801 0.9776242
vt 0.04187997 0.9718872
vt 0.03925483 0.9674481
vt 0.03925483 0.9674923
vt 0.04187997 0.971843
vt 0.265415 0.8909356
vt 0.272435 0.8949766
vt 0.2694707 0.892027
vt 0.2584097 0.8949766
vt 0.2613741 0.892027
vt 0.265415 0.9071141
vt 0.272435 0.9030732
vt 0.2735116 0.8990322
vt 0.2694707 0.9060376
vt 0.2584097 0.9030732
vt 0.2613741 0.9060376
vt 0.2573184 0.8990322
vt 0.2710487 0.899342
vt 0.2701786 0.9017311
vt 0.2703703 0.9018639
vt 0.2708275 0.8993125
vt 0.2703703 0.8968053
vt 0.2701786 0.8968938
vt 0.2685121 0.8949618
vt 0.2684088 0.8951241
vt 0.2659902 0.8942834
vt 0.2659902 0.8944752
vt 0.2634535 0.8949618
vt 0.2635715 0.8951241
vt 0.2615953 0.8968053
vt 0.2618018 0.8968938
vt 0.2609316 0.899342
vt 0.2611529 0.8993125
vt 0.2615953 0.9018639
vt 0.2618018 0.9017311
vt 0.2709013 0.9652949
vt 0.2654593 0.9708697
vt 0.265769 0.9715775
vt 0.2703703 0.9648672
vt 0.2659902 0.9041498
vt 0.2685121 0.9037074
vt 0.2684088 0.9035009
vt 0.2659902 0.9043858
vt 0.2635715 0.9035009
vt 0.2634535 0.9037074
vt 0.2662114 0.9715775
vt 0.26161 0.9648672
vt 0.2610791 0.9652949
vt 0.2665211 0.9708697
vt 0.269161 0.8993125
vt 0.2686006 0.900802
vt 0.2687333 0.9009053
vt 0.2689988 0.8992977
vt 0.2687333 0.8977345
vt 0.2686006 0.8977787
vt 0.2675682 0.8965694
vt 0.2674945 0.8966873
vt 0.2659902 0.8961416
vt 0.2659902 0.8962744
vt 0.2643974 0.8965694
vt 0.2644711 0.8966873
vt 0.2632323 0.8977345
vt 0.2633798 0.8977787
vt 0.2628046 0.8993125
vt 0.2629668 0.8992977
vt 0.2632323 0.9009053
vt 0.2633798 0.900802
vt 0.2663736 0.9620356
vt 0.2629226 0.9654276
vt 0.2631438 0.965988
vt 0.2659902 0.9616817
vt 0.2659902 0.9023063
vt 0.2675682 0.9020703
vt 0.2674945 0.9018934
vt 0.2659902 0.9024981
vt 0.2644711 0.9018934
vt 0.2643974 0.9020703
vt 0.2688218 0.965988
vt 0.2659902 0.9616817
vt 0.2656067 0.9620356
vt 0.2690578 0.9654276
vt 0.04845757 0.9789663
vt 0.04345801 0.9789368
vt 0.04345801 0.9789663
vt 0.04845757 0.9789368
vt 0.04792664 0.9723592
vt 0.04792664 0.97407
vt 0.04792664 0.9724035
vt 0.04792664 0.9740257
vt 0.04300082 0.9724035
vt 0.04300082 0.9740257
vt 0.04300082 0.9723592
vt 0.04300082 0.97407
vt 0.04940144 0.915373
vt 0.04251413 0.9136328
vt 0.04251413 0.915373
vt 0.04940144 0.9136328
vt 0.04596516 0.911745
vt 0.05096473 0.9131019
vt 0.04216018 0.910462
vt 0.04975539 0.910462
vt 0.04095085 0.9131019
vt 0.05463697 0.9085005
vt 0.03937282 0.9069814
vt 0.05254276 0.9069814
vt 0.0372786 0.9085005
vt 0.05597904 0.9022326
vt 0.03835521 0.9022326
vt 0.05356037 0.9022326
vt 0.03593654 0.9022326
vt 0.05463697 0.89595
vt 0.03937282 0.897469
vt 0.05254276 0.897469
vt 0.0372786 0.89595
vt 0.05096473 0.8913485
vt 0.04216018 0.8939884
vt 0.04975539 0.8939884
vt 0.04095085 0.8913485
vt 0.04596516 0.8896673
vt 0.04596516 0.8927054
vt 0.6815144 0.5558026
vt 0.5844432 0.6148683
vt 0.6815144 0.6801133
vt 0.6815144 0.6801133
vt 0.6815144 0.6801133
vt 0.6815144 0.5558026
vt 0.6815144 0.5558026
vt 0.6815144 0.5558026
vt 0.6815144 0.6801133
vt 0.6815144 0.6801133
vt 0.6815144 0.6801133
vt 0.6815144 0.5558026
vt 0.6815144 0.5558026
vt 0.04294182 0.6386863
vt 0.03516965 0.6245872
vt 0.03516965 0.6386863
vt 0.04294182 0.6245872
vt 0.04617164 0.5895165
vt 0.03851743 0.5743851
vt 0.03851743 0.5895165
vt 0.04617164 0.5743851
vt 0.03851743 0.5895165
vt 0.03851743 0.5743851
vt 0.03516965 0.6386863
vt 0.04294182 0.6245872
vt 0.04294182 0.6386863
vt 0.03516965 0.6245872
vt 0.03165963 0.5895165
vt 0.05016834 0.5743851
vt 0.05016834 0.5895165
vt 0.03165963 0.5743851
vt 0.02399068 0.5895165
vt 0.02399068 0.5743851
vt 0.03165963 0.5895165
vt 0.03165963 0.5743851
vt 0.05016834 0.5895165
vt 0.05016834 0.5743851
vt 0.1436263 0.9104915
vt 0.1640079 0.902852
vt 0.1436263 0.902852
vt 0.1640079 0.9104915
vt 0.1453075 0.9706632
vt 0.1643472 0.9652949
vt 0.1453075 0.9652949
vt 0.1643472 0.9706632
vt 0.1453075 0.9652949
vt 0.1643472 0.9652949
vt 0.1436263 0.902852
vt 0.1640079 0.9104915
vt 0.1436263 0.9104915
vt 0.1640079 0.902852
vt 0.1450273 0.9642773
vt 0.161781 0.9724182
vt 0.1450273 0.9724182
vt 0.161781 0.9642773
vt 0.1450273 0.9609
vt 0.161781 0.9609
vt 0.1450273 0.9642773
vt 0.161781 0.9642773
vt 0.1450273 0.9724182
vt 0.161781 0.9724182
vt 0.04372347 0.6267847
vt 0.03676242 0.6380521
vt 0.04372347 0.6380521
vt 0.03676242 0.6267847
vt 0.03565633 0.586272
vt 0.04254363 0.5741639
vt 0.03565633 0.5741639
vt 0.04254363 0.586272
vt 0.03565633 0.5741639
vt 0.03565633 0.586272
vt 0.03676242 0.6267847
vt 0.04372347 0.6380521
vt 0.03676242 0.6380521
vt 0.04372347 0.6267847
vt 0.04922447 0.586272
vt 0.03261824 0.5741639
vt 0.04922447 0.5741639
vt 0.03261824 0.586272
vt 0.02574569 0.5741639
vt 0.02574569 0.586272
vt 0.03261824 0.5741639
vt 0.03261824 0.586272
vt 0.04922447 0.5741639
vt 0.04922447 0.586272
vt 0.373031 0.9653834
vt 0.365716 0.9583043
vt 0.3626927 0.9653834
vt 0.365716 0.9724477
vt 0.373031 0.9553843
vt 0.373031 0.9753678
vt 0.380346 0.9583043
vt 0.380346 0.9724477
vt 0.3833693 0.9653834
vt 0.3635628 0.9643068
vt 0.3739011 0.9643068
vt 0.3665861 0.9572425
vt 0.3665861 0.9713711
vt 0.3739011 0.9543077
vt 0.3739011 0.9743059
vt 0.3812014 0.9572425
vt 0.3812014 0.9713711
vt 0.3842394 0.9643068
vt 0.3734144 0.9654866
vt 0.3660994 0.9584224
vt 0.3630761 0.9654866
vt 0.3734144 0.9554875
vt 0.3660994 0.9725509
vt 0.3807294 0.9584224
vt 0.3734144 0.9754857
vt 0.3837528 0.9654866
vt 0.3807294 0.9725509
vt 0.3749482 0.9771818
vt 0.3749482 0.9671974
vt 0.3676332 0.9742617
vt 0.3822632 0.9742617
vt 0.3646099 0.9671974
vt 0.3852865 0.9671974
vt 0.3676332 0.9601184
vt 0.3822632 0.9601184
vt 0.3749482 0.9571983
vt 0.381865 0.9713711
vt 0.3849031 0.9643068
vt 0.3745648 0.9643068
vt 0.3745648 0.9743059
vt 0.381865 0.9572425
vt 0.3672498 0.9713711
vt 0.3745648 0.9543077
vt 0.3642117 0.9643068
vt 0.3672498 0.9572425
vt 0.3745648 0.9664158
vt 0.3849031 0.9664158
vt 0.381865 0.9593368
vt 0.3745648 0.9564166
vt 0.381865 0.97348
vt 0.3672498 0.9593368
vt 0.3745648 0.9764001
vt 0.3642117 0.9664158
vt 0.3672498 0.97348
vt 0.2664474 0.8946079
vt 0.265828 0.8945047
vt 0.2660639 0.8947849
vt 0.2634388 0.895596
vt 0.2705178 0.8996959
vt 0.2636895 0.8958762
vt 0.2633061 0.8960532
vt 0.2677599 0.9009495
vt 0.2681286 0.9007873
vt 0.2683794 0.9010527
vt 0.2709013 0.899519
vt 0.2707538 0.8999614
vt 0.2614036 0.9595137
vt 0.2611971 0.9786418
vt 0.2614036 0.9785534
vt 0.2614036 0.9785534
vt 0.2611971 0.9592925
vt 0.2611971 0.9786418
vt 0.2700754 0.9595137
vt 0.2614036 0.9595137
vt 0.2704146 0.9592925
vt 0.2611971 0.9592925
vt 0.2704146 0.9596907
vt 0.270916 0.9592925
vt 0.2704146 0.9596759
vt 0.270916 0.9592925
vt 0.2700754 0.9595137
vt 0.2704146 0.9592925
vt 0.3748155 0.9745419
vt 0.3748155 0.9692326
vt 0.3719249 0.9745419
vt 0.3777061 0.9745419
vt 0.3707303 0.9745419
vt 0.3789007 0.9745419
vt 0.3719249 0.9745419
vt 0.3777061 0.9745419
vt 0.3748155 0.9745419
vt 0.05407654 0.9095476
vt 0.04190947 0.9080285
vt 0.04190947 0.9095476
vt 0.05407654 0.9080285
vt 0.05407654 0.9080285
vt 0.04190947 0.9051232
vt 0.04190947 0.9080285
vt 0.05407654 0.9051232
vt 0.05407654 0.9051232
vt 0.04190947 0.9037221
vt 0.04190947 0.9051232
vt 0.05407654 0.9037221
vt 0.2722876 0.8973215
vt 0.2701639 0.8992535
vt 0.2722876 0.8992535
vt 0.2701639 0.8973215
vt 0.2701639 0.9002416
vt 0.2722876 0.8963924
vt 0.2722876 0.9002416
vt 0.2701639 0.8963924
vt 0.2701639 0.8992535
vt 0.2722876 0.8973215
vt 0.2722876 0.8992535
vt 0.2701639 0.8973215
vt 0.2654445 0.9003596
vt 0.2630259 0.9014952
vt 0.265415 0.9015099
vt 0.2630554 0.9003596
vt 0.2629816 0.9003744
vt 0.2654445 0.8980589
vt 0.2653855 0.9003744
vt 0.2630554 0.8980589
vt 0.2629816 0.8980589
vt 0.265415 0.8968938
vt 0.2653855 0.8980737
vt 0.2630259 0.8968938
vt 0.2664916 0.8965251
vt 0.2649136 0.897292
vt 0.2664916 0.897292
vt 0.2649136 0.8965251
vt 0.2649136 0.8965251
vt 0.2664916 0.8949913
vt 0.2664916 0.8965251
vt 0.2649136 0.8949913
vt 0.2649136 0.8949913
vt 0.2664916 0.8942244
vt 0.2664916 0.8949913
vt 0.2649136 0.8942244
vt 0.2675387 0.9057279
vt 0.2675387 0.8943276
vt 0.2675387 0.8947554
vt 0.2675387 0.906244
vt 0.2675387 0.8943276
vt 0.2675387 0.9057279
vt 0.2675387 0.8947554
vt 0.2675387 0.906244
vt 0.05165788 0.9745714
vt 0.04636335 0.9742322
vt 0.0511417 0.9742322
vt 0.0464076 0.9745714
vt 0.04319254 0.9742322
vt 0.04370872 0.9745714
vt 0.04319254 0.9742322
vt 0.04370872 0.9745714
vt 0.04636335 0.9742322
vt 0.0464076 0.9745714
vt 0.0511417 0.9742322
vt 0.05165788 0.9745714
vt 0.05165788 0.9641741
vt 0.0511417 0.9641741
vt 0.0511417 0.9641741
vt 0.05165788 0.9641741
vt 0.0511417 0.9639086
vt 0.0464076 0.9639086
vt 0.04636335 0.9641741
vt 0.04370872 0.9639086
vt 0.04319254 0.9641741
vt 0.04370872 0.9639086
vt 0.04319254 0.9641741
vt 0.0464076 0.9639086
vt 0.04636335 0.9641741
vt 0.0511417 0.9639086
vt 0.04362023 0.9063473
vt 0.04770542 0.9012297
vt 0.04770542 0.9063473
vt 0.04362023 0.9012297
vt 0.05180536 0.9012297
vt 0.04192422 0.9063473
vt 0.05180536 0.9063473
vt 0.04192422 0.9012297
vt 0.05350138 0.9012297
vt 0.04362023 0.9063473
vt 0.05350138 0.9063473
vt 0.04362023 0.9012297
vt 0.05180536 0.9012297
vt 0.04770542 0.9063473
vt 0.05180536 0.9063473
vt 0.04770542 0.9012297
vt 0.04451986 0.9701765
vt 0.04816261 0.970088
vt 0.04816261 0.9701765
vt 0.04406267 0.970088
vt 0.05226254 0.970088
vt 0.04301557 0.9701765
vt 0.05180536 0.9701765
vt 0.04236665 0.970088
vt 0.05395856 0.970088
vt 0.04451986 0.9701765
vt 0.05330965 0.9701765
vt 0.04406267 0.970088
vt 0.05226254 0.970088
vt 0.04816261 0.9701765
vt 0.05180536 0.9701765
vt 0.04816261 0.970088
vt 0.2627899 0.901038
vt 0.2663147 0.9009643
vt 0.2663147 0.901038
vt 0.2630406 0.9009643
vt 0.2695887 0.9009643
vt 0.2613151 0.901038
vt 0.2698394 0.901038
vt 0.2616838 0.9009643
vt 0.2709455 0.9009643
vt 0.2627899 0.901038
vt 0.2713142 0.901038
vt 0.2630406 0.9009643
vt 0.2695887 0.9009643
vt 0.2663147 0.901038
vt 0.2698394 0.901038
vt 0.2663147 0.9009643
vt 0.2634535 0.9021736
vt 0.2663147 0.9022031
vt 0.2663147 0.9021736
vt 0.2627899 0.9022031
vt 0.2698394 0.9022031
vt 0.2622737 0.9021736
vt 0.2691757 0.9021736
vt 0.2613151 0.9022031
vt 0.2713142 0.9022031
vt 0.2634535 0.9021736
vt 0.2703556 0.9021736
vt 0.2627899 0.9022031
vt 0.2698394 0.9022031
vt 0.2663147 0.9021736
vt 0.2691757 0.9021736
vt 0.2663147 0.9022031
vt 0.1499531 0.959204
vt 0.1536696 0.9657816
vt 0.1536696 0.959204
vt 0.1485668 0.9657816
vt 0.1587577 0.9657816
vt 0.1484194 0.959204
vt 0.1573714 0.959204
vt 0.1464579 0.9657816
vt 0.1608814 0.9657816
vt 0.1499531 0.959204
vt 0.1589051 0.959204
vt 0.1485668 0.9657816
vt 0.1587577 0.9657816
vt 0.1536696 0.959204
vt 0.1573714 0.959204
vt 0.1536696 0.9657816
vt 0.2625834 0.9020703
vt 0.2663147 0.9011855
vt 0.2663147 0.9020703
vt 0.2625834 0.9011855
vt 0.2700459 0.9011855
vt 0.2610349 0.9020703
vt 0.2700459 0.9020703
vt 0.2610349 0.9011855
vt 0.2715944 0.9011855
vt 0.2625834 0.9020703
vt 0.2715944 0.9020703
vt 0.2625834 0.9011855
vt 0.2700459 0.9011855
vt 0.2663147 0.9020703
vt 0.2700459 0.9020703
vt 0.2663147 0.9011855
vt 0.261669 0.8898885
vt 0.2630259 0.9040318
vt 0.261669 0.9040318
vt 0.2630259 0.8898885
vt 0.2630259 0.8898885
vt 0.2662999 0.9040318
vt 0.2630259 0.9040318
vt 0.2662999 0.8898885
vt 0.2662999 0.8898885
vt 0.2695739 0.9040318
vt 0.2662999 0.9040318
vt 0.2695739 0.8898885
vt 0.2695739 0.8898885
vt 0.2709308 0.9040318
vt 0.2695739 0.9040318
vt 0.2709308 0.8898885
vt 0.1517376 0.9652802
vt 0.1556016 0.9648377
vt 0.1556016 0.9652802
vt 0.1526668 0.9648377
vt 0.1585364 0.9648377
vt 0.1501449 0.9652802
vt 0.1594656 0.9652802
vt 0.1514427 0.9648377
vt 0.1597605 0.9648377
vt 0.1517376 0.9652802
vt 0.1610584 0.9652802
vt 0.1526668 0.9648377
vt 0.1585364 0.9648377
vt 0.1556016 0.9652802
vt 0.1594656 0.9652802
vt 0.1556016 0.9648377
vt 0.2639845 0.9004186
vt 0.2684826 0.8940474
vt 0.2684826 0.8940474
vt 0.2639845 0.9004186
vt 0.2620525 0.8940474
vt 0.2620525 0.9004186
vt 0.2620525 0.8940474
vt 0.2620525 0.9004186
vt 0.2624212 0.9011117
vt 0.2636748 0.9017901
vt 0.2636748 0.9011117
vt 0.2624212 0.9017901
vt 0.2624212 0.9004186
vt 0.2636748 0.9011117
vt 0.2636748 0.9004186
vt 0.2624212 0.9011117
vt 0.2632913 0.902675
vt 0.2648841 0.893487
vt 0.2648841 0.902675
vt 0.2632913 0.893487
vt 0.2664621 0.893487
vt 0.2626424 0.902675
vt 0.2664621 0.902675
vt 0.2626424 0.893487
vt 0.267111 0.893487
vt 0.2632913 0.902675
vt 0.267111 0.902675
vt 0.2632913 0.893487
vt 0.2664621 0.893487
vt 0.2648841 0.902675
vt 0.2664621 0.902675
vt 0.2648841 0.893487
vt 0.266993 0.8955075
vt 0.2650316 0.8929414
vt 0.2650316 0.8949913
vt 0.2680254 0.8937377
vt 0.2620525 0.8937377
vt 0.2684383 0.8969528
vt 0.2630701 0.8955075
vt 0.2702081 0.8959205
vt 0.259855 0.8959205
vt 0.2689545 0.8989143
vt 0.2616395 0.8969528
vt 0.2710193 0.8989143
vt 0.2590587 0.8989143
vt 0.2684383 0.900861
vt 0.2611086 0.8989143
vt 0.2702081 0.9018934
vt 0.259855 0.9018934
vt 0.266993 0.9023063
vt 0.2616395 0.900861
vt 0.2680254 0.9040761
vt 0.2620525 0.9040761
vt 0.2650316 0.9028225
vt 0.2630701 0.9023063
vt 0.2650316 0.9048725
vt 0.03826672 0.9053149
vt 0.04208644 0.9013035
vt 0.03643797 0.9036779
vt 0.04221918 0.9037516
vt 0.04776441 0.9036337
vt 0.03655595 0.9092231
vt 0.03410779 0.9093558
vt 0.04612739 0.9054624
vt 0.05013884 0.9092821
vt 0.03811924 0.9131903
vt 0.03648221 0.9150191
vt 0.04769067 0.9094148
vt 0.04782341 0.9149601
vt 0.04202745 0.9148864
vt 0.04216018 0.9173345
vt 0.04599465 0.913323
vt 0.03999223 0.9071732
vt 0.04213069 0.9062883
vt 0.04213069 0.9093264
vt 0.0390926 0.9093116
vt 0.04426914 0.9071879
vt 0.03997748 0.9114648
vt 0.04515402 0.9093264
vt 0.04211594 0.9123497
vt 0.04426914 0.9114648
vt 0.2628341 0.9626403
vt 0.2660787 0.9628173
vt 0.2626424 0.9628173
vt 0.2660787 0.9626403
vt 0.2614773 0.9626403
vt 0.2695149 0.9628173
vt 0.2612118 0.9628173
vt 0.2693232 0.9626403
vt 0.2628341 0.9626403
vt 0.2709308 0.9628173
vt 0.2626424 0.9628173
vt 0.2706653 0.9626403
vt 0.2660787 0.9626403
vt 0.2695149 0.9628173
vt 0.2660787 0.9628173
vt 0.2693232 0.9626403
vt 0.2660787 0.9640709
vt 0.2626424 0.9638938
vt 0.2660787 0.9638938
vt 0.2628341 0.9640709
vt 0.2693232 0.9640709
vt 0.2612118 0.9638938
vt 0.2695149 0.9638938
vt 0.2614773 0.9640709
vt 0.2706653 0.9640709
vt 0.2626424 0.9638938
vt 0.2709308 0.9638938
vt 0.2628341 0.9640709
vt 0.2693232 0.9640709
vt 0.2660787 0.9638938
vt 0.2695149 0.9638938
vt 0.2660787 0.9640709
vt 0.04828059 0.9056541
vt 0.04463784 0.9066422
vt 0.04463784 0.9056541
vt 0.04828059 0.9066422
vt 0.04313355 0.9066422
vt 0.05192334 0.9056541
vt 0.04313355 0.9056541
vt 0.05192334 0.9066422
vt 0.04463784 0.9066422
vt 0.05342764 0.9056541
vt 0.04463784 0.9056541
vt 0.05342764 0.9066422
vt 0.04828059 0.9066422
vt 0.05192334 0.9056541
vt 0.04828059 0.9056541
vt 0.05192334 0.9066422
vt 0.2637042 0.9670205
vt 0.2628636 0.9648672
vt 0.2629079 0.9646313
vt 0.2635273 0.9668434
vt 0.2628636 0.9648672
vt 0.2637042 0.9670205
vt 0.2629079 0.9646313
vt 0.2635273 0.9668434
vt 0.1627839 0.9009053
vt 0.1532567 0.9074239
vt 0.1618105 0.9074239
vt 0.1532567 0.9009053
vt 0.1667363 0.9009053
vt 0.1447029 0.9074239
vt 0.16535 0.9074239
vt 0.1437295 0.9009053
vt 0.1627839 0.9009053
vt 0.1411633 0.9074239
vt 0.1618105 0.9074239
vt 0.139777 0.9009053
vt 0.1532567 0.9009053
vt 0.1447029 0.9074239
vt 0.1532567 0.9074239
vt 0.1437295 0.9009053
vt 0.04367922 0.6281562
vt 0.03577431 0.6364741
vt 0.04457885 0.6364741
vt 0.03577431 0.6281562
vt 0.04693853 0.6281562
vt 0.02696977 0.6364741
vt 0.0482216 0.6364741
vt 0.0278694 0.6281562
vt 0.04367922 0.6281562
vt 0.02332702 0.6364741
vt 0.04457885 0.6364741
vt 0.02459535 0.6281562
vt 0.03577431 0.6281562
vt 0.02696977 0.6364741
vt 0.03577431 0.6364741
vt 0.0278694 0.6281562
vn -0.0009775162 -0.0009775162 0.999999
vn 0.0009775162 0.0009775162 0.999999
vn -0.0009775162 -0.0009775162 0.999999
vn 0.0009775162 -0.0009775162 0.999999
vn -0.0009775162 0.0009775162 0.999999
vn 0.0009775162 0.0009775162 0.999999
vn -0.0009775162 0.0009775162 0.999999
vn 0.0009775162 -0.0009775162 0.999999
vn -0.0009775162 0.0009775162 0.999999
vn -0.0009775162 0.0009775162 0.999999
vn -0.0009775162 0.0009775162 0.999999
vn -0.0009775162 0.0009775162 0.999999
vn -0.0009775162 0.0009775162 0.999999
vn -0.9999995 0.0009775162 0
vn -0.9999995 0.0009775162 0
vn -0.9999995 0.0009775162 0
vn -0.9999995 -0.0009775162 0
vn -0.06353442 -0.9979796 0
vn -0.06353442 -0.9979796 0
vn -0.06353442 -0.9979796 0
vn -0.06353442 -0.9979796 0
vn -0.5913975 0.0009775162 0.8063796
vn -0.5894425 -0.0009775162 0.8078098
vn -0.5913975 -0.0009775162 0.8063796
vn -0.5913975 -0.0009775162 0.8063796
vn -0.0009775162 0.9999995 0
vn 0.0009775162 0.9999995 0
vn -0.0009775162 0.9999995 0
vn 0.0009775162 0.9999995 0
vn -0.6031277 -0.0009775162 -0.797644
vn -0.6031277 -0.0009775162 -0.797644
vn -0.6031277 0.0009775162 -0.797644
vn -0.6031277 0.0009775162 -0.797644
vn -0.06353442 -0.9979796 0
vn -0.06353442 -0.9979796 0
vn -0.06353442 -0.9979796 0
vn -0.06353442 -0.9979796 0
vn 0.0009775162 0.9999995 0
vn -0.0009775162 0.9999995 0
vn -0.0009775162 0.9999995 0
vn -0.0009775162 0.9999995 0
vn -0.3604186 0.9327907 0
vn -0.3604186 0.9327907 0
vn -0.3604186 0.9327907 0
vn -0.3604186 0.9327907 0
vn -0.3604186 -0.9327907 0
vn -0.3604186 -0.9327907 0
vn -0.3604186 -0.9327907 0
vn -0.3604186 -0.9327907 0
vn -0.3919842 -0.0009775162 0.9199715
vn -0.3919842 0.0009775162 0.9199715
vn -0.3919842 0.0009775162 0.9199715
vn -0.3919842 -0.0009775162 0.9199715
vn -0.9999995 -0.0009775162 0
vn -0.9999995 0.0009775162 0
vn -0.9999995 -0.0009775162 0
vn -0.9999995 0.0009775162 0
vn -0.0009775162 0.0009775162 -0.999999
vn 0.0009775162 -0.0009775162 -0.999999
vn 0.0009775162 -0.0009775162 -0.999999
vn -0.0009775162 0.0009775162 -0.999999
vn -0.0009775162 -0.4310848 0.9023109
vn -0.0009775162 -0.4310848 0.9023109
vn -0.0009775162 -0.4291298 0.9032423
vn 0.0009775162 -0.4310848 0.9023109
vn 0.0009775162 -0.3998043 -0.9166
vn 0.0009775162 -0.4017593 -0.9157448
vn 0.0009775162 -0.3998043 -0.9166
vn -0.0009775162 -0.4017593 -0.9157448
vn -0.0009775162 0.4017594 -0.9157448
vn -0.0009775162 0.3998044 -0.9166
vn -0.0009775162 0.4017594 -0.9157448
vn -0.0009775162 0.3998044 -0.9166
vn -0.0009775162 0.4310849 0.9023108
vn -0.0009775162 0.4291298 0.9032423
vn 0.0009775162 0.4310849 0.9023108
vn 0.0009775162 0.4310849 0.9023108
vn -0.9843593 -0.0009775162 0.1761701
vn -0.9824042 -0.07917887 0.1691528
vn -0.9824042 -0.07917887 0.1691528
vn -0.9843593 0.0009775162 0.1761701
vn -0.9824042 0.07917881 0.1691528
vn -0.9824042 0.07917881 0.1691528
vn -0.0009775162 -0.6989244 -0.7151949
vn -0.0009775162 -0.6989244 -0.7151949
vn 0.0009775162 -0.6989244 -0.7151949
vn -0.0009775162 -0.6989244 -0.7151949
vn 0.9843593 0.0009775162 0.1761701
vn 0.9824042 -0.07917887 0.1691528
vn 0.9824042 -0.07917887 0.1691528
vn 0.9843593 0.0009775162 0.1761701
vn 0.9824042 0.07917881 0.1691528
vn 0.9824042 0.07917881 0.1691528
vn 0.0009775162 0.6989244 -0.7151949
vn 0.0009775162 0.6989244 -0.7151949
vn -0.0009775162 0.6989244 -0.7151949
vn 0.0009775162 0.6989244 -0.7151949
vn -0.9824042 0.0009775162 -0.1867645
vn -0.9784942 -0.07917887 -0.1904728
vn -0.9784942 -0.07917887 -0.1904728
vn -0.9824042 -0.0009775162 -0.1867645
vn -0.9784942 0.07917881 -0.1904729
vn -0.9804492 0.07917881 -0.180139
vn -0.0009775162 0.6813291 0.7319766
vn -0.0009775162 0.6813291 0.7319766
vn -0.0009775162 0.6813291 0.7319766
vn 0.0009775162 0.6813291 0.7319766
vn 0.9824042 -0.0009775162 -0.1867645
vn 0.9784942 0.07917881 -0.1904729
vn 0.9784942 0.07917881 -0.1904729
vn 0.9824042 0.0009775162 -0.1867645
vn 0.9784942 -0.07917887 -0.1904728
vn 0.9784942 -0.07917887 -0.1904728
vn -0.0009775162 -0.6813291 0.7319766
vn -0.0009775162 -0.6813291 0.7319766
vn 0.0009775162 -0.6813291 0.7319766
vn 0.0009775162 -0.6813291 0.7319766
vn 0.0009775162 -0.4291298 0.9032423
vn -0.0009775162 -0.4310848 0.9023109
vn -0.0009775162 -0.4291298 0.9032423
vn -0.0009775162 -0.4310848 0.9023109
vn -0.0009775162 -0.3998043 -0.9166
vn -0.0009775162 -0.4017593 -0.9157448
vn -0.0009775162 -0.3998043 -0.9166
vn -0.0009775162 -0.4017593 -0.9157448
vn -0.0009775162 0.4017594 -0.9157448
vn 0.0009775162 0.3998044 -0.9166
vn -0.0009775162 0.4017594 -0.9157448
vn -0.0009775162 0.3998044 -0.9166
vn -0.0009775162 0.4310849 0.9023108
vn -0.0009775162 0.4291298 0.9032423
vn -0.0009775162 0.4310849 0.9023108
vn 0.0009775162 0.4310849 0.9023108
vn -0.9843593 -0.0009775162 0.1761701
vn -0.9824042 -0.07917887 0.1691528
vn -0.9824042 -0.07917887 0.1691528
vn -0.9843593 0.0009775162 0.1761701
vn -0.9824042 0.07917881 0.1691528
vn -0.9824042 0.07917881 0.1691528
vn 0.0009775162 -0.6989244 -0.7151949
vn 0.0009775162 -0.6989244 -0.7151949
vn -0.0009775162 -0.6989244 -0.7151949
vn -0.0009775162 -0.6989244 -0.7151949
vn 0.9843593 0.0009775162 0.1761701
vn 0.9824042 -0.07917887 0.1691528
vn 0.9824042 -0.07917887 0.1691528
vn 0.9843593 -0.0009775162 0.1761701
vn 0.9824042 0.07917881 0.1691528
vn 0.9824042 0.07917881 0.1691528
vn -0.0009775162 0.6969694 -0.7171003
vn -0.0009775162 0.6989244 -0.7151949
vn -0.0009775162 0.6989244 -0.7151949
vn -0.0009775162 0.6989244 -0.7151949
vn -0.9824042 -0.0009775162 -0.1867645
vn -0.9784942 -0.07917887 -0.1904728
vn -0.9804492 -0.07917887 -0.180139
vn -0.9824042 0.0009775162 -0.1867645
vn -0.9784942 0.07917881 -0.1904729
vn -0.9784942 0.07917881 -0.1904729
vn -0.0009775162 0.6813291 0.7319766
vn -0.0009775162 0.6813291 0.7319766
vn -0.0009775162 0.6813291 0.7319766
vn -0.0009775162 0.6813291 0.7319766
vn 0.9824042 -0.0009775162 -0.1867645
vn 0.9784942 0.07917881 -0.1904729
vn 0.9784942 0.07917881 -0.1904729
vn 0.9824042 0.0009775162 -0.1867645
vn 0.9784942 -0.07917887 -0.1904728
vn 0.9804492 -0.07917887 -0.180139
vn -0.0009775162 -0.6813291 0.7319766
vn 0.0009775162 -0.6813291 0.7319766
vn 0.0009775162 -0.6813291 0.7319766
vn 0.0009775162 -0.6813291 0.7319766
vn -0.0009775162 -0.4291298 0.9032423
vn -0.0009775162 -0.4310848 0.9023109
vn -0.0009775162 -0.4291298 0.9032423
vn -0.0009775162 -0.4310848 0.9023109
vn -0.0009775162 -0.3998043 -0.9166
vn -0.0009775162 -0.4017593 -0.9157448
vn -0.0009775162 -0.3998043 -0.9166
vn -0.0009775162 -0.4017593 -0.9157448
vn -0.0009775162 0.4017594 -0.9157448
vn -0.0009775162 0.3998044 -0.9166
vn -0.0009775162 0.4017594 -0.9157448
vn -0.0009775162 0.3998044 -0.9166
vn -0.0009775162 0.4310849 0.9023108
vn -0.0009775162 0.4291298 0.9032423
vn -0.0009775162 0.4310849 0.9023108
vn -0.0009775162 0.4291298 0.9032423
vn -0.9843593 0.0009775162 0.1761701
vn -0.9824042 -0.07917887 0.1691528
vn -0.9824042 -0.07917887 0.1691528
vn -0.9843593 0.0009775162 0.1761701
vn -0.9824042 0.07917881 0.1691528
vn -0.9824042 0.07917881 0.1691528
vn -0.0009775162 -0.6989244 -0.7151949
vn -0.0009775162 -0.6989244 -0.7151949
vn -0.0009775162 -0.6989244 -0.7151949
vn -0.0009775162 -0.6989244 -0.7151949
vn 0.9843593 0.0009775162 0.1761701
vn 0.9824042 -0.07917887 0.1691528
vn 0.9824042 -0.07917887 0.1691528
vn 0.9843593 0.0009775162 0.1761701
vn 0.9824042 0.07917881 0.1691528
vn 0.9824042 0.07917881 0.1691528
vn -0.0009775162 0.6989244 -0.7151949
vn 0.0009775162 0.6989244 -0.7151949
vn -0.0009775162 0.6989244 -0.7151949
vn -0.0009775162 0.6989244 -0.7151949
vn -0.9824042 0.0009775162 -0.1867645
vn -0.9804492 -0.07917887 -0.180139
vn -0.9804492 -0.07917887 -0.180139
vn -0.9824042 -0.0009775162 -0.1867645
vn -0.9804492 0.07917881 -0.180139
vn -0.9784942 0.07917881 -0.1904729
vn -0.0009775162 0.6813291 0.7319766
vn -0.0009775162 0.6813291 0.7319766
vn -0.0009775162 0.6813291 0.7319766
vn -0.0009775162 0.6813291 0.7319766
vn 0.9824042 0.0009775162 -0.1867645
vn 0.9784942 0.07917881 -0.1904729
vn 0.9784942 0.07917881 -0.1904729
vn 0.9824042 0.0009775162 -0.1867645
vn 0.9804492 -0.07917887 -0.180139
vn 0.9784942 -0.07917887 -0.1904728
vn -0.0009775162 -0.6813291 0.7319766
vn -0.0009775162 -0.6813291 0.7319766
vn -0.0009775162 -0.6813291 0.7319766
vn -0.0009775162 -0.6813291 0.7319766
vn 0.9999995 0.0009775162 0
vn 0.9999995 0.0009775162 0
vn 0.9999995 0.0009775162 0
vn 0.9999995 0.0009775162 0
vn 0.0009775162 -0.6852392 -0.7283174
vn -0.0009775162 0.0009775162 -0.999999
vn -0.0009775162 0.0009775162 -0.999999
vn 0.0009775162 -0.6852392 -0.7283174
vn -0.0009775162 -0.6832842 0.7301519
vn 0.0009775162 -0.6832842 0.7301519
vn -0.0009775162 0.0009775162 0.999999
vn -0.0009775162 -0.0009775162 0.999999
vn -0.9999995 0.0009775162 0
vn -0.9999995 -0.0009775162 0
vn -0.9999995 -0.0009775162 0
vn -0.9999995 0.0009775162 0
vn -0.8044962 -0.5327466 -0.2626157
vn -0.0009775162 0.0009775162 -0.999999
vn -0.7047895 -0.3939392 -0.5899861
vn 0.0009775162 -0.6852392 -0.7283174
vn -0.8084062 -0.5307915 0.25444
vn -0.0009775162 -0.6832842 0.7301519
vn -0.7204298 -0.3998043 0.5666899
vn -0.0009775162 0.0009775162 0.999999
vn 0.9999995 0.0009775162 0
vn 0.9999995 0.0009775162 0
vn 0.9999995 0.0009775162 0
vn 0.9999995 0.0009775162 0
vn 0.0009775162 -0.0009775162 -0.999999
vn -0.0009775162 0.6852392 -0.7283174
vn 0.0009775162 -0.0009775162 -0.999999
vn -0.0009775162 0.6852392 -0.7283174
vn -0.0009775162 0.6832842 0.7301519
vn -0.0009775162 0.6832842 0.7301519
vn 0.0009775162 0.0009775162 0.999999
vn 0.0009775162 0.0009775162 0.999999
vn -0.9999995 -0.0009775162 0
vn -0.9999995 0.0009775162 0
vn -0.9999995 0.0009775162 0
vn -0.9999995 0.0009775162 0
vn 0.0009775162 -0.0009775162 -0.999999
vn -0.8044962 0.5327466 -0.2626157
vn -0.7067446 0.3939393 -0.5876427
vn -0.0009775162 0.6852392 -0.7283174
vn -0.8064512 0.5307915 0.2605701
vn -0.0009775162 0.6832842 0.7301519
vn -0.7204298 0.3998044 0.5666899
vn 0.0009775162 0.0009775162 0.999999
vn 0.8396868 -0.2316715 0.4911765
vn 0.8377318 -0.2316715 0.4945036
vn 0.8377318 -0.2316715 0.4945036
vn 0.8377318 -0.2316715 0.4945036
vn 0.8742494 -0.485477 0
vn 0.8742494 -0.485477 0
vn 0.8742494 -0.485477 0
vn 0.8742494 -0.485477 0
vn 0.8240465 -0.2297164 -0.5178588
vn 0.8240465 -0.2277614 -0.5187216
vn 0.8240465 -0.2297164 -0.5178588
vn 0.8240465 -0.2297164 -0.5178588
vn 0.8240465 0.2297164 -0.5178588
vn 0.8240465 0.2297164 -0.5178588
vn 0.8240465 0.2297164 -0.5178588
vn 0.8240465 0.2297164 -0.5178588
vn 0.8742494 0.485477 0
vn 0.8742494 0.485477 0
vn 0.8742494 0.485477 0
vn 0.8742494 0.485477 0
vn 0.8377318 0.2316715 0.4945036
vn 0.8377318 0.2316715 0.4945036
vn 0.8396868 0.2316715 0.4911765
vn 0.8377318 0.2316715 0.4945036
vn 0.9999995 0.0009775162 0
vn 0.9999995 0.0009775162 0
vn 0.9999995 0.0009775162 0
vn 0.9999995 0.0009775162 0
vn 0.9999995 0.0009775162 0
vn 0.9999995 0.0009775162 0
vn -0.7067446 -0.7067446 -0.03200431
vn -0.7067446 -0.7067446 -0.03200431
vn -0.7067446 -0.7067446 0.03200431
vn -0.7067446 -0.7067446 -0.03200431
vn -0.06353442 -0.9979796 0
vn -0.7067446 -0.7067446 -0.03200431
vn -0.7067446 -0.7067446 -0.03200431
vn -0.06353442 -0.9979796 0
vn 0.7067446 -0.7067446 0.03200431
vn 0.7067446 -0.7067446 -0.03200431
vn 0.7067446 -0.7067446 -0.03200431
vn 0.7067446 -0.7067446 0.03200431
vn 0.9628539 -0.0009775162 -0.2700211
vn 0.7067446 0.7067446 0.03200431
vn 0.7067446 0.7067446 0.03200431
vn 0.8279566 0.4721406 -0.3026072
vn 0.7067446 0.7067446 -0.03200431
vn 0.7067446 0.7067446 -0.03200431
vn -0.06353442 0.9979796 0
vn -0.06353442 0.9979796 0
vn -0.7067446 0.7067446 -0.03200431
vn -0.7067446 0.7067446 -0.03200431
vn -0.7067446 -0.7067446 0.03200431
vn -0.7067446 -0.7067446 0.03200431
vn -0.7067446 -0.7067446 0.03200431
vn -0.7067446 -0.7067446 -0.03200431
vn -0.06353442 -0.9979796 0
vn -0.7067446 -0.7067446 -0.03200431
vn -0.7067446 -0.7067446 0.03200431
vn -0.06353442 -0.9979796 0
vn 0.7067446 -0.7067446 -0.03200431
vn 0.7067446 -0.7067446 0.03200431
vn 0.7067446 -0.7067446 0.03200431
vn 0.7067446 -0.7067446 -0.03200431
vn 0.9608989 0.0009775162 -0.2768978
vn 0.9628539 -0.0009775162 -0.2700211
vn 0.8279566 0.4721406 -0.3026072
vn 0.7067446 0.7067446 -0.03200431
vn 0.7067446 0.7067446 -0.03200431
vn 0.7067446 0.7067446 0.03200431
vn -0.06353442 0.9979796 0
vn -0.05962849 0.9530787 -0.2967918
vn -0.7067446 0.7067446 -0.03200431
vn -0.7067446 0.7067446 0.03200431
vn -0.7067446 -0.7067446 -0.03200431
vn -0.9999995 0.0009775162 0
vn -0.7067446 -0.7067446 0.03200431
vn -0.9999995 -0.0009775162 0
vn -0.9999995 -0.0009775162 0
vn -0.9999995 -0.0009775162 0
vn -0.9999995 0.0009775162 0
vn -0.9999995 0.0009775162 0
vn -0.7067446 0.7067446 0.03200431
vn -0.7067446 0.7067446 -0.03200431
vn -0.9999995 0.0009775162 0
vn -0.9999995 -0.0009775162 0
vn -0.9999995 0.0009775162 0
vn -0.9999995 -0.0009775162 0
vn -0.9999995 -0.0009775162 0
vn -0.9999995 0.0009775162 0
vn -0.7067446 -0.7067446 0.03200431
vn -0.7067446 -0.7067446 -0.03200431
vn -0.7067446 -0.7067446 0.03200431
vn -0.7067446 -0.7067446 -0.03200431
vn -0.06353442 -0.9979796 0
vn -0.7067446 -0.7067446 0.03200431
vn -0.7067446 -0.7067446 -0.03200431
vn -0.06353442 -0.9979796 0
vn 0.7067446 -0.7067446 0.03200431
vn 0.7067446 -0.7067446 -0.03200431
vn 0.7067446 -0.7067446 0.03200431
vn 0.7067446 -0.7067446 0.03200431
vn 0.9999995 0.0009775162 0
vn 0.9608989 0.0009775162 -0.2768978
vn 0.7067446 0.7067446 -0.03200431
vn 0.7067446 0.7067446 -0.03200431
vn 0.7067446 0.7067446 0.03200431
vn 0.7067446 0.7067446 0.03200431
vn -0.05962849 0.9530787 -0.2967918
vn -0.06353442 0.9979796 0
vn -0.7067446 0.7067446 0.03200431
vn -0.7067446 0.7067446 0.03200431
vn -0.9999995 0.0009775162 0
vn -0.7067446 -0.7067446 0.03200431
vn -0.9569888 0.0009775162 -0.2901232
vn -0.7067446 -0.7067446 -0.03200431
vn -0.7223848 0.0009775162 -0.6914906
vn -0.7067446 -0.7067446 0.03200431
vn -0.7067446 -0.7067446 0.03200431
vn -0.9569888 0.0009775162 -0.2901232
vn 0.0009775162 -0.9999995 0
vn 0.0009775162 -0.9999995 0
vn 0.0009775162 -0.9999995 0
vn 0.0009775162 -0.9999995 0
vn -0.0009775162 -0.0009775162 0.999999
vn 0.0009775162 -0.0009775162 0.999999
vn 0.0009775162 0.0009775162 0.999999
vn 0.0009775162 0.0009775162 0.999999
vn -0.0009775162 -0.9999995 0
vn 0.0009775162 -0.9999995 0
vn 0.0009775162 -0.9999995 0
vn 0.0009775162 -0.9999995 0
vn -0.0009775162 -0.9999995 0
vn -0.7067446 0.7067446 -0.03200431
vn -0.7067446 0.7067446 0.03200431
vn -0.7067446 0.7067446 -0.03200431
vn -0.7067446 0.7067446 -0.03200431
vn -0.7067446 0.7067446 -0.03200431
vn -0.7067446 0.7067446 0.03200431
vn -0.7067446 0.7067446 0.03200431
vn -0.7067446 0.7067446 -0.03200431
vn -0.7067446 0.7067446 0.03200431
vn -0.7067446 0.7067446 0.03200431
vn -0.7067446 0.7067446 0.03200431
vn -0.7067446 0.7067446 0.03200431
vn -0.9999995 -0.0009775162 0
vn -0.7067446 0.7067446 0.03200431
vn -0.7067446 0.7067446 0.03200431
vn -0.9569888 0.0009775162 -0.2901232
vn -0.7067446 0.7067446 0.03200431
vn -0.7223848 0.0009775162 -0.6914906
vn -0.7067446 0.7067446 -0.03200431
vn -0.9569888 0.0009775162 -0.2901232
vn 0.0009775162 0.9999995 0
vn 0.0009775162 0.9999995 0
vn 0.0009775162 0.9999995 0
vn 0.0009775162 0.9999995 0
vn -0.002932537 0.9999957 0
vn -0.002932537 0.9999957 0
vn -0.002932537 0.9999957 0
vn -0.002932537 0.9999957 0
vn -0.0009775162 0.9999995 0
vn -0.0009775162 0.0009775162 0.999999
vn 0.0009775162 0.0009775162 0.999999
vn -0.0009775162 0.0009775162 0.999999
vn 0.0009775162 0.0009775162 0.999999
vn -0.0009775162 0.0009775162 0.999999
vn -0.0009775162 0.0009775162 0.999999
vn -0.0009775162 0.0009775162 0.999999
vn -0.0009775162 0.0009775162 0.999999
vn -0.0009775162 -0.0009775162 0.999999
vn 0.0009775162 0.0009775162 0.999999
vn -0.0009775162 0.0009775162 0.999999
vn -0.0009775162 0.0009775162 0.999999
vn -0.0009775162 0.0009775162 0.999999
vn 0.0009775162 0.0009775162 0.999999
vn -0.0009775162 0.0009775162 0.999999
vn 0.0009775162 -0.0009775162 0.999999
vn 0.0009775162 0.0009775162 0.999999
vn -0.0009775162 -0.0009775162 0.999999
vn -0.8664945 0.4991868 0
vn -0.0009775162 0.9999995 0
vn 0.0009775162 0.9999995 0
vn -0.8664945 0.4991868 0
vn -0.8651022 -0.499511 0.04568366
vn -0.8664945 0.4991868 0
vn -0.8664945 0.4991868 0
vn -0.8664945 -0.4991868 0
vn -0.0009775162 -0.9999995 0
vn -0.8664945 -0.4991868 0
vn -0.8651022 -0.499511 0.04568366
vn -0.0009775162 -0.9999995 0
vn 0.8651022 -0.499511 0.04568236
vn -0.0009775162 -0.9999995 0
vn -0.0009775162 -0.9999995 0
vn 0.8651022 -0.499511 -0.04568236
vn 0.8651022 0.499511 -0.04568236
vn 0.8651022 0.499511 0.04568236
vn 0.0009775162 0.9999995 0
vn -0.0009775162 0.9999995 0
vn -0.0009775162 0.9999995 0
vn -0.0009775162 0.9999995 0
vn -0.0009775162 0.9999995 0
vn 0.0009775162 0.9999995 0
vn -0.0009775162 0.9999995 0
vn 0.0009775162 0.9999995 0
vn 0.0009775162 0.9999995 0
vn -0.0009775162 0.9999995 0
vn 0.0009775162 0.9999995 0
vn -0.0009775162 0.9999995 0
vn 0.0009775162 -0.9999995 0
vn -0.0009775162 -0.9999995 0
vn -0.0009775162 -0.9999995 0
vn -0.0009775162 -0.9999995 0
vn -0.0009775162 -0.9999995 0
vn -0.0009775162 -0.9999995 0
vn 0.0009775162 -0.9999995 0
vn -0.0009775162 -0.9999995 0
vn -0.0009775162 -0.9999995 0
vn -0.0009775162 -0.9999995 0
vn 0.9999995 0.0009775162 0
vn 0.9999995 -0.0009775162 0
vn 0.9999995 0.0009775162 0
vn 0.9999995 0.0009775162 0
vn 0.0009775162 0.0009775162 0.999999
vn -0.0009775162 0.0009775162 0.999999
vn -0.0009775162 0.0009775162 0.999999
vn 0.0009775162 0.0009775162 0.999999
vn -0.0009775162 0.0009775162 -0.999999
vn -0.0009775162 0.0009775162 -0.999999
vn -0.0009775162 0.0009775162 -0.999999
vn 0.0009775162 0.0009775162 -0.999999
vn -0.8866076 -0.0009775162 -0.4625213
vn -0.9999995 0.0009775162 0
vn -0.8885627 0.0009775162 -0.4587542
vn -0.9999995 0.0009775162 0
vn -0.8787875 0.0009775162 0.4772123
vn -0.8787875 -0.0009775162 0.4772123
vn 0.8729224 0.0009775162 -0.4878581
vn 0.8729224 -0.0009775162 -0.4878581
vn 0.8748774 0.0009775162 -0.4843434
vn 0.8729224 0.0009775162 -0.4878581
vn -0.0009775162 0.0009775162 0.999999
vn -0.0009775162 0.0009775162 0.999999
vn -0.0009775162 0.0009775162 0.999999
vn 0.0009775162 -0.0009775162 0.999999
vn 0.0009775162 0.0009775162 -0.999999
vn -0.0009775162 0.0009775162 -0.999999
vn -0.0009775162 0.0009775162 -0.999999
vn -0.0009775162 0.0009775162 -0.999999
vn 0.910068 0.0009775162 -0.4144579
vn 0.910068 -0.0009775162 -0.4144579
vn 0.910068 -0.0009775162 -0.4144579
vn 0.910068 -0.0009775162 -0.4144579
vn 0.913978 0.0009775162 0.4057625
vn 0.913978 0.0009775162 0.4057625
vn 0.913978 0.0009775162 0.4057625
vn 0.913978 -0.0009775162 0.4057625
vn -0.0009775162 0.9999995 0
vn -0.0009775162 0.9999995 0
vn 0.0009775162 0.9999995 0
vn 0.0009775162 0.9999995 0
vn -0.0009775162 -0.9999995 0
vn -0.0009775162 -0.9999995 0
vn -0.0009775162 -0.9999995 0
vn -0.0009775162 -0.9999995 0
vn 0.7438902 -0.0009775162 0.6683012
vn 0.1163245 0.0009775162 0.9932108
vn 0.7438902 0.0009775162 0.6683012
vn 0.1163245 0.0009775162 0.9932108
vn 0.08308893 0.0009775162 0.9965417
vn 0.08308893 0.0009775162 0.9965417
vn -0.9999995 0.0009775162 0
vn -0.9999995 0.0009775162 0
vn -0.9999995 -0.0009775162 0
vn -0.9999995 -0.0009775162 0
vn -0.0009775162 0.9999995 0
vn -0.0009775162 0.9999995 0
vn -0.0009775162 0.9999995 0
vn -0.0009775162 0.9999995 0
vn -0.0009775162 -0.9999995 0
vn -0.0009775162 -0.9999995 0
vn -0.0009775162 -0.9999995 0
vn -0.0009775162 -0.9999995 0
vn 0.9569888 0.0009775162 0.2901232
vn 0.9569888 -0.0009775162 0.2901232
vn 0.9569888 0.0009775162 0.2901232
vn 0.9569888 -0.0009775162 0.2901232
vn 0.1671553 0.0009775162 0.9859301
vn 0.1671553 -0.0009775162 0.9859301
vn 0.1671553 -0.0009775162 0.9859301
vn 0.1671553 -0.0009775162 0.9859301
vn -0.9999995 0.0009775162 0
vn -0.9999995 0.0009775162 0
vn -0.9999995 0.0009775162 0
vn -0.9999995 0.0009775162 0
vn -0.0009775162 0.0009775162 -0.999999
vn -0.0009775162 0.0009775162 -0.999999
vn -0.0009775162 0.0009775162 -0.999999
vn -0.0009775162 0.0009775162 -0.999999
vn -0.0009775162 0.9999995 0
vn -0.0009775162 0.9999995 0
vn -0.0009775162 0.9999995 0
vn -0.0009775162 0.9999995 0
vn -0.0009775162 0.9999995 0
vn -0.0009775162 0.9999995 0
vn -0.0009775162 0.9999995 0
vn -0.0009775162 0.9999995 0
vn -0.0009775162 -0.9999995 0
vn -0.0009775162 -0.9999995 0
vn -0.0009775162 -0.9999995 0
vn -0.0009775162 -0.9999995 0
vn -0.0009775162 -0.9999995 0
vn -0.0009775162 -0.9999995 0
vn -0.0009775162 -0.9999995 0
vn -0.0009775162 -0.9999995 0
vn 0.9999995 0.0009775162 0
vn 0.9999995 -0.0009775162 0
vn 0.9999995 -0.0009775162 0
vn 0.9999995 0.0009775162 0
vn -0.0009775162 -0.0009775162 -0.999999
vn -0.0009775162 0.0009775162 -0.999999
vn -0.0009775162 0.0009775162 -0.999999
vn 0.0009775162 0.0009775162 -0.999999
vn -0.0009775162 0.0009775162 -0.999999
vn -0.0009775162 -0.0009775162 -0.999999
vn -0.0009775162 0.0009775162 -0.999999
vn -0.0009775162 0.0009775162 -0.999999
vn -0.9999995 0.0009775162 0
vn -0.9999995 -0.0009775162 0
vn -0.9999995 -0.0009775162 0
vn -0.9999995 -0.0009775162 0
vn -0.0009775162 0.0009775162 0.999999
vn -0.0009775162 -0.0009775162 0.999999
vn -0.0009775162 0.0009775162 0.999999
vn -0.0009775162 0.0009775162 0.999999
vn -0.9999995 -0.0009775162 0
vn -0.9999995 0.0009775162 0
vn -0.9999995 0.0009775162 0
vn -0.9999995 -0.0009775162 0
vn -0.0009775162 -0.0009775162 -0.999999
vn -0.0009775162 0.0009775162 -0.999999
vn -0.0009775162 0.0009775162 -0.999999
vn -0.0009775162 -0.0009775162 -0.999999
vn 0.9999995 -0.0009775162 0
vn 0.9999995 0.0009775162 0
vn 0.9999995 -0.0009775162 0
vn 0.9999995 0.0009775162 0
vn 0.9999995 0.0009775162 0
vn 0.9999995 -0.0009775162 0
vn 0.9999995 0.0009775162 0
vn 0.9999995 -0.0009775162 0
vn 0.4584553 0.0009775162 0.8887169
vn 0.4584553 0.0009775162 0.8887169
vn 0.4584553 0.0009775162 0.8887169
vn 0.4584553 -0.0009775162 0.8887169
vn 0.5562069 -0.8299116 -0.04336435
vn 0.5562069 -0.8299116 -0.04336435
vn 0.5562069 -0.8299116 -0.04336435
vn 0.5562069 -0.8299116 -0.04336435
vn 0.4604104 -0.0009775162 -0.8877056
vn 0.4604104 0.0009775162 -0.8877056
vn 0.4604104 0.0009775162 -0.8877056
vn 0.4604104 0.0009775162 -0.8877056
vn 0.5562069 0.8299116 -0.04336572
vn 0.5562069 0.8299116 -0.04336572
vn 0.5562069 0.8299116 -0.04336572
vn 0.5562069 0.8299116 0.04336572
vn 0.0009775162 0.0009775162 -0.999999
vn 0.0009775162 0.0009775162 -0.999999
vn -0.0009775162 0.0009775162 -0.999999
vn 0.0009775162 0.0009775162 -0.999999
vn -0.0009775162 -0.0009775162 -0.999999
vn -0.0009775162 -0.0009775162 -0.999999
vn -0.0009775162 -0.0009775162 -0.999999
vn -0.0009775162 0.0009775162 -0.999999
vn -0.0009775162 0.0009775162 -0.999999
vn -0.0009775162 0.0009775162 -0.999999
vn -0.0009775162 0.0009775162 -0.999999
vn 0.0009775162 0.0009775162 -0.999999
vn -0.0009775162 0.0009775162 -0.999999
vn -0.0009775162 0.0009775162 -0.999999
vn -0.9999995 0.0009775162 0
vn -0.9999995 -0.0009775162 0
vn -0.9999995 0.0009775162 0
vn -0.9999995 0.0009775162 0
vn -0.9999995 0.0009775162 0
vn -0.9999995 -0.0009775162 0
vn -0.0009775162 -0.9999995 0
vn -0.0009775162 -0.9999995 0
vn -0.0009775162 -0.9999995 0
vn -0.0009775162 -0.9999995 0
vn 0.0009775162 -0.9999995 0
vn 0.0009775162 -0.9999995 0
vn -0.0009775162 -0.3919842 0.9199715
vn 0.0009775162 0.0009775162 0.999999
vn 0.0009775162 -0.0009775162 0.999999
vn -0.0009775162 -0.9999995 0
vn -0.0009775162 -0.9999995 0
vn -0.9999995 0.0009775162 0
vn -0.9999995 0.0009775162 0
vn -0.9999995 -0.0009775162 0
vn 0.0009775162 -0.0009775162 0.999999
vn -0.0009775162 -0.9999995 0
vn -0.0009775162 0.9999995 0
vn -0.9999995 0.0009775162 0
vn -0.0009775162 0.9999995 0
vn -0.0009775162 0.3919842 0.9199715
vn 0.0009775162 0.0009775162 0.999999
vn -0.0009775162 0.9999995 0
vn 0.0009775162 0.0009775162 -0.999999
vn 0.0009775162 0.0009775162 -0.999999
vn 0.0009775162 0.9999995 0
vn -0.0009775162 0.0009775162 -0.999999
vn -0.0009775162 0.0009775162 -0.999999
vn 0.0009775162 -0.9999995 0
vn 0.0009775162 0.4291298 0.9032423
vn -0.0009775162 0.4291298 0.9032423
vn 0.0009775162 0.4291298 0.9032423
vn 0.0009775162 -0.9999995 0
vn -0.0009775162 -0.9999995 0
vn -0.0009775162 -0.9999995 0
vn 0.0009775162 -0.9999995 0
vn -0.0009775162 -0.4291298 0.9032423
vn -0.0009775162 -0.4291298 0.9032423
vn 0.0009775162 -0.4291298 0.9032423
vn -0.8763603 -0.4816563 0
vn -0.8763603 -0.4816563 0
vn -0.8763603 -0.4816563 0
vn -0.8768324 -0.4799607 -0.02833267
vn 0.0009775162 -0.43695 -0.8994853
vn 0.0009775162 -0.43695 -0.8994853
vn 0.0009775162 -0.43695 -0.8994853
vn 0.0009775162 -0.43695 -0.8994853
vn -0.0009775162 0.9999995 0
vn -0.0009775162 0.9999995 0
vn -0.0009775162 0.9999995 0
vn -0.0009775162 0.9999995 0
vn 0.0009775162 0.9999995 0
vn 0.0009775162 0.9999995 0
vn 0.0009775162 0.0009775162 0.999999
vn 0.0009775162 0.0009775162 0.999999
vn 0.0009775162 -0.0009775162 0.999999
vn 0.0009775162 -0.0009775162 0.999999
vn -0.9999995 0.0009775162 0
vn -0.9999995 0.0009775162 0
vn -0.9999995 -0.0009775162 0
vn -0.9999995 0.0009775162 0
vn -0.0009775162 0.0009775162 -0.999999
vn 0.0009775162 0.0009775162 -0.999999
vn 0.0009775162 0.0009775162 -0.999999
vn -0.0009775162 0.0009775162 -0.999999
vn -0.0009775162 0.9999995 0
vn -0.0009775162 0.9999995 0
vn -0.0009775162 0.9999995 0
vn 0.0009775162 0.9999995 0
vn -0.8763603 0.4816563 0
vn -0.8763603 0.4816563 0
vn -0.8768324 0.4799607 -0.02833267
vn -0.8763603 0.4816563 0
vn 0.0009775162 0.43695 -0.8994853
vn 0.0009775162 0.43695 -0.8994853
vn 0.0009775162 0.43695 -0.8994853
vn 0.0009775162 0.43695 -0.8994853
vn 0.9999995 0.0009775162 0
vn 0.9999995 0.0009775162 0
vn 0.9999995 0.0009775162 0
vn 0.9999995 0.0009775162 0
vn 0.9999995 0.0009775162 0
vn 0.0009775162 0.9999995 0
vn -0.0009775162 0.9999995 0
vn -0.0009775162 0.9999995 0
vn -0.0009775162 0.9999995 0
vn -0.0009775162 -0.9999995 0
vn 0.0009775162 -0.9999995 0
vn 0.0009775162 -0.9999995 0
vn 0.0009775162 -0.9999995 0
vn 0.0009775162 -0.0009775162 0.999999
vn -0.0009775162 0.0009775162 0.999999
vn -0.0009775162 -0.0009775162 0.999999
vn -0.0009775162 0.0009775162 0.999999
vn -0.9999995 -0.0009775162 0
vn -0.9999995 0.0009775162 0
vn -0.9999995 0.0009775162 0
vn -0.9999995 -0.0009775162 0
vn -0.0009775162 0.0009775162 -0.999999
vn -0.0009775162 0.0009775162 -0.999999
vn -0.0009775162 0.0009775162 -0.999999
vn -0.0009775162 0.0009775162 -0.999999
vn 0.9960362 0.08894921 0
vn 0.9960362 0.08894921 0
vn 0.9960362 0.08894921 0
vn 0.9960362 0.08894921 0
vn 0.9999995 0.0009775162 0
vn 0.9999995 0.0009775162 0
vn 0.9999995 0.0009775162 0
vn 0.9999995 -0.0009775162 0
vn 0.9960362 -0.08894927 0
vn 0.9960362 -0.08894927 0
vn 0.9960362 -0.08894927 0
vn 0.9960362 -0.08894927 0
vn 0.9980445 0.0009775162 -0.06249999
vn 0.9980445 0.0009775162 -0.06249999
vn 0.9980445 0.0009775162 -0.06249999
vn 0.9980445 -0.0009775162 -0.06249999
vn -0.0009775162 0.9999995 0
vn -0.0009775162 0.9999995 0
vn -0.0009775162 0.9999995 0
vn -0.0009775162 0.9999995 0
vn 0.2590419 -0.0009775162 0.9658656
vn 0.2590419 -0.0009775162 0.9658656
vn 0.2590419 0.0009775162 0.9658656
vn 0.2590419 -0.0009775162 0.9658656
vn 0.0009775162 -0.9999995 0
vn -0.0009775162 -0.9999995 0
vn -0.0009775162 -0.9999995 0
vn 0.0009775162 -0.9999995 0
vn 0.2179862 -0.0009775162 -0.9759514
vn 0.2179862 -0.0009775162 -0.9759514
vn 0.2179862 0.0009775162 -0.9759514
vn 0.2179862 -0.0009775162 -0.9759514
vn 0.1787994 0.9838855 0
vn 0.1787994 0.9838855 0
vn 0.1787994 0.9838855 0
vn 0.1787994 0.9838855 0
vn 0.4565003 -0.0009775162 0.8897228
vn 0.4565003 -0.0009775162 0.8897228
vn 0.4565003 0.0009775162 0.8897228
vn 0.4565003 0.0009775162 0.8897228
vn 0.1787994 -0.9838855 0
vn 0.1806901 -0.9835401 0
vn 0.1787994 -0.9838855 0
vn 0.1787994 -0.9838855 0
vn 0.4134895 0.0009775162 -0.9105083
vn 0.4134895 -0.0009775162 -0.9105083
vn 0.4134895 0.0009775162 -0.9105083
vn 0.4134895 -0.0009775162 -0.9105083
vn -0.3604186 0.9327907 0
vn -0.3604186 0.9327907 0
vn -0.3604186 0.9327907 0
vn -0.3604186 0.9327907 0
vn -0.3604186 -0.9327907 0
vn -0.3604186 -0.9327907 0
vn -0.3604186 -0.9327907 0
vn -0.3604186 -0.9327907 0
vn -0.3841641 0.0009775162 0.9232643
vn -0.3861191 0.0009775162 0.9224484
vn -0.3861191 0.0009775162 0.9224484
vn -0.3861191 -0.0009775162 0.9224484
vn -0.9999995 -0.0009775162 0
vn -0.9999995 0.0009775162 0
vn -0.9999995 0.0009775162 0
vn -0.9999995 0.0009775162 0
vn -0.3919842 0.0009775162 -0.9199715
vn -0.3919842 0.0009775162 -0.9199715
vn -0.3919842 -0.0009775162 -0.9199715
vn -0.3939393 0.0009775162 -0.9191359
vn -0.3604186 0.9327907 0
vn -0.3604186 0.9327907 0
vn -0.3604186 0.9327907 0
vn -0.3604186 0.9327907 0
vn -0.3604186 -0.9327907 0
vn -0.3604186 -0.9327907 0
vn -0.3604186 -0.9327907 0
vn -0.3604186 -0.9327907 0
vn -0.3900292 -0.0009775162 0.920802
vn -0.3900292 0.0009775162 0.920802
vn -0.3900292 0.0009775162 0.920802
vn -0.3900292 0.0009775162 0.920802
vn -0.9999995 0.0009775162 0
vn -0.9999995 0.0009775162 0
vn -0.9999995 -0.0009775162 0
vn -0.9999995 0.0009775162 0
vn -0.3743888 0.0009775162 -0.9272713
vn -0.3743888 -0.0009775162 -0.9272713
vn -0.3743888 0.0009775162 -0.9272713
vn -0.3763438 0.0009775162 -0.9264795
vn -0.3604186 0.9327907 0
vn -0.3604186 0.9327907 0
vn -0.3604186 0.9327907 0
vn -0.3604186 0.9327907 0
vn -0.3604186 -0.9327907 0
vn -0.3604186 -0.9327907 0
vn -0.3604186 -0.9327907 0
vn -0.3604186 -0.9327907 0
vn -0.3528835 0.0009775162 0.9356668
vn -0.3528835 0.0009775162 0.9356668
vn -0.3528835 -0.0009775162 0.9356668
vn -0.3528835 0.0009775162 0.9356668
vn -0.9999995 0.0009775162 0
vn -0.9999995 0.0009775162 0
vn -0.9999995 0.0009775162 0
vn -0.9999995 0.0009775162 0
vn -0.3157378 0.0009775162 -0.948846
vn -0.3157378 0.0009775162 -0.948846
vn -0.3157378 0.0009775162 -0.948846
vn -0.3157378 -0.0009775162 -0.948846
vn 0.5790192 0.8153138 0
vn 0.5790192 0.8153138 0
vn 0.5790192 0.8153138 0
vn 0.5790192 0.8153138 0
vn 0.5790192 -0.8153138 0
vn 0.5790192 -0.8153138 0
vn 0.5790192 -0.8153138 0
vn 0.5790192 -0.8153138 0
vn 0.02052784 -0.0009775162 -0.9997888
vn 0.07917887 -0.0009775162 0.99686
vn 0.07917887 0.0009775162 0.99686
vn 0.02052784 0.0009775162 -0.9997888
vn 0.1006842 0.0009775162 0.9949179
vn 0.09872919 0.0009775162 0.9951138
vn 0.09872919 -0.0009775162 0.9951138
vn 0.1006842 0.0009775162 0.9949179
vn -0.9999995 -0.0009775162 0
vn -0.9999995 0.0009775162 0
vn -0.9999995 0.0009775162 0
vn -0.9999995 0.0009775162 0
vn 0.1085044 0.0009775162 -0.9940955
vn 0.1085044 -0.0009775162 -0.9940955
vn 0.1085044 -0.0009775162 -0.9940955
vn 0.1085044 -0.0009775162 -0.9940955
vn 0.0009775162 0.9999995 0
vn -0.0009775162 0.9999995 0
vn -0.0009775162 0.9999995 0
vn -0.0009775162 0.9999995 0
vn 0.0009775162 -0.9999995 0
vn -0.0009775162 -0.9999995 0
vn -0.0009775162 -0.9999995 0
vn -0.0009775162 -0.9999995 0
vn 0.0009775162 -0.0009775162 0.999999
vn -0.0009775162 0.0009775162 0.999999
vn -0.0009775162 0.0009775162 0.999999
vn -0.0009775162 0.0009775162 0.999999
vn -0.9999995 0.0009775162 0
vn -0.9999995 0.0009775162 0
vn -0.9999995 -0.0009775162 0
vn -0.9999995 0.0009775162 0
vn -0.0009775162 0.0009775162 -0.999999
vn 0.0009775162 0.0009775162 -0.999999
vn -0.0009775162 -0.0009775162 -0.999999
vn -0.0009775162 0.0009775162 -0.999999
vn -0.499511 0.8651022 0.04568366
vn -0.499511 0.8651022 0.04568366
vn -0.499511 0.8651022 0.04568366
vn -0.4991868 0.8664945 0
vn -0.499511 -0.8651022 0.04568236
vn -0.499511 -0.8651022 -0.04568236
vn -0.499511 -0.8651022 0.04568236
vn -0.501466 -0.8651022 0.01139904
vn -0.3020526 0.0009775162 0.9532908
vn -0.3079177 0.0009775162 0.9514125
vn -0.3079177 0.0009775162 0.9514125
vn -0.3020526 0.0009775162 0.9532908
vn -0.03421307 0.0009775162 -0.9994141
vn -0.030303 0.0009775162 -0.9995403
vn -0.030303 0.0009775162 -0.9995403
vn -0.03421307 0.0009775162 -0.9994141
vn 0.0009775162 -0.0009775162 -0.999999
vn 0.0009775162 0.0009775162 -0.999999
vn -0.0009775162 0.0009775162 -0.999999
vn -0.0009775162 -0.0009775162 -0.999999
vn -0.0009775162 0.9999995 0
vn -0.0009775162 0.9999995 0
vn -0.0009775162 0.9999995 0
vn 0.0009775162 0.9999995 0
vn -0.0009775162 -0.9999995 0
vn -0.0009775162 -0.9999995 0
vn -0.0009775162 -0.9999995 0
vn -0.0009775162 -0.9999995 0
vn 0.0009775162 0.0009775162 0.999999
vn 0.9980445 0.05962849 -0.01875226
vn 0.9980445 -0.05962849 -0.01875226
vn -0.0009775162 0.0009775162 0.999999
vn -0.0009775162 0.0009775162 0.999999
vn 0.0009775162 -0.0009775162 0.999999
vn 0.0009775162 -0.0009775162 0.999999
vn 0.0009775162 -0.0009775162 0.999999
vn -0.9980445 -0.01075268 -0.06157584
vn -0.9980445 0.01270771 0.06120227
vn -0.9980445 -0.01270771 0.06120227
vn -0.9980445 0.008797646 -0.06188542
vn 0.0009775162 -0.08308893 -0.9965417
vn -0.0009775162 -0.0811339 -0.9967027
vn 0.0009775162 -0.08308893 -0.9965417
vn -0.0009775162 -0.08308893 -0.9965417
vn 0.0009775162 -0.08308893 -0.9965417
vn -0.0009775162 -0.08308893 -0.9965417
vn -0.499511 0.8651022 0.04568366
vn -0.499511 0.8651022 -0.04568366
vn -0.499511 0.8651022 0.04568366
vn -0.4991868 0.8664945 0
vn -0.4991868 -0.8664944 0
vn -0.499511 -0.8651022 0.04568236
vn -0.4991868 -0.8664944 0
vn -0.499511 -0.8651022 0.04568236
vn 0.0009775162 0.1769305 -0.9842228
vn 0.0009775162 0.1769305 -0.9842228
vn -0.0009775162 0.1769305 -0.9842228
vn -0.0009775162 0.1749755 -0.9845723
vn -0.9856176 0.168991 0
vn -0.9856176 0.168991 0
vn -0.9856176 0.168991 0
vn -0.9856176 0.168991 0
vn -0.0009775162 0.1749755 0.9845723
vn 0.0009775162 0.1788856 0.9838694
vn 0.0009775162 0.1749755 0.9845723
vn -0.0009775162 0.1788856 0.9838694
vn 0.9856176 0.168991 0
vn 0.9856176 0.168991 0
vn 0.9856176 0.168991 0
vn 0.9856176 0.168991 0
vn 0.9856176 -0.1689909 0
vn 0.9856176 -0.1689909 0
vn 0.9856176 -0.1689909 0
vn 0.9856176 -0.1689909 0
vn -0.0009775162 -0.1749755 0.9845723
vn -0.0009775162 -0.1788855 0.9838694
vn -0.0009775162 -0.1749755 0.9845723
vn -0.0009775162 -0.1788855 0.9838694
vn -0.9856176 -0.1689909 0
vn -0.9856176 -0.1689909 0
vn -0.9856176 -0.1689909 0
vn -0.9856176 -0.1689909 0
vn -0.0009775162 -0.1769305 -0.9842228
vn -0.0009775162 -0.1769305 -0.9842228
vn 0.0009775162 -0.1788855 -0.9838694
vn 0.0009775162 -0.1769305 -0.9842228
vn 0.1827956 0.9824042 0.03831064
vn 0.1827956 0.9824042 -0.03831064
vn 0.1827956 0.9824042 -0.03831064
vn 0.1827956 0.9824042 0.03831064
vn 0.1827956 -0.9824042 -0.03831064
vn 0.1827956 -0.9824042 -0.03831064
vn 0.1827956 -0.9824042 -0.03831064
vn 0.1827956 -0.9824042 0.03831064
vn 0.9999995 -0.0009775162 0
vn 0.9999995 0.0009775162 0
vn 0.9999995 0.0009775162 0
vn 0.9999995 0.0009775162 0
vn 0.1260996 0.0009775162 0.9920171
vn 0.1221896 0.0009775162 0.9925063
vn 0.1221896 0.0009775162 0.9925063
vn 0.1260996 0.0009775162 0.9920171
vn -0.9999995 -0.0009775162 0
vn -0.9999995 0.0009775162 0
vn -0.9999995 -0.0009775162 0
vn -0.9999995 0.0009775162 0
vn 0.1260996 -0.0009775162 -0.9920171
vn 0.1280547 -0.0009775162 -0.9917666
vn 0.1280547 0.0009775162 -0.9917666
vn 0.1260996 0.0009775162 -0.9920171
vn 0.1202345 0.9921794 0.03352203
vn 0.1202345 0.9921794 -0.03352203
vn 0.1202345 0.9921794 0.03352203
vn 0.1202345 0.9921794 0.03352203
vn 0.1202345 -0.9921794 0.03352203
vn 0.1202345 -0.9921794 0.03352203
vn 0.1202345 -0.9921794 -0.03352203
vn 0.1202345 -0.9921794 -0.03352203
vn 0.06744868 0.0009775162 -0.9977223
vn 0.2316715 -0.0009775162 -0.9727936
vn 0.2316715 -0.0009775162 -0.9727936
vn 0.06744868 -0.0009775162 -0.9977223
vn 0.1593352 -0.0009775162 0.987224
vn 0.1593352 0.0009775162 0.987224
vn 0.1593352 0.0009775162 0.987224
vn 0.1593352 0.0009775162 0.987224
vn 0.1436949 -0.0009775162 -0.9896215
vn 0.1436949 0.0009775162 -0.9896215
vn 0.1436949 -0.0009775162 -0.9896215
vn 0.1436949 0.0009775162 -0.9896215
vn -0.4991868 0.8664945 0
vn -0.499511 0.8651022 0.04568366
vn -0.499511 0.8651022 0.04568366
vn -0.499511 0.8651022 -0.04568366
vn -0.4991868 -0.8664944 0
vn -0.499511 -0.8651022 0.04568236
vn -0.499511 -0.8651022 -0.04568236
vn -0.499511 -0.8651022 0.04568236
vn -0.2825023 -0.0009775162 0.9592661
vn -0.2766372 0.0009775162 0.9609739
vn -0.2766372 -0.0009775162 0.9609739
vn -0.2825023 0.0009775162 0.9592661
vn -0.2551318 0.0009775162 -0.9669058
vn -0.1749755 -0.0009775162 -0.9845723
vn -0.1769305 0.0009775162 -0.9842228
vn -0.2551318 -0.0009775162 -0.9669058
vn -0.3059627 -0.0009775162 -0.952043
vn -0.3040076 -0.0009775162 -0.9526691
vn -0.3040076 0.0009775162 -0.9526691
vn -0.3059627 0.0009775162 -0.952043
vn -0.4991868 0.8664945 0
vn -0.499511 0.8651022 0.04568366
vn -0.499511 0.8651022 -0.04568366
vn -0.4991868 0.8664945 0
vn -0.499511 -0.8651022 0.04568236
vn -0.4991868 -0.8664944 0
vn -0.499511 -0.8651022 -0.04568236
vn -0.499511 -0.8651022 -0.04568236
vn -0.3176929 0.0009775162 0.9481931
vn -0.3176929 -0.0009775162 0.9481931
vn -0.3176929 0.0009775162 0.9481931
vn -0.3176929 -0.0009775162 0.9481931
vn -0.4134896 0.0009775162 -0.9105083
vn -0.3176929 -0.0009775162 -0.9481931
vn -0.3176929 -0.0009775162 -0.9481931
vn -0.4134896 0.0009775162 -0.9105083
vn -0.3157378 0.0009775162 -0.948846
vn -0.3196479 0.0009775162 -0.9475359
vn -0.3196479 0.0009775162 -0.9475359
vn -0.3157378 0.0009775162 -0.948846
vn -0.4991868 0.8664945 0
vn -0.499511 0.8651022 0.04568366
vn -0.499511 0.8651022 -0.04568366
vn -0.499511 0.8651022 -0.04568366
vn -0.499511 -0.8651022 -0.04568236
vn -0.499511 -0.8651022 0.04568236
vn -0.4991868 -0.8664944 0
vn -0.499511 -0.8651022 0.04568236
vn -0.2531768 0.0009775162 0.9674196
vn -0.2512218 -0.0009775162 0.9679291
vn -0.2512218 -0.0009775162 0.9679291
vn -0.2531768 -0.0009775162 0.9674196
vn -0.090909 0.0009775162 -0.9958587
vn -0.05180836 0.0009775162 -0.9986566
vn -0.05180836 0.0009775162 -0.9986566
vn -0.090909 0.0009775162 -0.9958587
vn -0.2570869 0.0009775162 -0.9663878
vn -0.2531768 -0.0009775162 -0.9674196
vn -0.2531768 0.0009775162 -0.9674196
vn -0.2570869 0.0009775162 -0.9663878
vn -0.0009775162 -0.9999995 0
vn -0.0009775162 -0.9999995 0
vn -0.0009775162 -0.9999995 0
vn -0.0009775162 -0.9999995 0
vn -0.0009775162 -0.9999995 0
vn -0.0009775162 -0.9999995 0
vn -0.0009775162 -0.9999995 0
vn 0.0009775162 -0.9999995 0
vn -0.0009775162 -0.9999995 0
vn -0.0009775162 -0.9999995 0
vn -0.0009775162 -0.9999995 0
vn -0.0009775162 -0.9999995 0
vn -0.0009775162 -0.9999995 0
vn -0.0009775162 -0.9999995 0
vn -0.0009775162 -0.9999995 0
vn -0.0009775162 -0.9999995 0
vn -0.0009775162 -0.9999995 0
vn -0.0009775162 -0.9999995 0
vn -0.0009775162 -0.9999995 0
vn -0.0009775162 -0.9999995 0
vn 0.0009775162 -0.9999995 0
vn 0.0009775162 -0.9999995 0
vn 0.0009775162 -0.9999995 0
vn 0.0009775162 -0.9999995 0
vn 0.0009775162 -0.9999995 0
vn 0.0009775162 -0.9999995 0
vn -0.0009775162 -0.9999995 0
vn 0.0009775162 -0.9999995 0
vn -0.0009775162 -0.9999995 0
vn -0.0009775162 -0.9999995 0
vn 0.0009775162 -0.9999995 0
vn -0.0009775162 -0.9999995 0
vn 0.0009775162 0.9999995 0
vn 0.0009775162 0.9999995 0
vn 0.0009775162 0.9999995 0
vn -0.0009775162 0.9999995 0
vn 0.0009775162 0.9999995 0
vn 0.0009775162 0.9999995 0
vn -0.0009775162 0.9999995 0
vn 0.0009775162 0.9999995 0
vn -0.0009775162 0.9999995 0
vn -0.0009775162 0.9999995 0
vn -0.0009775162 0.9999995 0
vn -0.0009775162 0.9999995 0
vn -0.0009775162 0.9999995 0
vn -0.0009775162 0.9999995 0
vn -0.0009775162 0.9999995 0
vn -0.0009775162 0.9999995 0
vn -0.0009775162 0.9999995 0
vn -0.0009775162 0.9999995 0
vn -0.0009775162 0.9999995 0
vn -0.0009775162 0.9999995 0
vn -0.0009775162 0.9999995 0
vn -0.0009775162 0.9999995 0
vn -0.0009775162 0.9999995 0
vn -0.0009775162 0.9999995 0
vn -0.0009775162 0.9999995 0
vn -0.0009775162 0.9999995 0
vn -0.0009775162 0.9999995 0
vn 0.0009775162 0.9999995 0
vn -0.0009775162 0.9999995 0
vn -0.0009775162 0.9999995 0
vn -0.0009775162 0.9999995 0
vn -0.0009775162 0.9999995 0
vn -0.9002929 0.4330399 -0.04414948
vn -0.9999995 0.0009775162 0
vn -0.9999995 -0.0009775162 0
vn -0.9002929 0.4330399 -0.04414948
vn -0.622678 0.7810358 0.04748833
vn -0.622678 0.7810358 0.04748833
vn -0.2218963 0.9745841 0.0307869
vn -0.2218963 0.9745841 0.0307869
vn 0.2218963 0.9745841 0.0307869
vn 0.2218963 0.9745841 0.0307869
vn 0.6226781 0.7810358 0.04748833
vn 0.6226781 0.7810358 0.04748833
vn 0.9002928 0.4330399 0.04415083
vn 0.9002928 0.4330399 0.04415083
vn 0.9999995 0.0009775162 0
vn 0.9999995 0.0009775162 0
vn -0.0009775162 -0.0009775162 0.999999
vn -0.0009775162 -0.0009775162 0.999999
vn -0.0009775162 0.0009775162 0.999999
vn -0.0009775162 0.0009775162 0.999999
vn -0.0009775162 -0.0009775162 0.999999
vn -0.0009775162 -0.0009775162 0.999999
vn -0.0009775162 -0.0009775162 0.999999
vn -0.0009775162 0.0009775162 0.999999
vn -0.0009775162 0.0009775162 0.999999
vn -0.0009775162 0.0009775162 0.999999
vn -0.0009775162 0.0009775162 0.999999
vn -0.0009775162 0.0009775162 0.999999
vn -0.0009775162 0.0009775162 0.999999
vn -0.0009775162 0.0009775162 0.999999
vn 0.0009775162 0.0009775162 -0.999999
vn -0.0009775162 0.0009775162 -0.999999
vn -0.0009775162 0.0009775162 -0.999999
vn -0.0009775162 0.0009775162 -0.999999
vn 0.0009775162 -0.0009775162 -0.999999
vn 0.0009775162 0.0009775162 -0.999999
vn 0.0009775162 0.0009775162 -0.999999
vn 0.0009775162 0.0009775162 -0.999999
vn 0.0009775162 0.0009775162 -0.999999
vn -0.0009775162 0.0009775162 -0.999999
vn -0.0009775162 0.0009775162 -0.999999
vn 0.0009775162 0.0009775162 -0.999999
vn -0.0009775162 0.0009775162 -0.999999
vn 0.0009775162 0.0009775162 -0.999999
vn -0.0009775162 0.0009775162 -0.999999
vn 0.0009775162 0.0009775162 -0.999999
vn 0.0009775162 0.0009775162 -0.999999
vn 0.0009775162 0.0009775162 -0.999999
vn 0.0009775162 0.0009775162 -0.999999
vn 0.0009775162 0.0009775162 -0.999999
vn -0.0009775162 0.0009775162 -0.999999
vn 0.0009775162 0.0009775162 -0.999999
vn -0.0009775162 -0.0009775162 -0.999999
vn 0.0009775162 0.0009775162 -0.999999
vn 0.0009775162 -0.0009775162 -0.999999
vn 0.0009775162 0.0009775162 -0.999999
vn 0.0009775162 -0.0009775162 -0.999999
vn 0.0009775162 -0.0009775162 -0.999999
vn 0.0009775162 0.0009775162 -0.999999
vn 0.0009775162 0.0009775162 -0.999999
vn -0.0009775162 0.0009775162 -0.999999
vn -0.0009775162 0.0009775162 -0.999999
vn -0.0009775162 0.0009775162 -0.999999
vn -0.0009775162 0.0009775162 -0.999999
vn -0.0009775162 -0.0009775162 -0.999999
vn -0.0009775162 -0.0009775162 -0.999999
vn 0.0009775162 -0.0009775162 -0.999999
vn 0.0009775162 -0.0009775162 -0.999999
vn 0.0009775162 0.0009775162 -0.999999
vn 0.0009775162 -0.0009775162 -0.999999
vn 0.0009775162 0.0009775162 -0.999999
vn 0.0009775162 -0.0009775162 -0.999999
vn 0.0009775162 0.0009775162 -0.999999
vn 0.0009775162 -0.0009775162 -0.999999
vn 0.0009775162 0.0009775162 -0.999999
vn 0.0009775162 0.0009775162 -0.999999
vn 0.0009775162 -0.0009775162 -0.999999
vn -0.0009775162 0.0009775162 -0.999999
vn -0.0009775162 -0.0009775162 -0.999999
vn -0.0009775162 0.0009775162 -0.999999
vn 0.0009775162 -0.0009775162 -0.999999
vn 0.0009775162 -0.0009775162 -0.999999
vn 0.0009775162 -0.0009775162 -0.999999
vn -0.0009775162 -0.0009775162 -0.999999
vn -0.0009775162 -0.0009775162 -0.999999
vn 0.0009775162 -0.0009775162 -0.999999
vn 0.0009775162 0.0009775162 -0.999999
vn -0.0009775162 0.0009775162 -0.999999
vn 0.0009775162 -0.0009775162 -0.999999
vn 0.0009775162 -0.0009775162 -0.999999
vn 0.0009775162 0.0009775162 -0.999999
vn 0.0009775162 -0.0009775162 -0.999999
vn 0.0009775162 -0.0009775162 -0.999999
vn -0.0009775162 -0.0009775162 -0.999999
vn -0.0009775162 0.0009775162 -0.999999
vn -0.0009775162 0.0009775162 -0.999999
vn -0.9999995 0.0009775162 0
vn -0.9002929 -0.4330398 -0.04415015
vn -0.9999995 -0.0009775162 0
vn -0.9002929 -0.4330398 -0.04415015
vn -0.622678 -0.7810358 0.04748833
vn -0.622678 -0.7810358 0.04748833
vn -0.2218963 -0.9745841 0.0307869
vn -0.2218963 -0.9745841 0.0307869
vn 0.2218963 -0.9745841 0.0307869
vn 0.2218963 -0.9745841 0.0307869
vn 0.6226781 -0.7810358 0.04748833
vn 0.6226781 -0.7810358 0.04748833
vn 0.9002928 -0.4330398 0.0441515
vn 0.9002928 -0.4330398 0.0441515
vn 0.9999995 0.0009775162 0
vn 0.9999995 0.0009775162 0
vn 0.9842276 0.1769069 0
vn 0.8866076 0.4623654 0.01205039
vn 0.9842276 0.1769069 0
vn 0.8866076 0.4623654 0.01205039
vn 0.499511 0.8651022 0.04568366
vn 0.499511 0.8651022 0.04568366
vn -0.04394575 0.9990339 0
vn -0.04394575 0.9990339 0
vn -0.3372432 0.9413486 0.01139904
vn -0.3372432 0.9413486 0.01139904
vn 0.0009775162 0.0009775162 -0.999999
vn 0.0009775162 0.0009775162 -0.999999
vn 0.0009775162 0.0009775162 -0.999999
vn 0.0009775162 0.0009775162 -0.999999
vn -0.0009775162 0.0009775162 -0.999999
vn 0.0009775162 0.0009775162 -0.999999
vn 0.0009775162 0.0009775162 -0.999999
vn 0.0009775162 0.0009775162 -0.999999
vn -0.0009775162 0.0009775162 0.999999
vn -0.0009775162 0.0009775162 0.999999
vn -0.0009775162 -0.0009775162 0.999999
vn -0.0009775162 0.0009775162 0.999999
vn -0.0009775162 -0.0009775162 0.999999
vn -0.0009775162 -0.0009775162 0.999999
vn 0.3372433 0.9413486 0.01139904
vn 0.04394575 0.9990339 0
vn 0.3372433 0.9413486 0.01139904
vn 0.04394575 0.9990339 0
vn -0.499511 0.8651022 0.04568366
vn -0.499511 0.8651022 0.04568366
vn -0.8866076 0.4623654 0.01204544
vn -0.8866076 0.4623654 0.01204544
vn -0.9842276 0.1769069 0
vn -0.9842276 0.1769069 0
vn 0.0009775162 0.0009775162 -0.999999
vn -0.0009775162 0.0009775162 -0.999999
vn -0.0009775162 0.0009775162 -0.999999
vn -0.0009775162 0.0009775162 -0.999999
vn -0.0009775162 -0.0009775162 -0.999999
vn -0.0009775162 0.0009775162 -0.999999
vn -0.0009775162 0.0009775162 -0.999999
vn -0.0009775162 0.0009775162 -0.999999
vn -0.0009775162 -0.0009775162 0.999999
vn -0.0009775162 -0.0009775162 0.999999
vn -0.0009775162 -0.0009775162 0.999999
vn -0.0009775162 -0.0009775162 0.999999
vn 0.0009775162 -0.0009775162 0.999999
vn 0.0009775162 -0.0009775162 0.999999
vn 0.6460298 -0.7633121 0
vn 0.8435969 -0.5366566 0.01854746
vn 0.6460298 -0.7633121 0
vn 0.8435969 -0.5366566 0.01854746
vn 0.9999995 0.0009775162 0
vn 0.9999995 -0.0009775162 0
vn 0.8435969 0.5366566 0.01854746
vn 0.8435969 0.5366566 0.01854746
vn 0.6460298 0.7633121 0
vn 0.6460298 0.7633121 0
vn 0.0009775162 -0.0009775162 -0.999999
vn 0.0009775162 -0.0009775162 -0.999999
vn 0.0009775162 -0.0009775162 -0.999999
vn 0.0009775162 0.0009775162 -0.999999
vn -0.0009775162 0.0009775162 -0.999999
vn 0.0009775162 0.0009775162 -0.999999
vn 0.0009775162 0.0009775162 -0.999999
vn 0.0009775162 -0.0009775162 -0.999999
vn -0.0009775162 0.0009775162 0.999999
vn -0.0009775162 0.0009775162 0.999999
vn -0.0009775162 0.0009775162 0.999999
vn -0.0009775162 0.0009775162 0.999999
vn -0.0009775162 -0.0009775162 0.999999
vn -0.0009775162 -0.0009775162 0.999999
vn -0.3372432 -0.9413486 0.01139904
vn -0.04394575 -0.9990339 0
vn -0.3372432 -0.9413486 0.01139904
vn -0.04394575 -0.9990339 0
vn 0.499511 -0.8651022 0.04568236
vn 0.499511 -0.8651022 0.04568236
vn 0.8866076 -0.4623654 0.01205039
vn 0.8866076 -0.4623654 0.01205039
vn 0.9842276 -0.1769068 0
vn 0.9842276 -0.1769068 0
vn 0.0009775162 -0.0009775162 -0.999999
vn 0.0009775162 -0.0009775162 -0.999999
vn 0.0009775162 -0.0009775162 -0.999999
vn 0.0009775162 -0.0009775162 -0.999999
vn 0.0009775162 -0.0009775162 -0.999999
vn 0.0009775162 -0.0009775162 -0.999999
vn 0.0009775162 -0.0009775162 -0.999999
vn 0.0009775162 -0.0009775162 -0.999999
vn 0.0009775162 0.0009775162 0.999999
vn 0.0009775162 0.0009775162 0.999999
vn 0.0009775162 0.0009775162 0.999999
vn 0.0009775162 0.0009775162 0.999999
vn -0.0009775162 0.0009775162 0.999999
vn -0.0009775162 0.0009775162 0.999999
vn -0.9842276 -0.1769068 0
vn -0.8866076 -0.4623654 0.01204544
vn -0.9842276 -0.1769068 0
vn -0.8866076 -0.4623654 0.01204544
vn -0.499511 -0.8651022 0.04568236
vn -0.499511 -0.8651022 0.04568236
vn 0.04394575 -0.9990339 0
vn 0.04394575 -0.9990339 0
vn 0.3372433 -0.9413486 0.01139904
vn 0.3372433 -0.9413486 0.01139904
vn -0.0009775162 -0.0009775162 -0.999999
vn -0.0009775162 -0.0009775162 -0.999999
vn -0.0009775162 -0.0009775162 -0.999999
vn -0.0009775162 -0.0009775162 -0.999999
vn 0.0009775162 -0.0009775162 -0.999999
vn -0.0009775162 -0.0009775162 -0.999999
vn -0.0009775162 -0.0009775162 -0.999999
vn -0.0009775162 -0.0009775162 -0.999999
vn 0.0009775162 -0.0009775162 0.999999
vn 0.0009775162 -0.0009775162 0.999999
vn 0.0009775162 0.0009775162 0.999999
vn 0.0009775162 -0.0009775162 0.999999
vn 0.0009775162 0.0009775162 0.999999
vn 0.0009775162 0.0009775162 0.999999
vn -0.6460299 0.7633121 0
vn -0.8435968 0.5366566 0.01854906
vn -0.6460299 0.7633121 0
vn -0.8435968 0.5366566 0.01854906
vn -0.9999995 -0.0009775162 0
vn -0.9999995 0.0009775162 0
vn -0.8435968 -0.5366566 0.01854906
vn -0.8435968 -0.5366566 0.01854906
vn -0.6460299 -0.7633121 0
vn -0.6460299 -0.7633121 0
vn -0.0009775162 0.0009775162 -0.999999
vn -0.0009775162 0.0009775162 -0.999999
vn -0.0009775162 0.0009775162 -0.999999
vn -0.0009775162 -0.0009775162 -0.999999
vn -0.0009775162 -0.0009775162 -0.999999
vn -0.0009775162 -0.0009775162 -0.999999
vn -0.0009775162 -0.0009775162 -0.999999
vn -0.0009775162 0.0009775162 -0.999999
vn 0.0009775162 -0.0009775162 0.999999
vn 0.0009775162 -0.0009775162 0.999999
vn 0.0009775162 -0.0009775162 0.999999
vn 0.0009775162 -0.0009775162 0.999999
vn 0.0009775162 0.0009775162 0.999999
vn 0.0009775162 0.0009775162 0.999999
vn -0.7339411 0.6792131 0
vn -0.0009775162 0.9999995 0
vn -0.7339411 0.6792131 0
vn 0.0009775162 0.9999995 0
vn -0.9999995 0.0009775162 0
vn -0.7339411 0.6792131 0
vn -0.7339411 0.6792131 0
vn -0.9999995 -0.0009775162 0
vn -0.7339411 -0.6792131 0
vn -0.7339411 -0.6792131 0
vn -0.0009775162 -0.9999995 0
vn -0.7339411 -0.6792131 0
vn -0.7339411 -0.6792131 0
vn 0.0009775162 -0.9999995 0
vn 0.7339411 -0.6792131 0
vn 0.0009775162 -0.9999995 0
vn -0.0009775162 -0.9999995 0
vn 0.7339411 -0.6792131 0
vn 0.9999995 0.0009775162 0
vn 0.9999995 0.0009775162 0
vn 0.7339411 0.6792131 0
vn 0.7339411 0.6792131 0
vn -0.0009775162 0.9999995 0
vn 0.0009775162 0.9999995 0
vn 0.0009775162 0.9999995 0
vn -0.7339411 0.6792131 0
vn -0.7339411 0.6792131 0
vn 0.0009775162 0.9999995 0
vn -0.9999995 -0.0009775162 0
vn -0.7339411 0.6792131 0
vn -0.7339411 0.6792131 0
vn -0.9999995 -0.0009775162 0
vn -0.7339411 -0.6792131 0
vn -0.7339411 -0.6792131 0
vn -0.7339411 -0.6792131 0
vn -0.0009775162 -0.9999995 0
vn 0.0009775162 -0.9999995 0
vn -0.7339411 -0.6792131 0
vn 0.7339411 -0.6792131 0
vn 0.0009775162 -0.9999995 0
vn -0.0009775162 -0.9999995 0
vn 0.7339411 -0.6792131 0
vn 0.9999995 -0.0009775162 0
vn 0.9999995 0.0009775162 0
vn 0.7339411 0.6792131 0
vn 0.7339411 0.6792131 0
vn 0.0009775162 0.9999995 0
vn 0.0009775162 0.9999995 0
vn 0.0009775162 -0.0009775162 -0.999999
vn 0.0009775162 -0.0009775162 -0.999999
vn 0.0009775162 -0.0009775162 -0.999999
vn -0.0009775162 0.0009775162 -0.999999
vn -0.0009775162 0.0009775162 -0.999999
vn -0.0009775162 0.0009775162 -0.999999
vn -0.0009775162 0.0009775162 -0.999999
vn -0.0009775162 0.0009775162 -0.999999
vn 0.6383184 -0.7243398 0.2605407
vn -0.3822091 -0.8709673 -0.308759
vn -0.380254 -0.8729224 0.3056361
vn 0.6383184 -0.7243398 -0.2605407
vn 0.6383184 0.7243398 -0.2605407
vn 0.6383184 0.7243398 0.2605407
vn -0.3822091 0.8709673 -0.3087592
vn -0.380254 0.8729223 0.3056363
vn 0.6226781 -0.3352882 0.7070034
vn 0.6226781 0.3352882 0.7070035
vn -0.2414466 0.4623654 0.8531833
vn -0.5679371 -0.1710654 0.8050988
vn -0.5679371 0.1710654 0.8050988
vn -0.2414466 -0.4623654 0.8531833
vn 0.6383184 -0.7243398 0.2605407
vn -0.2414466 -0.4623654 0.8531833
vn 0.6226781 -0.3352882 0.7070034
vn -0.380254 -0.8729224 0.3056361
vn -0.5679371 -0.1710654 0.8050988
vn -0.9022479 -0.3607036 0.2363083
vn -0.9022479 0.3607036 0.2363084
vn -0.9002929 -0.3607036 -0.2436506
vn -0.5679371 0.1710654 0.8050988
vn -0.3822091 -0.8709673 -0.308759
vn -0.380254 0.8729223 0.3056363
vn -0.2414466 0.4623654 0.8531833
vn -0.9002929 0.3607036 -0.2436507
vn 0.6383184 0.7243398 0.2605407
vn 0.6226781 0.3352882 0.7070035
vn -0.3822091 0.8709673 -0.3087592
vn -0.2434016 -0.4623654 -0.8526276
vn 0.6226781 -0.3352882 -0.7070034
vn -0.5659821 -0.1730204 -0.8060572
vn 0.6383184 -0.7243398 -0.2605407
vn -0.5659821 0.1730205 -0.8060572
vn -0.2434016 0.4623654 -0.8526276
vn 0.6226781 0.3352882 -0.7070035
vn 0.6383184 0.7243398 -0.2605407
vn -0.9022479 0.3607036 0.2363084
vn -0.9002929 -0.3607036 -0.2436506
vn -0.9002929 0.3607036 -0.2436507
vn -0.9022479 -0.3607036 0.2363083
vn -0.2434016 0.4623654 -0.8526276
vn 0.6226781 -0.3352882 -0.7070034
vn 0.6226781 0.3352882 -0.7070035
vn -0.5659821 -0.1730204 -0.8060572
vn -0.5659821 0.1730205 -0.8060572
vn -0.2434016 -0.4623654 -0.8526276
vn -0.0009775162 -0.9999995 0
vn -0.0009775162 -0.9999995 0
vn -0.0009775162 -0.9999995 0
vn -0.0009775162 -0.9999995 0
vn 0.002932537 -0.9999957 0
vn -0.002932537 -0.9999957 0
vn -0.0009775162 -0.9999995 0
vn -0.006842457 -0.9999766 0
vn -0.6989244 0.0009775162 0.7151949
vn -0.9198432 0.0009775162 0.392285
vn -0.9198432 0.0009775162 0.392285
vn -0.6989244 0.0009775162 0.7151949
vn -0.0009775162 0.0009775162 0.999999
vn -0.0009775162 0.0009775162 0.999999
vn 0.6989244 0.0009775162 0.7151949
vn 0.6989244 0.0009775162 0.7151949
vn 0.9198431 0.0009775162 0.3922851
vn 0.9198431 0.0009775162 0.3922851
vn -0.6989244 -0.0009775162 -0.7151949
vn -0.9198432 0.0009775162 -0.392285
vn -0.9198432 -0.0009775162 -0.392285
vn -0.6989244 -0.0009775162 -0.7151949
vn -0.0009775162 -0.0009775162 -0.999999
vn -0.0009775162 -0.0009775162 -0.999999
vn 0.6989244 -0.0009775162 -0.7151949
vn 0.6989244 -0.0009775162 -0.7151949
vn 0.9198431 -0.0009775162 -0.3922851
vn 0.9198431 0.0009775162 -0.3922851
vn -0.0009775162 -0.9999995 0
vn -0.0009775162 -0.9999995 0
vn -0.0009775162 -0.9999995 0
vn -0.0009775162 -0.9999995 0
vn 0.0009775162 -0.9999995 0
vn -0.0009775162 -0.9999995 0
vn 0.0009775162 -0.9999995 0
vn -0.0009775162 -0.9999995 0
vn 0.0009775162 0.9999995 0
vn -0.0009775162 0.9999995 0
vn 0.0009775162 0.9999995 0
vn -0.0009775162 0.9999995 0
vn -0.0009775162 0.9999995 0
vn 0.0009775162 0.9999995 0
vn 0.0009775162 0.9999995 0
vn 0.0009775162 0.9999995 0
vn -0.9198432 0.0009775162 0.392285
vn -0.6989244 0.0009775162 0.7151949
vn -0.9198432 0.0009775162 0.392285
vn -0.6989244 0.0009775162 0.7151949
vn 0.0009775162 -0.0009775162 0.999999
vn -0.0009775162 -0.0009775162 0.999999
vn 0.6989244 -0.0009775162 0.7151949
vn 0.6989244 -0.0009775162 0.7151949
vn 0.9198431 -0.0009775162 0.3922851
vn 0.9198431 -0.0009775162 0.3922851
vn -0.9198432 -0.0009775162 -0.392285
vn -0.6989244 -0.0009775162 -0.7151949
vn -0.9198432 -0.0009775162 -0.392285
vn -0.6989244 -0.0009775162 -0.7151949
vn -0.0009775162 0.0009775162 -0.999999
vn -0.0009775162 0.0009775162 -0.999999
vn 0.6989244 -0.0009775162 -0.7151949
vn 0.6989244 -0.0009775162 -0.7151949
vn 0.9198431 0.0009775162 -0.3922851
vn 0.9198431 0.0009775162 -0.3922851
vn -0.0009775162 0.9999995 0
vn -0.0009775162 0.9999995 0
vn 0.0009775162 0.9999995 0
vn -0.0009775162 0.9999995 0
vn -0.0009775162 0.9999995 0
vn 0.0009775162 0.9999995 0
vn -0.0009775162 0.9999995 0
vn 0.0009775162 0.9999995 0
vn -0.9999995 0.0009775162 0
vn -0.9999995 0.0009775162 0
vn -0.9999995 0.0009775162 0
vn -0.9999995 0.0009775162 0
vn 0.0009775162 0.9999995 0
vn 0.0009775162 0.9999995 0
vn 0.0009775162 0.9999995 0
vn 0.0009775162 0.9999995 0
vn -0.0009775162 -0.9999995 0
vn -0.0009775162 -0.9999995 0
vn -0.0009775162 -0.9999995 0
vn 0.0009775162 -0.9999995 0
vn 0.9608989 -0.0009775162 -0.2768978
vn 0.9608989 -0.0009775162 -0.2768978
vn 0.9608989 -0.0009775162 -0.2768978
vn 0.9608989 -0.0009775162 -0.2768978
vn -0.9608989 0.0009775162 -0.2768978
vn -0.9608989 0.0009775162 -0.2768978
vn -0.9608989 0.0009775162 -0.2768978
vn -0.9608989 0.0009775162 -0.2768978
vn -0.0009775162 -0.0009775162 -0.999999
vn -0.0009775162 -0.0009775162 -0.999999
vn -0.0009775162 -0.0009775162 -0.999999
vn -0.0009775162 -0.0009775162 -0.999999
vn -0.6989244 0.0009775162 0.7151949
vn -0.9198432 0.0009775162 0.392285
vn -0.9198432 0.0009775162 0.392285
vn -0.6989244 0.0009775162 0.7151949
vn -0.0009775162 0.0009775162 0.999999
vn 0.0009775162 0.0009775162 0.999999
vn 0.6989244 -0.0009775162 0.7151949
vn 0.6989244 -0.0009775162 0.7151949
vn 0.9198431 -0.0009775162 0.3922851
vn 0.9198431 0.0009775162 0.3922851
vn -0.6989244 0.0009775162 -0.7151949
vn -0.9198432 0.0009775162 -0.392285
vn -0.9198432 0.0009775162 -0.392285
vn -0.6989244 -0.0009775162 -0.7151949
vn -0.0009775162 -0.0009775162 -0.999999
vn -0.0009775162 -0.0009775162 -0.999999
vn 0.6989244 -0.0009775162 -0.7151949
vn 0.6989244 0.0009775162 -0.7151949
vn 0.9198431 -0.0009775162 -0.3922851
vn 0.9198431 0.0009775162 -0.3922851
vn -0.0009775162 0.9999995 0
vn -0.0009775162 0.9999995 0
vn -0.0009775162 0.9999995 0
vn -0.0009775162 0.9999995 0
vn -0.0009775162 0.9999995 0
vn -0.0009775162 0.9999995 0
vn -0.0009775162 0.9999995 0
vn -0.0009775162 0.9999995 0
vn -0.0009775162 -0.9999995 0
vn -0.0009775162 -0.9999995 0
vn 0.0009775162 -0.9999995 0
vn -0.0009775162 -0.9999995 0
vn -0.0009775162 -0.9999995 0
vn -0.0009775162 -0.9999995 0
vn -0.0009775162 -0.9999995 0
vn 0.0009775162 -0.9999995 0
vn -0.0009775162 0.9999995 0
vn -0.0009775162 0.9999995 0
vn 0.0009775162 0.9999995 0
vn -0.0009775162 0.9999995 0
vn -0.0009775162 0.9999995 0
vn -0.0009775162 0.9999995 0
vn 0.0009775162 0.9999995 0
vn 0.0009775162 0.9999995 0
vn 0.0009775162 -0.9999995 0
vn 0.0009775162 -0.9999995 0
vn 0.0009775162 -0.9999995 0
vn 0.0009775162 -0.9999995 0
vn 0.0009775162 -0.9999995 0
vn -0.0009775162 -0.9999995 0
vn -0.0009775162 -0.9999995 0
vn -0.0009775162 -0.9999995 0
vn 0.9999995 -0.0009775162 0
vn 0.9999995 -0.0009775162 0
vn 0.9999995 -0.0009775162 0
vn 0.9999995 0.0009775162 0
vn 0.0009775162 0.0009775162 0.999999
vn 0.0009775162 0.0009775162 0.999999
vn 0.0009775162 0.0009775162 0.999999
vn -0.0009775162 0.0009775162 0.999999
vn -0.9999995 0.0009775162 0
vn -0.9999995 0.0009775162 0
vn -0.9999995 0.0009775162 0
vn -0.9999995 0.0009775162 0
vn 0.8866076 -0.0009775162 -0.4625214
vn 0.6598238 -0.0009775162 -0.7514197
vn 0.8866076 -0.0009775162 -0.4625214
vn 0.6598238 -0.0009775162 -0.7514197
vn 0.1749755 -0.0009775162 -0.9845723
vn 0.1749755 0.0009775162 -0.9845723
vn 0.0009775162 0.0009775162 -0.999999
vn 0.0009775162 0.0009775162 -0.999999
vn -0.9999995 0.0009775162 0
vn -0.9999995 0.0009775162 0
vn -0.9999995 0.0009775162 0
vn -0.9999995 0.0009775162 0
vn -0.0009775162 0.0009775162 0.999999
vn -0.0009775162 0.0009775162 0.999999
vn -0.0009775162 0.0009775162 0.999999
vn -0.0009775162 0.0009775162 0.999999
vn 0.1632453 -0.8748774 0.4560049
vn 0.7556204 -0.14565 0.638611
vn 0.8846526 -0.3059627 0.3518192
vn 0.321603 -0.6539586 0.6847698
vn 0.2590419 0.1984359 0.9452621
vn -0.06158352 -0.3900291 0.9187409
vn -0.4213097 0.4682305 0.7766971
vn -0.5855324 -0.1652003 0.7936376
vn -0.7458452 -0.4134895 0.5222464
vn -0.7223848 0.5073311 0.4698673
vn -0.8846526 0.3059627 -0.351819
vn -0.3216029 0.6539587 -0.6847697
vn -0.1632453 0.8748773 -0.456005
vn -0.7556204 0.14565 -0.638611
vn 0.1847506 0.3548385 -0.9164916
vn -0.2570869 -0.1984359 -0.9457957
vn 0.4213096 -0.321603 -0.8479798
vn 0.4740956 0.6871942 -0.5504521
vn 0.3411533 0.1827956 -0.922063
vn 0.7204298 -0.5073311 -0.4728595
vn 0.7458452 0.4134896 -0.5222464
vn 0.4740956 0.6871942 -0.5504521
vn -0.3216029 0.6539587 -0.6847697
vn 0.1847506 0.3548385 -0.9164916
vn 0.616813 0.6480936 -0.4466726
vn -0.1632453 0.8748773 -0.456005
vn 0.4232647 0.6070378 -0.6725713
vn 0.4115345 0.855327 -0.3147301
vn 0.4115345 0.855327 -0.3147301
vn 0.2199413 0.7986311 -0.5601912
vn 0.4115345 0.855327 -0.3147301
vn 0.7458452 0.4134896 -0.5222464
vn 0.3411533 0.1827956 -0.922063
vn -0.1319648 0.3763438 0.9170336
vn -0.2199413 -0.7986311 0.5601912
vn 0.5366566 0.030303 0.8432564
vn -0.4232647 -0.6070378 0.6725712
vn -0.7204298 0.5073311 0.4728595
vn -0.6168129 -0.6480935 0.4466728
vn 0.1319647 -0.3763439 -0.9170336
vn 0.616813 0.6480936 -0.4466726
vn 0.7223848 -0.5073311 -0.4698673
vn 0.4232647 0.6070378 -0.6725713
vn -0.5366566 -0.030303 -0.8432564
vn 0.2199413 0.7986311 -0.5601912
vn 0.9999995 0.0009775162 0
vn 0.9999995 0.0009775162 0
vn 0.9999995 0.0009775162 0
vn 0.9999995 0.0009775162 0
vn -0.0009775162 0.9999995 0
vn -0.0009775162 0.9999995 0
vn -0.0009775162 0.9999995 0
vn 0.0009775162 0.9999995 0
vn 0.0009775162 -0.9999995 0
vn 0.0009775162 -0.9999995 0
vn 0.0009775162 -0.9999995 0
vn -0.0009775162 -0.9999995 0
vn 0.0283366 0.9995984 0
vn 0.1045943 0.8299116 -0.5480025
vn 0.1378298 0.8807425 -0.4530955
vn 0.05571842 0.9941344 -0.09269406
vn -0.1358749 0.853372 0.5032835
vn 0.1749755 0.7380251 -0.6516921
vn -0.02248287 0.8396868 0.5426055
vn 0.1632453 0.9863143 -0.02313289
vn 0.1945258 0.8142713 -0.5469204
vn 0.1612902 0.8592371 0.4854864
vn 0.2277614 0.970674 -0.07691979
vn 0.2727271 0.9120231 0.3063231
vn 0.03809547 -0.9992741 0
vn -0.01857281 -0.8416418 0.5397167
vn -0.14174 -0.8572821 0.4949517
vn 0.04398823 -0.9960895 -0.07662127
vn 0.1788855 -0.8690123 -0.4613216
vn 0.09090906 -0.8201364 -0.5648998
vn 0.1749755 -0.7380251 -0.6516921
vn 0.1632453 -0.9863143 -0.02313289
vn 0.1945258 -0.8142713 -0.5469204
vn 0.1612902 -0.8592371 0.4854863
vn 0.2277614 -0.970674 -0.07691979
vn 0.2727271 -0.912023 0.3063232
vn 0.8885626 0.0009775162 0.4587543
vn 0.8885626 0.0009775162 0.4587543
vn 0.8768324 0.0009775162 0.4807951
vn 0.9002928 0.0009775162 0.4352837
vn -0.7339411 0.6792131 0
vn -0.0009775162 0.9999995 0
vn -0.7339411 0.6792131 0
vn 0.0009775162 0.9999995 0
vn -0.7339411 0.6792131 0
vn -0.9999995 -0.0009775162 0
vn -0.7339411 0.6792131 0
vn -0.9999995 -0.0009775162 0
vn -0.7339411 -0.6792131 0
vn -0.7339411 -0.6792131 0
vn 0.0009775162 -0.9999995 0
vn -0.7339411 -0.6792131 0
vn 0.0009775162 -0.9999995 0
vn -0.7339411 -0.6792131 0
vn 0.0009775162 -0.9999995 0
vn 0.7339411 -0.6792131 0
vn 0.0009775162 -0.9999995 0
vn 0.7339411 -0.6792131 0
vn 0.9999995 0.0009775162 0
vn 0.9999995 -0.0009775162 0
vn 0.7339411 0.6792131 0
vn 0.7339411 0.6792131 0
vn 0.0009775162 0.9999995 0
vn -0.0009775162 0.9999995 0
vn -0.5347016 0.5444767 0.6462502
vn -0.01466274 0.9139781 -0.4054985
vn 0.0009775162 0.8494619 0.527649
vn -0.6559137 0.675464 -0.3369355
vn 0.0009775162 0.8494619 0.527649
vn -0.01466274 0.9139781 -0.4054985
vn 0.1671553 0.7634405 0.6238731
vn 0.08895403 0.8631471 -0.4970555
vn -0.0009775162 0.8514169 0.5244886
vn 0.0009775162 0.0009775162 -0.999999
vn 0.08895403 -0.8631472 -0.4970554
vn 0.01270771 -0.910068 -0.4142642
vn 0.1671553 -0.7634405 0.6238731
vn 0.0009775162 -0.851417 0.5244884
vn 0.04007816 -0.8318667 0.5535265
vn -0.6695989 -0.6578687 -0.3447405
vn -0.6559137 0.675464 -0.3369355
vn -0.9393935 0.002932549 -0.3428283
vn -0.5444767 -0.5073311 0.6679522
vn -0.7419351 0.004887581 0.6704538
vn -0.5347016 0.5444767 0.6462502
vn 0.04007816 -0.8318667 0.5535265
vn -0.6695989 -0.6578687 -0.3447405
vn -0.5444767 -0.5073311 0.6679522
vn 0.01270771 -0.910068 -0.4142642
vn -0.0009775162 0.0009775162 0.999999
vn -0.0009775162 0.0009775162 0.999999
vn -0.0009775162 0.0009775162 0.999999
vn -0.0009775162 -0.0009775162 0.999999
vn -0.0009775162 -0.0009775162 0.999999
vn -0.0009775162 0.0009775162 -0.999999
vn -0.0009775162 -0.0009775162 -0.999999
vn 0.0009775162 -0.0009775162 -0.999999
vn -0.0009775162 0.0009775162 -0.999999
vn 0.0009775162 0.0009775162 -0.999999
vn 0.0009775162 -0.0009775162 -0.999999
vn -0.0009775162 0.0009775162 -0.999999
vn 0.0009775162 -0.0009775162 -0.999999
vn 0.0009775162 0.9999995 0
vn 0.0009775162 0.9999995 0
vn 0.0009775162 0.9999995 0
vn 0.0009775162 0.9999995 0
vn 0.0009775162 0.9999995 0
vn 0.0009775162 0.9999995 0
vn -0.0009775162 -0.9999995 0
vn -0.0009775162 -0.9999995 0
vn -0.0009775162 -0.9999995 0
vn -0.0009775162 -0.9999995 0
vn 0.0009775162 -0.9999995 0
vn 0.0009775162 -0.9999995 0
vn 0.9999995 -0.0009775162 0
vn 0.9999995 -0.0009775162 0
vn 0.9999995 -0.0009775162 0
vn 0.9999995 -0.0009775162 0
vn 0.4349949 -0.0009775162 0.9004324
vn 0.4349949 -0.0009775162 0.9004324
vn 0.4349949 -0.0009775162 0.9004324
vn 0.4349949 -0.0009775162 0.9004324
vn 0.4076244 0.0009775162 0.9131492
vn 0.4076244 0.0009775162 0.9131492
vn 0.4076244 -0.0009775162 0.9131492
vn 0.4076244 0.0009775162 0.9131492
vn 0.9999995 -0.0009775162 0
vn 0.9999995 -0.0009775162 0
vn 0.9999995 -0.0009775162 0
vn 0.9999995 0.0009775162 0
vn -0.91752 0.3976898 0
vn -0.8807425 -0.384164 -0.2769667
vn -0.8807425 0.3841641 -0.2769666
vn -0.91752 -0.3976897 0
vn -0.3665687 -0.9296184 -0.03790947
vn -0.0009775162 -0.9354835 -0.3533691
vn -0.3313781 -0.8885626 -0.317246
vn -0.0009775162 -0.9999995 0
vn -0.0009775162 -0.9354835 -0.3533691
vn 0.1554251 -0.9745841 0.1613345
vn 0.3137829 -0.8475069 0.4281031
vn 0.3489735 -0.8670573 -0.3555688
vn -0.91752 0.3976898 0
vn -0.7145647 -0.3098727 0.6271971
vn -0.91752 -0.3976897 0
vn -0.7145647 0.3098727 0.6271971
vn -0.2844573 -0.7204298 0.6325068
vn -0.2844573 0.7204298 0.6325068
vn 0.1436949 -0.6656889 0.7322637
vn -0.3665687 -0.9296184 -0.03790947
vn -0.0009775162 -0.9999995 0
vn 0.1436949 0.6656889 0.7322637
vn -0.3665687 0.9296184 -0.03790947
vn -0.0009775162 0.9999995 0
vn 0.5190613 -0.6852392 0.5109037
vn 0.1554251 -0.9745841 0.1613345
vn 0.5190613 0.6852392 0.5109037
vn 0.1554251 0.9745841 0.1613345
vn -0.4134896 -0.3411533 -0.8441805
vn -0.0009775162 0.4115345 -0.9113936
vn -0.4134896 0.3411533 -0.8441805
vn -0.0009775162 -0.4115345 -0.9113936
vn 0.0009775162 -0.4115345 -0.9113936
vn 0.0009775162 0.4115345 -0.9113936
vn 0.2825023 -0.3431084 -0.8958064
vn 0.2825023 0.3431083 -0.8958064
vn 0.849462 -0.3607036 -0.3851068
vn 0.849462 0.3607036 -0.3851069
vn 0.849462 -0.3607036 -0.3851068
vn 0.8220915 0.3763438 0.4272364
vn 0.849462 0.3607036 -0.3851069
vn 0.8416418 -0.3567936 0.4053855
vn -0.0009775162 0.9354835 -0.3533691
vn -0.3665687 0.9296184 -0.03790947
vn -0.3313781 0.8885627 -0.3172459
vn -0.0009775162 0.9999995 0
vn 0.0009775162 0.9354835 -0.3533691
vn 0.1554251 0.9745841 0.1613345
vn 0.3333332 0.8084062 0.4851477
vn 0.3489735 0.8670572 -0.355569
vn -0.3665687 -0.9296184 -0.03790947
vn -0.8807425 -0.384164 -0.2769667
vn -0.91752 -0.3976897 0
vn -0.3313781 -0.8885626 -0.317246
vn -0.2844573 -0.7204298 0.6325068
vn -0.91752 -0.3976897 0
vn -0.7145647 -0.3098727 0.6271971
vn -0.3665687 -0.9296184 -0.03790947
vn -0.3313781 0.8885627 -0.3172459
vn -0.91752 0.3976898 0
vn -0.8807425 0.3841641 -0.2769666
vn -0.3665687 0.9296184 -0.03790947
vn -0.3665687 0.9296184 -0.03790947
vn -0.7145647 0.3098727 0.6271971
vn -0.91752 0.3976898 0
vn -0.2844573 0.7204298 0.6325068
vn 0.3489735 -0.8670573 -0.3555688
vn 0.8416418 -0.3567936 0.4053855
vn 0.849462 -0.3607036 -0.3851068
vn 0.3137829 -0.8475069 0.4281031
vn 0.849462 -0.3607036 -0.3851068
vn 0.2825023 -0.3431084 -0.8958064
vn 0.3489735 -0.8670573 -0.3555688
vn -0.0009775162 -0.9354835 -0.3533691
vn 0.0009775162 -0.4115345 -0.9113936
vn -0.0009775162 -0.9354835 -0.3533691
vn -0.0009775162 -0.4115345 -0.9113936
vn -0.4134896 -0.3411533 -0.8441805
vn -0.3313781 -0.8885626 -0.317246
vn -0.8807425 -0.384164 -0.2769667
vn -0.4134896 0.3411533 -0.8441805
vn -0.8807425 0.3841641 -0.2769666
vn -0.3313781 0.8885627 -0.3172459
vn -0.0009775162 0.9354835 -0.3533691
vn -0.0009775162 0.4115345 -0.9113936
vn 0.0009775162 0.4115345 -0.9113936
vn 0.0009775162 0.9354835 -0.3533691
vn 0.2825023 0.3431083 -0.8958064
vn 0.3489735 0.8670572 -0.355569
vn 0.849462 0.3607036 -0.3851069
vn 0.3333332 0.8084062 0.4851477
vn 0.849462 0.3607036 -0.3851069
vn 0.8220915 0.3763438 0.4272364
vn 0.3489735 0.8670572 -0.355569
vn 0.08895403 0.1749755 -0.9805462
vn 0.008797646 0.3998044 -0.9165583
vn 0.01075268 0.4056695 -0.9139566
vn 0.1280547 0.1124144 -0.9853756
vn 0.1280547 -0.1124144 -0.9853755
vn 0.08895403 -0.1749755 -0.9805462
vn 0.008797646 -0.3998043 -0.9165583
vn 0.01075268 -0.4056694 -0.9139566
vn 0.5757573 -0.0009775162 -0.8176201
vn 0.5757573 -0.0009775162 -0.8176201
vn 0.5757573 -0.0009775162 -0.8176201
vn 0.5757573 -0.0009775162 -0.8176201
vn 0.9999995 0.0009775162 0
vn 0.9999995 0.0009775162 0
vn 0.9999995 0.0009775162 0
vn 0.9999995 0.0009775162 0
vn -0.0009775162 -0.0009775162 0.999999
vn -0.0009775162 -0.0009775162 0.999999
vn -0.0009775162 0.0009775162 0.999999
vn -0.0009775162 -0.0009775162 0.999999
vn -0.9999995 0.0009775162 0
vn -0.9999995 0.0009775162 0
vn -0.9999995 0.0009775162 0
vn -0.9999995 0.0009775162 0
vn -0.7380251 0.0009775162 0.6747726
vn -0.7380251 0.0009775162 0.6747726
vn -0.7380251 0.0009775162 0.6747726
vn -0.7380251 0.0009775162 0.6747726
vn 0.0009775162 -0.0009775162 -0.999999
vn 0.0009775162 -0.0009775162 -0.999999
vn 0.0009775162 -0.0009775162 -0.999999
vn 0.0009775162 -0.0009775162 -0.999999
vn 0.0009775162 0.9999995 0
vn 0.0009775162 0.9999995 0
vn 0.0009775162 0.9999995 0
vn 0.0009775162 0.9999995 0
vn 0.0009775162 0.9999995 0
vn -0.0009775162 0.9999995 0
vn -0.0009775162 0.9999995 0
vn -0.0009775162 0.9999995 0
vn 0.0009775162 0.9999995 0
vn 0.0009775162 0.9999995 0
vn 0.0009775162 0.9999995 0
vn 0.0009775162 0.9999995 0
vn -0.0009775162 -0.9999995 0
vn 0.0009775162 -0.9999995 0
vn -0.0009775162 -0.9999995 0
vn 0.0009775162 -0.9999995 0
vn 0.0009775162 -0.9999995 0
vn -0.0009775162 -0.9999995 0
vn -0.0009775162 -0.9999995 0
vn 0.0009775162 -0.9999995 0
vn 0.0009775162 -0.9999995 0
vn -0.0009775162 -0.9999995 0
vn 0.0009775162 -0.9999995 0
vn -0.0009775162 -0.9999995 0
vn 0.0009775162 0.0009775162 0.999999
vn 0.0009775162 0.0009775162 0.999999
vn 0.0009775162 0.0009775162 0.999999
vn 0.0009775162 0.0009775162 0.999999
vn 0.9999995 0.0009775162 0
vn 0.9999995 0.0009775162 0
vn 0.9999995 0.0009775162 0
vn 0.9999995 0.0009775162 0
vn -0.8905177 -0.0009775162 -0.4549475
vn -0.8905177 -0.0009775162 -0.4549475
vn -0.8905177 -0.0009775162 -0.4549475
vn -0.8905177 -0.0009775162 -0.4549475
vn 0.0009775162 0.7380251 -0.6747726
vn 0.0009775162 0.7380251 -0.6747726
vn 0.0009775162 0.7380251 -0.6747726
vn 0.0009775162 0.7380251 -0.6747726
vn 0.8905177 0.0009775162 -0.4549477
vn 0.8905177 0.0009775162 -0.4549477
vn 0.8905177 0.0009775162 -0.4549477
vn 0.8905177 0.0009775162 -0.4549477
vn 0.0009775162 -0.7380251 -0.6747726
vn 0.0009775162 -0.7380251 -0.6747726
vn 0.0009775162 -0.7380251 -0.6747726
vn 0.0009775162 -0.7380251 -0.6747726
vn 0.9999995 0.0009775162 0
vn 0.9999995 -0.0009775162 0
vn 0.9999995 0.0009775162 0
vn 0.9999995 -0.0009775162 0
vn 0.0009775162 0.0009775162 0.999999
vn 0.0009775162 -0.0009775162 0.999999
vn 0.0009775162 0.0009775162 0.999999
vn 0.0009775162 -0.0009775162 0.999999
vn 0.3782903 -0.9256871 0
vn 0.5463274 -0.8375717 0
vn 0.5463274 -0.8375717 0
vn 0.3214998 -0.9469097 0
vn -0.08699894 -0.9960895 -0.01539248
vn 0.3214998 -0.9469097 0
vn 0.3782903 -0.9256871 0
vn -0.08699894 -0.9960895 -0.01539248
vn 0.9999995 0.0009775162 0
vn 0.9999995 0.0009775162 0
vn 0.9999995 0.0009775162 0
vn 0.9999995 -0.0009775162 0
vn -0.9296184 0.0009775162 -0.3685224
vn -0.9999995 0.0009775162 0
vn -0.9999995 0.0009775162 0
vn -0.9296184 0.0009775162 -0.3685224
vn -0.5679371 0.0009775162 -0.8230714
vn -0.5679371 0.0009775162 -0.8230714
vn -0.2492667 0.0009775162 -0.9684344
vn -0.2492667 0.0009775162 -0.9684344
vn -0.202346 0.0009775162 0.9793136
vn -0.3724338 0.0009775162 0.9280583
vn -0.202346 -0.0009775162 0.9793136
vn -0.3724338 0.0009775162 0.9280583
vn -0.4780056 0.0009775162 0.8783562
vn -0.4780056 0.0009775162 0.8783562
vn 0.3782903 0.9256871 0
vn 0.5463274 0.8375717 0
vn 0.3214998 0.9469097 0
vn 0.5463274 0.8375717 0
vn -0.08699894 0.9960895 -0.01539248
vn 0.3214998 0.9469097 0
vn -0.08699894 0.9960895 -0.01539248
vn 0.3782903 0.9256871 0
vn 0.0009775162 0.9999995 0
vn 0.00879731 0.9999614 0
vn 0.0009775162 0.9999995 0
vn 0.0009775162 0.9999995 0
vn 0.01661549 0.999862 0
vn 0.01075206 0.9999422 0
vn 0.0009775162 0.9999995 0
vn -0.01466117 0.9998925 0
vn -0.03419308 0.9994153 0
vn 0.00879731 -0.9999614 0
vn -0.0009775162 -0.9999995 0
vn -0.0009775162 -0.9999995 0
vn -0.0009775162 -0.9999995 0
vn 0.01661549 -0.999862 0
vn 0.01075206 -0.9999422 0
vn 0.0009775162 -0.9999995 0
vn -0.01466117 -0.9998925 0
vn -0.03419308 -0.9994153 0
vn 0.4486802 -0.0009775162 0.8936919
vn 0.4486802 -0.0009775162 0.8936919
vn 0.4486802 0.0009775162 0.8936919
vn 0.4486802 -0.0009775162 0.8936919
vn -0.4897358 0.0009775162 -0.8718703
vn -0.4897358 0.0009775162 -0.8718703
vn -0.4897358 0.0009775162 -0.8718703
vn -0.4897358 0.0009775162 -0.8718703
vn 0.2864124 -0.0009775162 -0.958106
vn 0.02248287 -0.0009775162 -0.9997467
vn 0.2864124 0.0009775162 -0.958106
vn 0.02248287 -0.0009775162 -0.9997467
vn -0.2434016 -0.0009775162 -0.9699251
vn -0.2434016 -0.0009775162 -0.9699251
vn -0.09481907 0.9941344 0.05202029
vn -0.06158352 0.9980445 0.01070884
vn -0.05767345 0.9980445 0.02410325
vn -0.09872913 0.9941344 0.04415099
vn 0.3391983 0.0009775162 0.9407144
vn 0.3391983 0.0009775162 0.9407144
vn 0.3391983 -0.0009775162 0.9407144
vn 0.3391983 0.0009775162 0.9407144
vn -0.05962849 -0.9980445 0.0187528
vn -0.0967741 -0.9941344 0.04828618
vn -0.1006842 -0.9941344 0.0394897
vn -0.05571842 -0.9980445 0.02833083
vn -0.4799607 -0.0009775162 -0.8772895
vn -0.4799607 -0.0009775162 -0.8772895
vn -0.4799607 -0.0009775162 -0.8772895
vn -0.4799607 -0.0009775162 -0.8772895
vn -0.9257083 -0.0009775162 -0.3782369
vn -0.9257083 -0.0009775162 -0.3782369
vn -0.9257083 0.0009775162 -0.3782369
vn -0.9257083 -0.0009775162 -0.3782369
vn 0.9511237 0.0009775162 -0.3088086
vn 0.9511237 0.0009775162 -0.3088086
vn 0.9511237 0.0009775162 -0.3088086
vn 0.9511237 -0.0009775162 -0.3088086
vn 0.9999995 0.0009775162 0
vn 0.9999995 0.0009775162 0
vn 0.9999995 0.0009775162 0
vn 0.9999995 0.0009775162 0
vn 0.004887525 -0.9999881 0
vn 0.002932537 -0.9999957 0
vn 0.002932537 -0.9999957 0
vn -0.0009775162 -0.9999995 0
vn 0.0009775162 -0.9999995 0
vn -0.0009775162 -0.9999995 0
vn -0.0009775162 -0.9999995 0
vn 0.0009775162 -0.9999995 0
vn 0.2903224 -0.9315734 0.218824
vn 0.0009775162 -0.9999995 0
vn 0.00879731 -0.9999614 0
vn -0.002932537 -0.9999957 0
vn 0.006842457 -0.9999766 0
vn 0.01270669 -0.9999193 0
vn 0.1593352 -0.9824042 0.09743842
vn 0.4056694 -0.8611922 0.3062358
vn 0.8162264 0.0009775162 0.5777314
vn 0.8162264 0.0009775162 0.5777314
vn 0.8162264 0.0009775162 0.5777314
vn 0.8162264 -0.0009775162 0.5777314
vn -0.5562069 -0.0009775162 -0.8310432
vn -0.8162264 -0.0009775162 -0.5777314
vn -0.8162264 -0.0009775162 -0.5777314
vn -0.5562069 0.0009775162 -0.8310432
vn -0.2218963 0.0009775162 -0.9750698
vn -0.2218963 0.0009775162 -0.9750698
vn 0.9569888 0.0009775162 0.2901232
vn 0.8318667 0.0009775162 0.5549747
vn 0.8318667 0.0009775162 0.5549747
vn 0.9569888 0.002932549 0.29011
vn 0.9999995 0.0009775162 0
vn 0.9999995 0.0009775162 0
vn -0.8475069 0.0009775162 -0.5307835
vn -0.8475069 0.0009775162 -0.5307835
vn -0.8475069 0.0009775162 -0.5307835
vn -0.8475069 0.0009775162 -0.5307835
vn 0.2688171 0.0009775162 0.9631907
vn -0.0009775162 0.0009775162 0.999999
vn -0.0009775162 0.0009775162 0.999999
vn 0.2688171 0.0009775162 0.9631907
vn 0.5190613 0.0009775162 0.8547364
vn 0.5190613 0.0009775162 0.8547364
vn 0.9999995 -0.0009775162 0
vn 0.9999995 -0.0009775162 0
vn 0.9999995 0.0009775162 0
vn 0.9999995 -0.0009775162 0
vn 0.1260996 0.0009775162 -0.9920171
vn 0.1260996 -0.0009775162 -0.9920171
vn 0.1260996 0.0009775162 -0.9920171
vn 0.1260996 -0.0009775162 -0.9920171
vn -0.9217982 0.0009775162 0.3876688
vn -0.9217982 0.0009775162 0.3876688
vn -0.9217982 0.0009775162 0.3876688
vn -0.9217982 0.0009775162 0.3876688
vn 0.004887525 0.9999881 0
vn 0.0009775162 0.9999995 0
vn 0.0009775162 0.9999995 0
vn 0.0009775162 0.9999995 0
vn -0.0009775162 0.9999995 0
vn -0.0009775162 0.9999995 0
vn 0.0009775162 0.9999995 0
vn 0.0009775162 0.9999995 0
vn 0.2903224 0.9315734 0.218824
vn 0.0009775162 0.9999995 0
vn 0.00879731 0.9999614 0
vn -0.002932537 0.9999957 0
vn 0.006842457 0.9999766 0
vn 0.01270669 0.9999193 0
vn 0.1593352 0.9824042 0.09743842
vn 0.4076244 0.8611921 0.3036289
vn 0.04985332 -0.0009775162 0.9987561
vn 0.04985332 0.0009775162 0.9987561
vn 0.04985332 0.0009775162 0.9987561
vn 0.04985332 -0.0009775162 0.9987561
vn 0.3861191 0.002932549 0.9224443
vn 0.3782989 0.008797646 0.9256417
vn 0.3939392 -0.0009775162 0.919136
vn 0.3724338 0.01075268 0.9279965
vn -0.0009775162 -0.9999995 0
vn 0.0009775162 -0.9999995 0
vn 0.0009775162 -0.9999995 0
vn -0.0009775162 -0.9999995 0
vn 0.0009775162 -0.9999995 0
vn 0.0009775162 -0.9999995 0
vn -0.0009775162 -0.9999995 0
vn -0.0009775162 -0.9999995 0
vn -0.0009775162 -0.9999995 0
vn -0.0009775162 -0.9999995 0
vn 0.0009775162 -0.9999995 0
vn 0.0009775162 -0.9999995 0
vn 0.0009775162 -0.9999995 0
vn 0.0009775162 -0.9999995 0
vn 0.4193546 -0.0009775162 -0.907822
vn 0.4193546 -0.0009775162 -0.907822
vn 0.4193546 -0.0009775162 -0.907822
vn 0.4193546 -0.0009775162 -0.907822
vn 0.9393935 -0.0009775162 0.3428394
vn 0.7673506 -0.0009775162 0.6412271
vn 0.7673506 -0.0009775162 0.6412271
vn 0.9393935 0.0009775162 0.3428394
vn 0.9999995 0.0009775162 0
vn 0.9999995 0.0009775162 0
vn -0.9276633 0.0009775162 -0.3734164
vn -0.7693056 0.0009775162 -0.6388803
vn -0.7693056 0.0009775162 -0.6388803
vn -0.9276633 0.0009775162 -0.3734164
vn 0.4506352 -0.0009775162 -0.8927076
vn 0.7243398 -0.0009775162 -0.6894424
vn 0.4506352 0.0009775162 -0.8927076
vn 0.7243398 -0.0009775162 -0.6894424
vn 0.913978 -0.0009775162 -0.4057625
vn 0.913978 -0.0009775162 -0.4057625
vn 0.9999995 -0.0009775162 0
vn 0.9999995 -0.0009775162 0
vn 0.9999995 -0.0009775162 0
vn 0.9999995 0.0009775162 0
vn 0.0009775162 0.0009775162 -0.999999
vn -0.0009775162 -0.0009775162 -0.999999
vn 0.0009775162 0.0009775162 -0.999999
vn -0.0009775162 -0.0009775162 -0.999999
vn -0.9980445 0.0009775162 -0.06249999
vn -0.9022479 0.0009775162 -0.4312166
vn -0.9022479 0.0009775162 -0.4312166
vn -0.9980445 0.0009775162 -0.06249999
vn -0.8592371 0.0009775162 -0.5115767
vn -0.7693056 0.0009775162 -0.6388803
vn -0.7693056 0.0009775162 -0.6388803
vn -0.8592371 -0.0009775162 -0.5115767
vn -0.9921794 0.0009775162 0.1248163
vn -0.9921794 0.0009775162 0.1248163
vn -0.9980445 0.0009775162 -0.06249999
vn -0.9980445 0.0009775162 -0.06249999
vn 0.0009775162 0.9999995 0
vn 0.0009775162 0.9999995 0
vn 0.0009775162 0.9999995 0
vn 0.0009775162 0.9999995 0
vn 0.0009775162 0.9999995 0
vn -0.0009775162 0.9999995 0
vn 0.0009775162 0.9999995 0
vn 0.0009775162 0.9999995 0
vn -0.0009775162 0.9999995 0
vn -0.0009775162 0.9999995 0
vn 0.0009775162 0.9999995 0
vn 0.0009775162 0.9999995 0
vn -0.0009775162 0.9999995 0
vn -0.0009775162 0.9999995 0
vn 0.0009775162 0.5366566 0.8438001
vn -0.4213097 0.3685237 0.8286666
vn -0.4037144 0.3841641 0.8303208
vn 0.0009775162 0.5366566 0.8438001
vn -0.5796673 -0.0009775162 0.8148527
vn -0.4037144 0.3841641 0.8303208
vn -0.4213097 0.3685237 0.8286666
vn -0.5796673 -0.0009775162 0.8148527
vn -0.4213097 -0.3685238 0.8286666
vn -0.4037144 -0.384164 0.8303208
vn -0.4037144 -0.384164 0.8303208
vn 0.0009775162 -0.5366566 0.8438001
vn 0.0009775162 -0.5366566 0.8438001
vn -0.4213097 -0.3685238 0.8286666
vn 0.4213096 -0.3685238 0.8286666
vn 0.0009775162 -0.5366566 0.8438001
vn 0.0009775162 -0.5366566 0.8438001
vn 0.4037144 -0.384164 0.8303209
vn 0.5796673 0.0009775162 0.8148527
vn 0.5796673 0.0009775162 0.8148527
vn 0.4213096 0.3685237 0.8286667
vn 0.4037144 0.3841641 0.8303208
vn 0.0009775162 0.5366566 0.8438001
vn 0.0009775162 0.5366566 0.8438001
vn 0.0009775162 0.9999995 0
vn -0.7339411 0.6792131 0
vn -0.7339411 0.6792131 0
vn -0.0009775162 0.9999995 0
vn -0.9999995 -0.0009775162 0
vn -0.7339411 0.6792131 0
vn -0.7339411 0.6792131 0
vn -0.9999995 -0.0009775162 0
vn -0.7339411 -0.6792131 0
vn -0.7339411 -0.6792131 0
vn -0.7339411 -0.6792131 0
vn 0.0009775162 -0.9999995 0
vn 0.0009775162 -0.9999995 0
vn -0.7339411 -0.6792131 0
vn 0.7339411 -0.6792131 0
vn 0.0009775162 -0.9999995 0
vn 0.0009775162 -0.9999995 0
vn 0.7339411 -0.6792131 0
vn 0.9999995 -0.0009775162 0
vn 0.9999995 0.0009775162 0
vn 0.7339411 0.6792131 0
vn 0.7339411 0.6792131 0
vn -0.0009775162 0.9999995 0
vn 0.0009775162 0.9999995 0
vn 0.0009775162 -0.0009775162 0.999999
vn 0.0009775162 -0.0009775162 0.999999
vn 0.0009775162 0.0009775162 0.999999
vn 0.0009775162 0.0009775162 0.999999
vn -0.0009775162 0.0009775162 0.999999
vn 0.0009775162 0.0009775162 0.999999
vn -0.0009775162 0.0009775162 0.999999
vn 0.0009775162 0.0009775162 0.999999
vn 0.0009775162 0.0009775162 -0.999999
vn 0.0009775162 0.0009775162 -0.999999
vn 0.0009775162 0.0009775162 -0.999999
vn 0.0009775162 0.0009775162 -0.999999
vn 0.0009775162 0.0009775162 -0.999999
vn 0.0009775162 0.0009775162 -0.999999
vn 0.0009775162 -0.0009775162 -0.999999
vn 0.0009775162 -0.0009775162 -0.999999
vn 0.0009775162 0.0009775162 -0.999999
vn 0.0009775162 0.0009775162 -0.999999
vn -0.0009775162 0.0009775162 -0.999999
vn 0.0009775162 -0.0009775162 -0.999999
vn 0.0009775162 0.0009775162 -0.999999
vn -0.0009775162 0.0009775162 -0.999999
vn -0.0009775162 0.0009775162 -0.999999
vn -0.0009775162 0.9999995 0
vn -0.499511 0.8651022 -0.04568366
vn -0.499511 0.8651022 -0.04568366
vn -0.0009775162 0.9999995 0
vn 0.499511 0.8651022 0.04568366
vn 0.499511 0.8651022 0.04568366
vn 0.8651022 0.499511 0.04568236
vn 0.8651022 0.499511 0.04568236
vn 0.9999995 0.0009775162 0
vn 0.9999995 0.0009775162 0
vn 0.8651022 -0.499511 0.04568236
vn 0.8651022 -0.499511 0.04568236
vn 0.499511 -0.8651022 0.04568236
vn 0.499511 -0.8651022 0.04568236
vn -0.0009775162 -0.9999995 0
vn -0.0009775162 -0.9999995 0
vn -0.499511 -0.8651022 -0.04568236
vn -0.499511 -0.8651022 -0.04568236
vn -0.499511 0.8651022 -0.04568366
vn -0.8651022 0.499511 -0.04568366
vn -0.8651022 0.499511 -0.04568366
vn -0.499511 0.8651022 -0.04568366
vn -0.8651022 0.499511 -0.04568366
vn -0.9659263 0.2588175 0
vn -0.9659263 0.2588175 0
vn -0.8651022 0.499511 -0.04568366
vn -0.9659263 -0.2588175 0
vn -0.8651022 -0.499511 -0.04568366
vn -0.8651022 -0.499511 -0.04568366
vn -0.9659263 -0.2588175 0
vn -0.8651022 -0.499511 -0.04568366
vn -0.499511 -0.8651022 -0.04568236
vn -0.499511 -0.8651022 -0.04568236
vn -0.8651022 -0.499511 -0.04568366
vn -0.0009775162 0.0009775162 0.999999
vn -0.0009775162 -0.0009775162 0.999999
vn -0.0009775162 0.0009775162 0.999999
vn -0.0009775162 0.0009775162 0.999999
vn -0.0009775162 -0.0009775162 0.999999
vn -0.0009775162 0.0009775162 0.999999
vn -0.0009775162 -0.0009775162 0.999999
vn -0.0009775162 -0.0009775162 0.999999
vn -0.0009775162 0.0009775162 0.999999
vn -0.0009775162 0.0009775162 0.999999
vn -0.0009775162 -0.0009775162 0.999999
vn -0.0009775162 0.0009775162 0.999999
vn -0.0009775162 0.9315734 0.363552
vn -0.4662755 0.8064512 0.3636256
vn -0.4662755 0.8064512 0.3636256
vn -0.0009775162 0.9315734 0.363552
vn 0.4662755 0.8064512 0.3636256
vn 0.4662755 0.8064512 0.3636256
vn 0.8064512 0.4662755 0.3636257
vn 0.8064512 0.4662755 0.3636257
vn 0.9315734 0.0009775162 0.363552
vn 0.9315734 0.0009775162 0.363552
vn 0.8064512 -0.4662755 0.3636257
vn 0.8064512 -0.4662755 0.3636257
vn 0.4662755 -0.8064512 0.3636256
vn 0.4662755 -0.8064512 0.3636256
vn -0.0009775162 -0.9315734 0.363552
vn -0.0009775162 -0.9315734 0.363552
vn -0.4662755 -0.8064512 0.3636256
vn -0.4662755 -0.8064512 0.3636256
vn -0.4662755 0.8064512 0.3636256
vn -0.8064512 0.4662755 0.3636257
vn -0.8064512 0.4662755 0.3636257
vn -0.4662755 0.8064512 0.3636256
vn -0.9315734 0.0009775162 0.363552
vn -0.8064512 0.4662755 0.3636257
vn -0.8064512 0.4662755 0.3636257
vn -0.9315734 0.0009775162 0.363552
vn -0.8064512 -0.4662755 0.3636257
vn -0.8064512 -0.4662755 0.3636257
vn -0.8064512 -0.4662755 0.3636257
vn -0.4662755 -0.8064512 0.3636256
vn -0.4662755 -0.8064512 0.3636256
vn -0.8064512 -0.4662755 0.3636257
vn -0.0009775162 0.9804492 0.1967699
vn -0.4897358 0.8494619 0.1964008
vn -0.4897358 0.8494619 0.1964008
vn -0.0009775162 0.9804492 0.1967699
vn 0.4897358 0.8494619 0.1964008
vn 0.4897358 0.8494619 0.1964008
vn 0.849462 0.4897358 0.1964006
vn 0.849462 0.4897358 0.1964006
vn 0.9804492 0.0009775162 0.1967699
vn 0.9804492 0.0009775162 0.1967699
vn 0.849462 -0.4897358 0.1964006
vn 0.849462 -0.4897358 0.1964006
vn 0.4897358 -0.849462 0.1964005
vn 0.4897358 -0.849462 0.1964005
vn -0.0009775162 -0.9804492 0.1967699
vn -0.0009775162 -0.9804492 0.1967699
vn -0.4897358 -0.849462 0.1964005
vn -0.4897358 -0.849462 0.1964005
vn -0.4897358 0.8494619 0.1964008
vn -0.8494619 0.4897358 0.1964009
vn -0.8494619 0.4897358 0.1964009
vn -0.4897358 0.8494619 0.1964008
vn -0.9804492 0.0009775162 0.1967699
vn -0.8494619 0.4897358 0.1964009
vn -0.8494619 0.4897358 0.1964009
vn -0.9804492 0.0009775162 0.1967699
vn -0.8494619 -0.4897358 0.1964009
vn -0.8494619 -0.4897358 0.1964009
vn -0.8494619 -0.4897358 0.1964009
vn -0.4897358 -0.849462 0.1964005
vn -0.4897358 -0.849462 0.1964005
vn -0.8494619 -0.4897358 0.1964009
vn -0.9999995 0.0009775162 0
vn -0.9999995 0.0009775162 0
vn -0.9999995 0.0009775162 0
vn -0.9999995 0.0009775162 0
vn 0.0009775162 0.9999995 0
vn 0.0009775162 0.9999995 0
vn 0.0009775162 0.9999995 0
vn 0.0009775162 0.9999995 0
vn -0.0009775162 -0.9999995 0
vn -0.0009775162 -0.9999995 0
vn -0.0009775162 -0.9999995 0
vn -0.0009775162 -0.9999995 0
vn -0.0009775162 0.0009775162 0.999999
vn -0.0009775162 0.0009775162 0.999999
vn -0.0009775162 0.0009775162 0.999999
vn -0.0009775162 0.0009775162 0.999999
vn -0.0009775162 0.0009775162 0.999999
vn -0.0009775162 0.0009775162 0.999999
vn -0.0009775162 0.0009775162 0.999999
vn -0.0009775162 0.0009775162 0.999999
vn -0.0009775162 -0.0009775162 0.999999
vn -0.0009775162 0.0009775162 0.999999
vn -0.0009775162 -0.0009775162 0.999999
vn -0.0009775162 0.0009775162 0.999999
vn -0.0009775162 -0.0009775162 0.999999
vn -0.0009775162 0.0009775162 0.999999
vn -0.0009775162 0.0009775162 0.999999
vn -0.0009775162 -0.0009775162 0.999999
vn -0.0009775162 0.0009775162 0.999999
vn -0.0009775162 -0.0009775162 0.999999
vn -0.0009775162 0.0009775162 0.999999
vn -0.0009775162 -0.0009775162 0.999999
vn -0.0009775162 0.0009775162 0.999999
vn -0.0009775162 -0.0009775162 0.999999
vn -0.0009775162 0.0009775162 0.999999
vn -0.0009775162 -0.0009775162 0.999999
vn -0.0009775162 0.0009775162 0.999999
vn -0.0009775162 0.0009775162 0.999999
vn -0.0009775162 0.0009775162 0.999999
vn 0.0009775162 -0.0009775162 -0.999999
vn -0.0009775162 0.0009775162 -0.999999
vn -0.0009775162 0.0009775162 -0.999999
vn -0.0009775162 -0.0009775162 -0.999999
vn -0.0009775162 0.0009775162 -0.999999
vn -0.0009775162 0.0009775162 -0.999999
vn -0.0009775162 0.0009775162 -0.999999
vn 0.0009775162 0.0009775162 -0.999999
vn -0.0009775162 0.0009775162 -0.999999
vn -0.0009775162 0.0009775162 -0.999999
vn -0.0009775162 -0.0009775162 -0.999999
vn -0.0009775162 0.0009775162 -0.999999
vn -0.0009775162 -0.0009775162 -0.999999
vn -0.7067446 -0.7067446 -0.03200431
vn -0.0009775162 -0.9999995 0
vn -0.0009775162 -0.9999995 0
vn -0.7067446 -0.7067446 -0.03200431
vn -0.9999995 0.0009775162 0
vn -0.7067446 -0.7067446 -0.03200431
vn -0.7067446 -0.7067446 -0.03200431
vn -0.9999995 0.0009775162 0
vn -0.7067446 0.7067446 0.03200431
vn -0.7067446 0.7067446 0.03200431
vn 0.0009775162 0.9999995 0
vn -0.7067446 0.7067446 0.03200431
vn -0.7067446 0.7067446 0.03200431
vn 0.0009775162 0.9999995 0
vn 0.7067446 0.7067446 0.03200431
vn 0.0009775162 0.9999995 0
vn 0.0009775162 0.9999995 0
vn 0.7067446 0.7067446 0.03200431
vn 0.9999995 -0.0009775162 0
vn 0.9999995 0.0009775162 0
vn 0.7067446 -0.7067446 -0.03200431
vn 0.7067446 -0.7067446 -0.03200431
vn -0.0009775162 -0.9999995 0
vn -0.0009775162 -0.9999995 0
vn -0.7067446 -0.7067446 -0.03200431
vn -0.0009775162 -0.9960895 0.08834484
vn -0.0009775162 -0.9999995 0
vn -0.7028345 -0.7028345 0.1097603
vn -0.9999995 0.0009775162 0
vn -0.7028345 -0.7028345 0.1097603
vn -0.7067446 -0.7067446 -0.03200431
vn -0.9960895 0.0009775162 0.08834483
vn -0.7067446 0.7067446 -0.03200431
vn -0.7028345 0.7028345 0.1097603
vn 0.0009775162 0.9999995 0
vn -0.7028345 0.7028345 0.1097603
vn -0.7067446 0.7067446 -0.03200431
vn 0.0009775162 0.9960895 0.08834484
vn 0.7067446 0.7067446 -0.03200431
vn 0.0009775162 0.9960895 0.08834484
vn 0.0009775162 0.9999995 0
vn 0.7028345 0.7028345 0.1097603
vn 0.9999995 0.0009775162 0
vn 0.9960895 -0.0009775162 0.08834483
vn 0.7067446 -0.7067446 -0.03200431
vn 0.7028345 -0.7028345 0.1097603
vn -0.0009775162 -0.9999995 0
vn -0.0009775162 -0.9960895 0.08834484
vn -0.7067446 -0.7067446 -0.03200431
vn -0.0009775162 -0.9999995 0
vn -0.7067446 -0.7067446 -0.03200431
vn -0.0009775162 -0.9999995 0
vn -0.7067446 -0.7067446 -0.03200431
vn -0.9999995 0.0009775162 0
vn -0.7067446 -0.7067446 -0.03200431
vn -0.9999995 0.0009775162 0
vn -0.7067446 0.7067446 0.03200431
vn -0.7067446 0.7067446 0.03200431
vn 0.0009775162 0.9999995 0
vn -0.7067446 0.7067446 0.03200431
vn 0.0009775162 0.9999995 0
vn -0.7067446 0.7067446 0.03200431
vn 0.0009775162 0.9999995 0
vn 0.7067446 0.7067446 0.03200431
vn 0.0009775162 0.9999995 0
vn 0.7067446 0.7067446 0.03200431
vn 0.9999995 -0.0009775162 0
vn 0.9999995 -0.0009775162 0
vn 0.7067446 -0.7067446 -0.03200431
vn 0.7067446 -0.7067446 -0.03200431
vn -0.0009775162 -0.9999995 0
vn -0.0009775162 -0.9999995 0
vn 0.0009775162 -0.0009775162 -0.999999
vn -0.6930593 -0.6930593 -0.1983369
vn 0.0009775162 -0.9804492 -0.1967699
vn 0.6930593 -0.6930593 -0.1983369
vn -0.9804492 0.0009775162 -0.1967699
vn 0.9804492 0.0009775162 -0.1967699
vn -0.6930593 0.6930593 -0.1983369
vn 0.6930593 0.6930593 -0.1983369
vn 0.0009775162 0.9804492 -0.1967699
vn -0.0009775162 -0.9804492 -0.1967699
vn 0.0009775162 0.0009775162 -0.999999
vn -0.6930593 -0.6930593 -0.1983369
vn 0.6930593 -0.6930593 -0.1983369
vn -0.9804492 0.0009775162 -0.1967699
vn 0.9804492 0.0009775162 -0.1967699
vn -0.6930593 0.6930593 -0.1983369
vn 0.6930593 0.6930593 -0.1983369
vn -0.0009775162 0.9804492 -0.1967699
vn 0.0009775162 -0.0009775162 -0.999999
vn -0.6930593 -0.6930593 -0.1983369
vn -0.0009775162 -0.9804492 -0.1967699
vn -0.9804492 0.0009775162 -0.1967699
vn 0.6930593 -0.6930593 -0.1983369
vn -0.6930593 0.6930593 -0.1983369
vn 0.9804492 0.0009775162 -0.1967699
vn -0.0009775162 0.9804492 -0.1967699
vn 0.6930593 0.6930593 -0.1983369
vn 0.9804492 0.0009775162 -0.1967699
vn -0.0009775162 -0.0009775162 -0.999999
vn 0.6930593 -0.6930593 -0.1983369
vn 0.6930593 0.6930593 -0.1983369
vn 0.0009775162 -0.9804492 -0.1967699
vn 0.0009775162 0.9804492 -0.1967699
vn -0.6930593 -0.6930593 -0.1983369
vn -0.6930593 0.6930593 -0.1983369
vn -0.9804492 -0.0009775162 -0.1967699
vn 0.6930593 0.6930593 -0.1983369
vn -0.0009775162 0.9804492 -0.1967699
vn 0.0009775162 -0.0009775162 -0.999999
vn 0.9804492 0.0009775162 -0.1967699
vn -0.6930593 0.6930593 -0.1983369
vn 0.6930593 -0.6930593 -0.1983369
vn -0.9804492 0.0009775162 -0.1967699
vn -0.0009775162 -0.9804492 -0.1967699
vn -0.6930593 -0.6930593 -0.1983369
vn 0.0009775162 0.0009775162 -0.999999
vn -0.0009775162 0.9804492 -0.1967699
vn -0.6930593 0.6930593 -0.1983369
vn -0.9804492 0.0009775162 -0.1967699
vn 0.6930593 0.6930593 -0.1983369
vn -0.6930593 -0.6930593 -0.1983369
vn 0.9804492 0.0009775162 -0.1967699
vn -0.0009775162 -0.9804492 -0.1967699
vn 0.6930593 -0.6930593 -0.1983369
vn -0.4115345 -0.8553271 0.3147299
vn -0.4115345 -0.8553271 0.3147299
vn -0.4232647 -0.6070378 0.6725712
vn -0.4115345 -0.8553271 0.3147299
vn -0.6168129 -0.6480935 0.4466728
vn -0.2199413 -0.7986311 0.5601912
vn -0.7458452 -0.4134895 0.5222464
vn -0.5855324 -0.1652003 0.7936376
vn -0.4115345 -0.8553271 0.3147299
vn -0.06158352 -0.3900291 0.9187409
vn 0.1632453 -0.8748774 0.4560049
vn 0.321603 -0.6539586 0.6847698
vn 0.5503418 -0.6461385 0.5287995
vn 0.5190613 -0.6852392 0.5109037
vn 0.7282499 -0.2492667 0.6383715
vn 0.7282499 0.2492667 0.6383715
vn 0.1554251 -0.9745841 0.1613345
vn 0.5190613 0.6852392 0.5109037
vn -0.01075268 -0.5347016 0.8449726
vn 0.5503418 0.6461385 0.5287995
vn 0.3137829 -0.8475069 0.4281031
vn 0.1554251 0.9745841 0.1613345
vn 0.4525902 -0.2883674 0.8438047
vn 0.8416418 -0.3567936 0.4053855
vn 0.4819157 0.438905 0.7583664
vn 0.8220915 0.3763438 0.4272364
vn 0.1202345 0.5405667 0.8326652
vn 0.3333332 0.8084062 0.4851477
vn 0.0009775162 -0.9999995 0
vn 0.0009775162 0.0009775162 -0.999999
vn 0.7067446 -0.7067446 -0.03200431
vn -0.7067446 -0.7067446 -0.03200431
vn 0.9999995 0.0009775162 0
vn -0.9999995 0.0009775162 0
vn 0.7067446 0.7067446 -0.03200431
vn -0.7067446 0.7067446 -0.03200431
vn 0.0009775162 0.9999995 0
vn -0.0009775162 0.0009775162 0.999999
vn 0.0009775162 -0.8084062 0.5886242
vn 0.0009775162 0.0009775162 0.999999
vn -0.0009775162 -0.8084062 0.5886242
vn -0.0009775162 0.8084062 0.5886242
vn -0.0009775162 -0.8025411 -0.5965959
vn 0.0009775162 0.8084062 0.5886242
vn -0.0009775162 -0.8025411 -0.5965959
vn -0.0009775162 0.8025411 -0.5965959
vn -0.0009775162 0.0009775162 -0.999999
vn 0.0009775162 0.8025411 -0.5965959
vn -0.0009775162 0.0009775162 -0.999999
vn -0.0009775162 -0.849462 -0.5276489
vn -0.0009775162 -0.8572821 0.514846
vn -0.0009775162 -0.8572821 0.514846
vn -0.0009775162 -0.849462 -0.5276489
vn -0.0009775162 -0.0009775162 0.999999
vn -0.0009775162 -0.0009775162 -0.999999
vn 0.0009775162 0.0009775162 0.999999
vn -0.0009775162 -0.0009775162 -0.999999
vn 0.0009775162 0.857282 0.5148461
vn -0.0009775162 0.8494619 -0.527649
vn 0.0009775162 0.857282 0.5148461
vn -0.0009775162 0.8494619 -0.527649
vn -0.01466274 -0.9159331 0.4010631
vn -0.0009775162 -0.004887581 0.9999875
vn -0.0009775162 -0.004887581 0.9999875
vn -0.01466274 -0.9159331 0.4010631
vn 0.01466274 0.9198432 0.3920121
vn -0.01466274 -0.9198431 -0.3920122
vn 0.01466274 0.9198432 0.3920121
vn -0.01466274 -0.9198431 -0.3920122
vn 0.01466274 0.9159331 -0.4010629
vn 0.0009775162 0.004887581 -0.9999875
vn 0.01466274 0.9178882 -0.3965682
vn 0.0009775162 0.004887581 -0.9999875
vn -0.0009775162 -0.8220915 0.5693547
vn -0.0009775162 0.0009775162 0.999999
vn -0.0009775162 0.0009775162 0.999999
vn -0.0009775162 -0.8220915 0.5693547
vn 0.0009775162 0.8220915 0.5693547
vn -0.0009775162 -0.8220915 -0.5693547
vn -0.0009775162 0.8220915 0.5693547
vn -0.0009775162 -0.8220915 -0.5693547
vn -0.0009775162 0.8220915 -0.5693547
vn -0.0009775162 0.0009775162 -0.999999
vn -0.0009775162 0.8220915 -0.5693547
vn -0.0009775162 -0.0009775162 -0.999999
vn 0.9999995 0.0009775162 0
vn 0.9999995 0.0009775162 0
vn 0.9999995 0.0009775162 0
vn 0.9999995 0.0009775162 0
vn 0.9999995 0.0009775162 0
vn 0.9999995 0.0009775162 0
vn 0.9999995 0.0009775162 0
vn 0.9999995 0.0009775162 0
vn -0.0009775162 0.0009775162 0.999999
vn -0.04007816 0.5542519 0.8313835
vn 0.6500486 0.7165197 0.2530541
vn 0.0009775162 -0.0009775162 0.999999
vn -0.9980445 0.01270771 0.06120227
vn 0.0009775162 -0.0009775162 0.999999
vn -0.9980445 -0.01270771 0.06120227
vn 0.0009775162 -0.0009775162 0.999999
vn -0.04007816 -0.5542519 0.8313835
vn -0.0009775162 0.0009775162 0.999999
vn 0.6500486 -0.7165197 0.2530541
vn 0.0009775162 0.0009775162 0.999999
vn 0.9980445 0.05962849 -0.01875226
vn 0.6774191 -0.7028345 -0.2170878
vn 0.6774191 0.7028345 -0.2170878
vn 0.9980445 -0.05962849 -0.01875226
vn 0.0009775162 -0.08308893 -0.9965417
vn -0.0009775162 -0.08308893 -0.9965417
vn -0.0420332 0.5464318 -0.8364481
vn -0.0009775162 -0.08308893 -0.9965417
vn -0.9980445 0.008797646 -0.06188542
vn -0.0009775162 -0.0811339 -0.9967027
vn -0.9980445 -0.01075268 -0.06157584
vn 0.0009775162 -0.08308893 -0.9965417
vn -0.0420332 -0.5464318 -0.8364481
vn 0.0009775162 -0.08308893 -0.9965417
vn -0.7067446 0.7067446 -0.03200431
vn 0.0009775162 0.9999995 0
vn -0.0009775162 0.9999995 0
vn -0.7067446 0.7067446 -0.03200431
vn 0.7067446 0.7067446 -0.03200431
vn -0.9999995 0.0009775162 0
vn 0.7067446 0.7067446 0.03200431
vn -0.9999995 0.0009775162 0
vn -0.7067446 0.7067446 -0.03200431
vn -0.7067446 -0.7067446 -0.03200431
vn 0.9999995 -0.0009775162 0
vn -0.7067446 -0.7067446 0.03200431
vn 0.7067446 -0.7067446 -0.03200431
vn -0.0009775162 -0.9999995 0
vn 0.7067446 -0.7067446 -0.03200431
vn -0.0009775162 -0.9999995 0
vn -0.0009775162 0.0009775162 0.999999
vn 0.0009775162 -0.0009775162 0.999999
vn 0.0009775162 -0.0009775162 0.999999
vn -0.0009775162 0.0009775162 0.999999
vn -0.0009775162 -0.0009775162 0.999999
vn -0.0009775162 0.0009775162 0.999999
vn -0.0009775162 0.0009775162 0.999999
vn 0.0009775162 0.0009775162 0.999999
vn -0.0009775162 -0.0009775162 0.999999
vn -0.0009775162 -0.0009775162 0.999999
vn -0.0009775162 -0.0009775162 0.999999
vn -0.0009775162 0.0009775162 0.999999
vn -0.0009775162 0.0009775162 0.999999
vn -0.0009775162 0.0009775162 0.999999
vn -0.0009775162 -0.0009775162 0.999999
vn -0.0009775162 0.0009775162 0.999999
vn -0.07722378 0.9393935 -0.3340304
vn -0.0009775162 0.9999995 0
vn -0.0009775162 0.9589438 -0.2835943
vn -0.7067446 0.7067446 0.03200431
vn 0.7067446 0.7067446 -0.03200431
vn -0.3626586 0.0009775162 -0.9319215
vn 0.07722384 0.9393935 -0.3340304
vn -0.9999995 0.0009775162 0
vn 0.9999995 -0.0009775162 0
vn -0.07722378 -0.9393935 -0.3340304
vn 0.3626587 0.0009775162 -0.9319215
vn -0.7067446 -0.7067446 -0.03200431
vn 0.7067446 -0.7067446 -0.03200431
vn -0.0009775162 -0.9589438 -0.2835943
vn 0.07722384 -0.9393935 -0.3340304
vn 0.0283366 -0.9995984 0
vn -0.0009775162 0.0009775162 0.999999
vn -0.0009775162 0.0009775162 0.999999
vn -0.0009775162 -0.0009775162 0.999999
vn -0.0009775162 0.0009775162 0.999999
vn -0.0009775162 0.0009775162 0.999999
vn -0.0009775162 0.0009775162 0.999999
vn 0.0009775162 -0.0009775162 0.999999
vn 0.0009775162 0.0009775162 0.999999
vn -0.0009775162 0.0009775162 0.999999
vn 0.0009775162 -0.0009775162 0.999999
vn 0.0009775162 0.0009775162 0.999999
vn -0.0009775162 0.0009775162 0.999999
vn -0.0009775162 0.0009775162 0.999999
vn -0.0009775162 0.0009775162 0.999999
vn -0.0009775162 0.0009775162 0.999999
vn -0.0009775162 0.0009775162 0.999999
vn 0.7067446 -0.7067446 -0.03200431
vn -0.0009775162 -0.9999995 0
vn 0.0009775162 -0.9999995 0
vn 0.7067446 -0.7067446 -0.03200431
vn -0.7067446 -0.7067446 -0.03200431
vn 0.9999995 0.0009775162 0
vn -0.7067446 -0.7067446 -0.03200431
vn 0.9999995 0.0009775162 0
vn -0.9999995 0.0009775162 0
vn 0.7067446 0.7067446 -0.03200431
vn -0.9999995 0.0009775162 0
vn 0.7067446 0.7067446 -0.03200431
vn -0.7067446 0.7067446 0.03200431
vn 0.0009775162 0.9999995 0
vn -0.7067446 0.7067446 -0.03200431
vn -0.0009775162 0.9999995 0
vn -0.7067446 0.7067446 -0.03200431
vn -0.0009775162 0.9999995 0
vn 0.0009775162 0.9999995 0
vn -0.7067446 0.7067446 0.03200431
vn 0.7067446 0.7067446 0.03200431
vn -0.9999995 0.0009775162 0
vn 0.7067446 0.7067446 -0.03200431
vn -0.9999995 0.0009775162 0
vn 0.9999995 0.0009775162 0
vn -0.7067446 -0.7067446 0.03200431
vn 0.9999995 0.0009775162 0
vn -0.7067446 -0.7067446 0.03200431
vn 0.7067446 -0.7067446 0.03200431
vn -0.0009775162 -0.9999995 0
vn 0.7067446 -0.7067446 -0.03200431
vn -0.0009775162 -0.9999995 0
vn -0.9999995 0.0009775162 0
vn -0.7067446 0.7067446 -0.03200431
vn -0.9999995 -0.0009775162 0
vn -0.7067446 0.7067446 -0.03200431
vn -0.7067446 -0.7067446 -0.03200431
vn -0.0009775162 0.9999995 0
vn -0.7067446 -0.7067446 -0.03200431
vn -0.0009775162 0.9999995 0
vn 0.0009775162 -0.9999995 0
vn 0.7067446 0.7067446 -0.03200431
vn 0.01075206 -0.9999422 0
vn 0.7067446 0.7067446 -0.03200431
vn 0.7067446 -0.7067446 -0.03200431
vn 0.9999995 -0.0009775162 0
vn 0.7067446 -0.7067446 -0.03200431
vn 0.9999995 0.0009775162 0
vn -0.2238513 0.2140762 -0.9508218
vn -0.0009775162 0.2961875 -0.9551293
vn -0.0009775162 0.2961875 -0.9551293
vn -0.2355815 0.204301 -0.9501381
vn 0.2355815 0.204301 -0.9501381
vn -0.325513 0.0009775162 -0.9455371
vn 0.2238513 0.2140762 -0.9508218
vn -0.325513 0.0009775162 -0.9455371
vn 0.3255131 -0.0009775162 -0.945537
vn -0.2238513 -0.2140762 -0.9508218
vn 0.3255131 -0.0009775162 -0.945537
vn -0.2355815 -0.204301 -0.9501381
vn 0.2355815 -0.204301 -0.9501381
vn 0.0009775162 -0.2961875 -0.9551293
vn 0.2238513 -0.2140762 -0.9508218
vn -0.0009775162 -0.2961875 -0.9551293
vn 0.5796673 0.0009775162 0.8148527
vn 0.8162264 -0.0009775162 -0.5777314
vn 0.8162264 -0.0009775162 -0.5777314
vn 0.5796673 -0.0009775162 0.8148527
vn -0.7067446 -0.0009775162 -0.7074682
vn -0.7067446 0.0009775162 0.7074682
vn -0.7067446 -0.0009775162 -0.7074682
vn -0.7067446 0.0009775162 0.7074682
vn 0.0009775162 -0.9999995 0
vn 0.0009775162 0.0009775162 0.999999
vn -0.0009775162 -0.9999995 0
vn 0.0009775162 0.0009775162 0.999999
vn 0.0009775162 -0.0009775162 -0.999999
vn 0.0009775162 0.9999995 0
vn 0.0009775162 -0.0009775162 -0.999999
vn -0.0009775162 0.9999995 0
vn -0.7067446 0.7067446 -0.03200431
vn -0.0009775162 0.9999995 0
vn -0.0009775162 0.9999995 0
vn -0.7067446 0.7067446 -0.03200431
vn 0.7067446 0.7067446 0.03200431
vn -0.9999995 0.0009775162 0
vn 0.7067446 0.7067446 0.03200431
vn -0.9999995 0.0009775162 0
vn 0.9999995 0.0009775162 0
vn -0.7067446 -0.7067446 -0.03200431
vn 0.9999995 -0.0009775162 0
vn -0.7067446 -0.7067446 -0.03200431
vn 0.7067446 -0.7067446 0.03200431
vn -0.0009775162 -0.9999995 0
vn 0.7067446 -0.7067446 0.03200431
vn -0.0009775162 -0.9999995 0
vn -0.0009775162 0.0009775162 0.999999
vn -0.0009775162 0.0009775162 0.999999
vn -0.0009775162 0.0009775162 0.999999
vn -0.0009775162 -0.0009775162 0.999999
vn -0.0009775162 0.0009775162 0.999999
vn -0.0009775162 -0.0009775162 0.999999
vn -0.0009775162 0.0009775162 0.999999
vn -0.0009775162 -0.0009775162 0.999999
vn -0.0009775162 0.0009775162 0.999999
vn -0.0009775162 -0.0009775162 0.999999
vn -0.0009775162 0.0009775162 0.999999
vn -0.0009775162 0.0009775162 0.999999
vn -0.0009775162 0.0009775162 0.999999
vn -0.0009775162 0.0009775162 0.999999
vn -0.0009775162 0.0009775162 0.999999
vn -0.0009775162 0.0009775162 0.999999
vn -0.0009775162 0.0009775162 0.999999
vn -0.0009775162 -0.0009775162 0.999999
vn -0.0009775162 0.0009775162 0.999999
vn -0.0009775162 -0.0009775162 0.999999
vn -0.0009775162 0.0009775162 0.999999
vn -0.0009775162 0.0009775162 0.999999
vn -0.0009775162 0.0009775162 0.999999
vn -0.0009775162 0.0009775162 0.999999
vn -0.6363634 -0.6363633 0.4359855
vn -0.0009775162 -0.9960895 0.08834484
vn -0.7028345 -0.7028345 0.1097603
vn -0.0009775162 -0.9002928 0.4352837
vn 0.7028345 -0.7028345 0.1097603
vn -0.9002929 0.0009775162 0.4352836
vn -0.9960895 0.0009775162 0.08834483
vn 0.6363633 -0.6363633 0.4359856
vn 0.9960895 -0.0009775162 0.08834483
vn -0.6363634 0.6363634 0.4359854
vn -0.7028345 0.7028345 0.1097603
vn 0.9002928 -0.0009775162 0.4352837
vn 0.7028345 0.7028345 0.1097603
vn 0.0009775162 0.9002929 0.4352836
vn 0.0009775162 0.9960895 0.08834484
vn 0.6363633 0.6363634 0.4359855
vn -0.4271748 -0.4271747 0.7968962
vn -0.0009775162 -0.6050828 0.7961619
vn -0.0009775162 0.0009775162 0.999999
vn -0.6050828 -0.0009775162 0.796162
vn 0.4271747 -0.4271747 0.7968962
vn -0.4271748 0.4271748 0.7968961
vn 0.6050828 -0.0009775162 0.7961619
vn -0.0009775162 0.6050828 0.796162
vn 0.4271747 0.4271748 0.7968962
vn -0.07722378 0.9393935 -0.3340304
vn -0.0009775162 0.9999995 0
vn -0.7067446 0.7067446 0.03200431
vn -0.0009775162 0.9589438 -0.2835943
vn -0.3626586 0.0009775162 -0.9319215
vn 0.7067446 0.7067446 0.03200431
vn -0.9999995 0.0009775162 0
vn 0.07722384 0.9393935 -0.3340304
vn -0.07722378 -0.9393935 -0.3340304
vn 0.9999995 0.0009775162 0
vn -0.7067446 -0.7067446 0.03200431
vn 0.3626587 0.0009775162 -0.9319215
vn -0.0009775162 -0.9589438 -0.2835943
vn 0.7067446 -0.7067446 0.03200431
vn -0.0009775162 -0.9999995 0
vn 0.07722384 -0.9393935 -0.3340304
vn -0.0009775162 0.0009775162 0.999999
vn -0.7067446 0.7067446 -0.03200431
vn 0.0009775162 0.9999995 0
vn -0.0009775162 0.0009775162 0.999999
vn -0.0009775162 0.0009775162 0.999999
vn -0.9999995 0.0009775162 0
vn 0.7067446 0.7067446 -0.03200431
vn 0.0009775162 0.0009775162 0.999999
vn -0.0009775162 0.0009775162 0.999999
vn -0.7067446 -0.7067446 0.03200431
vn 0.9999995 0.0009775162 0
vn -0.0009775162 0.0009775162 0.999999
vn -0.0009775162 0.0009775162 0.999999
vn -0.0009775162 -0.9999995 0
vn 0.7067446 -0.7067446 -0.03200431
vn -0.0009775162 0.0009775162 0.999999
vn -0.0009775162 0.9999995 0
vn -0.7067446 0.7067446 0.03200431
vn -0.7067446 0.7067446 -0.03200431
vn -0.0009775162 0.9999995 0
vn -0.9999995 0.0009775162 0
vn 0.7067446 0.7067446 -0.03200431
vn -0.9999995 -0.0009775162 0
vn 0.7067446 0.7067446 -0.03200431
vn -0.7067446 -0.7067446 -0.03200431
vn 0.9999995 -0.0009775162 0
vn -0.7067446 -0.7067446 -0.03200431
vn 0.9999995 -0.0009775162 0
vn 0.0283366 -0.9995984 0
vn 0.7067446 -0.7067446 -0.03200431
vn 0.01075206 -0.9999422 0
vn 0.7067446 -0.7067446 -0.03200431
vn -0.7751707 0.264907 0.5735283
vn -0.9198432 0.3900292 0.04202021
vn -0.9569888 0.2864124 -0.04626433
vn -0.7849458 0.3685237 0.4980464
vn -0.9178882 -0.3939392 0.04788767
vn -0.7771257 -0.264907 0.5708764
vn -0.9569888 -0.2864124 -0.04626433
vn -0.7849458 -0.3704788 0.4965938
vn -0.3216029 -0.321603 -0.8905858
vn -0.0009775162 -0.4545453 -0.8907231
vn -0.3216029 -0.321603 -0.8905858
vn -0.0009775162 -0.4545453 -0.8907231
vn -0.4545453 0.0009775162 -0.8907231
vn 0.321603 -0.321603 -0.8905858
vn -0.4545453 0.0009775162 -0.8907231
vn 0.321603 -0.321603 -0.8905858
vn -0.3216029 0.3216029 -0.8905858
vn 0.4545453 0.0009775162 -0.8907231
vn -0.3216029 0.3216029 -0.8905858
vn 0.4545453 0.0009775162 -0.8907231
vn -0.0009775162 0.4545453 -0.8907231
vn 0.321603 0.3216029 -0.8905858
vn -0.0009775162 0.4545453 -0.8907231
vn 0.321603 0.3216029 -0.8905858
vn -0.3216029 -0.321603 0.8905858
vn -0.0009775162 -0.4545453 0.8907231
vn -0.3216029 -0.321603 0.8905858
vn -0.0009775162 -0.4545453 0.8907231
vn -0.4545453 -0.0009775162 0.8907231
vn 0.321603 -0.321603 0.8905858
vn -0.4545453 -0.0009775162 0.8907231
vn 0.321603 -0.321603 0.8905858
vn -0.3216029 0.3216029 0.8905858
vn 0.4545453 -0.0009775162 0.8907231
vn -0.3216029 0.3216029 0.8905858
vn 0.4545453 -0.0009775162 0.8907231
vn -0.0009775162 0.4545453 0.8907231
vn 0.321603 0.3216029 0.8905858
vn 0.0009775162 0.4545453 0.8907231
vn 0.321603 0.3216029 0.8905858
g OL_Chise_Original_Weapon_0
f 3/3/3 2/2/2 1/1/1
f 6/6/6 5/5/5 4/4/4
f 8/8/8 4/4/4 7/7/7
f 10/10/10 9/9/9 7/7/7
f 13/13/13 12/12/12 11/11/11
f 16/16/16 15/15/15 14/14/14
f 17/17/17 14/14/14 15/15/15
f 20/20/20 19/19/19 18/18/18
f 21/21/21 18/18/18 19/19/19
f 24/24/24 23/23/23 22/22/22
f 25/25/25 22/22/22 23/23/23
f 28/28/28 27/27/27 26/26/26
f 29/29/29 26/26/26 27/27/27
f 32/32/32 31/31/31 30/30/30
f 33/33/33 30/30/30 31/31/31
f 36/36/36 35/35/35 34/34/34
f 37/37/37 34/34/34 35/35/35
f 40/40/40 39/39/39 38/38/38
f 41/41/41 38/38/38 39/39/39
f 44/44/44 43/43/43 42/42/42
f 45/45/45 42/42/42 43/43/43
f 48/48/48 47/47/47 46/46/46
f 49/49/49 46/46/46 47/47/47
f 52/52/52 51/51/51 50/50/50
f 53/53/53 50/50/50 51/51/51
f 56/56/56 55/55/55 54/54/54
f 57/57/57 54/54/54 55/55/55
f 60/60/60 59/59/59 58/58/58
f 61/61/61 58/58/58 59/59/59
f 64/64/64 63/63/63 62/62/62
f 65/65/65 62/62/62 63/63/63
f 68/68/68 67/67/67 66/66/66
f 69/69/69 66/66/66 67/67/67
f 72/72/72 71/71/71 70/70/70
f 73/73/73 70/70/70 71/71/71
f 76/76/76 75/75/75 74/74/74
f 77/77/77 74/74/74 75/75/75
f 80/80/80 79/79/79 78/78/78
f 81/81/81 78/78/78 79/79/79
f 78/78/78 81/81/81 82/82/82
f 83/83/83 82/82/82 81/81/81
f 86/86/86 85/85/85 84/84/84
f 87/87/87 84/84/84 85/85/85
f 90/90/90 89/89/89 88/88/88
f 91/91/91 88/88/88 89/89/89
f 88/88/88 91/91/91 92/92/92
f 93/93/93 92/92/92 91/91/91
f 96/96/96 95/95/95 94/94/94
f 97/97/97 94/94/94 95/95/95
f 100/100/100 99/99/99 98/98/98
f 101/101/101 98/98/98 99/99/99
f 98/98/98 101/101/101 102/102/102
f 103/103/103 102/102/102 101/101/101
f 106/106/106 105/105/105 104/104/104
f 107/107/107 104/104/104 105/105/105
f 110/110/110 109/109/109 108/108/108
f 111/111/111 108/108/108 109/109/109
f 108/108/108 111/111/111 112/112/112
f 113/113/113 112/112/112 111/111/111
f 116/116/116 115/115/115 114/114/114
f 117/117/117 114/114/114 115/115/115
f 120/120/120 119/119/119 118/118/118
f 121/121/121 118/118/118 119/119/119
f 124/124/124 123/123/123 122/122/122
f 125/125/125 122/122/122 123/123/123
f 128/128/128 127/127/127 126/126/126
f 129/129/129 126/126/126 127/127/127
f 132/132/132 131/131/131 130/130/130
f 133/133/133 130/130/130 131/131/131
f 136/136/136 135/135/135 134/134/134
f 137/137/137 134/134/134 135/135/135
f 134/134/134 137/137/137 138/138/138
f 139/139/139 138/138/138 137/137/137
f 142/142/142 141/141/141 140/140/140
f 143/143/143 140/140/140 141/141/141
f 146/146/146 145/145/145 144/144/144
f 147/147/147 144/144/144 145/145/145
f 144/144/144 147/147/147 148/148/148
f 149/149/149 148/148/148 147/147/147
f 152/152/152 151/151/151 150/150/150
f 153/153/153 150/150/150 151/151/151
f 156/156/156 155/155/155 154/154/154
f 157/157/157 154/154/154 155/155/155
f 154/154/154 157/157/157 158/158/158
f 159/159/159 158/158/158 157/157/157
f 162/162/162 161/161/161 160/160/160
f 163/163/163 160/160/160 161/161/161
f 166/166/166 165/165/165 164/164/164
f 167/167/167 164/164/164 165/165/165
f 164/164/164 167/167/167 168/168/168
f 169/169/169 168/168/168 167/167/167
f 172/172/172 171/171/171 170/170/170
f 173/173/173 170/170/170 171/171/171
f 176/176/176 175/175/175 174/174/174
f 177/177/177 174/174/174 175/175/175
f 180/180/180 179/179/179 178/178/178
f 181/181/181 178/178/178 179/179/179
f 184/184/184 183/183/183 182/182/182
f 185/185/185 182/182/182 183/183/183
f 188/188/188 187/187/187 186/186/186
f 189/189/189 186/186/186 187/187/187
f 192/192/192 191/191/191 190/190/190
f 193/193/193 190/190/190 191/191/191
f 190/190/190 193/193/193 194/194/194
f 195/195/195 194/194/194 193/193/193
f 198/198/198 197/197/197 196/196/196
f 199/199/199 196/196/196 197/197/197
f 202/202/202 201/201/201 200/200/200
f 203/203/203 200/200/200 201/201/201
f 200/200/200 203/203/203 204/204/204
f 205/205/205 204/204/204 203/203/203
f 208/208/208 207/207/207 206/206/206
f 209/209/209 206/206/206 207/207/207
f 212/212/212 211/211/211 210/210/210
f 213/213/213 210/210/210 211/211/211
f 210/210/210 213/213/213 214/214/214
f 215/215/215 214/214/214 213/213/213
f 218/218/218 217/217/217 216/216/216
f 219/219/219 216/216/216 217/217/217
f 222/222/222 221/221/221 220/220/220
f 223/223/223 220/220/220 221/221/221
f 220/220/220 223/223/223 224/224/224
f 225/225/225 224/224/224 223/223/223
f 228/228/228 227/227/227 226/226/226
f 229/229/229 226/226/226 227/227/227
f 232/232/232 231/231/231 230/230/230
f 233/233/233 230/230/230 231/231/231
f 236/236/236 235/235/235 234/234/234
f 237/237/237 234/234/234 235/235/235
f 234/234/234 237/237/237 238/238/238
f 239/239/239 238/238/238 237/237/237
f 238/238/238 239/239/239 240/240/240
f 241/241/241 240/240/240 239/239/239
f 244/244/244 243/243/243 242/242/242
f 245/245/245 242/242/242 243/243/243
f 248/248/248 247/247/247 246/246/246
f 249/249/249 246/246/246 247/247/247
f 246/246/246 249/249/249 250/250/250
f 251/251/251 250/250/250 249/249/249
f 250/250/250 251/251/251 252/252/252
f 253/253/253 252/252/252 251/251/251
f 256/256/256 255/255/255 254/254/254
f 257/257/257 254/254/254 255/255/255
f 260/260/260 259/259/259 258/258/258
f 261/261/261 258/258/258 259/259/259
f 259/259/259 262/262/262 261/261/261
f 263/263/263 261/261/261 262/262/262
f 262/262/262 264/264/264 263/263/263
f 265/265/265 263/263/263 264/264/264
f 268/268/268 267/267/267 266/266/266
f 269/269/269 266/266/266 267/267/267
f 272/272/272 271/271/271 270/270/270
f 273/273/273 270/270/270 271/271/271
f 271/271/271 274/274/274 273/273/273
f 275/275/275 273/273/273 274/274/274
f 274/274/274 276/276/276 275/275/275
f 277/277/277 275/275/275 276/276/276
f 280/280/280 279/279/279 278/278/278
f 281/281/281 278/278/278 279/279/279
f 284/284/284 283/283/283 282/282/282
f 285/285/285 282/282/282 283/283/283
f 288/288/288 287/287/287 286/286/286
f 289/289/289 286/286/286 287/287/287
f 292/292/292 291/291/291 290/290/290
f 293/293/293 290/290/290 291/291/291
f 296/296/296 295/295/295 294/294/294
f 297/297/297 294/294/294 295/295/295
f 300/300/300 299/299/299 298/298/298
f 301/301/301 298/298/298 299/299/299
f 304/304/304 303/303/303 302/302/302
f 303/303/303 305/305/305 302/302/302
f 305/305/305 306/306/306 302/302/302
f 307/307/307 305/305/305 303/303/303
f 310/310/310 309/309/309 308/308/308
f 311/311/311 308/308/308 309/309/309
f 314/314/314 313/313/313 312/312/312
f 315/315/315 312/312/312 313/313/313
f 312/312/312 315/315/315 316/316/316
f 317/317/317 316/316/316 315/315/315
f 316/316/316 317/317/317 318/318/318
f 319/319/319 318/318/318 317/317/317
f 318/318/318 319/319/319 320/320/320
f 321/321/321 320/320/320 319/319/319
f 321/321/321 322/322/322 320/320/320
f 323/323/323 320/320/320 322/322/322
f 322/322/322 324/324/324 323/323/323
f 325/325/325 323/323/323 324/324/324
f 324/324/324 326/326/326 325/325/325
f 327/327/327 325/325/325 326/326/326
f 326/326/326 328/328/328 327/327/327
f 329/329/329 327/327/327 328/328/328
f 332/332/332 331/331/331 330/330/330
f 333/333/333 330/330/330 331/331/331
f 336/336/336 335/335/335 334/334/334
f 337/337/337 334/334/334 335/335/335
f 334/334/334 337/337/337 338/338/338
f 339/339/339 338/338/338 337/337/337
f 338/338/338 339/339/339 340/340/340
f 341/341/341 340/340/340 339/339/339
f 340/340/340 341/341/341 342/342/342
f 343/343/343 342/342/342 341/341/341
f 343/343/343 344/344/344 342/342/342
f 345/345/345 342/342/342 344/344/344
f 344/344/344 346/346/346 345/345/345
f 347/347/347 345/345/345 346/346/346
f 346/346/346 348/348/348 347/347/347
f 349/349/349 347/347/347 348/348/348
f 348/348/348 350/350/350 349/349/349
f 351/351/351 349/349/349 350/350/350
f 354/354/354 353/353/353 352/352/352
f 355/355/355 352/352/352 353/353/353
f 353/353/353 356/356/356 355/355/355
f 357/357/357 355/355/355 356/356/356
f 357/357/357 356/356/356 358/358/358
f 359/359/359 358/358/358 356/356/356
f 358/358/358 359/359/359 360/360/360
f 361/361/361 360/360/360 359/359/359
f 359/359/359 353/353/353 362/362/362
f 362/362/362 363/363/363 359/359/359
f 364/364/364 362/362/362 353/353/353
f 365/365/365 364/364/364 353/353/353
f 362/362/362 364/364/364 366/366/366
f 367/367/367 366/366/366 364/364/364
f 370/370/370 369/369/369 368/368/368
f 371/371/371 368/368/368 369/369/369
f 374/374/374 373/373/373 372/372/372
f 375/375/375 372/372/372 373/373/373
f 372/372/372 375/375/375 376/376/376
f 377/377/377 376/376/376 375/375/375
f 376/376/376 377/377/377 378/378/378
f 379/379/379 378/378/378 377/377/377
f 378/378/378 379/379/379 380/380/380
f 381/381/381 380/380/380 379/379/379
f 381/381/381 382/382/382 380/380/380
f 383/383/383 380/380/380 382/382/382
f 382/382/382 384/384/384 383/383/383
f 385/385/385 383/383/383 384/384/384
f 384/384/384 386/386/386 385/385/385
f 387/387/387 385/385/385 386/386/386
f 386/386/386 388/388/388 387/387/387
f 389/389/389 387/387/387 388/388/388
f 392/392/392 391/391/391 390/390/390
f 393/393/393 390/390/390 391/391/391
f 396/396/396 395/395/395 394/394/394
f 397/397/397 394/394/394 395/395/395
f 400/400/400 399/399/399 398/398/398
f 401/401/401 398/398/398 399/399/399
f 404/404/404 403/403/403 402/402/402
f 405/405/405 402/402/402 403/403/403
f 408/408/408 407/407/407 406/406/406
f 409/409/409 406/406/406 407/407/407
f 410/410/410 409/409/409 407/407/407
f 413/413/413 412/412/412 411/411/411
f 414/414/414 411/411/411 412/412/412
f 417/417/417 416/416/416 415/415/415
f 418/418/418 415/415/415 416/416/416
f 421/421/421 420/420/420 419/419/419
f 422/422/422 419/419/419 420/420/420
f 425/425/425 424/424/424 423/423/423
f 426/426/426 423/423/423 424/424/424
f 429/429/429 428/428/428 427/427/427
f 430/430/430 427/427/427 428/428/428
f 433/433/433 432/432/432 431/431/431
f 434/434/434 431/431/431 432/432/432
f 437/437/437 436/436/436 435/435/435
f 435/435/435 438/438/438 437/437/437
f 438/438/438 439/439/439 437/437/437
f 442/442/442 441/441/441 440/440/440
f 440/440/440 441/441/441 443/443/443
f 443/443/443 441/441/441 444/444/444
f 444/444/444 441/441/441 445/445/445
f 445/445/445 441/441/441 446/446/446
f 446/446/446 441/441/441 447/447/447
f 447/447/447 441/441/441 448/448/448
f 441/441/441 449/449/449 448/448/448
f 448/448/448 449/449/449 450/450/450
f 451/451/451 448/448/448 450/450/450
f 451/451/451 450/450/450 452/452/452
f 452/452/452 450/450/450 453/453/453
f 453/453/453 450/450/450 454/454/454
f 454/454/454 450/450/450 455/455/455
f 455/455/455 450/450/450 456/456/456
f 456/456/456 450/450/450 457/457/457
f 460/460/460 459/459/459 458/458/458
f 461/461/461 458/458/458 459/459/459
f 464/464/464 463/463/463 462/462/462
f 465/465/465 462/462/462 463/463/463
f 468/468/468 467/467/467 466/466/466
f 469/469/469 466/466/466 467/467/467
f 472/472/472 471/471/471 470/470/470
f 473/473/473 470/470/470 471/471/471
f 470/470/470 473/473/473 474/474/474
f 475/475/475 474/474/474 473/473/473
f 474/474/474 475/475/475 476/476/476
f 477/477/477 476/476/476 475/475/475
f 480/480/480 479/479/479 478/478/478
f 481/481/481 478/478/478 479/479/479
f 481/481/481 479/479/479 482/482/482
f 483/483/483 482/482/482 479/479/479
f 483/483/483 484/484/484 482/482/482
f 485/485/485 482/482/482 484/484/484
f 485/485/485 484/484/484 486/486/486
f 487/487/487 486/486/486 484/484/484
f 490/490/490 489/489/489 488/488/488
f 491/491/491 488/488/488 489/489/489
f 491/491/491 492/492/492 488/488/488
f 493/493/493 488/488/488 492/492/492
f 493/493/493 492/492/492 494/494/494
f 495/495/495 494/494/494 492/492/492
f 495/495/495 496/496/496 494/494/494
f 497/497/497 494/494/494 496/496/496
f 500/500/500 499/499/499 498/498/498
f 501/501/501 498/498/498 499/499/499
f 504/504/504 503/503/503 502/502/502
f 505/505/505 502/502/502 503/503/503
f 508/508/508 507/507/507 506/506/506
f 509/509/509 506/506/506 507/507/507
f 512/512/512 511/511/511 510/510/510
f 513/513/513 510/510/510 511/511/511
f 511/511/511 514/514/514 513/513/513
f 515/515/515 513/513/513 514/514/514
f 518/518/518 517/517/517 516/516/516
f 519/519/519 516/516/516 517/517/517
f 522/522/522 521/521/521 520/520/520
f 523/523/523 520/520/520 521/521/521
f 526/526/526 525/525/525 524/524/524
f 527/527/527 524/524/524 525/525/525
f 530/530/530 529/529/529 528/528/528
f 531/531/531 528/528/528 529/529/529
f 534/534/534 533/533/533 532/532/532
f 535/535/535 532/532/532 533/533/533
f 538/538/538 537/537/537 536/536/536
f 539/539/539 536/536/536 537/537/537
f 542/542/542 541/541/541 540/540/540
f 543/543/543 540/540/540 541/541/541
f 546/546/546 545/545/545 544/544/544
f 547/547/547 544/544/544 545/545/545
f 545/545/545 548/548/548 547/547/547
f 549/549/549 547/547/547 548/548/548
f 552/552/552 551/551/551 550/550/550
f 553/553/553 550/550/550 551/551/551
f 556/556/556 555/555/555 554/554/554
f 557/557/557 554/554/554 555/555/555
f 560/560/560 559/559/559 558/558/558
f 561/561/561 558/558/558 559/559/559
f 564/564/564 563/563/563 562/562/562
f 565/565/565 562/562/562 563/563/563
f 568/568/568 567/567/567 566/566/566
f 569/569/569 566/566/566 567/567/567
f 572/572/572 571/571/571 570/570/570
f 573/573/573 570/570/570 571/571/571
f 576/576/576 575/575/575 574/574/574
f 577/577/577 574/574/574 575/575/575
f 580/580/580 579/579/579 578/578/578
f 581/581/581 578/578/578 579/579/579
f 578/578/578 581/581/581 582/582/582
f 583/583/583 582/582/582 581/581/581
f 582/582/582 583/583/583 584/584/584
f 585/585/585 584/584/584 583/583/583
f 588/588/588 587/587/587 586/586/586
f 589/589/589 586/586/586 587/587/587
f 589/589/589 587/587/587 590/590/590
f 591/591/591 590/590/590 587/587/587
f 591/591/591 592/592/592 590/590/590
f 593/593/593 590/590/590 592/592/592
f 596/596/596 595/595/595 594/594/594
f 597/597/597 594/594/594 595/595/595
f 600/600/600 599/599/599 598/598/598
f 601/601/601 598/598/598 599/599/599
f 604/604/604 603/603/603 602/602/602
f 605/605/605 602/602/602 603/603/603
f 608/608/608 607/607/607 606/606/606
f 609/609/609 606/606/606 607/607/607
f 612/612/612 611/611/611 610/610/610
f 613/613/613 610/610/610 611/611/611
f 616/616/616 615/615/615 614/614/614
f 617/617/617 614/614/614 615/615/615
f 620/620/620 619/619/619 618/618/618
f 621/621/621 618/618/618 619/619/619
f 624/624/624 623/623/623 622/622/622
f 625/625/625 622/622/622 623/623/623
f 628/628/628 627/627/627 626/626/626
f 629/629/629 626/626/626 627/627/627
f 632/632/632 631/631/631 630/630/630
f 633/633/633 630/630/630 631/631/631
f 636/636/636 635/635/635 634/634/634
f 637/637/637 634/634/634 635/635/635
f 640/640/640 639/639/639 638/638/638
f 641/641/641 638/638/638 639/639/639
f 644/644/644 643/643/643 642/642/642
f 645/645/645 642/642/642 643/643/643
f 648/648/648 647/647/647 646/646/646
f 647/647/647 649/649/649 646/646/646
f 650/650/650 649/649/649 647/647/647
f 651/651/651 650/650/650 647/647/647
f 652/652/652 649/649/649 650/650/650
f 649/649/649 653/653/653 646/646/646
f 653/653/653 654/654/654 646/646/646
f 654/654/654 655/655/655 646/646/646
f 656/656/656 654/654/654 653/653/653
f 657/657/657 653/653/653 649/649/649
f 658/658/658 657/657/657 649/649/649
f 659/659/659 653/653/653 657/657/657
f 662/662/662 661/661/661 660/660/660
f 661/661/661 663/663/663 660/660/660
f 663/663/663 664/664/664 660/660/660
f 665/665/665 663/663/663 661/661/661
f 668/668/668 667/667/667 666/666/666
f 669/669/669 666/666/666 667/667/667
f 669/669/669 670/670/670 666/666/666
f 671/671/671 666/666/666 670/670/670
f 674/674/674 673/673/673 672/672/672
f 673/673/673 675/675/675 672/672/672
f 676/676/676 675/675/675 673/673/673
f 676/676/676 673/673/673 677/677/677
f 677/677/677 678/678/678 676/676/676
f 677/677/677 673/673/673 679/679/679
f 680/680/680 679/679/679 673/673/673
f 681/681/681 676/676/676 678/678/678
f 680/680/680 682/682/682 679/679/679
f 679/679/679 682/682/682 683/683/683
f 682/682/682 680/680/680 684/684/684
f 684/684/684 680/680/680 685/685/685
f 680/680/680 686/686/686 685/685/685
f 687/687/687 683/683/683 682/682/682
f 683/683/683 688/688/688 678/678/678
f 683/683/683 687/687/687 688/688/688
f 688/688/688 687/687/687 689/689/689
f 690/690/690 689/689/689 687/687/687
f 691/691/691 678/678/678 688/688/688
f 681/681/681 678/678/678 691/691/691
f 691/691/691 692/692/692 681/681/681
f 693/693/693 681/681/681 692/692/692
f 695/695/695 694/694/694 685/685/685
f 696/696/696 685/685/685 694/694/694
f 699/699/699 698/698/698 697/697/697
f 700/700/700 697/697/697 698/698/698
f 702/702/702 701/701/701 672/672/672
f 703/703/703 672/672/672 701/701/701
f 706/706/706 705/705/705 704/704/704
f 707/707/707 704/704/704 705/705/705
f 710/710/710 709/709/709 708/708/708
f 711/711/711 708/708/708 709/709/709
f 714/714/714 713/713/713 712/712/712
f 715/715/715 712/712/712 713/713/713
f 715/715/715 713/713/713 716/716/716
f 717/717/717 716/716/716 713/713/713
f 720/720/720 719/719/719 718/718/718
f 721/721/721 718/718/718 719/719/719
f 724/724/724 723/723/723 722/722/722
f 725/725/725 722/722/722 723/723/723
f 728/728/728 727/727/727 726/726/726
f 729/729/729 726/726/726 727/727/727
f 732/732/732 731/731/731 730/730/730
f 733/733/733 730/730/730 731/731/731
f 736/736/736 735/735/735 734/734/734
f 737/737/737 734/734/734 735/735/735
f 740/740/740 739/739/739 738/738/738
f 741/741/741 738/738/738 739/739/739
f 744/744/744 743/743/743 742/742/742
f 743/743/743 745/745/745 742/742/742
f 746/746/746 745/745/745 743/743/743
f 749/749/749 748/748/748 747/747/747
f 750/750/750 747/747/747 748/748/748
f 753/753/753 752/752/752 751/751/751
f 754/754/754 751/751/751 752/752/752
f 757/757/757 756/756/756 755/755/755
f 758/758/758 755/755/755 756/756/756
f 761/761/761 760/760/760 759/759/759
f 762/762/762 759/759/759 760/760/760
f 765/765/765 764/764/764 763/763/763
f 766/766/766 763/763/763 764/764/764
f 769/769/769 768/768/768 767/767/767
f 770/770/770 767/767/767 768/768/768
f 773/773/773 772/772/772 771/771/771
f 774/774/774 771/771/771 772/772/772
f 777/777/777 776/776/776 775/775/775
f 778/778/778 775/775/775 776/776/776
f 781/781/781 780/780/780 779/779/779
f 782/782/782 779/779/779 780/780/780
f 785/785/785 784/784/784 783/783/783
f 786/786/786 783/783/783 784/784/784
f 789/789/789 788/788/788 787/787/787
f 790/790/790 787/787/787 788/788/788
f 793/793/793 792/792/792 791/791/791
f 794/794/794 791/791/791 792/792/792
f 797/797/797 796/796/796 795/795/795
f 798/798/798 795/795/795 796/796/796
f 801/801/801 800/800/800 799/799/799
f 802/802/802 799/799/799 800/800/800
f 805/805/805 804/804/804 803/803/803
f 806/806/806 803/803/803 804/804/804
f 809/809/809 808/808/808 807/807/807
f 810/810/810 807/807/807 808/808/808
f 813/813/813 812/812/812 811/811/811
f 814/814/814 811/811/811 812/812/812
f 817/817/817 816/816/816 815/815/815
f 818/818/818 815/815/815 816/816/816
f 821/821/821 820/820/820 819/819/819
f 822/822/822 819/819/819 820/820/820
f 825/825/825 824/824/824 823/823/823
f 826/826/826 823/823/823 824/824/824
f 829/829/829 828/828/828 827/827/827
f 830/830/830 827/827/827 828/828/828
f 833/833/833 832/832/832 831/831/831
f 834/834/834 831/831/831 832/832/832
f 837/837/837 836/836/836 835/835/835
f 838/838/838 835/835/835 836/836/836
f 841/841/841 840/840/840 839/839/839
f 842/842/842 839/839/839 840/840/840
f 845/845/845 844/844/844 843/843/843
f 846/846/846 843/843/843 844/844/844
f 849/849/849 848/848/848 847/847/847
f 850/850/850 847/847/847 848/848/848
f 853/853/853 852/852/852 851/851/851
f 854/854/854 851/851/851 852/852/852
f 857/857/857 856/856/856 855/855/855
f 858/858/858 855/855/855 856/856/856
f 861/861/861 860/860/860 859/859/859
f 862/862/862 859/859/859 860/860/860
f 865/865/865 864/864/864 863/863/863
f 866/866/866 863/863/863 864/864/864
f 869/869/869 868/868/868 867/867/867
f 870/870/870 867/867/867 868/868/868
f 873/873/873 872/872/872 871/871/871
f 874/874/874 871/871/871 872/872/872
f 877/877/877 876/876/876 875/875/875
f 878/878/878 875/875/875 876/876/876
f 881/881/881 880/880/880 879/879/879
f 882/882/882 879/879/879 880/880/880
f 885/885/885 884/884/884 883/883/883
f 886/886/886 883/883/883 884/884/884
f 889/889/889 888/888/888 887/887/887
f 890/890/890 887/887/887 888/888/888
f 893/893/893 892/892/892 891/891/891
f 894/894/894 891/891/891 892/892/892
f 897/897/897 896/896/896 895/895/895
f 898/898/898 895/895/895 896/896/896
f 901/901/901 900/900/900 899/899/899
f 902/902/902 899/899/899 900/900/900
f 905/905/905 904/904/904 903/903/903
f 906/906/906 903/903/903 904/904/904
f 909/909/909 908/908/908 907/907/907
f 910/910/910 907/907/907 908/908/908
f 913/913/913 912/912/912 911/911/911
f 914/914/914 911/911/911 912/912/912
f 917/917/917 916/916/916 915/915/915
f 918/918/918 915/915/915 916/916/916
f 921/921/921 920/920/920 919/919/919
f 922/922/922 919/919/919 920/920/920
f 925/925/925 924/924/924 923/923/923
f 926/926/926 923/923/923 924/924/924
f 929/929/929 928/928/928 927/927/927
f 930/930/930 927/927/927 928/928/928
f 933/933/933 932/932/932 931/931/931
f 934/934/934 931/931/931 932/932/932
f 937/937/937 936/936/936 935/935/935
f 938/938/938 935/935/935 936/936/936
f 941/941/941 940/940/940 939/939/939
f 942/942/942 939/939/939 940/940/940
f 945/945/945 944/944/944 943/943/943
f 946/946/946 943/943/943 944/944/944
f 949/949/949 948/948/948 947/947/947
f 950/950/950 947/947/947 948/948/948
f 947/947/947 950/950/950 951/951/951
f 951/951/951 950/950/950 952/952/952
f 953/953/953 951/951/951 952/952/952
f 950/950/950 954/954/954 952/952/952
f 957/957/957 956/956/956 955/955/955
f 958/958/958 955/955/955 956/956/956
f 961/961/961 960/960/960 959/959/959
f 960/960/960 962/962/962 959/959/959
f 962/962/962 963/963/963 959/959/959
f 964/964/964 962/962/962 960/960/960
f 967/967/967 966/966/966 965/965/965
f 968/968/968 965/965/965 966/966/966
f 971/971/971 970/970/970 969/969/969
f 972/972/972 969/969/969 970/970/970
f 975/975/975 974/974/974 973/973/973
f 976/976/976 973/973/973 974/974/974
f 979/979/979 978/978/978 977/977/977
f 980/980/980 977/977/977 978/978/978
f 983/983/983 982/982/982 981/981/981
f 984/984/984 981/981/981 982/982/982
f 987/987/987 986/986/986 985/985/985
f 988/988/988 985/985/985 986/986/986
f 991/991/991 990/990/990 989/989/989
f 992/992/992 989/989/989 990/990/990
f 995/995/995 994/994/994 993/993/993
f 996/996/996 993/993/993 994/994/994
f 999/999/999 998/998/998 997/997/997
f 1000/1000/1000 997/997/997 998/998/998
f 1003/1003/1003 1002/1002/1002 1001/1001/1001
f 1004/1004/1004 1001/1001/1001 1002/1002/1002
f 1007/1007/1007 1006/1006/1006 1005/1005/1005
f 1008/1008/1008 1005/1005/1005 1006/1006/1006
f 1011/1011/1011 1010/1010/1010 1009/1009/1009
f 1012/1012/1012 1009/1009/1009 1010/1010/1010
f 1015/1015/1015 1014/1014/1014 1013/1013/1013
f 1016/1016/1016 1013/1013/1013 1014/1014/1014
f 1019/1019/1019 1018/1018/1018 1017/1017/1017
f 1020/1020/1020 1017/1017/1017 1018/1018/1018
f 1023/1023/1023 1022/1022/1022 1021/1021/1021
f 1024/1024/1024 1021/1021/1021 1022/1022/1022
f 1027/1027/1027 1026/1026/1026 1025/1025/1025
f 1028/1028/1028 1025/1025/1025 1026/1026/1026
f 1031/1031/1031 1030/1030/1030 1029/1029/1029
f 1032/1032/1032 1029/1029/1029 1030/1030/1030
f 1035/1035/1035 1034/1034/1034 1033/1033/1033
f 1036/1036/1036 1033/1033/1033 1034/1034/1034
f 1039/1039/1039 1038/1038/1038 1037/1037/1037
f 1040/1040/1040 1037/1037/1037 1038/1038/1038
f 1043/1043/1043 1042/1042/1042 1041/1041/1041
f 1044/1044/1044 1041/1041/1041 1042/1042/1042
f 1047/1047/1047 1046/1046/1046 1045/1045/1045
f 1048/1048/1048 1045/1045/1045 1046/1046/1046
f 1051/1051/1051 1050/1050/1050 1049/1049/1049
f 1052/1052/1052 1049/1049/1049 1050/1050/1050
f 1055/1055/1055 1054/1054/1054 1053/1053/1053
f 1056/1056/1056 1053/1053/1053 1054/1054/1054
f 1059/1059/1059 1058/1058/1058 1057/1057/1057
f 1060/1060/1060 1057/1057/1057 1058/1058/1058
f 1063/1063/1063 1062/1062/1062 1061/1061/1061
f 1064/1064/1064 1061/1061/1061 1062/1062/1062
f 1067/1067/1067 1066/1066/1066 1065/1065/1065
f 1068/1068/1068 1065/1065/1065 1066/1066/1066
f 1071/1071/1071 1070/1070/1070 1069/1069/1069
f 1072/1072/1072 1069/1069/1069 1070/1070/1070
f 1075/1075/1075 1074/1074/1074 1073/1073/1073
f 1076/1076/1076 1073/1073/1073 1074/1074/1074
f 1079/1079/1079 1078/1078/1078 1077/1077/1077
f 1080/1080/1080 1077/1077/1077 1078/1078/1078
f 1083/1083/1083 1082/1082/1082 1081/1081/1081
f 1084/1084/1084 1081/1081/1081 1082/1082/1082
f 1087/1087/1087 1086/1086/1086 1085/1085/1085
f 1088/1088/1088 1085/1085/1085 1086/1086/1086
f 1091/1091/1091 1090/1090/1090 1089/1089/1089
f 1092/1092/1092 1089/1089/1089 1090/1090/1090
f 1095/1095/1095 1094/1094/1094 1093/1093/1093
f 1096/1096/1096 1093/1093/1093 1094/1094/1094
f 1099/1099/1099 1098/1098/1098 1097/1097/1097
f 1100/1100/1100 1097/1097/1097 1098/1098/1098
f 1103/1103/1103 1102/1102/1102 1101/1101/1101
f 1104/1104/1104 1101/1101/1101 1102/1102/1102
f 1107/1107/1107 1106/1106/1106 1105/1105/1105
f 1108/1108/1108 1105/1105/1105 1106/1106/1106
f 1111/1111/1111 1110/1110/1110 1109/1109/1109
f 1112/1112/1112 1109/1109/1109 1110/1110/1110
f 1115/1115/1115 1114/1114/1114 1113/1113/1113
f 1116/1116/1116 1113/1113/1113 1114/1114/1114
f 1119/1119/1119 1118/1118/1118 1117/1117/1117
f 1120/1120/1120 1117/1117/1117 1118/1118/1118
f 1123/1123/1123 1122/1122/1122 1121/1121/1121
f 1124/1124/1124 1121/1121/1121 1122/1122/1122
f 1127/1127/1127 1126/1126/1126 1125/1125/1125
f 1128/1128/1128 1125/1125/1125 1126/1126/1126
f 1131/1131/1131 1130/1130/1130 1129/1129/1129
f 1132/1132/1132 1129/1129/1129 1130/1130/1130
f 1135/1135/1135 1134/1134/1134 1133/1133/1133
f 1136/1136/1136 1133/1133/1133 1134/1134/1134
f 1139/1139/1139 1138/1138/1138 1137/1137/1137
f 1140/1140/1140 1137/1137/1137 1138/1138/1138
f 1143/1143/1143 1142/1142/1142 1141/1141/1141
f 1144/1144/1144 1141/1141/1141 1142/1142/1142
f 1147/1147/1147 1146/1146/1146 1145/1145/1145
f 1148/1148/1148 1145/1145/1145 1146/1146/1146
f 1151/1151/1151 1150/1150/1150 1149/1149/1149
f 1152/1152/1152 1149/1149/1149 1150/1150/1150
f 1155/1155/1155 1154/1154/1154 1153/1153/1153
f 1156/1156/1156 1153/1153/1153 1154/1154/1154
f 1159/1159/1159 1158/1158/1158 1157/1157/1157
f 1160/1160/1160 1157/1157/1157 1158/1158/1158
f 1163/1163/1163 1162/1162/1162 1161/1161/1161
f 1164/1164/1164 1161/1161/1161 1162/1162/1162
f 1167/1167/1167 1166/1166/1166 1165/1165/1165
f 1168/1168/1168 1165/1165/1165 1166/1166/1166
f 1171/1171/1171 1170/1170/1170 1169/1169/1169
f 1172/1172/1172 1169/1169/1169 1170/1170/1170
f 1175/1175/1175 1174/1174/1174 1173/1173/1173
f 1176/1176/1176 1173/1173/1173 1174/1174/1174
f 1173/1173/1173 1176/1176/1176 1177/1177/1177
f 1178/1178/1178 1177/1177/1177 1176/1176/1176
f 1178/1178/1178 1179/1179/1179 1177/1177/1177
f 1180/1180/1180 1177/1177/1177 1179/1179/1179
f 1180/1180/1180 1179/1179/1179 1181/1181/1181
f 1182/1182/1182 1181/1181/1181 1179/1179/1179
f 1181/1181/1181 1182/1182/1182 1183/1183/1183
f 1184/1184/1184 1183/1183/1183 1182/1182/1182
f 1184/1184/1184 1185/1185/1185 1183/1183/1183
f 1186/1186/1186 1183/1183/1183 1185/1185/1185
f 1185/1185/1185 1187/1187/1187 1186/1186/1186
f 1188/1188/1188 1186/1186/1186 1187/1187/1187
f 1191/1191/1191 1190/1190/1190 1189/1189/1189
f 1190/1190/1190 1192/1192/1192 1189/1189/1189
f 1189/1189/1189 1192/1192/1192 1193/1193/1193
f 1194/1194/1194 1192/1192/1192 1190/1190/1190
f 1195/1195/1195 1194/1194/1194 1190/1190/1190
f 1196/1196/1196 1192/1192/1192 1194/1194/1194
f 1196/1196/1196 1197/1197/1197 1192/1192/1192
f 1197/1197/1197 1198/1198/1198 1192/1192/1192
f 1199/1199/1199 1198/1198/1198 1197/1197/1197
f 1198/1198/1198 1200/1200/1200 1192/1192/1192
f 1192/1192/1192 1200/1200/1200 1201/1201/1201
f 1202/1202/1202 1200/1200/1200 1198/1198/1198
f 1205/1205/1205 1204/1204/1204 1203/1203/1203
f 1204/1204/1204 1206/1206/1206 1203/1203/1203
f 1206/1206/1206 1207/1207/1207 1203/1203/1203
f 1207/1207/1207 1208/1208/1208 1203/1203/1203
f 1203/1203/1203 1208/1208/1208 1209/1209/1209
f 1210/1210/1210 1208/1208/1208 1207/1207/1207
f 1209/1209/1209 1208/1208/1208 1211/1211/1211
f 1212/1212/1212 1210/1210/1210 1207/1207/1207
f 1213/1213/1213 1210/1210/1210 1212/1212/1212
f 1214/1214/1214 1209/1209/1209 1211/1211/1211
f 1215/1215/1215 1214/1214/1214 1211/1211/1211
f 1216/1216/1216 1214/1214/1214 1215/1215/1215
f 1217/1217/1217 1213/1213/1213 1212/1212/1212
f 1218/1218/1218 1214/1214/1214 1216/1216/1216
f 1219/1219/1219 1213/1213/1213 1217/1217/1217
f 1220/1220/1220 1218/1218/1218 1216/1216/1216
f 1217/1217/1217 1221/1221/1221 1219/1219/1219
f 1219/1219/1219 1221/1221/1221 1220/1220/1220
f 1217/1217/1217 1222/1222/1222 1221/1221/1221
f 1221/1221/1221 1223/1223/1223 1220/1220/1220
f 1223/1223/1223 1218/1218/1218 1220/1220/1220
f 1221/1221/1221 1222/1222/1222 1224/1224/1224
f 1225/1225/1225 1218/1218/1218 1223/1223/1223
f 1222/1222/1222 1226/1226/1226 1224/1224/1224
f 1227/1227/1227 1218/1218/1218 1225/1225/1225
f 1224/1224/1224 1226/1226/1226 1228/1228/1228
f 1229/1229/1229 1218/1218/1218 1227/1227/1227
f 1230/1230/1230 1229/1229/1229 1227/1227/1227
f 1226/1226/1226 1231/1231/1231 1228/1228/1228
f 1232/1232/1232 1229/1229/1229 1230/1230/1230
f 1228/1228/1228 1231/1231/1231 1232/1232/1232
f 1229/1229/1229 1232/1232/1232 1233/1233/1233
f 1232/1232/1232 1231/1231/1231 1233/1233/1233
f 1231/1231/1231 1234/1234/1234 1233/1233/1233
f 1234/1234/1234 1235/1235/1235 1233/1233/1233
f 1233/1233/1233 1235/1235/1235 1236/1236/1236
f 1235/1235/1235 1237/1237/1237 1236/1236/1236
f 1238/1238/1238 1237/1237/1237 1235/1235/1235
f 1239/1239/1239 1237/1237/1237 1238/1238/1238
f 1240/1240/1240 1237/1237/1237 1239/1239/1239
f 1241/1241/1241 1237/1237/1237 1240/1240/1240
f 1242/1242/1242 1240/1240/1240 1239/1239/1239
f 1240/1240/1240 1243/1243/1243 1241/1241/1241
f 1244/1244/1244 1242/1242/1242 1239/1239/1239
f 1243/1243/1243 1245/1245/1245 1241/1241/1241
f 1246/1246/1246 1242/1242/1242 1244/1244/1244
f 1247/1247/1247 1246/1246/1246 1244/1244/1244
f 1241/1241/1241 1245/1245/1245 1248/1248/1248
f 1249/1249/1249 1246/1246/1246 1247/1247/1247
f 1245/1245/1245 1250/1250/1250 1248/1248/1248
f 1250/1250/1250 1251/1251/1251 1248/1248/1248
f 1252/1252/1252 1249/1249/1249 1247/1247/1247
f 1251/1251/1251 1253/1253/1253 1248/1248/1248
f 1249/1249/1249 1253/1253/1253 1251/1251/1251
f 1253/1253/1253 1254/1254/1254 1248/1248/1248
f 1255/1255/1255 1253/1253/1253 1249/1249/1249
f 1252/1252/1252 1255/1255/1255 1249/1249/1249
f 1255/1255/1255 1252/1252/1252 1256/1256/1256
f 1252/1252/1252 1257/1257/1257 1256/1256/1256
f 1256/1256/1256 1257/1257/1257 1258/1258/1258
f 1248/1248/1248 1254/1254/1254 1259/1259/1259
f 1254/1254/1254 1260/1260/1260 1259/1259/1259
f 1259/1259/1259 1260/1260/1260 1261/1261/1261
f 1262/1262/1262 1259/1259/1259 1261/1261/1261
f 1257/1257/1257 1263/1263/1263 1258/1258/1258
f 1264/1264/1264 1262/1262/1262 1261/1261/1261
f 1258/1258/1258 1263/1263/1263 1264/1264/1264
f 1265/1265/1265 1262/1262/1262 1264/1264/1264
f 1263/1263/1263 1265/1265/1265 1264/1264/1264
f 1266/1266/1266 1265/1265/1265 1263/1263/1263
f 1267/1267/1267 1265/1265/1265 1266/1266/1266
f 1268/1268/1268 1265/1265/1265 1267/1267/1267
f 1271/1271/1271 1270/1270/1270 1269/1269/1269
f 1272/1272/1272 1269/1269/1269 1270/1270/1270
f 1270/1270/1270 1273/1273/1273 1272/1272/1272
f 1274/1274/1274 1272/1272/1272 1273/1273/1273
f 1274/1274/1274 1273/1273/1273 1275/1275/1275
f 1276/1276/1276 1275/1275/1275 1273/1273/1273
f 1276/1276/1276 1277/1277/1277 1275/1275/1275
f 1278/1278/1278 1275/1275/1275 1277/1277/1277
f 1277/1277/1277 1279/1279/1279 1278/1278/1278
f 1280/1280/1280 1278/1278/1278 1279/1279/1279
f 1280/1280/1280 1279/1279/1279 1281/1281/1281
f 1282/1282/1282 1281/1281/1281 1279/1279/1279
f 1281/1281/1281 1282/1282/1282 1283/1283/1283
f 1284/1284/1284 1283/1283/1283 1282/1282/1282
f 1287/1287/1287 1286/1286/1286 1285/1285/1285
f 1288/1288/1288 1285/1285/1285 1286/1286/1286
f 1286/1286/1286 1289/1289/1289 1288/1288/1288
f 1290/1290/1290 1288/1288/1288 1289/1289/1289
f 1290/1290/1290 1289/1289/1289 1291/1291/1291
f 1292/1292/1292 1291/1291/1291 1289/1289/1289
f 1291/1291/1291 1292/1292/1292 1293/1293/1293
f 1294/1294/1294 1293/1293/1293 1292/1292/1292
f 1297/1297/1297 1296/1296/1296 1295/1295/1295
f 1297/1297/1297 1298/1298/1298 1296/1296/1296
f 1299/1299/1299 1296/1296/1296 1298/1298/1298
f 1299/1299/1299 1298/1298/1298 1300/1300/1300
f 1301/1301/1301 1300/1300/1300 1298/1298/1298
f 1300/1300/1300 1301/1301/1301 1302/1302/1302
f 1305/1305/1305 1304/1304/1304 1303/1303/1303
f 1306/1306/1306 1303/1303/1303 1304/1304/1304
f 1303/1303/1303 1306/1306/1306 1307/1307/1307
f 1308/1308/1308 1307/1307/1307 1306/1306/1306
f 1311/1311/1311 1310/1310/1310 1309/1309/1309
f 1312/1312/1312 1309/1309/1309 1310/1310/1310
f 1310/1310/1310 1313/1313/1313 1312/1312/1312
f 1314/1314/1314 1312/1312/1312 1313/1313/1313
f 1314/1314/1314 1313/1313/1313 1315/1315/1315
f 1316/1316/1316 1315/1315/1315 1313/1313/1313
f 1315/1315/1315 1316/1316/1316 1317/1317/1317
f 1318/1318/1318 1317/1317/1317 1316/1316/1316
f 1321/1321/1321 1320/1320/1320 1319/1319/1319
f 1321/1321/1321 1322/1322/1322 1320/1320/1320
f 1323/1323/1323 1320/1320/1320 1322/1322/1322
f 1323/1323/1323 1322/1322/1322 1324/1324/1324
f 1325/1325/1325 1324/1324/1324 1322/1322/1322
f 1324/1324/1324 1325/1325/1325 1326/1326/1326
f 1329/1329/1329 1328/1328/1328 1327/1327/1327
f 1330/1330/1330 1327/1327/1327 1328/1328/1328
f 1327/1327/1327 1330/1330/1330 1331/1331/1331
f 1332/1332/1332 1331/1331/1331 1330/1330/1330
f 1335/1335/1335 1334/1334/1334 1333/1333/1333
f 1336/1336/1336 1333/1333/1333 1334/1334/1334
f 1334/1334/1334 1337/1337/1337 1336/1336/1336
f 1338/1338/1338 1336/1336/1336 1337/1337/1337
f 1338/1338/1338 1337/1337/1337 1339/1339/1339
f 1340/1340/1340 1339/1339/1339 1337/1337/1337
f 1339/1339/1339 1340/1340/1340 1341/1341/1341
f 1342/1342/1342 1341/1341/1341 1340/1340/1340
f 1345/1345/1345 1344/1344/1344 1343/1343/1343
f 1345/1345/1345 1346/1346/1346 1344/1344/1344
f 1347/1347/1347 1344/1344/1344 1346/1346/1346
f 1347/1347/1347 1346/1346/1346 1348/1348/1348
f 1349/1349/1349 1348/1348/1348 1346/1346/1346
f 1348/1348/1348 1349/1349/1349 1350/1350/1350
f 1353/1353/1353 1352/1352/1352 1351/1351/1351
f 1354/1354/1354 1351/1351/1351 1352/1352/1352
f 1351/1351/1351 1354/1354/1354 1355/1355/1355
f 1356/1356/1356 1355/1355/1355 1354/1354/1354
f 1359/1359/1359 1358/1358/1358 1357/1357/1357
f 1360/1360/1360 1357/1357/1357 1358/1358/1358
f 1358/1358/1358 1361/1361/1361 1360/1360/1360
f 1362/1362/1362 1360/1360/1360 1361/1361/1361
f 1362/1362/1362 1361/1361/1361 1363/1363/1363
f 1364/1364/1364 1363/1363/1363 1361/1361/1361
f 1363/1363/1363 1364/1364/1364 1365/1365/1365
f 1366/1366/1366 1365/1365/1365 1364/1364/1364
f 1369/1369/1369 1368/1368/1368 1367/1367/1367
f 1369/1369/1369 1370/1370/1370 1368/1368/1368
f 1371/1371/1371 1368/1368/1368 1370/1370/1370
f 1371/1371/1371 1370/1370/1370 1372/1372/1372
f 1373/1373/1373 1372/1372/1372 1370/1370/1370
f 1372/1372/1372 1373/1373/1373 1374/1374/1374
f 1377/1377/1377 1376/1376/1376 1375/1375/1375
f 1378/1378/1378 1375/1375/1375 1376/1376/1376
f 1375/1375/1375 1378/1378/1378 1379/1379/1379
f 1380/1380/1380 1379/1379/1379 1378/1378/1378
f 1383/1383/1383 1382/1382/1382 1381/1381/1381
f 1384/1384/1384 1381/1381/1381 1382/1382/1382
f 1382/1382/1382 1385/1385/1385 1384/1384/1384
f 1386/1386/1386 1384/1384/1384 1385/1385/1385
f 1386/1386/1386 1385/1385/1385 1387/1387/1387
f 1388/1388/1388 1387/1387/1387 1385/1385/1385
f 1387/1387/1387 1388/1388/1388 1389/1389/1389
f 1390/1390/1390 1389/1389/1389 1388/1388/1388
f 1393/1393/1393 1392/1392/1392 1391/1391/1391
f 1393/1393/1393 1394/1394/1394 1392/1392/1392
f 1395/1395/1395 1392/1392/1392 1394/1394/1394
f 1395/1395/1395 1394/1394/1394 1396/1396/1396
f 1397/1397/1397 1396/1396/1396 1394/1394/1394
f 1396/1396/1396 1397/1397/1397 1398/1398/1398
f 1401/1401/1401 1400/1400/1400 1399/1399/1399
f 1402/1402/1402 1399/1399/1399 1400/1400/1400
f 1399/1399/1399 1402/1402/1402 1403/1403/1403
f 1404/1404/1404 1403/1403/1403 1402/1402/1402
f 1407/1407/1407 1406/1406/1406 1405/1405/1405
f 1408/1408/1408 1405/1405/1405 1406/1406/1406
f 1406/1406/1406 1409/1409/1409 1408/1408/1408
f 1410/1410/1410 1408/1408/1408 1409/1409/1409
f 1410/1410/1410 1409/1409/1409 1411/1411/1411
f 1412/1412/1412 1411/1411/1411 1409/1409/1409
f 1411/1411/1411 1412/1412/1412 1413/1413/1413
f 1414/1414/1414 1413/1413/1413 1412/1412/1412
f 1417/1417/1417 1416/1416/1416 1415/1415/1415
f 1417/1417/1417 1418/1418/1418 1416/1416/1416
f 1419/1419/1419 1416/1416/1416 1418/1418/1418
f 1419/1419/1419 1418/1418/1418 1420/1420/1420
f 1421/1421/1421 1420/1420/1420 1418/1418/1418
f 1420/1420/1420 1421/1421/1421 1422/1422/1422
f 1425/1425/1425 1424/1424/1424 1423/1423/1423
f 1426/1426/1426 1423/1423/1423 1424/1424/1424
f 1423/1423/1423 1426/1426/1426 1427/1427/1427
f 1428/1428/1428 1427/1427/1427 1426/1426/1426
f 1431/1431/1431 1430/1430/1430 1429/1429/1429
f 1432/1432/1432 1429/1429/1429 1430/1430/1430
f 1435/1435/1435 1434/1434/1434 1433/1433/1433
f 1436/1436/1436 1433/1433/1433 1434/1434/1434
f 1433/1433/1433 1436/1436/1436 1437/1437/1437
f 1438/1438/1438 1437/1437/1437 1436/1436/1436
f 1441/1441/1441 1440/1440/1440 1439/1439/1439
f 1442/1442/1442 1439/1439/1439 1440/1440/1440
f 1445/1445/1445 1444/1444/1444 1443/1443/1443
f 1446/1446/1446 1443/1443/1443 1444/1444/1444
f 1443/1443/1443 1446/1446/1446 1447/1447/1447
f 1448/1448/1448 1447/1447/1447 1446/1446/1446
f 1447/1447/1447 1448/1448/1448 1449/1449/1449
f 1450/1450/1450 1449/1449/1449 1448/1448/1448
f 1449/1449/1449 1450/1450/1450 1451/1451/1451
f 1452/1452/1452 1451/1451/1451 1450/1450/1450
f 1455/1455/1455 1454/1454/1454 1453/1453/1453
f 1456/1456/1456 1453/1453/1453 1454/1454/1454
f 1459/1459/1459 1458/1458/1458 1457/1457/1457
f 1460/1460/1460 1457/1457/1457 1458/1458/1458
f 1457/1457/1457 1460/1460/1460 1461/1461/1461
f 1462/1462/1462 1461/1461/1461 1460/1460/1460
f 1465/1465/1465 1464/1464/1464 1463/1463/1463
f 1466/1466/1466 1463/1463/1463 1464/1464/1464
f 1469/1469/1469 1468/1468/1468 1467/1467/1467
f 1470/1470/1470 1467/1467/1467 1468/1468/1468
f 1467/1467/1467 1470/1470/1470 1471/1471/1471
f 1472/1472/1472 1471/1471/1471 1470/1470/1470
f 1471/1471/1471 1472/1472/1472 1473/1473/1473
f 1474/1474/1474 1473/1473/1473 1472/1472/1472
f 1473/1473/1473 1474/1474/1474 1475/1475/1475
f 1476/1476/1476 1475/1475/1475 1474/1474/1474
f 1479/1479/1479 1478/1478/1478 1477/1477/1477
f 1478/1478/1478 1480/1480/1480 1477/1477/1477
f 1477/1477/1477 1480/1480/1480 1481/1481/1481
f 1482/1482/1482 1480/1480/1480 1478/1478/1478
f 1483/1483/1483 1482/1482/1482 1478/1478/1478
f 1484/1484/1484 1480/1480/1480 1482/1482/1482
f 1487/1487/1487 1486/1486/1486 1485/1485/1485
f 1488/1488/1488 1485/1485/1485 1486/1486/1486
f 1488/1488/1488 1489/1489/1489 1485/1485/1485
f 1490/1490/1490 1485/1485/1485 1489/1489/1489
f 1489/1489/1489 1491/1491/1491 1490/1490/1490
f 1492/1492/1492 1490/1490/1490 1491/1491/1491
f 1485/1485/1485 1490/1490/1490 1493/1493/1493
f 1494/1494/1494 1493/1493/1493 1490/1490/1490
f 1493/1493/1493 1494/1494/1494 1495/1495/1495
f 1496/1496/1496 1493/1493/1493 1495/1495/1495
f 1497/1497/1497 1496/1496/1496 1495/1495/1495
f 1498/1498/1498 1493/1493/1493 1496/1496/1496
f 1501/1501/1501 1500/1500/1500 1499/1499/1499
f 1502/1502/1502 1499/1499/1499 1500/1500/1500
f 1500/1500/1500 1503/1503/1503 1502/1502/1502
f 1504/1504/1504 1502/1502/1502 1503/1503/1503
f 1504/1504/1504 1503/1503/1503 1505/1505/1505
f 1504/1504/1504 1506/1506/1506 1502/1502/1502
f 1507/1507/1507 1505/1505/1505 1503/1503/1503
f 1508/1508/1508 1502/1502/1502 1506/1506/1506
f 1505/1505/1505 1507/1507/1507 1509/1509/1509
f 1510/1510/1510 1509/1509/1509 1507/1507/1507
f 1505/1505/1505 1509/1509/1509 1511/1511/1511
f 1509/1509/1509 1510/1510/1510 1512/1512/1512
f 1513/1513/1513 1512/1512/1512 1510/1510/1510
f 1514/1514/1514 1511/1511/1511 1509/1509/1509
f 1508/1508/1508 1506/1506/1506 1515/1515/1515
f 1515/1515/1515 1516/1516/1516 1508/1508/1508
f 1517/1517/1517 1515/1515/1515 1506/1506/1506
f 1506/1506/1506 1511/1511/1511 1517/1517/1517
f 1518/1518/1518 1508/1508/1508 1516/1516/1516
f 1519/1519/1519 1517/1517/1517 1511/1511/1511
f 1519/1519/1519 1511/1511/1511 1520/1520/1520
f 1514/1514/1514 1520/1520/1520 1511/1511/1511
f 1516/1516/1516 1521/1521/1521 1518/1518/1518
f 1520/1520/1520 1514/1514/1514 1521/1521/1521
f 1522/1522/1522 1518/1518/1518 1521/1521/1521
f 1522/1522/1522 1521/1521/1521 1514/1514/1514
f 1525/1525/1525 1524/1524/1524 1523/1523/1523
f 1526/1526/1526 1523/1523/1523 1524/1524/1524
f 1529/1529/1529 1528/1528/1528 1527/1527/1527
f 1528/1528/1528 1530/1530/1530 1527/1527/1527
f 1530/1530/1530 1531/1531/1531 1527/1527/1527
f 1532/1532/1532 1530/1530/1530 1528/1528/1528
f 1535/1535/1535 1534/1534/1534 1533/1533/1533
f 1534/1534/1534 1536/1536/1536 1533/1533/1533
f 1536/1536/1536 1537/1537/1537 1533/1533/1533
f 1538/1538/1538 1536/1536/1536 1534/1534/1534
f 1539/1539/1539 1538/1538/1538 1534/1534/1534
f 1540/1540/1540 1536/1536/1536 1538/1538/1538
f 1543/1543/1543 1542/1542/1542 1541/1541/1541
f 1544/1544/1544 1541/1541/1541 1542/1542/1542
f 1541/1541/1541 1544/1544/1544 1545/1545/1545
f 1546/1546/1546 1545/1545/1545 1544/1544/1544
f 1545/1545/1545 1546/1546/1546 1547/1547/1547
f 1548/1548/1548 1547/1547/1547 1546/1546/1546
f 1547/1547/1547 1548/1548/1548 1549/1549/1549
f 1550/1550/1550 1549/1549/1549 1548/1548/1548
f 1553/1553/1553 1552/1552/1552 1551/1551/1551
f 1554/1554/1554 1551/1551/1551 1552/1552/1552
f 1551/1551/1551 1554/1554/1554 1555/1555/1555
f 1556/1556/1556 1555/1555/1555 1554/1554/1554
f 1555/1555/1555 1556/1556/1556 1557/1557/1557
f 1558/1558/1558 1557/1557/1557 1556/1556/1556
f 1557/1557/1557 1558/1558/1558 1559/1559/1559
f 1560/1560/1560 1559/1559/1559 1558/1558/1558
f 1563/1563/1563 1562/1562/1562 1561/1561/1561
f 1562/1562/1562 1564/1564/1564 1561/1561/1561
f 1564/1564/1564 1565/1565/1565 1561/1561/1561
f 1566/1566/1566 1564/1564/1564 1562/1562/1562
f 1567/1567/1567 1566/1566/1566 1562/1562/1562
f 1568/1568/1568 1564/1564/1564 1566/1566/1566
f 1571/1571/1571 1570/1570/1570 1569/1569/1569
f 1570/1570/1570 1572/1572/1572 1569/1569/1569
f 1573/1573/1573 1572/1572/1572 1570/1570/1570
f 1572/1572/1572 1574/1574/1574 1569/1569/1569
f 1574/1574/1574 1575/1575/1575 1569/1569/1569
f 1576/1576/1576 1574/1574/1574 1572/1572/1572
f 1579/1579/1579 1578/1578/1578 1577/1577/1577
f 1580/1580/1580 1577/1577/1577 1578/1578/1578
f 1578/1578/1578 1581/1581/1581 1580/1580/1580
f 1582/1582/1582 1580/1580/1580 1581/1581/1581
f 1581/1581/1581 1583/1583/1583 1582/1582/1582
f 1584/1584/1584 1582/1582/1582 1583/1583/1583
f 1583/1583/1583 1585/1585/1585 1584/1584/1584
f 1586/1586/1586 1584/1584/1584 1585/1585/1585
f 1589/1589/1589 1588/1588/1588 1587/1587/1587
f 1590/1590/1590 1587/1587/1587 1588/1588/1588
f 1588/1588/1588 1591/1591/1591 1590/1590/1590
f 1592/1592/1592 1590/1590/1590 1591/1591/1591
f 1591/1591/1591 1593/1593/1593 1592/1592/1592
f 1594/1594/1594 1592/1592/1592 1593/1593/1593
f 1593/1593/1593 1595/1595/1595 1594/1594/1594
f 1596/1596/1596 1594/1594/1594 1595/1595/1595
f 1599/1599/1599 1598/1598/1598 1597/1597/1597
f 1598/1598/1598 1600/1600/1600 1597/1597/1597
f 1601/1601/1601 1600/1600/1600 1598/1598/1598
f 1600/1600/1600 1602/1602/1602 1597/1597/1597
f 1602/1602/1602 1603/1603/1603 1597/1597/1597
f 1604/1604/1604 1602/1602/1602 1600/1600/1600
f 1607/1607/1607 1606/1606/1606 1605/1605/1605
f 1608/1608/1608 1605/1605/1605 1606/1606/1606
f 1611/1611/1611 1610/1610/1610 1609/1609/1609
f 1612/1612/1612 1609/1609/1609 1610/1610/1610
f 1615/1615/1615 1614/1614/1614 1613/1613/1613
f 1616/1616/1616 1613/1613/1613 1614/1614/1614
f 1619/1619/1619 1618/1618/1618 1617/1617/1617
f 1620/1620/1620 1617/1617/1617 1618/1618/1618
f 1623/1623/1623 1622/1622/1622 1621/1621/1621
f 1624/1624/1624 1621/1621/1621 1622/1622/1622
f 1627/1627/1627 1626/1626/1626 1625/1625/1625
f 1628/1628/1628 1625/1625/1625 1626/1626/1626
f 1631/1631/1631 1630/1630/1630 1629/1629/1629
f 1632/1632/1632 1629/1629/1629 1630/1630/1630
f 1629/1629/1629 1632/1632/1632 1633/1633/1633
f 1634/1634/1634 1633/1633/1633 1632/1632/1632
f 1633/1633/1633 1634/1634/1634 1635/1635/1635
f 1636/1636/1636 1635/1635/1635 1634/1634/1634
f 1635/1635/1635 1636/1636/1636 1637/1637/1637
f 1638/1638/1638 1637/1637/1637 1636/1636/1636
f 1641/1641/1641 1640/1640/1640 1639/1639/1639
f 1642/1642/1642 1639/1639/1639 1640/1640/1640
f 1639/1639/1639 1642/1642/1642 1643/1643/1643
f 1644/1644/1644 1643/1643/1643 1642/1642/1642
f 1643/1643/1643 1644/1644/1644 1645/1645/1645
f 1646/1646/1646 1645/1645/1645 1644/1644/1644
f 1645/1645/1645 1646/1646/1646 1647/1647/1647
f 1648/1648/1648 1647/1647/1647 1646/1646/1646
f 1651/1651/1651 1650/1650/1650 1649/1649/1649
f 1650/1650/1650 1652/1652/1652 1649/1649/1649
f 1649/1649/1649 1652/1652/1652 1653/1653/1653
f 1654/1654/1654 1652/1652/1652 1650/1650/1650
f 1655/1655/1655 1654/1654/1654 1650/1650/1650
f 1656/1656/1656 1652/1652/1652 1654/1654/1654
f 1659/1659/1659 1658/1658/1658 1657/1657/1657
f 1658/1658/1658 1660/1660/1660 1657/1657/1657
f 1657/1657/1657 1660/1660/1660 1661/1661/1661
f 1662/1662/1662 1660/1660/1660 1658/1658/1658
f 1663/1663/1663 1662/1662/1662 1658/1658/1658
f 1664/1664/1664 1660/1660/1660 1662/1662/1662
f 1667/1667/1667 1666/1666/1666 1665/1665/1665
f 1668/1668/1668 1665/1665/1665 1666/1666/1666
f 1666/1666/1666 1669/1669/1669 1668/1668/1668
f 1669/1669/1669 1670/1670/1670 1668/1668/1668
f 1670/1670/1670 1671/1671/1671 1668/1668/1668
f 1672/1672/1672 1668/1668/1668 1671/1671/1671
f 1675/1675/1675 1674/1674/1674 1673/1673/1673
f 1676/1676/1676 1673/1673/1673 1674/1674/1674
f 1676/1676/1676 1677/1677/1677 1673/1673/1673
f 1678/1678/1678 1677/1677/1677 1676/1676/1676
f 1676/1676/1676 1679/1679/1679 1678/1678/1678
f 1680/1680/1680 1678/1678/1678 1679/1679/1679
f 1683/1683/1683 1682/1682/1682 1681/1681/1681
f 1684/1684/1684 1681/1681/1681 1682/1682/1682
f 1687/1687/1687 1686/1686/1686 1685/1685/1685
f 1688/1688/1688 1685/1685/1685 1686/1686/1686
f 1691/1691/1691 1690/1690/1690 1689/1689/1689
f 1692/1692/1692 1689/1689/1689 1690/1690/1690
f 1695/1695/1695 1694/1694/1694 1693/1693/1693
f 1696/1696/1696 1693/1693/1693 1694/1694/1694
f 1696/1696/1696 1694/1694/1694 1697/1697/1697
f 1698/1698/1698 1697/1697/1697 1694/1694/1694
f 1698/1698/1698 1699/1699/1699 1697/1697/1697
f 1700/1700/1700 1697/1697/1697 1699/1699/1699
f 1703/1703/1703 1702/1702/1702 1701/1701/1701
f 1704/1704/1704 1701/1701/1701 1702/1702/1702
f 1707/1707/1707 1706/1706/1706 1705/1705/1705
f 1708/1708/1708 1705/1705/1705 1706/1706/1706
f 1711/1711/1711 1710/1710/1710 1709/1709/1709
f 1712/1712/1712 1709/1709/1709 1710/1710/1710
f 1710/1710/1710 1713/1713/1713 1712/1712/1712
f 1714/1714/1714 1712/1712/1712 1713/1713/1713
f 1713/1713/1713 1715/1715/1715 1714/1714/1714
f 1716/1716/1716 1714/1714/1714 1715/1715/1715
f 1716/1716/1716 1715/1715/1715 1717/1717/1717
f 1718/1718/1718 1717/1717/1717 1715/1715/1715
f 1721/1721/1721 1720/1720/1720 1719/1719/1719
f 1722/1722/1722 1719/1719/1719 1720/1720/1720
f 1720/1720/1720 1723/1723/1723 1722/1722/1722
f 1724/1724/1724 1722/1722/1722 1723/1723/1723
f 1725/1725/1725 1724/1724/1724 1723/1723/1723
f 1723/1723/1723 1726/1726/1726 1725/1725/1725
f 1727/1727/1727 1725/1725/1725 1726/1726/1726
f 1725/1725/1725 1727/1727/1727 1728/1728/1728
f 1729/1729/1729 1728/1728/1728 1727/1727/1727
f 1732/1732/1732 1731/1731/1731 1730/1730/1730
f 1733/1733/1733 1730/1730/1730 1731/1731/1731
f 1734/1734/1734 1733/1733/1733 1731/1731/1731
f 1733/1733/1733 1734/1734/1734 1735/1735/1735
f 1736/1736/1736 1735/1735/1735 1734/1734/1734
f 1737/1737/1737 1735/1735/1735 1736/1736/1736
f 1735/1735/1735 1737/1737/1737 1738/1738/1738
f 1739/1739/1739 1738/1738/1738 1737/1737/1737
f 1739/1739/1739 1740/1740/1740 1738/1738/1738
f 1738/1738/1738 1740/1740/1740 1730/1730/1730
f 1741/1741/1741 1730/1730/1730 1740/1740/1740
f 1744/1744/1744 1743/1743/1743 1742/1742/1742
f 1745/1745/1745 1742/1742/1742 1743/1743/1743
f 1742/1742/1742 1745/1745/1745 1746/1746/1746
f 1747/1747/1747 1746/1746/1746 1745/1745/1745
f 1750/1750/1750 1749/1749/1749 1748/1748/1748
f 1751/1751/1751 1748/1748/1748 1749/1749/1749
f 1748/1748/1748 1751/1751/1751 1752/1752/1752
f 1753/1753/1753 1752/1752/1752 1751/1751/1751
f 1756/1756/1756 1755/1755/1755 1754/1754/1754
f 1757/1757/1757 1754/1754/1754 1755/1755/1755
f 1760/1760/1760 1759/1759/1759 1758/1758/1758
f 1761/1761/1761 1758/1758/1758 1759/1759/1759
f 1764/1764/1764 1763/1763/1763 1762/1762/1762
f 1765/1765/1765 1762/1762/1762 1763/1763/1763
f 1768/1768/1768 1767/1767/1767 1766/1766/1766
f 1769/1769/1769 1766/1766/1766 1767/1767/1767
f 1766/1766/1766 1769/1769/1769 1770/1770/1770
f 1767/1767/1767 1771/1771/1771 1769/1769/1769
f 1772/1772/1772 1770/1770/1770 1769/1769/1769
f 1773/1773/1773 1769/1769/1769 1771/1771/1771
f 1769/1769/1769 1773/1773/1773 1772/1772/1772
f 1771/1771/1771 1774/1774/1774 1773/1773/1773
f 1775/1775/1775 1772/1772/1772 1773/1773/1773
f 1776/1776/1776 1773/1773/1773 1774/1774/1774
f 1775/1775/1775 1773/1773/1773 1776/1776/1776
f 1777/1777/1777 1775/1775/1775 1776/1776/1776
f 1780/1780/1780 1779/1779/1779 1778/1778/1778
f 1781/1781/1781 1778/1778/1778 1779/1779/1779
f 1778/1778/1778 1781/1781/1781 1782/1782/1782
f 1783/1783/1783 1782/1782/1782 1781/1781/1781
f 1783/1783/1783 1781/1781/1781 1784/1784/1784
f 1781/1781/1781 1779/1779/1779 1785/1785/1785
f 1785/1785/1785 1784/1784/1784 1781/1781/1781
f 1784/1784/1784 1785/1785/1785 1786/1786/1786
f 1787/1787/1787 1785/1785/1785 1779/1779/1779
f 1788/1788/1788 1786/1786/1786 1785/1785/1785
f 1788/1788/1788 1785/1785/1785 1787/1787/1787
f 1789/1789/1789 1788/1788/1788 1787/1787/1787
f 1792/1792/1792 1791/1791/1791 1790/1790/1790
f 1793/1793/1793 1790/1790/1790 1791/1791/1791
f 1796/1796/1796 1795/1795/1795 1794/1794/1794
f 1797/1797/1797 1794/1794/1794 1795/1795/1795
f 1800/1800/1800 1799/1799/1799 1798/1798/1798
f 1801/1801/1801 1798/1798/1798 1799/1799/1799
f 1799/1799/1799 1802/1802/1802 1801/1801/1801
f 1803/1803/1803 1801/1801/1801 1802/1802/1802
f 1806/1806/1806 1805/1805/1805 1804/1804/1804
f 1807/1807/1807 1804/1804/1804 1805/1805/1805
f 1810/1810/1810 1809/1809/1809 1808/1808/1808
f 1811/1811/1811 1808/1808/1808 1809/1809/1809
f 1809/1809/1809 1812/1812/1812 1811/1811/1811
f 1813/1813/1813 1811/1811/1811 1812/1812/1812
f 1812/1812/1812 1814/1814/1814 1813/1813/1813
f 1815/1815/1815 1813/1813/1813 1814/1814/1814
f 1814/1814/1814 1816/1816/1816 1815/1815/1815
f 1817/1817/1817 1815/1815/1815 1816/1816/1816
f 1820/1820/1820 1819/1819/1819 1818/1818/1818
f 1821/1821/1821 1818/1818/1818 1819/1819/1819
f 1824/1824/1824 1823/1823/1823 1822/1822/1822
f 1825/1825/1825 1823/1823/1823 1824/1824/1824
f 1824/1824/1824 1826/1826/1826 1825/1825/1825
f 1825/1825/1825 1827/1827/1827 1823/1823/1823
f 1827/1827/1827 1828/1828/1828 1823/1823/1823
f 1828/1828/1828 1829/1829/1829 1823/1823/1823
f 1829/1829/1829 1828/1828/1828 1830/1830/1830
f 1828/1828/1828 1831/1831/1831 1830/1830/1830
f 1832/1832/1832 1829/1829/1829 1830/1830/1830
f 1829/1829/1829 1833/1833/1833 1823/1823/1823
f 1834/1834/1834 1823/1823/1823 1833/1833/1833
f 1833/1833/1833 1835/1835/1835 1834/1834/1834
f 1833/1833/1833 1836/1836/1836 1835/1835/1835
f 1837/1837/1837 1835/1835/1835 1836/1836/1836
f 1835/1835/1835 1837/1837/1837 1834/1834/1834
f 1838/1838/1838 1834/1834/1834 1837/1837/1837
f 1841/1841/1841 1840/1840/1840 1839/1839/1839
f 1842/1842/1842 1839/1839/1839 1840/1840/1840
f 1845/1845/1845 1844/1844/1844 1843/1843/1843
f 1844/1844/1844 1846/1846/1846 1843/1843/1843
f 1843/1843/1843 1846/1846/1846 1847/1847/1847
f 1850/1850/1850 1849/1849/1849 1848/1848/1848
f 1849/1849/1849 1851/1851/1851 1848/1848/1848
f 1851/1851/1851 1852/1852/1852 1848/1848/1848
f 1853/1853/1853 1851/1851/1851 1849/1849/1849
f 1854/1854/1854 1853/1853/1853 1849/1849/1849
f 1855/1855/1855 1851/1851/1851 1853/1853/1853
f 1858/1858/1858 1857/1857/1857 1856/1856/1856
f 1859/1859/1859 1856/1856/1856 1857/1857/1857
f 1857/1857/1857 1860/1860/1860 1859/1859/1859
f 1861/1861/1861 1859/1859/1859 1860/1860/1860
f 1864/1864/1864 1863/1863/1863 1862/1862/1862
f 1865/1865/1865 1862/1862/1862 1863/1863/1863
f 1865/1865/1865 1866/1866/1866 1862/1862/1862
f 1867/1867/1867 1862/1862/1862 1866/1866/1866
f 1870/1870/1870 1869/1869/1869 1868/1868/1868
f 1871/1871/1871 1868/1868/1868 1869/1869/1869
f 1874/1874/1874 1873/1873/1873 1872/1872/1872
f 1875/1875/1875 1872/1872/1872 1873/1873/1873
f 1878/1878/1878 1877/1877/1877 1876/1876/1876
f 1879/1879/1879 1876/1876/1876 1877/1877/1877
f 1882/1882/1882 1881/1881/1881 1880/1880/1880
f 1883/1883/1883 1880/1880/1880 1881/1881/1881
f 1886/1886/1886 1885/1885/1885 1884/1884/1884
f 1887/1887/1887 1884/1884/1884 1885/1885/1885
f 1890/1890/1890 1889/1889/1889 1888/1888/1888
f 1891/1891/1891 1888/1888/1888 1889/1889/1889
f 1889/1889/1889 1892/1892/1892 1891/1891/1891
f 1893/1893/1893 1891/1891/1891 1892/1892/1892
f 1893/1893/1893 1892/1892/1892 1894/1894/1894
f 1895/1895/1895 1894/1894/1894 1892/1892/1892
f 1898/1898/1898 1897/1897/1897 1896/1896/1896
f 1899/1899/1899 1896/1896/1896 1897/1897/1897
f 1897/1897/1897 1900/1900/1900 1899/1899/1899
f 1901/1901/1901 1899/1899/1899 1900/1900/1900
f 1900/1900/1900 1902/1902/1902 1901/1901/1901
f 1900/1900/1900 1903/1903/1903 1902/1902/1902
f 1904/1904/1904 1902/1902/1902 1903/1903/1903
f 1905/1905/1905 1901/1901/1901 1902/1902/1902
f 1901/1901/1901 1905/1905/1905 1906/1906/1906
f 1907/1907/1907 1906/1906/1906 1905/1905/1905
f 1902/1902/1902 1904/1904/1904 1908/1908/1908
f 1902/1902/1902 1908/1908/1908 1905/1905/1905
f 1909/1909/1909 1908/1908/1908 1904/1904/1904
f 1910/1910/1910 1905/1905/1905 1908/1908/1908
f 1905/1905/1905 1910/1910/1910 1907/1907/1907
f 1911/1911/1911 1907/1907/1907 1910/1910/1910
f 1914/1914/1914 1913/1913/1913 1912/1912/1912
f 1915/1915/1915 1912/1912/1912 1913/1913/1913
f 1915/1915/1915 1913/1913/1913 1916/1916/1916
f 1917/1917/1917 1916/1916/1916 1913/1913/1913
f 1916/1916/1916 1917/1917/1917 1918/1918/1918
f 1919/1919/1919 1918/1918/1918 1917/1917/1917
f 1918/1918/1918 1919/1919/1919 1920/1920/1920
f 1921/1921/1921 1920/1920/1920 1919/1919/1919
f 1924/1924/1924 1923/1923/1923 1922/1922/1922
f 1925/1925/1925 1922/1922/1922 1923/1923/1923
f 1928/1928/1928 1927/1927/1927 1926/1926/1926
f 1929/1929/1929 1926/1926/1926 1927/1927/1927
f 1926/1926/1926 1929/1929/1929 1930/1930/1930
f 1931/1931/1931 1930/1930/1930 1929/1929/1929
f 1931/1931/1931 1932/1932/1932 1930/1930/1930
f 1933/1933/1933 1930/1930/1930 1932/1932/1932
f 1936/1936/1936 1935/1935/1935 1934/1934/1934
f 1937/1937/1937 1934/1934/1934 1935/1935/1935
f 1940/1940/1940 1939/1939/1939 1938/1938/1938
f 1941/1941/1941 1938/1938/1938 1939/1939/1939
f 1944/1944/1944 1943/1943/1943 1942/1942/1942
f 1945/1945/1945 1942/1942/1942 1943/1943/1943
f 1948/1948/1948 1947/1947/1947 1946/1946/1946
f 1949/1949/1949 1946/1946/1946 1947/1947/1947
f 1952/1952/1952 1951/1951/1951 1950/1950/1950
f 1953/1953/1953 1950/1950/1950 1951/1951/1951
f 1956/1956/1956 1955/1955/1955 1954/1954/1954
f 1956/1956/1956 1957/1957/1957 1955/1955/1955
f 1958/1958/1958 1955/1955/1955 1957/1957/1957
f 1957/1957/1957 1959/1959/1959 1958/1958/1958
f 1960/1960/1960 1958/1958/1958 1959/1959/1959
f 1960/1960/1960 1959/1959/1959 1961/1961/1961
f 1962/1962/1962 1961/1961/1961 1959/1959/1959
f 1962/1962/1962 1963/1963/1963 1961/1961/1961
f 1961/1961/1961 1963/1963/1963 1964/1964/1964
f 1965/1965/1965 1964/1964/1964 1963/1963/1963
f 1966/1966/1966 1964/1964/1964 1965/1965/1965
f 1966/1966/1966 1967/1967/1967 1964/1964/1964
f 1968/1968/1968 1964/1964/1964 1967/1967/1967
f 1968/1968/1968 1967/1967/1967 1969/1969/1969
f 1970/1970/1970 1969/1969/1969 1967/1967/1967
f 1969/1969/1969 1970/1970/1970 1971/1971/1971
f 1972/1972/1972 1971/1971/1971 1970/1970/1970
f 1972/1972/1972 1973/1973/1973 1971/1971/1971
f 1976/1976/1976 1975/1975/1975 1974/1974/1974
f 1977/1977/1977 1974/1974/1974 1975/1975/1975
f 1980/1980/1980 1979/1979/1979 1978/1978/1978
f 1981/1981/1981 1978/1978/1978 1979/1979/1979
f 1981/1981/1981 1982/1982/1982 1978/1978/1978
f 1983/1983/1983 1978/1978/1978 1982/1982/1982
f 1982/1982/1982 1984/1984/1984 1983/1983/1983
f 1985/1985/1985 1983/1983/1983 1984/1984/1984
f 1988/1988/1988 1987/1987/1987 1986/1986/1986
f 1989/1989/1989 1986/1986/1986 1987/1987/1987
f 1992/1992/1992 1991/1991/1991 1990/1990/1990
f 1993/1993/1993 1990/1990/1990 1991/1991/1991
f 1996/1996/1996 1995/1995/1995 1994/1994/1994
f 1997/1997/1997 1994/1994/1994 1995/1995/1995
f 2000/2000/2000 1999/1999/1999 1998/1998/1998
f 2001/2001/2001 1998/1998/1998 1999/1999/1999
f 2004/2004/2004 2003/2003/2003 2002/2002/2002
f 2005/2005/2005 2002/2002/2002 2003/2003/2003
f 2008/2008/2008 2007/2007/2007 2006/2006/2006
f 2009/2009/2009 2006/2006/2006 2007/2007/2007
f 2012/2012/2012 2011/2011/2011 2010/2010/2010
f 2013/2013/2013 2010/2010/2010 2011/2011/2011
f 2014/2014/2014 2013/2013/2013 2011/2011/2011
f 2014/2014/2014 2011/2011/2011 2015/2015/2015
f 2016/2016/2016 2015/2015/2015 2011/2011/2011
f 2015/2015/2015 2016/2016/2016 2017/2017/2017
f 2017/2017/2017 2018/2018/2018 2015/2015/2015
f 2019/2019/2019 2015/2015/2015 2018/2018/2018
f 2018/2018/2018 2020/2020/2020 2019/2019/2019
f 2021/2021/2021 2019/2019/2019 2020/2020/2020
f 2024/2024/2024 2023/2023/2023 2022/2022/2022
f 2025/2025/2025 2022/2022/2022 2023/2023/2023
f 2025/2025/2025 2023/2023/2023 2026/2026/2026
f 2025/2025/2025 2026/2026/2026 2027/2027/2027
f 2028/2028/2028 2027/2027/2027 2026/2026/2026
f 2027/2027/2027 2028/2028/2028 2029/2029/2029
f 2028/2028/2028 2030/2030/2030 2029/2029/2029
f 2031/2031/2031 2029/2029/2029 2030/2030/2030
f 2030/2030/2030 2032/2032/2032 2031/2031/2031
f 2033/2033/2033 2031/2031/2031 2032/2032/2032
f 2036/2036/2036 2035/2035/2035 2034/2034/2034
f 2037/2037/2037 2034/2034/2034 2035/2035/2035
f 2040/2040/2040 2039/2039/2039 2038/2038/2038
f 2041/2041/2041 2038/2038/2038 2039/2039/2039
f 2044/2044/2044 2043/2043/2043 2042/2042/2042
f 2045/2045/2045 2042/2042/2042 2043/2043/2043
f 2048/2048/2048 2047/2047/2047 2046/2046/2046
f 2049/2049/2049 2046/2046/2046 2047/2047/2047
f 2052/2052/2052 2051/2051/2051 2050/2050/2050
f 2053/2053/2053 2050/2050/2050 2051/2051/2051
f 2056/2056/2056 2055/2055/2055 2054/2054/2054
f 2057/2057/2057 2054/2054/2054 2055/2055/2055
f 2060/2060/2060 2059/2059/2059 2058/2058/2058
f 2061/2061/2061 2058/2058/2058 2059/2059/2059
f 2064/2064/2064 2063/2063/2063 2062/2062/2062
f 2065/2065/2065 2062/2062/2062 2063/2063/2063
f 2068/2068/2068 2067/2067/2067 2066/2066/2066
f 2069/2069/2069 2066/2066/2066 2067/2067/2067
f 2072/2072/2072 2071/2071/2071 2070/2070/2070
f 2073/2073/2073 2070/2070/2070 2071/2071/2071
f 2076/2076/2076 2075/2075/2075 2074/2074/2074
f 2077/2077/2077 2074/2074/2074 2075/2075/2075
f 2080/2080/2080 2079/2079/2079 2078/2078/2078
f 2081/2081/2081 2078/2078/2078 2079/2079/2079
f 2081/2081/2081 2082/2082/2082 2078/2078/2078
f 2083/2083/2083 2078/2078/2078 2082/2082/2082
f 2083/2083/2083 2082/2082/2082 2084/2084/2084
f 2085/2085/2085 2084/2084/2084 2082/2082/2082
f 2088/2088/2088 2087/2087/2087 2086/2086/2086
f 2089/2089/2089 2086/2086/2086 2087/2087/2087
f 2087/2087/2087 2090/2090/2090 2089/2089/2089
f 2091/2091/2091 2089/2089/2089 2090/2090/2090
f 2094/2094/2094 2093/2093/2093 2092/2092/2092
f 2095/2095/2095 2092/2092/2092 2093/2093/2093
f 2098/2098/2098 2097/2097/2097 2096/2096/2096
f 2099/2099/2099 2096/2096/2096 2097/2097/2097
f 2102/2102/2102 2101/2101/2101 2100/2100/2100
f 2103/2103/2103 2100/2100/2100 2101/2101/2101
f 2104/2104/2104 2103/2103/2103 2101/2101/2101
f 2105/2105/2105 2104/2104/2104 2101/2101/2101
f 2101/2101/2101 2106/2106/2106 2105/2105/2105
f 2106/2106/2106 2107/2107/2107 2105/2105/2105
f 2107/2107/2107 2108/2108/2108 2105/2105/2105
f 2111/2111/2111 2110/2110/2110 2109/2109/2109
f 2112/2112/2112 2109/2109/2109 2110/2110/2110
f 2113/2113/2113 2109/2109/2109 2112/2112/2112
f 2114/2114/2114 2109/2109/2109 2113/2113/2113
f 2109/2109/2109 2114/2114/2114 2115/2115/2115
f 2115/2115/2115 2114/2114/2114 2116/2116/2116
f 2114/2114/2114 2117/2117/2117 2116/2116/2116
f 2120/2120/2120 2119/2119/2119 2118/2118/2118
f 2121/2121/2121 2118/2118/2118 2119/2119/2119
f 2124/2124/2124 2123/2123/2123 2122/2122/2122
f 2125/2125/2125 2122/2122/2122 2123/2123/2123
f 2128/2128/2128 2127/2127/2127 2126/2126/2126
f 2129/2129/2129 2126/2126/2126 2127/2127/2127
f 2127/2127/2127 2130/2130/2130 2129/2129/2129
f 2130/2130/2130 2131/2131/2131 2129/2129/2129
f 2134/2134/2134 2133/2133/2133 2132/2132/2132
f 2135/2135/2135 2132/2132/2132 2133/2133/2133
f 2138/2138/2138 2137/2137/2137 2136/2136/2136
f 2139/2139/2139 2136/2136/2136 2137/2137/2137
f 2142/2142/2142 2141/2141/2141 2140/2140/2140
f 2143/2143/2143 2140/2140/2140 2141/2141/2141
f 2146/2146/2146 2145/2145/2145 2144/2144/2144
f 2147/2147/2147 2144/2144/2144 2145/2145/2145
f 2150/2150/2150 2149/2149/2149 2148/2148/2148
f 2151/2151/2151 2148/2148/2148 2149/2149/2149
f 2154/2154/2154 2153/2153/2153 2152/2152/2152
f 2155/2155/2155 2152/2152/2152 2153/2153/2153
f 2158/2158/2158 2157/2157/2157 2156/2156/2156
f 2159/2159/2159 2156/2156/2156 2157/2157/2157
f 2162/2162/2162 2161/2161/2161 2160/2160/2160
f 2161/2161/2161 2163/2163/2163 2160/2160/2160
f 2163/2163/2163 2161/2161/2161 2164/2164/2164
f 2165/2165/2165 2164/2164/2164 2161/2161/2161
f 2166/2166/2166 2164/2164/2164 2165/2165/2165
f 2166/2166/2166 2165/2165/2165 2167/2167/2167
f 2168/2168/2168 2167/2167/2167 2165/2165/2165
f 2169/2169/2169 2160/2160/2160 2163/2163/2163
f 2167/2167/2167 2168/2168/2168 2170/2170/2170
f 2160/2160/2160 2169/2169/2169 2171/2171/2171
f 2172/2172/2172 2171/2171/2171 2169/2169/2169
f 2169/2169/2169 2170/2170/2170 2172/2172/2172
f 2173/2173/2173 2172/2172/2172 2170/2170/2170
f 2173/2173/2173 2170/2170/2170 2168/2168/2168
f 2171/2171/2171 2174/2174/2174 2160/2160/2160
f 2173/2173/2173 2168/2168/2168 2174/2174/2174
f 2175/2175/2175 2160/2160/2160 2174/2174/2174
f 2175/2175/2175 2174/2174/2174 2168/2168/2168
f 2178/2178/2178 2177/2177/2177 2176/2176/2176
f 2179/2179/2179 2176/2176/2176 2177/2177/2177
f 2182/2182/2182 2181/2181/2181 2180/2180/2180
f 2183/2183/2183 2180/2180/2180 2181/2181/2181
f 2180/2180/2180 2183/2183/2183 2184/2184/2184
f 2185/2185/2185 2184/2184/2184 2183/2183/2183
f 2188/2188/2188 2187/2187/2187 2186/2186/2186
f 2189/2189/2189 2186/2186/2186 2187/2187/2187
f 2186/2186/2186 2189/2189/2189 2190/2190/2190
f 2191/2191/2191 2190/2190/2190 2189/2189/2189
f 2194/2194/2194 2193/2193/2193 2192/2192/2192
f 2195/2195/2195 2192/2192/2192 2193/2193/2193
f 2198/2198/2198 2197/2197/2197 2196/2196/2196
f 2199/2199/2199 2196/2196/2196 2197/2197/2197
f 2196/2196/2196 2199/2199/2199 2200/2200/2200
f 2201/2201/2201 2200/2200/2200 2199/2199/2199
f 2204/2204/2204 2203/2203/2203 2202/2202/2202
f 2205/2205/2205 2202/2202/2202 2203/2203/2203
f 2208/2208/2208 2207/2207/2207 2206/2206/2206
f 2209/2209/2209 2206/2206/2206 2207/2207/2207
f 2212/2212/2212 2211/2211/2211 2210/2210/2210
f 2213/2213/2213 2210/2210/2210 2211/2211/2211
f 2216/2216/2216 2215/2215/2215 2214/2214/2214
f 2216/2216/2216 2214/2214/2214 2217/2217/2217
f 2217/2217/2217 2218/2218/2218 2216/2216/2216
f 2219/2219/2219 2216/2216/2216 2218/2218/2218
f 2218/2218/2218 2220/2220/2220 2219/2219/2219
f 2220/2220/2220 2221/2221/2221 2219/2219/2219
f 2222/2222/2222 2219/2219/2219 2221/2221/2221
f 2223/2223/2223 2217/2217/2217 2214/2214/2214
f 2221/2221/2221 2224/2224/2224 2222/2222/2222
f 2214/2214/2214 2225/2225/2225 2223/2223/2223
f 2226/2226/2226 2223/2223/2223 2225/2225/2225
f 2223/2223/2223 2226/2226/2226 2224/2224/2224
f 2227/2227/2227 2224/2224/2224 2226/2226/2226
f 2227/2227/2227 2222/2222/2222 2224/2224/2224
f 2225/2225/2225 2214/2214/2214 2228/2228/2228
f 2227/2227/2227 2228/2228/2228 2222/2222/2222
f 2229/2229/2229 2228/2228/2228 2214/2214/2214
f 2229/2229/2229 2222/2222/2222 2228/2228/2228
f 2232/2232/2232 2231/2231/2231 2230/2230/2230
f 2233/2233/2233 2230/2230/2230 2231/2231/2231
f 2236/2236/2236 2235/2235/2235 2234/2234/2234
f 2237/2237/2237 2234/2234/2234 2235/2235/2235
f 2240/2240/2240 2239/2239/2239 2238/2238/2238
f 2241/2241/2241 2238/2238/2238 2239/2239/2239
f 2239/2239/2239 2242/2242/2242 2241/2241/2241
f 2242/2242/2242 2243/2243/2243 2241/2241/2241
f 2241/2241/2241 2243/2243/2243 2244/2244/2244
f 2245/2245/2245 2241/2241/2241 2244/2244/2244
f 2243/2243/2243 2246/2246/2246 2244/2244/2244
f 2246/2246/2246 2247/2247/2247 2244/2244/2244
f 2244/2244/2244 2247/2247/2247 2248/2248/2248
f 2247/2247/2247 2249/2249/2249 2248/2248/2248
f 2248/2248/2248 2249/2249/2249 2250/2250/2250
f 2251/2251/2251 2248/2248/2248 2250/2250/2250
f 2254/2254/2254 2253/2253/2253 2252/2252/2252
f 2255/2255/2255 2252/2252/2252 2253/2253/2253
f 2258/2258/2258 2257/2257/2257 2256/2256/2256
f 2259/2259/2259 2256/2256/2256 2257/2257/2257
f 2256/2256/2256 2259/2259/2259 2260/2260/2260
f 2261/2261/2261 2260/2260/2260 2259/2259/2259
f 2264/2264/2264 2263/2263/2263 2262/2262/2262
f 2265/2265/2265 2262/2262/2262 2263/2263/2263
f 2268/2268/2268 2267/2267/2267 2266/2266/2266
f 2269/2269/2269 2266/2266/2266 2267/2267/2267
f 2269/2269/2269 2267/2267/2267 2270/2270/2270
f 2271/2271/2271 2270/2270/2270 2267/2267/2267
f 2274/2274/2274 2273/2273/2273 2272/2272/2272
f 2275/2275/2275 2272/2272/2272 2273/2273/2273
f 2278/2278/2278 2277/2277/2277 2276/2276/2276
f 2279/2279/2279 2276/2276/2276 2277/2277/2277
f 2282/2282/2282 2281/2281/2281 2280/2280/2280
f 2283/2283/2283 2280/2280/2280 2281/2281/2281
f 2286/2286/2286 2285/2285/2285 2284/2284/2284
f 2287/2287/2287 2284/2284/2284 2285/2285/2285
f 2284/2284/2284 2287/2287/2287 2288/2288/2288
f 2289/2289/2289 2288/2288/2288 2287/2287/2287
f 2288/2288/2288 2289/2289/2289 2290/2290/2290
f 2291/2291/2291 2290/2290/2290 2289/2289/2289
f 2294/2294/2294 2293/2293/2293 2292/2292/2292
f 2295/2295/2295 2293/2293/2293 2294/2294/2294
f 2295/2295/2295 2296/2296/2296 2293/2293/2293
f 2296/2296/2296 2297/2297/2297 2293/2293/2293
f 2296/2296/2296 2298/2298/2298 2297/2297/2297
f 2298/2298/2298 2299/2299/2299 2297/2297/2297
f 2299/2299/2299 2300/2300/2300 2297/2297/2297
f 2300/2300/2300 2301/2301/2301 2297/2297/2297
f 2302/2302/2302 2300/2300/2300 2299/2299/2299
f 2302/2302/2302 2303/2303/2303 2300/2300/2300
f 2300/2300/2300 2303/2303/2303 2304/2304/2304
f 2305/2305/2305 2304/2304/2304 2303/2303/2303
f 2308/2308/2308 2307/2307/2307 2306/2306/2306
f 2309/2309/2309 2306/2306/2306 2307/2307/2307
f 2312/2312/2312 2311/2311/2311 2310/2310/2310
f 2313/2313/2313 2310/2310/2310 2311/2311/2311
f 2310/2310/2310 2313/2313/2313 2314/2314/2314
f 2315/2315/2315 2314/2314/2314 2313/2313/2313
f 2318/2318/2318 2317/2317/2317 2316/2316/2316
f 2319/2319/2319 2316/2316/2316 2317/2317/2317
f 2322/2322/2322 2321/2321/2321 2320/2320/2320
f 2323/2323/2323 2320/2320/2320 2321/2321/2321
f 2320/2320/2320 2323/2323/2323 2324/2324/2324
f 2325/2325/2325 2324/2324/2324 2323/2323/2323
f 2324/2324/2324 2325/2325/2325 2326/2326/2326
f 2327/2327/2327 2326/2326/2326 2325/2325/2325
f 2326/2326/2326 2327/2327/2327 2328/2328/2328
f 2329/2329/2329 2328/2328/2328 2327/2327/2327
f 2332/2332/2332 2331/2331/2331 2330/2330/2330
f 2333/2333/2333 2330/2330/2330 2331/2331/2331
f 2336/2336/2336 2335/2335/2335 2334/2334/2334
f 2337/2337/2337 2334/2334/2334 2335/2335/2335
f 2334/2334/2334 2337/2337/2337 2338/2338/2338
f 2339/2339/2339 2338/2338/2338 2337/2337/2337
f 2342/2342/2342 2341/2341/2341 2340/2340/2340
f 2343/2343/2343 2340/2340/2340 2341/2341/2341
f 2346/2346/2346 2345/2345/2345 2344/2344/2344
f 2347/2347/2347 2344/2344/2344 2345/2345/2345
f 2344/2344/2344 2347/2347/2347 2348/2348/2348
f 2349/2349/2349 2348/2348/2348 2347/2347/2347
f 2348/2348/2348 2349/2349/2349 2350/2350/2350
f 2351/2351/2351 2350/2350/2350 2349/2349/2349
f 2350/2350/2350 2351/2351/2351 2352/2352/2352
f 2353/2353/2353 2352/2352/2352 2351/2351/2351
f 2356/2356/2356 2355/2355/2355 2354/2354/2354
f 2355/2355/2355 2357/2357/2357 2354/2354/2354
f 2358/2358/2358 2357/2357/2357 2355/2355/2355
f 2357/2357/2357 2359/2359/2359 2354/2354/2354
f 2354/2354/2354 2359/2359/2359 2360/2360/2360
f 2361/2361/2361 2359/2359/2359 2357/2357/2357
f 2364/2364/2364 2363/2363/2363 2362/2362/2362
f 2363/2363/2363 2365/2365/2365 2362/2362/2362
f 2362/2362/2362 2365/2365/2365 2366/2366/2366
f 2367/2367/2367 2365/2365/2365 2363/2363/2363
f 2368/2368/2368 2365/2365/2365 2367/2367/2367
f 2369/2369/2369 2365/2365/2365 2368/2368/2368
f 2370/2370/2370 2368/2368/2368 2367/2367/2367
f 2371/2371/2371 2367/2367/2367 2363/2363/2363
f 2372/2372/2372 2367/2367/2367 2371/2371/2371
f 2373/2373/2373 2371/2371/2371 2363/2363/2363
f 2374/2374/2374 2371/2371/2371 2373/2373/2373
f 2374/2374/2374 2375/2375/2375 2371/2371/2371
f 2376/2376/2376 2371/2371/2371 2375/2375/2375
f 2379/2379/2379 2378/2378/2378 2377/2377/2377
f 2380/2380/2380 2377/2377/2377 2378/2378/2378
f 2377/2377/2377 2380/2380/2380 2381/2381/2381
f 2382/2382/2382 2381/2381/2381 2380/2380/2380
f 2381/2381/2381 2382/2382/2382 2383/2383/2383
f 2384/2384/2384 2383/2383/2383 2382/2382/2382
f 2383/2383/2383 2384/2384/2384 2385/2385/2385
f 2386/2386/2386 2385/2385/2385 2384/2384/2384
f 2385/2385/2385 2386/2386/2386 2387/2387/2387
f 2388/2388/2388 2387/2387/2387 2386/2386/2386
f 2387/2387/2387 2388/2388/2388 2389/2389/2389
f 2390/2390/2390 2389/2389/2389 2388/2388/2388
f 2389/2389/2389 2390/2390/2390 2391/2391/2391
f 2392/2392/2392 2391/2391/2391 2390/2390/2390
f 2391/2391/2391 2392/2392/2392 2393/2393/2393
f 2394/2394/2394 2393/2393/2393 2392/2392/2392
f 2397/2397/2397 2396/2396/2396 2395/2395/2395
f 2398/2398/2398 2395/2395/2395 2396/2396/2396
f 2401/2401/2401 2400/2400/2400 2399/2399/2399
f 2402/2402/2402 2399/2399/2399 2400/2400/2400
f 2405/2405/2405 2404/2404/2404 2403/2403/2403
f 2406/2406/2406 2403/2403/2403 2404/2404/2404
f 2409/2409/2409 2408/2408/2408 2407/2407/2407
f 2410/2410/2410 2407/2407/2407 2408/2408/2408
f 2413/2413/2413 2412/2412/2412 2411/2411/2411
f 2412/2412/2412 2414/2414/2414 2411/2411/2411
f 2411/2411/2411 2414/2414/2414 2415/2415/2415
f 2416/2416/2416 2414/2414/2414 2412/2412/2412
f 2417/2417/2417 2416/2416/2416 2412/2412/2412
f 2418/2418/2418 2417/2417/2417 2412/2412/2412
f 2419/2419/2419 2416/2416/2416 2417/2417/2417
f 2420/2420/2420 2414/2414/2414 2416/2416/2416
f 2421/2421/2421 2420/2420/2420 2416/2416/2416
f 2422/2422/2422 2414/2414/2414 2420/2420/2420
f 2425/2425/2425 2424/2424/2424 2423/2423/2423
f 2426/2426/2426 2423/2423/2423 2424/2424/2424
f 2423/2423/2423 2426/2426/2426 2427/2427/2427
f 2428/2428/2428 2427/2427/2427 2426/2426/2426
f 2427/2427/2427 2428/2428/2428 2429/2429/2429
f 2430/2430/2430 2429/2429/2429 2428/2428/2428
f 2429/2429/2429 2430/2430/2430 2431/2431/2431
f 2432/2432/2432 2431/2431/2431 2430/2430/2430
f 2431/2431/2431 2432/2432/2432 2433/2433/2433
f 2434/2434/2434 2433/2433/2433 2432/2432/2432
f 2433/2433/2433 2434/2434/2434 2435/2435/2435
f 2436/2436/2436 2435/2435/2435 2434/2434/2434
f 2435/2435/2435 2436/2436/2436 2437/2437/2437
f 2438/2438/2438 2437/2437/2437 2436/2436/2436
f 2437/2437/2437 2438/2438/2438 2439/2439/2439
f 2440/2440/2440 2439/2439/2439 2438/2438/2438
f 2443/2443/2443 2442/2442/2442 2441/2441/2441
f 2444/2444/2444 2441/2441/2441 2442/2442/2442
f 2447/2447/2447 2446/2446/2446 2445/2445/2445
f 2448/2448/2448 2445/2445/2445 2446/2446/2446
f 2445/2445/2445 2448/2448/2448 2449/2449/2449
f 2450/2450/2450 2449/2449/2449 2448/2448/2448
f 2453/2453/2453 2452/2452/2452 2451/2451/2451
f 2454/2454/2454 2451/2451/2451 2452/2452/2452
f 2457/2457/2457 2456/2456/2456 2455/2455/2455
f 2458/2458/2458 2455/2455/2455 2456/2456/2456
f 2455/2455/2455 2458/2458/2458 2459/2459/2459
f 2460/2460/2460 2459/2459/2459 2458/2458/2458
f 2459/2459/2459 2460/2460/2460 2461/2461/2461
f 2462/2462/2462 2461/2461/2461 2460/2460/2460
f 2461/2461/2461 2462/2462/2462 2463/2463/2463
f 2464/2464/2464 2463/2463/2463 2462/2462/2462
f 2463/2463/2463 2464/2464/2464 2465/2465/2465
f 2466/2466/2466 2465/2465/2465 2464/2464/2464
f 2465/2465/2465 2466/2466/2466 2467/2467/2467
f 2468/2468/2468 2467/2467/2467 2466/2466/2466
f 2467/2467/2467 2468/2468/2468 2469/2469/2469
f 2470/2470/2470 2469/2469/2469 2468/2468/2468
f 2469/2469/2469 2470/2470/2470 2471/2471/2471
f 2472/2472/2472 2471/2471/2471 2470/2470/2470
f 2475/2475/2475 2474/2474/2474 2473/2473/2473
f 2476/2476/2476 2473/2473/2473 2474/2474/2474
f 2479/2479/2479 2478/2478/2478 2477/2477/2477
f 2480/2480/2480 2477/2477/2477 2478/2478/2478
f 2477/2477/2477 2480/2480/2480 2481/2481/2481
f 2482/2482/2482 2481/2481/2481 2480/2480/2480
f 2485/2485/2485 2484/2484/2484 2483/2483/2483
f 2486/2486/2486 2483/2483/2483 2484/2484/2484
f 2489/2489/2489 2488/2488/2488 2487/2487/2487
f 2490/2490/2490 2487/2487/2487 2488/2488/2488
f 2493/2493/2493 2492/2492/2492 2491/2491/2491
f 2494/2494/2494 2491/2491/2491 2492/2492/2492
f 2497/2497/2497 2496/2496/2496 2495/2495/2495
f 2498/2498/2498 2495/2495/2495 2496/2496/2496
f 2501/2501/2501 2500/2500/2500 2499/2499/2499
f 2502/2502/2502 2499/2499/2499 2500/2500/2500
f 2503/2503/2503 2502/2502/2502 2500/2500/2500
f 2502/2502/2502 2503/2503/2503 2504/2504/2504
f 2503/2503/2503 2500/2500/2500 2505/2505/2505
f 2506/2506/2506 2504/2504/2504 2503/2503/2503
f 2507/2507/2507 2505/2505/2505 2500/2500/2500
f 2504/2504/2504 2506/2506/2506 2508/2508/2508
f 2505/2505/2505 2507/2507/2507 2509/2509/2509
f 2510/2510/2510 2508/2508/2508 2506/2506/2506
f 2511/2511/2511 2509/2509/2509 2507/2507/2507
f 2508/2508/2508 2510/2510/2510 2512/2512/2512
f 2509/2509/2509 2511/2511/2511 2513/2513/2513
f 2514/2514/2514 2512/2512/2512 2510/2510/2510
f 2515/2515/2515 2513/2513/2513 2511/2511/2511
f 2512/2512/2512 2514/2514/2514 2516/2516/2516
f 2513/2513/2513 2515/2515/2515 2517/2517/2517
f 2518/2518/2518 2516/2516/2516 2514/2514/2514
f 2519/2519/2519 2517/2517/2517 2515/2515/2515
f 2516/2516/2516 2518/2518/2518 2520/2520/2520
f 2517/2517/2517 2519/2519/2519 2521/2521/2521
f 2522/2522/2522 2520/2520/2520 2518/2518/2518
f 2523/2523/2523 2521/2521/2521 2519/2519/2519
f 2520/2520/2520 2522/2522/2522 2524/2524/2524
f 2521/2521/2521 2523/2523/2523 2525/2525/2525
f 2525/2525/2525 2524/2524/2524 2522/2522/2522
f 2524/2524/2524 2525/2525/2525 2523/2523/2523
f 2528/2528/2528 2527/2527/2527 2526/2526/2526
f 2526/2526/2526 2527/2527/2527 2529/2529/2529
f 2531/2531/2531 2527/2527/2527 2530/2530/2530
f 2532/2532/2532 2530/2530/2530 2527/2527/2527
f 2534/2534/2534 2527/2527/2527 2533/2533/2533
f 2533/2533/2533 2527/2527/2527 2535/2535/2535
f 2537/2537/2537 2536/2536/2536 2527/2527/2527
f 2536/2536/2536 2538/2538/2538 2527/2527/2527
f 2541/2541/2541 2540/2540/2540 2539/2539/2539
f 2542/2542/2542 2539/2539/2539 2540/2540/2540
f 2545/2545/2545 2544/2544/2544 2543/2543/2543
f 2546/2546/2546 2543/2543/2543 2544/2544/2544
f 2543/2543/2543 2546/2546/2546 2547/2547/2547
f 2548/2548/2548 2547/2547/2547 2546/2546/2546
f 2551/2551/2551 2550/2550/2550 2549/2549/2549
f 2552/2552/2552 2549/2549/2549 2550/2550/2550
f 2555/2555/2555 2554/2554/2554 2553/2553/2553
f 2556/2556/2556 2553/2553/2553 2554/2554/2554
f 2553/2553/2553 2556/2556/2556 2557/2557/2557
f 2558/2558/2558 2557/2557/2557 2556/2556/2556
f 2557/2557/2557 2558/2558/2558 2559/2559/2559
f 2560/2560/2560 2559/2559/2559 2558/2558/2558
f 2559/2559/2559 2560/2560/2560 2561/2561/2561
f 2562/2562/2562 2561/2561/2561 2560/2560/2560
f 2565/2565/2565 2564/2564/2564 2563/2563/2563
f 2566/2566/2566 2563/2563/2563 2564/2564/2564
f 2569/2569/2569 2568/2568/2568 2567/2567/2567
f 2570/2570/2570 2567/2567/2567 2568/2568/2568
f 2567/2567/2567 2570/2570/2570 2571/2571/2571
f 2572/2572/2572 2571/2571/2571 2570/2570/2570
f 2575/2575/2575 2574/2574/2574 2573/2573/2573
f 2576/2576/2576 2573/2573/2573 2574/2574/2574
f 2579/2579/2579 2578/2578/2578 2577/2577/2577
f 2580/2580/2580 2577/2577/2577 2578/2578/2578
f 2577/2577/2577 2580/2580/2580 2581/2581/2581
f 2582/2582/2582 2581/2581/2581 2580/2580/2580
f 2581/2581/2581 2582/2582/2582 2583/2583/2583
f 2584/2584/2584 2583/2583/2583 2582/2582/2582
f 2583/2583/2583 2584/2584/2584 2585/2585/2585
f 2586/2586/2586 2585/2585/2585 2584/2584/2584
f 2589/2589/2589 2588/2588/2588 2587/2587/2587
f 2590/2590/2590 2587/2587/2587 2588/2588/2588
f 2593/2593/2593 2592/2592/2592 2591/2591/2591
f 2594/2594/2594 2591/2591/2591 2592/2592/2592
f 2592/2592/2592 2595/2595/2595 2594/2594/2594
f 2596/2596/2596 2594/2594/2594 2595/2595/2595
f 2599/2599/2599 2598/2598/2598 2597/2597/2597
f 2600/2600/2600 2597/2597/2597 2598/2598/2598
f 2603/2603/2603 2602/2602/2602 2601/2601/2601
f 2604/2604/2604 2601/2601/2601 2602/2602/2602
f 2602/2602/2602 2605/2605/2605 2604/2604/2604
f 2606/2606/2606 2604/2604/2604 2605/2605/2605
f 2605/2605/2605 2607/2607/2607 2606/2606/2606
f 2608/2608/2608 2606/2606/2606 2607/2607/2607
f 2607/2607/2607 2609/2609/2609 2608/2608/2608
f 2610/2610/2610 2608/2608/2608 2609/2609/2609
f 2613/2613/2613 2612/2612/2612 2611/2611/2611
f 2613/2613/2613 2611/2611/2611 2614/2614/2614
f 2612/2612/2612 2615/2615/2615 2611/2611/2611
f 2611/2611/2611 2616/2616/2616 2614/2614/2614
f 2615/2615/2615 2617/2617/2617 2611/2611/2611
f 2616/2616/2616 2611/2611/2611 2618/2618/2618
f 2617/2617/2617 2619/2619/2619 2611/2611/2611
f 2611/2611/2611 2619/2619/2619 2618/2618/2618
f 2622/2622/2622 2621/2621/2621 2620/2620/2620
f 2620/2620/2620 2621/2621/2621 2623/2623/2623
f 2624/2624/2624 2621/2621/2621 2622/2622/2622
f 2623/2623/2623 2621/2621/2621 2625/2625/2625
f 2626/2626/2626 2621/2621/2621 2624/2624/2624
f 2627/2627/2627 2625/2625/2625 2621/2621/2621
f 2628/2628/2628 2621/2621/2621 2626/2626/2626
f 2627/2627/2627 2621/2621/2621 2628/2628/2628
f 2631/2631/2631 2630/2630/2630 2629/2629/2629
f 2630/2630/2630 2632/2632/2632 2629/2629/2629
f 2629/2629/2629 2633/2633/2633 2631/2631/2631
f 2632/2632/2632 2634/2634/2634 2629/2629/2629
f 2629/2629/2629 2635/2635/2635 2633/2633/2633
f 2634/2634/2634 2636/2636/2636 2629/2629/2629
f 2637/2637/2637 2635/2635/2635 2629/2629/2629
f 2636/2636/2636 2637/2637/2637 2629/2629/2629
f 2640/2640/2640 2639/2639/2639 2638/2638/2638
f 2639/2639/2639 2641/2641/2641 2638/2638/2638
f 2642/2642/2642 2639/2639/2639 2640/2640/2640
f 2639/2639/2639 2643/2643/2643 2641/2641/2641
f 2644/2644/2644 2639/2639/2639 2642/2642/2642
f 2639/2639/2639 2645/2645/2645 2643/2643/2643
f 2646/2646/2646 2639/2639/2639 2644/2644/2644
f 2639/2639/2639 2646/2646/2646 2645/2645/2645
f 2649/2649/2649 2648/2648/2648 2647/2647/2647
f 2649/2649/2649 2647/2647/2647 2650/2650/2650
f 2649/2649/2649 2651/2651/2651 2648/2648/2648
f 2650/2650/2650 2652/2652/2652 2649/2649/2649
f 2649/2649/2649 2653/2653/2653 2651/2651/2651
f 2649/2649/2649 2652/2652/2652 2654/2654/2654
f 2649/2649/2649 2655/2655/2655 2653/2653/2653
f 2649/2649/2649 2654/2654/2654 2655/2655/2655
f 2658/2658/2658 2657/2657/2657 2656/2656/2656
f 2659/2659/2659 2658/2658/2658 2656/2656/2656
f 2660/2660/2660 2656/2656/2656 2657/2657/2657
f 2661/2661/2661 2659/2659/2659 2656/2656/2656
f 2662/2662/2662 2656/2656/2656 2660/2660/2660
f 2663/2663/2663 2661/2661/2661 2656/2656/2656
f 2662/2662/2662 2664/2664/2664 2656/2656/2656
f 2664/2664/2664 2663/2663/2663 2656/2656/2656
f 2667/2667/2667 2666/2666/2666 2665/2665/2665
f 2666/2666/2666 2667/2667/2667 2668/2668/2668
f 2667/2667/2667 2665/2665/2665 2669/2669/2669
f 2670/2670/2670 2668/2668/2668 2667/2667/2667
f 2668/2668/2668 2670/2670/2670 2671/2671/2671
f 2671/2671/2671 2670/2670/2670 2672/2672/2672
f 2673/2673/2673 2672/2672/2672 2670/2670/2670
f 2672/2672/2672 2673/2673/2673 2674/2674/2674
f 2673/2673/2673 2669/2669/2669 2674/2674/2674
f 2675/2675/2675 2669/2669/2669 2665/2665/2665
f 2676/2676/2676 2674/2674/2674 2669/2669/2669
f 2676/2676/2676 2669/2669/2669 2675/2675/2675
f 2679/2679/2679 2678/2678/2678 2677/2677/2677
f 2679/2679/2679 2680/2680/2680 2678/2678/2678
f 2681/2681/2681 2677/2677/2677 2678/2678/2678
f 2682/2682/2682 2678/2678/2678 2680/2680/2680
f 2677/2677/2677 2681/2681/2681 2683/2683/2683
f 2680/2680/2680 2684/2684/2684 2682/2682/2682
f 2685/2685/2685 2683/2683/2683 2681/2681/2681
f 2686/2686/2686 2682/2682/2682 2684/2684/2684
f 2683/2683/2683 2685/2685/2685 2687/2687/2687
f 2688/2688/2688 2687/2687/2687 2685/2685/2685
f 2687/2687/2687 2688/2688/2688 2689/2689/2689
f 2690/2690/2690 2689/2689/2689 2688/2688/2688
f 2684/2684/2684 2691/2691/2691 2686/2686/2686
f 2689/2689/2689 2690/2690/2690 2691/2691/2691
f 2692/2692/2692 2686/2686/2686 2691/2691/2691
f 2692/2692/2692 2691/2691/2691 2690/2690/2690
f 2695/2695/2695 2694/2694/2694 2693/2693/2693
f 2693/2693/2693 2694/2694/2694 2696/2696/2696
f 2697/2697/2697 2694/2694/2694 2695/2695/2695
f 2696/2696/2696 2694/2694/2694 2698/2698/2698
f 2699/2699/2699 2694/2694/2694 2697/2697/2697
f 2698/2698/2698 2694/2694/2694 2700/2700/2700
f 2701/2701/2701 2694/2694/2694 2699/2699/2699
f 2700/2700/2700 2694/2694/2694 2701/2701/2701
f 2704/2704/2704 2703/2703/2703 2702/2702/2702
f 2705/2705/2705 2702/2702/2702 2703/2703/2703
f 2702/2702/2702 2706/2706/2706 2704/2704/2704
f 2703/2703/2703 2707/2707/2707 2705/2705/2705
f 2708/2708/2708 2704/2704/2704 2706/2706/2706
f 2709/2709/2709 2705/2705/2705 2707/2707/2707
f 2706/2706/2706 2710/2710/2710 2708/2708/2708
f 2707/2707/2707 2711/2711/2711 2709/2709/2709
f 2712/2712/2712 2708/2708/2708 2710/2710/2710
f 2713/2713/2713 2709/2709/2709 2711/2711/2711
f 2710/2710/2710 2713/2713/2713 2712/2712/2712
f 2711/2711/2711 2712/2712/2712 2713/2713/2713
f 2716/2716/2716 2715/2715/2715 2714/2714/2714
f 2717/2717/2717 2714/2714/2714 2715/2715/2715
f 2715/2715/2715 2716/2716/2716 2718/2718/2718
f 2714/2714/2714 2717/2717/2717 2719/2719/2719
f 2720/2720/2720 2718/2718/2718 2716/2716/2716
f 2721/2721/2721 2719/2719/2719 2717/2717/2717
f 2718/2718/2718 2720/2720/2720 2722/2722/2722
f 2719/2719/2719 2721/2721/2721 2723/2723/2723
f 2724/2724/2724 2722/2722/2722 2720/2720/2720
f 2725/2725/2725 2723/2723/2723 2721/2721/2721
f 2722/2722/2722 2724/2724/2724 2725/2725/2725
f 2723/2723/2723 2725/2725/2725 2724/2724/2724
f 2728/2728/2728 2727/2727/2727 2726/2726/2726
f 2729/2729/2729 2726/2726/2726 2727/2727/2727
f 2727/2727/2727 2728/2728/2728 2730/2730/2730
f 2726/2726/2726 2729/2729/2729 2731/2731/2731
f 2732/2732/2732 2730/2730/2730 2728/2728/2728
f 2733/2733/2733 2731/2731/2731 2729/2729/2729
f 2730/2730/2730 2732/2732/2732 2734/2734/2734
f 2731/2731/2731 2733/2733/2733 2735/2735/2735
f 2736/2736/2736 2734/2734/2734 2732/2732/2732
f 2737/2737/2737 2735/2735/2735 2733/2733/2733
f 2734/2734/2734 2736/2736/2736 2737/2737/2737
f 2735/2735/2735 2737/2737/2737 2736/2736/2736
f 2740/2740/2740 2739/2739/2739 2738/2738/2738
f 2741/2741/2741 2738/2738/2738 2739/2739/2739
f 2739/2739/2739 2740/2740/2740 2742/2742/2742
f 2738/2738/2738 2741/2741/2741 2743/2743/2743
f 2744/2744/2744 2742/2742/2742 2740/2740/2740
f 2745/2745/2745 2743/2743/2743 2741/2741/2741
f 2742/2742/2742 2744/2744/2744 2746/2746/2746
f 2743/2743/2743 2745/2745/2745 2747/2747/2747
f 2748/2748/2748 2746/2746/2746 2744/2744/2744
f 2749/2749/2749 2747/2747/2747 2745/2745/2745
f 2746/2746/2746 2748/2748/2748 2749/2749/2749
f 2747/2747/2747 2749/2749/2749 2748/2748/2748
f 2752/2752/2752 2751/2751/2751 2750/2750/2750
f 2753/2753/2753 2750/2750/2750 2751/2751/2751
f 2751/2751/2751 2752/2752/2752 2754/2754/2754
f 2750/2750/2750 2753/2753/2753 2755/2755/2755
f 2756/2756/2756 2754/2754/2754 2752/2752/2752
f 2757/2757/2757 2755/2755/2755 2753/2753/2753
f 2754/2754/2754 2756/2756/2756 2757/2757/2757
f 2755/2755/2755 2757/2757/2757 2756/2756/2756
f 2760/2760/2760 2759/2759/2759 2758/2758/2758
f 2761/2761/2761 2758/2758/2758 2759/2759/2759
f 2759/2759/2759 2762/2762/2762 2761/2761/2761
f 2763/2763/2763 2761/2761/2761 2762/2762/2762
f 2762/2762/2762 2764/2764/2764 2763/2763/2763
f 2765/2765/2765 2763/2763/2763 2764/2764/2764
f 2764/2764/2764 2766/2766/2766 2765/2765/2765
f 2767/2767/2767 2765/2765/2765 2766/2766/2766
f 2766/2766/2766 2768/2768/2768 2767/2767/2767
f 2769/2769/2769 2767/2767/2767 2768/2768/2768
f 2758/2758/2758 2770/2770/2770 2760/2760/2760
f 2768/2768/2768 2771/2771/2771 2769/2769/2769
f 2772/2772/2772 2760/2760/2760 2770/2770/2770
f 2773/2773/2773 2769/2769/2769 2771/2771/2771
f 2774/2774/2774 2772/2772/2772 2770/2770/2770
f 2770/2770/2770 2773/2773/2773 2774/2774/2774
f 2774/2774/2774 2775/2775/2775 2772/2772/2772
f 2776/2776/2776 2772/2772/2772 2775/2775/2775
f 2775/2775/2775 2777/2777/2777 2776/2776/2776
f 2778/2778/2778 2776/2776/2776 2777/2777/2777
f 2777/2777/2777 2779/2779/2779 2778/2778/2778
f 2780/2780/2780 2778/2778/2778 2779/2779/2779
f 2779/2779/2779 2781/2781/2781 2780/2780/2780
f 2782/2782/2782 2780/2780/2780 2781/2781/2781
f 2783/2783/2783 2774/2774/2774 2773/2773/2773
f 2771/2771/2771 2783/2783/2783 2773/2773/2773
f 2781/2781/2781 2783/2783/2783 2782/2782/2782
f 2771/2771/2771 2782/2782/2782 2783/2783/2783
f 2786/2786/2786 2785/2785/2785 2784/2784/2784
f 2787/2787/2787 2784/2784/2784 2785/2785/2785
f 2785/2785/2785 2786/2786/2786 2788/2788/2788
f 2784/2784/2784 2787/2787/2787 2789/2789/2789
f 2790/2790/2790 2788/2788/2788 2786/2786/2786
f 2791/2791/2791 2789/2789/2789 2787/2787/2787
f 2788/2788/2788 2790/2790/2790 2792/2792/2792
f 2789/2789/2789 2791/2791/2791 2793/2793/2793
f 2794/2794/2794 2792/2792/2792 2790/2790/2790
f 2795/2795/2795 2793/2793/2793 2791/2791/2791
f 2792/2792/2792 2794/2794/2794 2796/2796/2796
f 2793/2793/2793 2795/2795/2795 2797/2797/2797
f 2798/2798/2798 2796/2796/2796 2794/2794/2794
f 2799/2799/2799 2797/2797/2797 2795/2795/2795
f 2796/2796/2796 2798/2798/2798 2799/2799/2799
f 2797/2797/2797 2799/2799/2799 2798/2798/2798
f 2802/2802/2802 2801/2801/2801 2800/2800/2800
f 2803/2803/2803 2800/2800/2800 2801/2801/2801
f 2801/2801/2801 2802/2802/2802 2804/2804/2804
f 2800/2800/2800 2803/2803/2803 2805/2805/2805
f 2806/2806/2806 2804/2804/2804 2802/2802/2802
f 2807/2807/2807 2805/2805/2805 2803/2803/2803
f 2804/2804/2804 2806/2806/2806 2808/2808/2808
f 2805/2805/2805 2807/2807/2807 2809/2809/2809
f 2810/2810/2810 2808/2808/2808 2806/2806/2806
f 2811/2811/2811 2809/2809/2809 2807/2807/2807
f 2808/2808/2808 2810/2810/2810 2812/2812/2812
f 2809/2809/2809 2811/2811/2811 2813/2813/2813
f 2814/2814/2814 2812/2812/2812 2810/2810/2810
f 2815/2815/2815 2813/2813/2813 2811/2811/2811
f 2812/2812/2812 2814/2814/2814 2815/2815/2815
f 2813/2813/2813 2815/2815/2815 2814/2814/2814
f 2818/2818/2818 2817/2817/2817 2816/2816/2816
f 2819/2819/2819 2816/2816/2816 2817/2817/2817
f 2817/2817/2817 2818/2818/2818 2820/2820/2820
f 2816/2816/2816 2819/2819/2819 2821/2821/2821
f 2822/2822/2822 2820/2820/2820 2818/2818/2818
f 2823/2823/2823 2821/2821/2821 2819/2819/2819
f 2820/2820/2820 2822/2822/2822 2824/2824/2824
f 2821/2821/2821 2823/2823/2823 2825/2825/2825
f 2826/2826/2826 2824/2824/2824 2822/2822/2822
f 2827/2827/2827 2825/2825/2825 2823/2823/2823
f 2824/2824/2824 2826/2826/2826 2828/2828/2828
f 2825/2825/2825 2827/2827/2827 2829/2829/2829
f 2830/2830/2830 2828/2828/2828 2826/2826/2826
f 2831/2831/2831 2829/2829/2829 2827/2827/2827
f 2828/2828/2828 2830/2830/2830 2831/2831/2831
f 2829/2829/2829 2831/2831/2831 2830/2830/2830
f 2834/2834/2834 2833/2833/2833 2832/2832/2832
f 2835/2835/2835 2832/2832/2832 2833/2833/2833
f 2833/2833/2833 2834/2834/2834 2836/2836/2836
f 2832/2832/2832 2835/2835/2835 2837/2837/2837
f 2838/2838/2838 2836/2836/2836 2834/2834/2834
f 2839/2839/2839 2837/2837/2837 2835/2835/2835
f 2836/2836/2836 2838/2838/2838 2840/2840/2840
f 2837/2837/2837 2839/2839/2839 2841/2841/2841
f 2842/2842/2842 2840/2840/2840 2838/2838/2838
f 2843/2843/2843 2841/2841/2841 2839/2839/2839
f 2840/2840/2840 2842/2842/2842 2844/2844/2844
f 2841/2841/2841 2843/2843/2843 2845/2845/2845
f 2846/2846/2846 2844/2844/2844 2842/2842/2842
f 2847/2847/2847 2845/2845/2845 2843/2843/2843
f 2844/2844/2844 2846/2846/2846 2847/2847/2847
f 2845/2845/2845 2847/2847/2847 2846/2846/2846
f 2850/2850/2850 2849/2849/2849 2848/2848/2848
f 2851/2851/2851 2848/2848/2848 2849/2849/2849
f 2849/2849/2849 2850/2850/2850 2852/2852/2852
f 2848/2848/2848 2851/2851/2851 2853/2853/2853
f 2854/2854/2854 2852/2852/2852 2850/2850/2850
f 2855/2855/2855 2853/2853/2853 2851/2851/2851
f 2852/2852/2852 2854/2854/2854 2856/2856/2856
f 2853/2853/2853 2855/2855/2855 2857/2857/2857
f 2858/2858/2858 2856/2856/2856 2854/2854/2854
f 2859/2859/2859 2857/2857/2857 2855/2855/2855
f 2856/2856/2856 2858/2858/2858 2860/2860/2860
f 2857/2857/2857 2859/2859/2859 2861/2861/2861
f 2862/2862/2862 2860/2860/2860 2858/2858/2858
f 2863/2863/2863 2861/2861/2861 2859/2859/2859
f 2860/2860/2860 2862/2862/2862 2863/2863/2863
f 2861/2861/2861 2863/2863/2863 2862/2862/2862
f 2866/2866/2866 2865/2865/2865 2864/2864/2864
f 2867/2867/2867 2864/2864/2864 2865/2865/2865
f 2865/2865/2865 2866/2866/2866 2868/2868/2868
f 2864/2864/2864 2867/2867/2867 2869/2869/2869
f 2870/2870/2870 2868/2868/2868 2866/2866/2866
f 2871/2871/2871 2869/2869/2869 2867/2867/2867
f 2868/2868/2868 2870/2870/2870 2872/2872/2872
f 2869/2869/2869 2871/2871/2871 2873/2873/2873
f 2874/2874/2874 2872/2872/2872 2870/2870/2870
f 2875/2875/2875 2873/2873/2873 2871/2871/2871
f 2872/2872/2872 2874/2874/2874 2876/2876/2876
f 2873/2873/2873 2875/2875/2875 2877/2877/2877
f 2878/2878/2878 2876/2876/2876 2874/2874/2874
f 2879/2879/2879 2877/2877/2877 2875/2875/2875
f 2876/2876/2876 2878/2878/2878 2879/2879/2879
f 2877/2877/2877 2879/2879/2879 2878/2878/2878
f 2882/2882/2882 2881/2881/2881 2880/2880/2880
f 2883/2883/2883 2880/2880/2880 2881/2881/2881
f 2880/2880/2880 2884/2884/2884 2882/2882/2882
f 2881/2881/2881 2885/2885/2885 2883/2883/2883
f 2886/2886/2886 2882/2882/2882 2884/2884/2884
f 2887/2887/2887 2883/2883/2883 2885/2885/2885
f 2884/2884/2884 2888/2888/2888 2886/2886/2886
f 2885/2885/2885 2889/2889/2889 2887/2887/2887
f 2890/2890/2890 2886/2886/2886 2888/2888/2888
f 2891/2891/2891 2887/2887/2887 2889/2889/2889
f 2888/2888/2888 2892/2892/2892 2890/2890/2890
f 2889/2889/2889 2893/2893/2893 2891/2891/2891
f 2894/2894/2894 2890/2890/2890 2892/2892/2892
f 2895/2895/2895 2891/2891/2891 2893/2893/2893
f 2892/2892/2892 2895/2895/2895 2894/2894/2894
f 2893/2893/2893 2894/2894/2894 2895/2895/2895
f 2898/2898/2898 2897/2897/2897 2896/2896/2896
f 2899/2899/2899 2896/2896/2896 2897/2897/2897
f 2897/2897/2897 2898/2898/2898 2900/2900/2900
f 2896/2896/2896 2899/2899/2899 2901/2901/2901
f 2902/2902/2902 2900/2900/2900 2898/2898/2898
f 2903/2903/2903 2901/2901/2901 2899/2899/2899
f 2900/2900/2900 2902/2902/2902 2904/2904/2904
f 2901/2901/2901 2903/2903/2903 2905/2905/2905
f 2906/2906/2906 2904/2904/2904 2902/2902/2902
f 2907/2907/2907 2905/2905/2905 2903/2903/2903
f 2904/2904/2904 2906/2906/2906 2908/2908/2908
f 2905/2905/2905 2907/2907/2907 2909/2909/2909
f 2910/2910/2910 2908/2908/2908 2906/2906/2906
f 2911/2911/2911 2909/2909/2909 2907/2907/2907
f 2908/2908/2908 2910/2910/2910 2911/2911/2911
f 2909/2909/2909 2911/2911/2911 2910/2910/2910
f 2914/2914/2914 2913/2913/2913 2912/2912/2912
f 2915/2915/2915 2912/2912/2912 2913/2913/2913
f 2913/2913/2913 2914/2914/2914 2916/2916/2916
f 2912/2912/2912 2915/2915/2915 2917/2917/2917
f 2918/2918/2918 2916/2916/2916 2914/2914/2914
f 2919/2919/2919 2917/2917/2917 2915/2915/2915
f 2916/2916/2916 2918/2918/2918 2919/2919/2919
f 2917/2917/2917 2919/2919/2919 2918/2918/2918
f 2922/2922/2922 2921/2921/2921 2920/2920/2920
f 2923/2923/2923 2920/2920/2920 2921/2921/2921
f 2920/2920/2920 2924/2924/2924 2922/2922/2922
f 2921/2921/2921 2925/2925/2925 2923/2923/2923
f 2926/2926/2926 2922/2922/2922 2924/2924/2924
f 2927/2927/2927 2923/2923/2923 2925/2925/2925
f 2924/2924/2924 2927/2927/2927 2926/2926/2926
f 2925/2925/2925 2926/2926/2926 2927/2927/2927
f 2930/2930/2930 2929/2929/2929 2928/2928/2928
f 2931/2931/2931 2928/2928/2928 2929/2929/2929
f 2929/2929/2929 2930/2930/2930 2932/2932/2932
f 2928/2928/2928 2931/2931/2931 2933/2933/2933
f 2934/2934/2934 2932/2932/2932 2930/2930/2930
f 2935/2935/2935 2933/2933/2933 2931/2931/2931
f 2932/2932/2932 2934/2934/2934 2936/2936/2936
f 2933/2933/2933 2935/2935/2935 2937/2937/2937
f 2938/2938/2938 2936/2936/2936 2934/2934/2934
f 2939/2939/2939 2937/2937/2937 2935/2935/2935
f 2936/2936/2936 2938/2938/2938 2940/2940/2940
f 2937/2937/2937 2939/2939/2939 2941/2941/2941
f 2942/2942/2942 2940/2940/2940 2938/2938/2938
f 2943/2943/2943 2941/2941/2941 2939/2939/2939
f 2940/2940/2940 2942/2942/2942 2943/2943/2943
f 2941/2941/2941 2943/2943/2943 2942/2942/2942
f 2946/2946/2946 2945/2945/2945 2944/2944/2944
f 2947/2947/2947 2944/2944/2944 2945/2945/2945
f 2945/2945/2945 2946/2946/2946 2948/2948/2948
f 2944/2944/2944 2947/2947/2947 2949/2949/2949
f 2950/2950/2950 2948/2948/2948 2946/2946/2946
f 2951/2951/2951 2949/2949/2949 2947/2947/2947
f 2948/2948/2948 2950/2950/2950 2952/2952/2952
f 2949/2949/2949 2951/2951/2951 2953/2953/2953
f 2954/2954/2954 2952/2952/2952 2950/2950/2950
f 2955/2955/2955 2953/2953/2953 2951/2951/2951
f 2952/2952/2952 2954/2954/2954 2956/2956/2956
f 2953/2953/2953 2955/2955/2955 2957/2957/2957
f 2958/2958/2958 2956/2956/2956 2954/2954/2954
f 2959/2959/2959 2957/2957/2957 2955/2955/2955
f 2956/2956/2956 2958/2958/2958 2960/2960/2960
f 2957/2957/2957 2959/2959/2959 2961/2961/2961
f 2962/2962/2962 2960/2960/2960 2958/2958/2958
f 2963/2963/2963 2961/2961/2961 2959/2959/2959
f 2960/2960/2960 2962/2962/2962 2964/2964/2964
f 2961/2961/2961 2963/2963/2963 2965/2965/2965
f 2966/2966/2966 2964/2964/2964 2962/2962/2962
f 2967/2967/2967 2965/2965/2965 2963/2963/2963
f 2964/2964/2964 2966/2966/2966 2967/2967/2967
f 2965/2965/2965 2967/2967/2967 2966/2966/2966
f 2970/2970/2970 2969/2969/2969 2968/2968/2968
f 2971/2971/2971 2968/2968/2968 2969/2969/2969
f 2969/2969/2969 2972/2972/2972 2971/2971/2971
f 2968/2968/2968 2973/2973/2973 2970/2970/2970
f 2974/2974/2974 2970/2970/2970 2973/2973/2973
f 2975/2975/2975 2971/2971/2971 2972/2972/2972
f 2972/2972/2972 2976/2976/2976 2975/2975/2975
f 2973/2973/2973 2977/2977/2977 2974/2974/2974
f 2978/2978/2978 2974/2974/2974 2977/2977/2977
f 2979/2979/2979 2975/2975/2975 2976/2976/2976
f 2976/2976/2976 2980/2980/2980 2979/2979/2979
f 2977/2977/2977 2981/2981/2981 2978/2978/2978
f 2982/2982/2982 2978/2978/2978 2981/2981/2981
f 2980/2980/2980 2982/2982/2982 2983/2983/2983
f 2983/2983/2983 2979/2979/2979 2980/2980/2980
f 2981/2981/2981 2983/2983/2983 2982/2982/2982
f 2968/2968/2968 2984/2984/2984 2973/2973/2973
f 2971/2971/2971 2985/2985/2985 2968/2968/2968
f 2984/2984/2984 2968/2968/2968 2985/2985/2985
f 2984/2984/2984 2985/2985/2985 2986/2986/2986
f 2987/2987/2987 2973/2973/2973 2984/2984/2984
f 2973/2973/2973 2987/2987/2987 2977/2977/2977
f 2987/2987/2987 2984/2984/2984 2986/2986/2986
f 2985/2985/2985 2971/2971/2971 2988/2988/2988
f 2988/2988/2988 2986/2986/2986 2985/2985/2985
f 2975/2975/2975 2988/2988/2988 2971/2971/2971
f 2989/2989/2989 2977/2977/2977 2987/2987/2987
f 2977/2977/2977 2989/2989/2989 2981/2981/2981
f 2987/2987/2987 2986/2986/2986 2989/2989/2989
f 2988/2988/2988 2975/2975/2975 2990/2990/2990
f 2979/2979/2979 2990/2990/2990 2975/2975/2975
f 2990/2990/2990 2986/2986/2986 2988/2988/2988
f 2991/2991/2991 2981/2981/2981 2989/2989/2989
f 2981/2981/2981 2991/2991/2991 2983/2983/2983
f 2989/2989/2989 2986/2986/2986 2991/2991/2991
f 2983/2983/2983 2992/2992/2992 2979/2979/2979
f 2990/2990/2990 2979/2979/2979 2992/2992/2992
f 2992/2992/2992 2983/2983/2983 2991/2991/2991
f 2992/2992/2992 2991/2991/2991 2986/2986/2986
f 2990/2990/2990 2992/2992/2992 2986/2986/2986
f 2995/2995/2995 2994/2994/2994 2993/2993/2993
f 2996/2996/2996 2993/2993/2993 2994/2994/2994
f 2993/2993/2993 2997/2997/2997 2995/2995/2995
f 2994/2994/2994 2998/2998/2998 2996/2996/2996
f 2999/2999/2999 2995/2995/2995 2997/2997/2997
f 3000/3000/3000 2996/2996/2996 2998/2998/2998
f 2997/2997/2997 3001/3001/3001 2999/2999/2999
f 2998/2998/2998 3002/3002/3002 3000/3000/3000
f 3003/3003/3003 2999/2999/2999 3001/3001/3001
f 3004/3004/3004 3000/3000/3000 3002/3002/3002
f 3001/3001/3001 3005/3005/3005 3003/3003/3003
f 3002/3002/3002 3006/3006/3006 3004/3004/3004
f 3007/3007/3007 3003/3003/3003 3005/3005/3005
f 3008/3008/3008 3004/3004/3004 3006/3006/3006
f 3005/3005/3005 3008/3008/3008 3007/3007/3007
f 3006/3006/3006 3007/3007/3007 3008/3008/3008
f 3011/3011/3011 3010/3010/3010 3009/3009/3009
f 3012/3012/3012 3009/3009/3009 3010/3010/3010
f 3009/3009/3009 3013/3013/3013 3011/3011/3011
f 3010/3010/3010 3014/3014/3014 3012/3012/3012
f 3015/3015/3015 3011/3011/3011 3013/3013/3013
f 3016/3016/3016 3012/3012/3012 3014/3014/3014
f 3013/3013/3013 3017/3017/3017 3015/3015/3015
f 3014/3014/3014 3018/3018/3018 3016/3016/3016
f 3019/3019/3019 3015/3015/3015 3017/3017/3017
f 3020/3020/3020 3016/3016/3016 3018/3018/3018
f 3017/3017/3017 3021/3021/3021 3019/3019/3019
f 3018/3018/3018 3022/3022/3022 3020/3020/3020
f 3023/3023/3023 3019/3019/3019 3021/3021/3021
f 3024/3024/3024 3020/3020/3020 3022/3022/3022
f 3021/3021/3021 3024/3024/3024 3023/3023/3023
f 3022/3022/3022 3023/3023/3023 3024/3024/3024
f 3027/3027/3027 3026/3026/3026 3025/3025/3025
f 3028/3028/3028 3025/3025/3025 3026/3026/3026
f 3026/3026/3026 3027/3027/3027 3029/3029/3029
f 3025/3025/3025 3028/3028/3028 3030/3030/3030
f 3031/3031/3031 3029/3029/3029 3027/3027/3027
f 3032/3032/3032 3030/3030/3030 3028/3028/3028
f 3029/3029/3029 3031/3031/3031 3033/3033/3033
f 3030/3030/3030 3032/3032/3032 3034/3034/3034
f 3035/3035/3035 3033/3033/3033 3031/3031/3031
f 3036/3036/3036 3034/3034/3034 3032/3032/3032
f 3033/3033/3033 3035/3035/3035 3037/3037/3037
f 3034/3034/3034 3036/3036/3036 3038/3038/3038
f 3039/3039/3039 3037/3037/3037 3035/3035/3035
f 3040/3040/3040 3038/3038/3038 3036/3036/3036
f 3037/3037/3037 3039/3039/3039 3040/3040/3040
f 3038/3038/3038 3040/3040/3040 3039/3039/3039
f 3043/3043/3043 3042/3042/3042 3041/3041/3041
f 3044/3044/3044 3041/3041/3041 3042/3042/3042
f 3042/3042/3042 3043/3043/3043 3045/3045/3045
f 3041/3041/3041 3044/3044/3044 3046/3046/3046
f 3047/3047/3047 3045/3045/3045 3043/3043/3043
f 3048/3048/3048 3046/3046/3046 3044/3044/3044
f 3045/3045/3045 3047/3047/3047 3048/3048/3048
f 3046/3046/3046 3048/3048/3048 3047/3047/3047
f 3051/3051/3051 3050/3050/3050 3049/3049/3049
f 3052/3052/3052 3049/3049/3049 3050/3050/3050
f 3049/3049/3049 3053/3053/3053 3051/3051/3051
f 3050/3050/3050 3054/3054/3054 3052/3052/3052
f 3055/3055/3055 3051/3051/3051 3053/3053/3053
f 3056/3056/3056 3052/3052/3052 3054/3054/3054
f 3053/3053/3053 3057/3057/3057 3055/3055/3055
f 3054/3054/3054 3058/3058/3058 3056/3056/3056
f 3059/3059/3059 3055/3055/3055 3057/3057/3057
f 3060/3060/3060 3056/3056/3056 3058/3058/3058
f 3057/3057/3057 3061/3061/3061 3059/3059/3059
f 3058/3058/3058 3062/3062/3062 3060/3060/3060
f 3063/3063/3063 3059/3059/3059 3061/3061/3061
f 3064/3064/3064 3060/3060/3060 3062/3062/3062
f 3061/3061/3061 3064/3064/3064 3063/3063/3063
f 3062/3062/3062 3063/3063/3063 3064/3064/3064
f 3067/3067/3067 3066/3066/3066 3065/3065/3065
f 3068/3068/3068 3065/3065/3065 3066/3066/3066
f 3065/3065/3065 3069/3069/3069 3067/3067/3067
f 3066/3066/3066 3070/3070/3070 3068/3068/3068
f 3071/3071/3071 3067/3067/3067 3069/3069/3069
f 3072/3072/3072 3068/3068/3068 3070/3070/3070
f 3069/3069/3069 3073/3073/3073 3071/3071/3071
f 3070/3070/3070 3074/3074/3074 3072/3072/3072
f 3075/3075/3075 3071/3071/3071 3073/3073/3073
f 3076/3076/3076 3072/3072/3072 3074/3074/3074
f 3073/3073/3073 3077/3077/3077 3075/3075/3075
f 3074/3074/3074 3078/3078/3078 3076/3076/3076
f 3079/3079/3079 3075/3075/3075 3077/3077/3077
f 3080/3080/3080 3076/3076/3076 3078/3078/3078
f 3077/3077/3077 3080/3080/3080 3079/3079/3079
f 3078/3078/3078 3079/3079/3079 3080/3080/3080
